:020000040800F2
:10000000000002205902000899030008A903000813
:10001000B1030008B9030008C10300080000000094
:10002000000000000000000000000000C9030008FC
:10003000CD03000800000000D1030008D50300082C
:10004000A9020008A9020008A9020008A9020008E4
:10005000A9020008A9020008A9020008A9020008D4
:10006000A9020008A9020008A9020008A9020008C4
:10007000A9020008A9020008A9020008A9020008B4
:10008000A9020008A9020008A90200080000000057
:10009000000000000000000000000000A9020008AD
:1000A000A9020008A9020008A9020008A902000884
:1000B000A9020008A9020008A9020008A902000874
:1000C000A9020008A9020008A9020008A902000864
:1000D000A9020008A9020008E103000800000000CE
:1000E000A9020008A9020008A902000800000000F7
:1000F000000000000000000000000000A90200084D
:1001000000000000A9020008D9030008A9020008A5
:1001100000000000000000000000000000000000DF
:10012000A9020008A9020008A9020008A902000803
:10013000A90200080000000000000000000000000C
:10014000000000000000000000000000A9020008FC
:10015000A9020008A9020008A9020008DD0300089E
:10016000A9020008A9020008000000000000000029
:10017000000000000000000000000000000000007F
:1001800000000000A90200080000000000000000BC
:08019000A9020008A902000801
:1001980053B94AB9002908BF00281CBF4FF0FF31E6
:1001A8004FF0FF3000F00CB8ADF1080C6DE904CE4B
:1001B8000AF09CFFDDF804E0DDE9022304B0704793
:1001C800704700BF0348044B834202D0034B03B17E
:1001D800184770475C0000205C0000200000000009
:1001E8000548064B1B1AD90F01EBA301491002D091
:1001F800034B03B1184770475C0000205C000020E7
:100208000000000010B5064C237843B9FFF7DAFF69
:10021800044B13B10448AFF300800123237010BDD1
:100228006000002000000000ECB3000808B5054B92
:100238001BB105490548AFF30080BDE80840FFF74A
:10024800CFBF00BF0000000064000020ECB300082E
:10025800DFF834D000F0DCF80C480D490D4A0023D3
:1002680002E0D458C4500433C4188C42F9D30A4A63
:100278000A4C002301E013600432A242FBD30AF0C7
:1002880003FE00F00FF87047000002200000002075
:100298005C000020E4B7000860000020AC0D0020DE
:1002A800FEE7000030B591B001F07CFC00F026F9C3
:1002B800042302221946602000F0B4F820B901F0A6
:1002C800D7FB03F0D1FD08B101F0D4FB00F038F9F9
:1002D8002D4902462D4801F0D9FB2C4801F060FC5D
:1002E800054601F07FFD0028EED04FF47A7000F04B
:1002F8002DF901F0F5FD0028E6D0284601F0DCFED6
:100308000028E1D000F01CF9012102461F4801F045
:10031800CFFB002DD8D02B78012BD5D115E01B4869
:10032800214601F01DFC04F003F828BB01F056FF3C
:10033800204601F08FFF10B9204601F091FF1348C5
:10034800214601F029FC01F0A1FF00F0F9F804466C
:1003580001F044FF00F0F4F801F07CFF684601F07A
:10036800F3FD0028DBD000F0EBF8694604460246AE
:10037800064801F0A1FBD2E723460A2206212846B7
:1003880007F016FDD2E700BF1CB40008800000206B
:1003980008B501F0C5FCBFF34F8F30BFFBE700BFC6
:1003A80008B5FFF7F5FF00BF08B5FFF7F1FF00BF7D
:1003B80008B5FFF7EDFF00BF08B5FFF7E9FF00BF7D
:1003C800704700BF704700BF704700BF00F0ACB86F
:1003D80003F09ABA01F0B2BD01F0FABE10B50446B6
:1003E80001F0D4FD00B110BD2046BDE8104001F079
:1003F80053BF00BF01F074BF10B5044601F0F4FD0F
:1004080000B110BD2046BDE8104001F093BF00BF09
:10041800034AD2F8883043F47003C2F88830704732
:1004280000ED00E0F0B595B01F4D204C0027019776
:100438002E6C46F080562E642D6C05F08055019583
:10044800019D0297256845F4404525602468119070
:1004580004F4404402944FF480350124CDE9084562
:1004680008A802244FF48005CDE90E45CDE91223F2
:10047800029C109100F006FA10B1012015B0F0BDF1
:1004880003460F240220CDE903404FF48052032194
:1004980003A8CDE90532079300F00EFCC01B18BF76
:1004A800012015B0F0BD00BF0038024000700040C8
:1004B800704700BF38B50E4A0E4B127805461868CB
:1004C8004FF47A73B3FBF2F3B0FBF3F000F0BEF82D
:1004D80008B90F2D01D9012038BD04460246294626
:1004E8004FF0FF3000F056F8034B20461D6038BD32
:1004F80004000020000000200800002008B5094B77
:100508001A6842F400721A601A6842F480621A602B
:10051800032000F02DF80F20FFF7CCFFFFF7C8FFEE
:10052800002008BD003C0240034A044B11681B78B8
:100538000B441360704700BF90080020040000209F
:10054800014B1868704700BF9008002038B5044672
:10055800FFF7F6FF631C054602D0044B1B781C44CA
:10056800FFF7EEFF401BA042FAD338BD040000207D
:100578000749CA6803024FF6FF0003F4E06302402C
:10058800134343F0BF6343F40033CB60704700BFAD
:1005980000ED00E01B4BDB68C3F3022300B5C3F199
:1005A800070EBEF1040F03F1040C28BF4FF0040E30
:1005B800BCF1060F1CD9A3F1030C4FF0FF3303FA6B
:1005C8000CF322EA03024FF0FF3303FA0EF321EA99
:1005D800030303FA0CF313431B010028DBB20ADB05
:1005E80000F1604000F5614080F800335DF804FBDD
:1005F80000229446E7E7044A00F00F00024413760D
:100608005DF804FB00ED00E0FCEC00E0002807DBEF
:10061800044A4109012300F01F00834042F82130B9
:10062800704700BF00E100E000280CDB43090649E1
:1006380000F01F0020330122824041F82320BFF33D
:100648004F8FBFF36F8F704700E100E00138B0F1C2
:10065800807F01D30120704710B44FF0E023074C8E
:1006680058614FF0F00C84F823C00022072110468F
:100678009A615DF8044B1961704700BF00ED00E016
:10068800002808DB4309044900F01F0001226033F9
:10069800824041F82320704700E100E02DE9F04F47
:1006A80000230C68DFF8C8A185B04FF0010B89461C
:1006B80003E00133102B00F087800BFA03F202EA03
:1006C8000408A243F5D1D9F8041001F0030C5A002C
:1006D80003250CF1FF379540012F6FEA050576D900
:1006E800BCF1030F08D0C76807EA050ED9F80870EF
:1006F800974047EA0E07C76007680CFA02F23D40C8
:100708002A4311F4403F0260D3D000220392DAF862
:10071800442042F48042CAF84420DAF8442002F423
:1007280080420392039A23F0030202F1804203F00D
:1007380003070F2602F59C32BF0006FA07FC494E54
:100748009568B04225EA0C0515D006F58066B042DA
:1007580075D0454EB04278D0DFF818C160457AD0E0
:10076800DFF814C160450CBF4FF0040C4FF0070CC4
:100778000CFA07F73D4395603C4A9268CE026FEA4F
:1007880008053A4E54BF2A4048EA0202B260F268AD
:10079800364E8F0254BF2A4048EA0202F26072685D
:1007A8008E03324E54BF2A4048EA02027260326811
:1007B800C90303F101032D4954BF2A4048EA020244
:1007C800102B0A607FF479AF05B0BDE8F08F876819
:1007D80007EA050ED9F80C70974047EA0E078760BC
:1007E800476827EA080EC1F300179F4047EA0E073B
:1007F8004760C76807EA050ED9F80870974047EAC6
:100808000E07BCF1020FC7607FF476AFDF0800EB7C
:10081800870700973E6AD9F81070019603F0070E13
:100828004FEA8E0E0F2607FA0EF706FA0EFE019E05
:1008380026EA0E0E009E47EA0E0737625CE74FF085
:10084800010C0CFA07F73D4395E74FF0020C0CFA40
:1008580007F73D438FE74FF0030C0CFA07F73D43CA
:1008680089E700BF0000024000080240003C014048
:1008780000380240000C02400010024002B909048E
:1008880081617047002800F06A812DE9F041036812
:10089800DD0782B004462FD59F498A6802F00C0212
:1008A800042A00F0EF808A6802F00C02082A00F09F
:1008B800E5806368B3F5803F00F0EE80B3F5A02FC4
:1008C80000F07981944D2A6822F480322A602A68DF
:1008D80022F480222A60002B40F0E380FFF730FEEC
:1008E800064605E0FFF72CFE801B642800F2038112
:1008F8002B689F03F6D423689D0728D5864A9168FC
:1009080011F00C0F00F09280916801F00C01082999
:1009180000F08880E368002B00F010817F4B7E4E4A
:1009280001221A60FFF70CFE054605E0FFF708FEF6
:10093800401B022800F2DF8033689F07F6D5336832
:10094800226923F0F80343EAC203336023681A07D5
:1009580053D45D0730D5704A136C13F0805300F000
:10096800818000256E4E3368D80540F1B480A368B5
:10097800012B00F0C480052B00F02D81664E326FEC
:1009880022F001023267326F22F004023267002B34
:1009980040F0BA80FFF7D4FD41F28838074605E0F9
:1009A800FFF7CEFDC01B404500F2A580336F9B07C3
:1009B800F6D4002D40F00981A369D3B1564DAA6839
:1009C80002F00C02082A00F0CC80022B534B4FF0A7
:1009D80000021A6600F00981FFF7B2FD044605E03F
:1009E800FFF7AEFD001B022800F285802B689B01F3
:1009F800F6D4002002B0BDE8F08163690BB3474B21
:100A0800454E0122C3F8802EFFF79AFD054604E003
:100A1800FFF796FD401B02286DD8736F9B07F7D52B
:100A2800236896E7526851023FF574AF3A4A126854
:100A3800920744D5E268012A41D0012002B0BDE8FE
:100A4800F081364A344EC2F8803EFFF779FD0546FC
:100A580004E0FFF775FD401B02284CD8736F9F0711
:100A6800F7D4DDE70193136C43F080531364136CE0
:100A780003F080530193019B012573E74A685102F3
:100A88007FF517AF244A126892037FF535AF626885
:100A9800002A7FF431AFD0E71F4A136843F480334C
:100AA8001360FFF74DFD1C4E054604E0FFF748FDB7
:100AB800401B64281FD833689B03F7D51BE71649EA
:100AC80020690A6822F0F80242EAC0020A601A079E
:100AD8007FF53FAF91E7336843F480733360FFF7E6
:100AE8002FFD07463368D9053FF541AFFFF728FDCD
:100AF800C01B0228F6D9032002B0BDE8F081064ADF
:100B0800136F43F001031367FFF71AFD024F064600
:100B180041F288380BE000BF00380240000047422D
:100B280000700040FFF70CFD801B4045E3D83B6F89
:100B38009A07F7D5002D3FF43FAF46E0424A434EAF
:100B48001360FFF7FDFC054604E0FFF7F9FC401BC6
:100B58000228D0D833689907F7D42368F7E601202C
:100B68007047012B3FF469AF6B68E26903F48001B9
:100B780091427FF462AF226A03F03F0191427FF411
:100B88005CAF616A47F6C0721A40B2EB811F7FF40E
:100B980054AFA26A520803F44031013AB1EB024F54
:100BA8007FF44BAFE26A03F07063B3EB026F14BFDC
:100BB800012000201EE7254B1A6842F480221A60A3
:100BC8001A6842F480321A606BE7204A136C23F0EB
:100BD80080531364F0E61D4B1A6F42F004021A6743
:100BE8001A6F42F001021A678EE7FFF7A9FC064662
:100BF80005E0FFF7A5FC801B02283FF67CAF2B68B9
:100C08009901F6D4D4E90731626A0B4343EA8213A7
:100C1800D4E90A2052080C4943EA0063013A43EA3E
:100C2800024301226B600A66FFF78AFC074D0446FF
:100C380005E0FFF785FC001B02283FF65CAF2B6838
:100C48009A01F6D5D5E600BF0000474200380240B9
:100C5800164908B58B6803F00C03042B1BD0082B2E
:100C680001D0134808BD4A684B68496813F48003EB
:100C780002F03F0211D10E48C1F38811A1FB000117
:100C8800FFF786FA094B5B68C3F3014301335B0046
:100C9800B0FBF3F008BD074808BD0648C1F388114A
:100CA8000023A1FB0001FFF773FAEBE700380240CD
:100CB8000024F40000127A00002800F08780484AD7
:100CC800136803F007038B422DE9F0410D460446F3
:100CD80009D2CBB21370136803F007038B4202D01A
:100CE8000120BDE8F0812368980714D5590704D579
:100CF8003C498A6842F4E0528A601A0704D53949A7
:100D08008A6842F460428A603649A0688A6822F09C
:100D1800F00202438A60DF0721D56268012A57D0B2
:100D2800931E012B2F4B1B684DD99907D8D52D4EF3
:100D3800B36823F003031343B360FFF701FC41F2E8
:100D48008838074604E0FFF7FBFBC01B404544D842
:100D5800B368626803F00C03B3EB820FF3D1204A47
:100D6800136803F00703AB4206D9EBB2137013689C
:100D780003F00703AB42B3D123685A0706D51949D4
:100D8800E0688A6822F4E05202438A601B0707D5AC
:100D9800144A2169936823F4604343EAC1039360CA
:100DA800FFF756FF0F4A104C92681049C2F303121E
:100DB8000346A25C0E48D34000680B60FFF77AFB3D
:100DC8000020BDE8F0819801B1D489E7012070477F
:100DD800044B1B689E03AAD482E7032081E700BF67
:100DE800003C0240003802400CB40008000000201B
:100DF80008000020044B05499B68054A0868C3F3AE
:100E08008223D35CD840704700380240000000209D
:100E180004B40008044B05499B68054A0868C3F3F5
:100E28004233D35CD84070470038024000000020AD
:100E380004B40008026802F10C0353E8003F23F4ED
:100E4800907302F10C0C4CE800310029F3D102F147
:100E5800140353E8003F23F0010302F1140C4CE89B
:100E680000310029F3D1036B012B05D02022002388
:100E780080F842200363704702F10C0353E8003FF7
:100E880023F0100302F10C0C4CE800310029F3D1D7
:100E9800ECE700BF0268116938B50446C068A3686A
:100EA80021F4405101432069116103436069D1680D
:100EB8000343E06921F4164121F00C0103430B437D
:100EC800D3605369A069234923F4407303438A42DA
:100ED800536105D0204B9A4202D0FFF78BFF01E007
:100EE800FFF798FFE2691921B2F5004FD4E90053E2
:100EF800A0FB010113D09A009B0FFFF749F9174A8D
:100F0800A2FB00135B09642101FB130000013230CE
:100F1800A2FB00201B0103EB5013AB6038BDDA18AD
:100F28004FF000035B41FFF733F90C4AA2FB003195
:100F38004909642303FB1103DB003233A2FB0323BB
:100F4800C3F342121B0902EB011203F4F8731344B2
:100F5800AB6038BD00100140001401401F85EB5103
:100F6800704700BF70B310B590F84130044603F0E5
:100F7800FF0213B32268242384F84130D36823F492
:100F880000532046D360FFF785FF2368196921F4D1
:100F980090411961596921F02A015961D9680022E3
:100FA8004FF0200C41F40051D960626484F841C0CC
:100FB80084F842C01046626310BD80F84020FFF7F5
:100FC800CFFFD7E701207047704700BFB8B102686C
:100FD800242310B580F84130D36823F40053044625
:100FE800D360FFF7F1FF0023636484F8403084F88E
:100FF800413084F8423018462363636310BD0120F2
:10100800704700BF90F84130202B15D101B10AB9C3
:101018000120704710B40023046801622121C284B2
:10102800436480F84110E168828441F08001E16006
:1010380018465DF8044B70470220704790F842301C
:10104800202B03D101B11AB9012070470220704743
:1010580010B4046981620023222103638285C2855A
:101068004364036880F842101CB1DA6842F4807265
:10107800DA605A695DF8044B42F001025A61DA6895
:1010880042F020020020DA60704700BF036810B504
:10109800044603F10C0252E8002F22F4907203F187
:1010A8000C0040E800210029F3D103F1140252E8B2
:1010B800002F22F0010203F1140040E8002100296A
:1010C800F3D1226B012A28D05A69520607D400238B
:1010D8002022E38584F842201846236310BD03F1DB
:1010E800140252E8002F22F0400203F1140040E8F5
:1010F80000210029F3D1E06B0028E8D00023036524
:1011080000F058FC0028E2D0E06B00F0AFFC20288B
:10111800DDD110236364032010BD03F10C0252E8F3
:10112800002F22F0100203F10C0040E800210029F2
:10113800F3D1C9E708B5806B0023C385FFF75CF9D5
:1011480008BD00BF704700BF90F84230222B49D13C
:1011580083680168826AB3F5805F44D0002B4BD165
:101168000369002B48D14B68DBB21370826A0132E5
:10117800C38D8262013B9BB2C385002B32D100B57F
:101188000268D16821F0200183B0D160D16821F4D0
:101198008071D16051694FF0200C21F0010151613B
:1011A80080F842C04363016B012929D1036302F12E
:1011B8000C0353E8003F23F0100302F10C0C4CE839
:1011C80000310029F3D11368DB0605D501911368B6
:1011D800019353680193019B818DFFF7B3FF03B01F
:1011E8005DF804FB70470369002BBCD14B68C3F35F
:1011F800080322F8023BBBE74B6803F07F03B4E720
:10120800FFF7ECF803B05DF804FB00BF70B50568A4
:101218002B68EE68696913F00F0F82B004462A46FE
:1012280013D19D0602D5B10600F1E080216B01299A
:101238003DD0180602D5310600F1AE805B0602D516
:10124800750600F1C88002B070BD11F0010140F0D0
:101258008D8016F4907FE9D0DA070BD5F00540F1C0
:101268005381626C580742F00102626440F1CD80FC
:1012780000297FD1980740F1CA80190700F103813E
:10128800626C002ADFD09A0602D5B30600F14081CD
:101298006B69626C03F0400302F0080253EA02062D
:1012A800204640F0C080FFF7A7F86664CBE7D80671
:1012B800BFD5F106BDD50023019313680193536888
:1012C8000193019B5169A38D4D0640F1E380E06BCA
:1012D8000168496889B2002900F01F81994280F0AD
:1012E8001C81E185C169B1F5807F36D002F10C031C
:1012F80053E8003F23F4807302F10C0545E8003100
:101308000029F3D102F1140353E8003F23F001034D
:1013180002F1140545E800310029F3D102F1140364
:1013280053E8003F23F0400302F1140545E800317B
:101338000029F3D1202384F84230216302F10C0301
:1013480053E8003F23F0100302F10C0545E8003193
:101358000029F3D100F02EFBA38D02226263E18DF8
:10136800591A204689B2FFF7EDFE6CE7DA0747D431
:10137800580740D5626C990742F0020262643CD576
:10138800626C42F0040262641A077FF579AF626CFE
:1013980042F00802626473E794F84130212B7FF42D
:1013A80052AFA168236AB1F5805F00F0BF80591C75
:1013B80021621B785360E38C013B9BB2E384002BD2
:1013C8007FF441AFD36823F08003D360D36843F040
:1013D8004003D36037E7D368202123F04003D3606C
:1013E800204684F84110FFF705F82CE702B0BDE865
:1013F8007040FFF7A9BE9907C2D41A07C7D43FE7C0
:10140800F0053FF52EAF5A07B4D498073ED4180715
:101418007FF536AF06F020020A43B8D1636C002B83
:101428007FF436AF0FE7FFF705FD6B695E0626D53B
:1014380005F1140353E8003F23F0400305F11401BC
:1014480041E8003262B1226802F1140353E8003F18
:1014580023F0400302F1140040E800310029F3D1E1
:10146800E06B60B1374B036500F0EEFA00283FF4FB
:10147800EAAEE06B036D02B0BDE870401847204645
:10148800FEF7BAFFDFE6B20681D4C7E700293FF4CA
:10149800F4AE75E7E08DE18D89B280B200293FF4A2
:1014A800D2AE1B1A99B200293FF4CDAE02F10C035B
:1014B80053E8003F23F4907302F10C0545E800302F
:1014C8000028F3D102F1140353E8003F23F001038D
:1014D80002F1140545E800300028F3D1202384F8F0
:1014E8004230206302F10C0353E8003F23F010035D
:1014F80002F10C0545E800300028F3D102236363AC
:101508002046FFF71FFE9EE65A073FF5B3AE7CE77D
:101518002046FFF719FE2568BAE699427FF493AE94
:10152800C369B3F5807F7FF48EAEE7E721690029B0
:101538007FF43DAF33F8021BC1F308015160236209
:1015480039E700BF3D110008036A026A22F0010270
:1015580070B40262446882690D6822F073022A43FB
:101568008D6823F002032B430B4DA84206D049682F
:101578004460826170BC416303627047CD6823F0A8
:1015880008032B43D1E9055624F44074354323F06E
:1015980004032C43EBE700BF00000140036A026A22
:1015A80022F4807270B402624468C2690D6822F045
:1015B80073022A438D6823F4007343EA05230C4D14
:1015C800A84206D049684460C26170BCC163036226
:1015D8007047CD6823F4006343EA0523D1E9055633
:1015E80024F44054354323F4806344EA0514E9E7BE
:1015F80000000140036A026A22F4805230B4026299
:101608004468C2690D6822F4E64242EA05228D6800
:1016180023F4005343EA0533074DA84206D049682E
:101628004460C26130BC0164036270474D6924F4B0
:10163800804444EA8514F2E70000014091BB90F829
:101648003E30012B3AD1022380F83E30036801F086
:101658001F01186A01228A4020EA02001862186AEB
:10166800224902438B421A6232D0B3F1804F0ED026
:101678001F4A93420BD002F58062934207D002F5CD
:101688008062934203D002F59A32934204D19A6859
:1016980002F00702062A03D01A6842F001021A6013
:1016A8000020704704290BD0082916D090F8413043
:1016B800012B03D1022380F84130C7E7012070478E
:1016C80090F83F30012BF9D1022380F83F30BDE775
:1016D8005A6C42F400425A64D9E790F84030012B22
:1016E800ECD1022380F84030B0E700BF0000014091
:1016F80000040040036810B41A6A01F01F044FF098
:10170800010C0CFA04FC22EA0C021A621E4A1C6A3A
:101718001C62934222D01C6A41F21112144204D175
:101728001C6A40F24442144213D0012329B980F8BC
:101738003E305DF8044B0020704704291DD008296D
:101748000CBF80F8403080F841305DF8044B002031
:1017580070471A6822F001021A60E6E71C6A41F233
:1017680011121442D7D11C6A40F244421442D2D119
:101778005A6C22F400425A64CDE780F83F305DF895
:10178800044B0020704700BF00000140704700BFB5
:10179800FFF754BFFFF7AEBF70B4264E4A6903681F
:1017A8008D680C68B04235D0B0F1804F1CD0A6F5DA
:1017B8007C46B04218D006F58066B04214D006F5D3
:1017C8008066B04210D01C4EB04211D006F580663B
:1017D800B0420DD006F58066B04209D023F08003F0
:1017E800C5621A4384620CE04E6823F070033343E9
:1017F800C968C56223F440730B4323F080031A437E
:1018080084620368012143F00403036070BC4161F2
:10181800026070474E6823F070033343CE68C56298
:1018280023F44073846233430969016323F080031E
:101838001A43E6E7000001400040014050B310B5EC
:1018480090F83D30044603F0FF02F3B1214602232D
:1018580084F83D3051F8040BFFF79EFF012384F80C
:10186800463084F83E3084F83F3084F8403084F8BD
:10187800413084F8423084F8433084F8443084F8A6
:10188800453084F83D30002010BD80F83C20FFF73B
:101898007DFFDBE701207047036A026A22F010022D
:1018A80070B40262446882690D6822F4E64242EA32
:1018B80005228D6823F0200343EA05130C4DA84246
:1018C80006D049684460826170BC816303627047D6
:1018D800CD6823F0800343EA0513D1E9055624F4C3
:1018E8004064354323F0400344EA8504E9E700BF38
:1018F8000000014038B590F83C30012B57D0012347
:1019080004460D4680F83C300C2A08D8DFE802F07F
:101918001E0707072E0707073F0707070C000120C8
:10192800002384F83C3038BD0068FFF763FEC369C4
:101938002A6943F40063C361C36923F48063C36104
:10194800C36943EA0223C3610020E9E70068FFF79F
:10195800FBFD83692A6943F008038361836923F0E7
:1019680004038361836913438361EDE70068FFF72C
:1019780093FF83692A6943F400638361836923F4CD
:1019880080638361836943EA02238361DCE700683B
:10199800FFF704FEC3692A6943F00803C361C369FA
:1019A80023F00403C361C3691343C361CCE7022076
:1019B80038BD00BF70B50446866DFEF7C1FD94F8CA
:1019C8003530022B06D080236365002384F8343039
:1019D800012070BD23681A6822F016021A605A693D
:1019E80022F080025A61226C054642B31A6822F03E
:1019F80008021A601A6822F001021A6005E0FEF770
:101A08009FFD431B052B10D823681B6813F00103A7
:101A1800F5D1E16D3F228A40184601210023B260CA
:101A280084F8351084F8343070BD032320226265B1
:101A3800184684F83530002384F8343070BDA26C21
:101A4800002AD3D1D6E700BF90F83530022B03D057
:101A580080234365012070470268052380F83530EC
:101A6800136823F00103002013607047406D70472E
:101A780000F0F8B808B500F093F930BFFDE700BFF3
:101A880011B10860012070470846704778B170B5F9
:101A98000D46164604464FF40162002109F0EBF9A1
:101AA800324629462046BDE8704006F085B97047A1
:101AB80008B106F0CBB970472DE9F04188B0064669
:101AC80017460C4620220021684609F0D4F9002E5A
:101AD80041D0002C3FD096F80308D4E90423A0B3E2
:101AE800D6F80808D6F80C18994208BF904206F5AF
:101AF800016830D0CDE90023D4E90D212346C6E999
:101B0800D02133F8022BD4F8020003920490104637
:101B1800A269029201259A889B79ADF8142006A93A
:101B28008DF816308DF81C50FFF7AAFF3A468DF84D
:101B38001D003046D4E90467694648E9026706F0A3
:101B480001FB284608B0BDE8F08152EA0301F9D04C
:101B580006F50168CEE7002008B0BDE8F08100BFB7
:101B6800C0B170B50D46044606F0ACFA284602F03E
:101B780083FA28B929462046BDE8704007F0C8BA5C
:101B880002F00AFA2B4620460A22BDE870400621D8
:101B980006F00EB9704700BF08B107F0CBBA70471E
:101BA800704700BF1C4A1D4B116B41F0020182B007
:101BB8001163116B01914FF4C02001999861D968A4
:101BC800174821F03C0141F02801D960596821F0FB
:101BD80006015960196821F03C0141F014011960AF
:101BE800136C43F003031364136C01934FF0804CA0
:101BF8000021019BCCF83C10C163DCF8203023F4B1
:101C08008073CCF82030036A23F480730362BFF337
:101C18004F8F02B0704700BF0038024000040240F6
:101C28000004004010B59AB004464422002109A8D7
:101C380009F021F9002341F2BF21602208A8CDE96B
:101C48000333CDE9053302930B910192079308946E
:101C5800FFF7F4FD082201A908A8FFF74BFE1AB008
:101C680010BD00BF70B58AB02A4B002401941A6BCE
:101C780042F002021A631A6B02F002020192019A00
:101C880002941A6C42F001021A641A6C02F0010202
:101C98000292029A03941A6C42F002021A641B6CB4
:101CA80003F002030393039B00F03AF81A490894DF
:101CB8004FF4C0228A6102250623012604A916488A
:101CC8000493CDE905650795FEF7E8FC04A94FF4F0
:101CD8008062022310480896CDE90423CDE9064521
:101CE800FEF7DCFC0122022304A90B480694CDE987
:101CF8000423CDE90755FEF7D1FC4FF08040FFF7EC
:101D080091FF0648FFF78EFF0AB0BDE8704000F06B
:101D180047B800BF003802400004024000040040F9
:101D28001C4A1D4B116B41F0020182B01163116B0B
:101D380001914FF4C02001999861D968174821F0A2
:101D48003C0141F02801D960596821F00601596029
:101D5800196821F03C0141F014011960136C43F03B
:101D680003031364136C01934FF0804C0021019B13
:101D7800CCF83C10C163DCF8203023F48073CCF835
:101D88002030036A23F480730362BFF34F8F02B0DD
:101D9800704700BF003802400004024000040040C1
:101DA800FFF7BEBF08B568B90B490C480122FFF719
:101DB80045F908B9012008BD094AD3690133002053
:101DC800D36108BD0548FFF761F90028ECD0044A43
:101DD800936901339361E7E710090020180900208F
:101DE80094080020F0B5282287B000213548364DE8
:101DF800002409F040F8354800F0C6FACDE901445E
:101E0800CDE90344009405942B6B314843F0040357
:101E18002B632B6B03F00403224600934FF480716D
:101E28000227009B0126FEF729FD4FF480732848FE
:101E3800039401A9CDE901360497FEF72FFCC023CE
:101E48002348019301A908230593CDE90347029785
:101E5800FEF724FC01946B6C43F020036B646B6CFD
:101E680003F020030193019A1A4A1B4B13604FF4A5
:101E7800E133536010460C23C2E90244C2E904432B
:101E8800C2E90644FFF76EF810B1002007B0F0BDB4
:101E9800024605214720FEF77DFB4720FEF7B6FBEB
:101EA8000E490C483246FFF7C9F810B9304607B05A
:101EB800F0BD044AD36947203344D361FEF7B4FB2D
:101EC800E3E700BF9408002000380240C008002063
:101ED80000080240180900200014014010090020E1
:101EE80008B54720FEF7A0FB1048FFF7CFF80F48CA
:101EF800FFF76CF808B1002008BD0C48FFF732F86E
:101F08000028F8D10A4800F03FFA4720FEF77EFB88
:101F1800084906480122FFF791F808B9012008BDD1
:101F2800054AD3690133D361E5E700BF18090020EA
:101F3800C008002010090020940800200148FFF77D
:101F480065B900BF1809002038B50446D0B1EFF3D1
:101F5800108572B60C4800F0ABFA8646BEE80F0052
:101F6800A446ACE80F00BEE80F00ACE80F00BEE8DE
:101F78000F00ACE80F009EE80F008CE80F0005B9D1
:101F880062B6012038BD00BFC008002028B1114B3F
:101F980002689A4202D000207047704710B50E4C74
:101FA800236801332360FEF7CBFA0C49034601226C
:101FB8000B4800F0EFF909490A480122FFF73EF8FB
:101FC80008B9012010BDE36901200344E361FFF76C
:101FD800E9FEF6E7001401409408002010090020EB
:101FE800C00800201809002028B1174B02689A423F
:101FF80002D000207047704710B5144B446C5A68E3
:1020080090F842101C6201325A60426C5962120701
:1020180002D59A6801329A60426C540702D5DA6890
:102028000132DA60426C910702D51A6901321A61ED
:10203800426CD20702D55A6901325A610120FFF772
:10204800B1FE012010BD00BF00140140940800201B
:10205800B0B170B50D4649B116464FF6FE73013A58
:102068009A4203D80446FFF711F808B1002070BD62
:10207800B2B229462046FEF7C5FF18B9012070BD47
:1020880000207047054906480122FEF7D7FFB0FA3D
:1020980080F14909034800F0C7FEE7E7A00A0020DD
:1020A800A80A0020600900200A4602480221FEF71B
:1020B800E5BB00BF0000024000286ED02DE9F041CA
:1020C800014688B03848394E002400F0C5FB38482E
:1020D80000F050FECDE90344CDE90544029407948D
:1020E800336B344843F001033363336B03F001036C
:1020F8002246029302210225029B0127FEF7BEFB1E
:102108002C4803A9CDE90357CDE905454FF00C0844
:10211800FEF7C4FA07232748049503A90695264D18
:1021280007930594CDF80C80FEF7B8FA234B244AA0
:102138001D492448009500F0B5FDC5E90244C5E9EC
:1021480006440394C5F814802C61336C1E4A43F48A
:1021580000333364336C03F40033039328464FF49D
:10216800E133C5E900230399FEF7FCFE18B100200E
:1021780008B0BDE8F081024605212620FEF70AFADC
:102188002620FEF743FA11493A462846FEF756FF3D
:1021980028B9384608B0BDE8F081002070472620ED
:1021A800FEF742FAE3E700BFCC09002000380240FE
:1021B8006009002000000240A80A002059200008F9
:1021C800B1200008B809002000440040A00A0020FF
:1021D8000148FFF71BB800BFA80A002070B5194BCB
:1021E80090B026205E68FEF71FFABFF35F8F3F228C
:1021F8006946154800F0ECFD0546134800F036FE28
:102208000446BFF35F8F710606D455B9A2070FD4F1
:10221800E30712D410B070BD2620FEF7F7F9002DA1
:10222800F4D02A460948694600F022FBA207EFD5F8
:10223800074800F08BFD10B070BD054800F072FD36
:1022480010B070BD00E100E060090020CC0900205A
:10225800B80900200146014800F04CBBCC09002019
:1022680010B50446084800F033FB08B9002010BD3B
:10227800054800F037FB0028F8D121460248BDE8A0
:10228800104000F0B7BB00BFCC090020014800F0A7
:102298001BBD00BFB809002028B10D4B02689A4247
:1022A80002D000207047704710B50A4C0A482178C0
:1022B80000F070FD012221460848FEF7BFFEB0FA83
:1022C80080F14909044800F0AFFD012010BD00BFAE
:1022D80000440040A00A002060090020A80A00204D
:1022E800E0B108B502680E4B9A4201D0002008BD43
:1022F80000220C480221FEF7C1FA0B48012100F028
:10230800A9FD012209490A48FEF798FEB0FA80F1B2
:102318004909054800F088FD012008BD704700BF45
:10232800004400400000024060090020A00A00208C
:10233800A80A0020E0B108B502680E4B9A4201D005
:10234800002008BD00220C480221FEF797FA0B482E
:10235800022100F07FFD012209490A48FEF76EFEBE
:10236800B0FA80F14909054800F05EFD012008BD7A
:10237800704700BF00440040000002406009002090
:10238800A00A0020A80A002018B15022002108F055
:1023980072BD7047002800F08A80002900F087800D
:1023A800002A00F084802DE9F041013A82B01F46EE
:1023B80004464D1E8E184FF0000809E0FD2820D075
:1023C800226BE36B013201332263E363B5421DD014
:1023D800A26815F8010F002AF0D0511C0729A05453
:1023E800A160F3D101AA2046ADF8048000F05EFD9B
:1023F80090B304280DD005280ED1A36B0133A36335
:102408000AE00123B5422070A360E1D102B0BDE823
:10241800F081636B01336363A268D4F83CC0012A7E
:1024280041D92346012102E0013191420FD013F82E
:10243800010FFD28F8D10CEB01038A42E36308D9A8
:10244800521AA2602144204608F0FCFCBEE7614411
:10245800E1630023A360B9E72346A28853F8121B5F
:10246800C4F81210A17999719A80E36ABDF8040042
:1024780053B1226C616CBA1A09B18A4200D2626403
:10248800A16C8A4288BFA2640133C4E90A73236A33
:10249800208201332362636A276443F10003636285
:1024A8000023A36092E70CF10103E363D1E77047CF
:1024B80000B11030704700BF2DE9F0410C4684B0E0
:1024C80015460127064600222946204698468DF8DB
:1024D8000870039206F040FEA8B95EB1062C0DD034
:1024E800052C0CD1012D19D0AB1E012B07D8B8F53E
:1024F8007F4F2FD0384604B0BDE8F081EDB10620FB
:1025080004B0BDE8F0810A9B00932A464346214661
:10251800304606F047FE04B0BDE8F081B8F57F4FBD
:102528001DD0B8F1000F13D12B460A9A8DF8083048
:1025380002A9304605F0D0FCE2E707230A9A8DF895
:10254800083002A93046CDF80C8005F0C5FCD7E765
:102558002846D5E7032D14BF09230823E5E70346DA
:10256800E3E700BF70B513460C4615460A4601213D
:10257800064607F0B3FC30B936B12DB124B996F848
:10258800943013B92C80012070BDB6F87840F9E773
:102598002DE9F8430C4617460A46002180461E4698
:1025A80007F09CFC60BB0546B8F1000F29D046B384
:1025B80001F062FF814620B3A4F10B03062B1AD960
:1025C800A4F11403032B1FD9242C1AD8DFE804F034
:1025D800BDB1ADA9A5A19E969390741919191919A1
:1025E8001919706C19191919686460574E4A4642CE
:1025F8003E3734312F0008EB040090F85D3033800B
:1026080001252846BDE8F883C4F11704D8F85C1002
:10261800D8F858302401C4F12002E34001FA02F24C
:10262800203C134321FA04F423433380E8E737803E
:10263800E6E73A0C3280E3E700233380E0E798F8D6
:102648009430002BDBD0B8F87830D8E7D8F8A4302D
:102658003380D5E7B8F8A6303380D1E7D8F8A03072
:102668003380CDE7B8F8A2303380C9E7D8F8AC207A
:102678004FF6FF73934228BF13463380C0E7D8F85C
:10268800A8204FF6FF73934228BF13463380B7E75D
:10269800B8F8B0303380B3E7D8F860303380AFE7AC
:1026A800B8F862303380ABE790F82C303380A7E776
:1026B80090F82B303380A3E73946404605F0F2FB0B
:1026C80099F8283099F8291099F82A209B0043EAAC
:1026D800C10398F8941043EA410343EA021398F8B7
:1026E8004C2003439BB2002A3DD143F0200386E7E8
:1026F800C38C338084E7838C338081E742684FF64C
:10270800FF73934228BF1346338079E703783380F9
:1027180076E798F80330338072E798F80230338010
:102728006EE798F8013033806AE798F80030338014
:1027380066E798F874309BB1D8F864204FF6FF73B9
:10274800934228BF13469BB259E798F874303BB1BF
:1027580098F8753023B1D8F87030B3F5803FF2D3CC
:102768004FF6FF734BE743F0600348E7436A072BD4
:1027780071D970B50446051D461D0621284600F08E
:10278800B9FB62892379824211D0012B04D1D4F894
:10279800B4300133C4F8B430D4F8BC30626A0133C1
:1027A800012AC4F8BC302CD80023636270BD012B09
:1027B80013D0D4E92E13626A01310833082AC4E918
:1027C8002E13F1D9083A626204F10C01284608F088
:1027D80039FB636A072BD0D870BDD4F8B020617973
:1027E80001320529C4F8B02012D0A36C032B1FD9DD
:1027F800D4F8C4300133C4F8C430626A082AD3D983
:10280800E0E7013A62623146284608F01BFBE0E740
:10281800E288B2F5807FE8D12289002AE5D194F8D0
:1028280054208AB1D4F8C8300133C4F8C830E4E77A
:1028380005332868696844F8330004EBC302516023
:10284800A36C0133A364D8E72A6869682165E26448
:1028580084F85430D1E7704748B138B504460D467E
:10286800D0220021043008F006FB256038BD7047EF
:1028780068B361B35AB3013A2DE9F04705464E1ED5
:102888008F184FF01F0A00F1050900F104080AE04B
:10289800621C2C4416F8013F237128466A62FFF730
:1028A80065FFBE4211D06C6A202CF1D1D5F8BC303E
:1028B800C5F824A001331F22C5F8BC30494640465C
:1028C80008F0C0FA22461F24E3E7BDE8F087704706
:1028D80010B5044628B1FFF749FFA06C003818BFAF
:1028E800012010BD10B5044618B1FFF73FFF94F85A
:1028F800540010BD2DE9F04184B040B1036804468E
:102908002BB10D46FFF732FF94F8546026B9002624
:10291800304604B0BDE8F0810095E06C216DB4F854
:102928004E2002AB03C3B4F8503094F84D10206821
:10293800002552BA5BBA9BB292B284F85450FFF7A2
:10294800BBFDD4F8CC30A26CA5641344C4F8CC30D9
:1029580094F8AC30002B39D100283DD048F201530F
:102968000128A4F8853004F1850841D006280CBF59
:102978000223042384F887300321404600F0BAFA82
:10298800030A84F88930D4F8C03084F88800052216
:102998000133C4F8A820C4F8C03094F88450012743
:1029A80084F8AC70002DB3D1D4F8A820414604F1C6
:1029B8005D0008F08DFAD4F8A830C4F8803084F8A7
:1029C8008470C4F8A85084F8AC50A1E7D4F8D0308B
:1029D8000133C4F8D0309BE702AB03CB082304F1E2
:1029E8008508C4F88500C4F88910C4F8A830D4E76D
:1029F8000323BFE700285FD02DE9F047036884B0C0
:102A0800044643B10D46FFF7B1FE94F8543013B9AC
:102A180094F884301BB1002004B0BDE8F08720464C
:102A2800FFF7A4FEA16C0029F5D0A26AC4F85520CE
:102A38000129E26AC4F8592004F1550604F1280373
:102A48000CD00122194653F8080FD3F804C0C1F876
:102A580004C00860A16C01329142F3D894F8568002
:102A6800A8F103030139012BA16464D9A8F1050376
:102A7800012B23D9012568F07F0884F85D5084F87C
:102A88005E8084F85F50032104F15D0000F032FAA3
:102A9800D4F8C03084F86000010A05222B4484F879
:102AA8006110C4F8802084F88450C4F8C0302046EF
:102AB800FFF75CFE0120AFE700207047B4F857A08D
:102AC800B4F859309AFA9AF7BFB25BBA3946404619
:102AD8001FFA83F906F040FB98B9B8F1060F0DD03C
:102AE8007B1E022B0DD9012568F07F08022384F88C
:102AF8005D5084F85E8084F85F30C4E7BAF1000F57
:102B0800F1D1009520684B463A464146FFF7D4FC80
:102B180000285FD0012800F0908006280CBF02230F
:102B28000423012568F07F0884F85D5084F85E80EE
:102B380084F85F30A7E7B4F85990B4F8577099FA59
:102B480099F91FFA89F909F1FF337FBA0A2BBFB245
:102B580068D84FEA490A264604EB490913E00DF103
:102B68000E032A46FFF714FD0137B0B1BDF80E3049
:102B780086F861301B0A86F860300236B14537D0D6
:102B8800B7F5803F09D0B8F1030F2068B9B2E6D194
:102B98000DF10E02FFF7E6FCE6E7012568F07F0875
:102BA800022384F85D5084F85E8084F85F30032146
:102BB80004F15D0000F09EF9D4F8C03084F860009C
:102BC800010A052284F86110C4F8802084F8845032
:102BD8002B446AE77168D4F85500C4F85D000822F0
:102BE8000123C4F86110C4F8802084F884305EE7BB
:102BF80004F15D0501260AF105030AF103072846D9
:102C080084F85D6084F85E8084F85FA0C4F8803042
:102C1800394600F06FF9E8555544000A287184F8E0
:102C2800846044E70321012568F07F0884F85D503B
:102C380084F85E8084F85F10BAE7032371E700BF69
:102C480048B149B190F8843023B1D0F880300B6096
:102C58005D307047184670470846704770B138B500
:102C680090F8AC300025044680F88450C0F88050B5
:102C78002BB92046BDE83840FFF778BD7047D0F83B
:102C8800A82000F185015D3008F022F9D4F8A820C9
:102C9800C4F88020012384F88430C4F8A85084F84C
:102CA800AC50E6E710B4019C50B1C0E90012002115
:102CB800C0E9023401611AB120465DF8044B10479F
:102CC8005DF8044B704700BF40B330B50446006858
:102CD80083B028B163681BB1A3680BB1237C1BB117
:102CE8000021084603B030BD01A9FFF7A9FF05463A
:102CF8000028F5D06368E068012198472946A36851
:102D0800019AE0689847014620B1012308462374D8
:102D180003B030BD6368E0689847E1E700210846E2
:102D2800704700BF80B1436810B5044623B1C0683E
:102D380000219847237C03B910BD00232068237421
:102D4800BDE81040FFF78ABF704700BF80B14368F5
:102D580010B5044623B1C06800219847237C03B905
:102D680010BD002320682374BDE81040FFF776BF2C
:102D7800704700BF68B110B540220021044608F032
:102D88007AF8002323646364A364E36423656365BA
:102D980010BD7047C8B1026CBFF35B8F531C03F0C2
:102DA8003F03D0F844C0BFF35B8F634505D081541F
:102DB800BFF35B8F036401207047483050E8003F41
:102DC800013340E80032002AF8D10020704700BFE4
:102DD80070B5864610B111B30AB9104670BD436C80
:102DE800BFF35B8F056CBFF35B8F9D4219D0013A2F
:102DF8008E1801F1FF3C5C1C1EF80300624604F0CB
:102E08003F030232AB420CF8010FA2EB010001D0E4
:102E1800B445F0D1BFF35B8FCEF8443070BD08469F
:102E280070BD0020F6E700BF50B100F14C0353E835
:102E380000CF0CF1010C43E800C2002AF7D101B120
:102E48007047503050E8003F013340E80032002A14
:102E5800F8D1704748B1BFF35B8F543050E8003F5A
:102E68000B4340E80032002AF8D1704760B1BFF345
:102E78005B8F00F15403002253E8000F43E8002160
:102E88000029F9D1BFF35B8F704700BF60B151B122
:102E98000139431E4218002013F8011F934280EAAB
:102EA8000100F9D170470846704700BFE0B170B51E
:102EB8001546DAB1072911D10378FD2B04460FD145
:102EC80005214679FFF7E2FF86420BD1A379FE2B55
:102ED8000ED1B4F801302B80002070BD022070BDE7
:102EE800032070BD042070BD01207047012070BD13
:102EF800052070BD8446E0B1C9B100B500EB010EF4
:102F08004FF6FF701CF8013B0822584000F00103FF
:102F180003EB830103EB413383EA5000531E13F0A4
:102F2800FF0280B2F2D1E645ECD15DF804FB084619
:102F3800704770470120704748B91D4B5B6903F023
:102F48000603062B0A46014609D000207047184B95
:102F58005B6903F00603062B4FF00002F5D14FF032
:102F68008043186A10F4807014D010B4114C206A91
:102F780010F480700BD0186810F0010007D020689A
:102F880010F0010003D0D86B904204D000205DF807
:102F9800044B70477047E26B8A42F7D1DB6B23B171
:102FA800E06BB0FA80F04009F1E70120EFE700BFDD
:102FB8000004024000040040F0B5044689B00D4604
:102FC800164600214822CDE90211CDE90411CDE9C8
:102FD80006111F4607F04FFF41F2BF22E26025604D
:102FE800602220460192FEF729FC20B1084B1E7092
:102FF800002009B0F0BD082201A92046FEF77AFC9E
:1030080010B9012009B0F0BD014B1F70F0E700BFF7
:10301800F00A002010B5FDF7EDFE1B4B9B6813F47A
:10302800E05F1A4B18BF4000984201D0002010BD45
:103038004FF08042906A0028F8D1154CA16A002907
:10304800F5D1D36A41F2BF208342EFD1E06A9842BA
:10305800ECD1D36903F07003602BE7D1E36903F087
:103068007003602BE2D1136A13F40073DED1216A76
:103078008905DBD4D3695B07D8D4E069C0F3800045
:1030880080F00100C0B210BD0038024000D8B80579
:10309800000400402DE9F0474FF08044A44FA54DAF
:1030A8000026814688463E70FEF73AFE236823F0E4
:1030B800010323602B6823F001032B6026612E6136
:1030C800BFF34F8F9C4B93F800A0BAF1000F41D08B
:1030D80008F1FF339BB241F2BE22934227D8FFF793
:1030E80029FF0646002848D008219448FEF752FBDD
:1030F800082106469248FEF74DFB002E40F0D98085
:1031080000283CD00B233B70FEF70AFE4FF08042AC
:10311800884B116821F0010111601968002021F025
:103128000101196010611861BFF34F8F0FE0082388
:103138003B70FEF7F5FD236823F0010323602B683D
:1031480023F001032B6026612E61BFF34F8F00200F
:10315800BDE8F08707233B70FEF7E2FD236823F004
:10316800010323602B6823F001032B60C4F810A02F
:10317800C5F810A0BFF34F8FE9E70923D8E76F4BD5
:103188001B68D8636E4B1B68D86301236062686252
:1031980063616B6120612861BFF34F8F694B5B6985
:1031A80013F0060F40F08380E36B002B7FD1EB6BAD
:1031B800002B7CD1636A002B79D16B6A002B76D106
:1031C8004FF080452B6ADA0571D45A4E336ADB0515
:1031D8006DD42B68DC076AD4336813F0010A66D112
:1031E80056480821FEF7D4FA0446002865D1544809
:1031F8000821FEF7CDFA002872D1BFF34F8F514B4B
:103208005B6913F0060F56D1EB6B002B53D1F36BB0
:10321800002B50D12B6AD8054DD5464D2B6AD905C0
:1032280049D54FF080463368DA0744D52B68DB0769
:1032380041D5DFF810A16FF0010300247462012268
:103248006C620621336150462B61FDF717FBBFF313
:103258004F8FDAF8143003F00603062B56D1374B9C
:103268001A68374B1B68B9F1000F4AD0D463C3F80A
:103278003C80BFF34F8F41464846FFF75DFE04464A
:1032880000287FF465AF32233B70FEF749FD4FF00D
:103298008042284B116821F001011160196821F062
:1032A8000101196014611C61BFF34F8F4FE72D2393
:1032B80029E70A2327E7302325E72E233B70FEF76B
:1032C8002FFD2B6823F001032B60336823F00103E3
:1032D8003360C5F810A0C6F810A0BFF34F8F36E7CB
:1032E8002F233B70FEF71CFD2B6823F001032B6096
:1032F800336823F0010333602C613461BFF34F8FCF
:1033080025E7C2F83C80C3F83C90B2E731233B7014
:10331800FEF706FD336823F0010333602B6823F0C2
:1033280001032B6034612C61BFF34F8F0FE700BF9F
:10333800F00A002000040040840B00203C0B002011
:10334800F40A00200004024008B5FEF7E9FC4FF03B
:103358008042074B116821F00101116019680020B3
:1033680021F00101196010611861BFF34F8F08BD8A
:10337800000400400F4B586910F0060018D14FF0B8
:103388008043DA6B9AB90C49C86B88B91A6A12F487
:1033980080720CD1086A10F4807007D11B68DB07B3
:1033A80005D40868C04300F0010070471046704714
:1033B8000020704700040240000400402DE9F0435B
:1033C8006C4E6D4B6D4D6E4F4FF0000885B086F812
:1033D80000801A6B85F8008042F002021A631A6CAA
:1033E80042F003021A641A6B03921A6C039B4FF0A3
:1033F800804453400393039BFEF792FC236823F019
:10340800010323603B6823F001033B60C4F810808C
:10341800C7F81080BFF34F8F5A4B5B484FF4C02258
:103428009A615A6822F006025A609A6842F03C0291
:103438009A60DA6822F03C0242F02802DA601A68E0
:1034480022F03C0242F014021A601A6822F4401278
:1034580042F400121A605A6822F480625A609A682C
:1034680042F440129A60DA6822F44012DA605A6A2A
:1034780022F4706242F480725A621A6822F00302DF
:1034880042F002021A605A6822F001025A609A68F1
:1034980042F003029A60DA6822F00302DA601A6ADC
:1034A80022F00F0242F002021A6221460223012290
:1034B800FFF782FD18B33548042303223946FFF786
:1034C8007BFD8146E0B1FEF72BFC236823F0010366
:1034D80023603B6823F001033B60C4F81080C7F801
:1034E8001080BFF34F8FFFF795FD8046E0B1FFF7DF
:1034F80041FF60B301232B7005B0BDE8F08381461E
:10350800FEF70EFC236823F0010323603B6823F0D9
:1035180001033B60C4F81090C7F81090BFF34F8FB9
:10352800002005B0BDE8F08305233370FEF7F8FBF3
:10353800236823F0010323603B6823F001033B6009
:10354800C4F81080C7F81080BFF34F8FE8E7062350
:1035580001903370FEF7E4FB2368019823F0010320
:1035680023603B6823F001033B6020613861BFF3AF
:103578004F8FD5E7F00A002000380240840B002066
:1035880000040040000402403C0B0020F40A002024
:1035980001460120FFF77EBD01460020FFF77ABDF6
:1035A800014B1878704700BFF00A002070B50E462E
:1035B800044648B32C4BDD6B2C4B1B786BB1FFF7E3
:1035C800B9FC50B1ADB245B1731E9BB241F2BE22F7
:1035D800934202D8FFF71EFDD0B9254B32221A704C
:1035E800FEF79EFB4FF080421F4B116821F001014E
:1035F80011601968002021F001011960106118613B
:10360800BFF34F8F002070BD4FF08043DD6BD3E7D1
:1036180029462046FFF790FC0028DED0FCB1124B6B
:10362800DE63BFF34F8F20463146FFF785FC044623
:103638000028E8D10E4B32221A70FEF771FB4FF0CA
:103648008042094B116821F001011160196821F0CD
:103658000101196014611C61BFF34F8FD2E74FF06D
:103668008043DE63DDE700BF00040040840B0020D8
:10367800F00A002038B50C4640B9A9B1FFF7CAFCDA
:1036880080B12146BDE83840FFF756BC51B9054620
:10369800FFF7C0FC30B12C4621460020BDE8384079
:1036A800FFF74ABC002038BDBDE83840FFF762BECE
:1036B8000A4B002210B5DA601968094C21F00101A3
:1036C800196032201A615A622270FCF7ADFF32206D
:1036D800FCF7D6FFBFF34F8F10BD00BF000C0040B2
:1036E800870B0020F0B53149314E324C324A334D08
:1036F800002383B008603370237013702B70002888
:1037080051D02F4F2F49386C40F008003864386C7E
:1037180001900198CB60086820F0010008600B61F7
:1037280032204B621370FCF77FFF3220FCF7A8FFB2
:10373800BFF34F8FFDF75EFBBB68234A13F4E05FCE
:1037480018BF4000A0F51C53103B934226D81F4BCE
:103758001F4A00FB03F3B2EB331F1FD31D4A194B5B
:10376800A2FB0020400B1C4A013810600C221A6092
:10377800012600224FF0FF315A609A609A611A625E
:103788009862D96232205A6304215E611A61FCF79B
:1037980001FF304626702E7003B0F0BD122333703F
:1037A800002003B0F0BD11233370F9E7900B00201F
:1037B800850B0020880B0020870B0020860B00203B
:1037C80000380240000C0040FFFF0F27917EFB3AB3
:1037D800B88D06005917B7D18C0B00202DE9F041A0
:1037E800354C364F364B002582B03D70E560226877
:1037F80022F0010222600646256132206562884671
:103808001D70FCF711FF3220FCF73AFFBFF34F8F12
:103818002C4A1278002A45D02B490A78002A41D030
:10382800002E3FD046453DD20A20A6FB0036A8FB15
:1038380000800643002E3CD14FF00C0E234E01921F
:10384800C4F800E03668A66208F1FF30E06201269D
:1038580003206363656266612561E0603220FCF7DE
:103868000FFF2068164B30431E702060BFF34F8F48
:103878002568019A1449354017D115223A700D7000
:10388800E560236823F0010323600D4B2561322096
:1038980065621D70FCF7C8FE3220FCF7F1FEBFF32D
:1038A8004F8F01E013223A700022104602B0BDE8A3
:1038B800F08114223A70F7E7000C0040850B0020D5
:1038C800870B0020880B0020860B00208C0B002023
:1038D800034B187818B1034B186800F001007047C3
:1038E800870B0020000C0040024B187808B1024BEF
:1038F80018787047880B0020860B0020014B187839
:10390800704700BF850B0020314B70B51B68314CE8
:103918002269002B45D0304E357845B391051AD52C
:103928002E492F4A1920087000211170022098474B
:10393800284B0022DA60196821F001011960322051
:103948001A615A623270FCF76FFE3220FCF798FE5B
:10395800BFF34F8F70BD12F0010020D112F00202A8
:10396800E5D11E491A2008701D490A70DEE71C4976
:103978001A4A0D700220182111709847E5602368D3
:1039880023F0010323603220256165623570FCF75E
:103998004BFE3220FCF774FEBFF34F8F70BD012041
:1039A800C5E70E490E4A1B2008701370E3602268B1
:1039B800094922F0010222603220236163620B7000
:1039C800FCF732FE3220FCF75BFEBFF34F8F70BD71
:1039D800900B0020000C0040870B0020850B002076
:1039E800860B002038B5104B104D1B7800222A702A
:1039F8007BB10F4B1C7864B10E4A126940F2032365
:103A08001A420BD13220FCF701FEBFF34F8F20463C
:103A180038BD16232B700024204638BD17242C707F
:103A2800FFF772FF2C70F6E7870B0020850B00204C
:103A3800860B0020000C0040F8B51F4B1C78002CAA
:103A480038D01E4B1C78002C34D01D4F3C78002CED
:103A580030D1831E802B05462CD81A4EF46033686B
:103A680023F0010333603220346174623C70FCF748
:103A7800DBFD3220FCF704FEBFF34F8F04233360D5
:103A8800114B05EB85001B68B36240004FF0FF3314
:103A9800F3620A380123032270637462736134612C
:103AA800F2603B70336843F001033360BDE8F840CF
:103AB800FFF798BF0020F8BD880B0020860B002078
:103AC800870B0020000C00408C0B002070B51E4DA9
:103AD8001E4C2B78616A626B23B32368DB0721D500
:103AE8001B4B1B78F3B1831E802B1BD8266940F231
:103AF80003231E4024D18A1A002A15DB154B3046B1
:103B08001B689847E660236823F00103236032208E
:103B1800266166622E70FCF787FD3220FCF7B0FD47
:103B2800BFF34F8F002070BD00EB80000A3901EB16
:103B380040016163BFF34F8FBDE87040FFF752BF8C
:103B4800FFF7E2FEEEE700BF870B0020000C004005
:103B5800860B0020900B002038B5184C94F83C30A8
:103B680033B11749174A0B78106DC4E9040338BDFF
:103B78000546FFF7FFFB12490B7868B10BB962687D
:103B880052B1114A0F481268006DA5EB020C60454E
:103B980009D90244501BE8E794F83C000028E1D119
:103BA800C4E9040338BD23680022581C2060C4E916
:103BB80001221346E2600A701046D6E7980B0020EF
:103BC800E80B00206CB70008E00B00201A4B9A6A3B
:103BD80010B4C2F10102DC6802441444DC605C6A7F
:103BE800A24217D95968121B11445960D969012991
:103BF8001DD01249124AD86201240C704FF4807407
:103C080004219C87996310600E4B5DF8044B0022D9
:103C18001A7070474FF48072094C9A874A1E012A1D
:103C2800D86299632060EFD85DF8044B70479968B3
:103C380011449960DDE700BF980B0020E80B0020D5
:103C4800E00B0020EA0B002010B50446FFF77CFBD0
:103C5800FCF776FC0A4B93F83C30002C14BF042187
:103C680001210BB1FFF7B2FFFFF722FD054A064914
:103C7800064B0020107001220C701A7010BD00BF96
:103C8800980B0020700C0020EC0B0020EB0B0020A0
:103C980010B5FFF759FBFFF70BFDFFF74BF9104C79
:103CA80080F0010084F82900FFF764FB84F82A00FB
:103CB80018B1FFF70DFE48B910BD94F82B301BB9A9
:103CC80042F60403A4F82B30042010BD94F82B30DE
:103CD8001BB942F60313A4F82B30032010BD00BF14
:103CE800F00B002038B5424C2378062B054627D028
:103CF800FFF720F980F0010084F82900FFF73AFB6C
:103D080084F82A0000283CD0022D28D02378052BDF
:103D18000CD0002D59D0012D4FF000005DD00322AA
:103D28000023A270636284F8283038BD002DF2D1D8
:103D380004220023A2702846636284F8283038BD24
:103D48002C4B9B6B042BD3D1FFF7F4F880F00100C8
:103D580084F82900FFF70EFB84F82A0088B1FFF7E2
:103D6800CDFD94F82B200346002A3DD100284FF0C2
:103D7800030208BF2C23104684F82B2084F82C302B
:103D8800CEE7FFF7E1FAFFF7D5F880F0010084F8F5
:103D98002900FFF7EFFA84F82A00FFF701FC94F8EE
:103DA8002B3083B900284FF0040508BF22200322D6
:103DB800002384F82C0084F82B50A27028466362F4
:103DC80084F8283038BD0420A9E701220023A27016
:103DD8002846636284F8283038BD02220023A27086
:103DE800636284F8283038BD0320024698E700BF94
:103DF800F00B0020980B002070B514461D46B8B98A
:103E08004A1E41F657339A422BD854B34DB32080FB
:103E1800024645F6BF5341F2BF20E1FB0032184687
:103E28001146002345F6C052FCF7B2F9288016E087
:103E3800012816D14B1E632B12D88AB185B10026F2
:103E480041F2BF2245F6BF503346E1FB0203194653
:103E580045F6C0520023FCF79BF920802E800020F5
:103E680070BD012070BD00BFF8B5404D404E002424
:103E7800FFF76AFA30220021284606F0FCFF2146A7
:103E880040223C48347006F0F6FF3B4A3B4B147026
:103E98001C70FCF755FB3A4B2C701860394BA5F891
:103EA8002B4001271F70384B1C70384B1C70384B47
:103EB80002221A70FFF73EF8784085F82900FFF7CC
:103EC80059FA85F82A00FFF779FA88B13148FFF7DF
:103ED80009FC80B33770FFF72DF880F0010085F8F2
:103EE8002900FFF747FA85F82A00D8B12046F8BD1F
:103EF800FFF72AFAFFF71EF8784085F82900FFF740
:103F080039FA85F82A00FFF74BFB95F82B303BB9B7
:103F1800A04208BF2C20042385F82B3085F82C00FC
:103F28000420F8BD95F82B30002BF9D141F6044355
:103F3800A5F82B30F4E7FFF707FAFEF7FBFF80F050
:103F4800010085F82900FFF715FA85F82A00FFF720
:103F5800D5FC95F82B303BB9002808BF2C2003234B
:103F680085F82B3085F82C000320F8BDF00B0020D5
:103F7800ED0B0020980B0020EA0B0020E90B002035
:103F8800E00B0020E80B0020700C0020EB0B002059
:103F9800EC0B0020513C000870B5EFF3108672B6A8
:103FA800BFF35F8F2E4B00221A70FFF7CDF9FCF795
:103FB800C7FA2C4B93F83C3013B10321FFF706FEE8
:103FC800294B2A4C00251D70FFF772FB284A294B04
:103FD80015700222C4E90155C4E9035525706562CC
:103FE80084F828501A70FEF7A5FF80F0010084F8C5
:103FF8002900FFF7BFF9054684F82A00FFF768FC97
:104008002DB1F0B9BFF35F8F86F3108870BD94F8B7
:104018002B301BB942F60423A4F82B30FFF794F990
:10402800FEF788FF80F0010084F82900FFF7A2F965
:10403800034684F82A300420BFF35F8F86F3108884
:1040480070BD94F82B301BB942F60333A4F82B301B
:10405800FFF72EFB0320BFF35F8F86F3108870BD38
:10406800700C0020980B0020EA0B0020F00B0020B9
:10407800EB0B0020EC0B00202DE9F0416C4C237871
:104088003BB16C4A002310782370BDE8F041FFF77C
:1040980029BE03F0FF070546FEF74CFF664E80F089
:1040A800010086F82900FFF765F9237886F82A00C9
:1040B80003F0FF0833B15F4B18782770BDE8F04173
:1040C800FFF710BE96F828301BBB002844D0FFF736
:1040D800FFFB70B9FFF708FC034600283AD12278A5
:1040E800002A62D0534A10782370BDE8F041FFF7E8
:1040F800F9BDFFF729F9FFF7DBFA96F82B30032211
:10410800B2701BB942F60313A6F82B300320BDE8A2
:10411800F081FFF7E9FB0346B8BB2278002AE1D11A
:10412800FFF7ECFB96F82B303BB9002808BF23209B
:10413800032386F82B3086F82C00FFF705F9FFF7E4
:10414800B7FABDE8F0410220FFF7CCBD3B4B1B6836
:10415800002B51D10020DAE7FFF7F6F8FFF7A8FAAD
:10416800FEF7E8FE80F0010086F82900FFF702F963
:1041780096F82B3086F82A000322B2701BB942F653
:104188000403A6F82B300420C1E7FFF7A1FB034680
:10419800D0B92278002AA5D196F82B30002BCCD1A3
:1041A80042F20343A6F82B30C7E7FFF7A7FB96F8C0
:1041B8002B30002BAAD1002808BF2320032386F820
:1041C8002B3086F82C00A1E73369E81A002809DBB0
:1041D800237823B3174B187884F80080BDE8F041A2
:1041E800FFF780BD96F82A30002BB3D0144B1B780C
:1041F80013B13378052BA9D02378002B7FF441AF76
:1042080096F82B301BB942F20463A6F82B30FFF75F
:104218009BF8FFF74DFA0220FFF764FDB3E796F825
:104228002B30002B89D142F20353A6F82B3084E7B8
:10423800EB0B0020EC0B0020F00B00205C0C0020A6
:10424800700C0020F8B5364C2378052B04D1354E78
:10425800337803F0FF05C3B1FEF76CFE80F0010070
:1042680084F82900FFF786F894F8283084F82A00A3
:1042780043B12C4E33781BB994F8293003B908B3ED
:10428800337863B900252846F8BD274F3B7813B12A
:1042980094F828301BBB3378002BDDD1F3E7FEF709
:1042A80049FE80F0010084F82900FFF763F805460D
:1042B80084F82A000028E6D0FFF70AFB80F0010501
:1042C800EDB2E0E7FFF704FB0028D9D0FFF70CFBBD
:1042D80005460028D4D03378002BD1D1D3E7FFF797
:1042E80003FB0028D7D0FFF7F3FA0028D3D0FEF756
:1042F80021FE0028CFD0FFF73DF80C4B1B68B3FA1E
:1043080083F35B098342C6D1E18CA08CFFF7B2F935
:1043180033780028C0D0002B9ED13D78EDB2B2E7AB
:10432800F00B0020EB0B0020700C00205C0C002030
:10433800F8B5324D2B7873BBFEF7FCFD304C80F09E
:10434800010084F82900FFF715F82B7884F82A0073
:10435800064603BB94F828300BB3FFF773FF2B789E
:10436800C0B9C3B9FEF7F0FFFFF7A2F9FEF7E2FD07
:1043780080F0010084F82900FEF7FCFF2B7884F810
:104388002A0043B994F82B306BBB42F20473A4F8AB
:104398002B3028E0DBB1BDE8F840FFF779BCFFF728
:1043A80097FA0746FEF7D0FF94F828308BB1FEF74E
:1043B800C1FD80F0010384F82930FEF7DBFF2B787C
:1043C80084F82A00002BE6D130B12EB16FB9002055
:1043D800F8BDFFF76DF9EAE794F82B301BB942F600
:1043E8000403A4F82B300420F8BD94F82B301BB933
:1043F80042F60313A4F82B300320F8BDEB0B002082
:10440800F00B002010B5FEF795FD054C80F001007B
:1044180084F82900FEF7AEFF84F82A0010BD00BF1B
:10442800F00B002010B5FEF785FD114C80F001005F
:1044380084F82900FEF79EFF0E4B84F82A001B78AB
:104448000BB9002010BDFFF74FFA0028F9D094F8F7
:1044580028304BB994F82A000028F3D0FFF738FA2F
:1044680080F00100C0B210BDBDE81040FFF7EABE01
:10447800F00B0020ED0B002010B5FEF75BFD054C9E
:1044880080F0010084F82900FEF774FF84F82A0000
:10449800204610BDF00B002001207047F8B50446F7
:1044A80015461E46EFF3108772B6BFF35F8FFCF711
:1044B80047F8164A1278034602F0FF000AB12CB1F9
:1044C8000020BFF35F8F87F31088F8BD10490A7882
:1044D800002AF5D10F4C2478002CF1D1A5F1030C5A
:1044E8004EF65D22944501D9002DE9D1002EE7D181
:1044F8002B44094A003D18BF01251570074A13606F
:10450800074B1E6001230B70DBE700BF700C002017
:10451800500C0020600C00204F0C0020480C00209C
:104528003C0C0020F8B504461746EFF3108672B627
:10453800BFF35F8FFCF704F8174B1B7803B12CB15E
:104548000020BFF35F8F86F31088F8BD134B1B78EC
:10455800002BF5D0124C2378002BF1D1FB1E012B38
:10456800EED8104B1B78054623B10F4B1B681B1A5E
:10457800BB42E5DDFFF766FE0028E1D00B4B0C4996
:104588002F44C3E906570B4B1F600B4B1D600123DB
:104598000B702370D5E700BF700C0020500C002072
:1045A8004D0C00204F0C0020480C0020F00B002080
:1045B8004E0C0020440C0020340C00200346EFF37E
:1045C800108172B6BFF35F8F094A127802F0FF00BC
:1045D8000AB12BB10020BFF35F8F81F310887047B9
:1045E800044B18780028F6D0034B01221A70F2E722
:1045F800700C00204E0C00204C0C00202DE9F04FD0
:10460800074683B01446EFF3108672B6BFF35F8F88
:10461800744DFBF795FF2B78002B00F0B280002F2C
:1046280040F0AF80704B1B78002B00F0BE80DFF8A5
:10463800E88198F80030002B00F0B7806B4B1B78AE
:10464800002B00F0B280002CC0F2AF80684B1B68D2
:10465800A342C0F2AA80DFF8C491664FD9F80030AF
:10466800A342C0F2A3803B78002B40F09F80624BAE
:104678001B681B1A012B834640F39880DFF8A0A122
:10468800DAF800301B1A012B40F390805B4B1B7843
:104698002BB15B4B1B681B1A012B40F38780FFF77C
:1046A800D1FD002800F08280FFF79CF900287DD01A
:1046B800002C00F08B8041F658339C4276D841F2AA
:1046C800BF2345F6BF500021E4FB030145F6C05265
:1046D8000023FBF75DFD83B2194601209B46FEF7D8
:1046E80065FF002862D0FEF745FE00285ED15946D6
:1046F8000020FEF7BFFF002858D0FFF773F9002805
:1047080054D02B78002B51D03B78002B4ED1FBF79F
:1047180017FFDAF80020A2EB000ABAF1010F0346EE
:1047280044DD364A12783AB1354A1268121A012A1B
:104738003CDD924528BF924650460193FFF7C6F9E3
:10474800002833D0FFF74EF980B32A7872B339784E
:1047580001F0FF0251BB2B4D019B6969C9F800406C
:1047680053440131C5E90431EB60274B6C601A7082
:10477800264B88F80020AA84A5F826B014461A709B
:1047880001E0204D0124FEF7D5FB80F0010085F8FB
:104798002900FEF7EFFD85F82A00BFF35F8F86F347
:1047A8001088204603B0BDE8F08F124F00232B700D
:1047B800FEF7CAFDFEF77CFF3B7823B9144A0221B5
:1047C800012311703B700F4D0424DCE7FEF7BCFD9C
:1047D800FEF7D0FD0028E9D00E4BC3F800B0A34681
:1047E80085E700BF700C0020500C0020600C0020F2
:1047F8003C0C0020EB0B0020440C00204F0C002048
:10480800480C0020F00B00204C0C0020380C002035
:10481800EC0B0020540C00204E0C00205C0C0020F7
:10482800400C0020F8B5044615461E46EFF31087E5
:1048380072B6BFF35F8FFBF783FE2E4B1B7803B175
:104848002CB10020BFF35F8F87F31088F8BD2A4B87
:104858001B78002BF5D0294C2378002BF1D1002DA3
:10486800EFD0B542EDD2264B26491B680A68023BB9
:104878009B1AB342E5D33244801A0028E1DA224B6E
:104888001A68002A2FDD214A0698D2F800C084450C
:1048980001DB0028D5DD069A41F658308242D0DC8B
:1048A800079A002ACDDB9445CBDBFFF7CBFC002829
:1048B800C7D01449144B0A681B681644069A9A42D2
:1048C800A8BF1A46124B1A60124B069A1A60124B6E
:1048D800079A1A60114B1D60114B1E60114B1E6226
:1048E80001232370AEE7ACD10F4A1268002ACADA56
:1048F800A7E700BF700C00204E0C0020380C0020E9
:10490800440C0020340C00205C0C00203C0C0020DF
:10491800280C0020240C0020200C0020300C002043
:104928002C0C0020F00B0020580C0020164B1A7895
:10493800034602F0FF0032B31BBB144A107810B3D1
:10494800134A1078F8B11348134A10B5046812686E
:104958001248091B21EAE1719142006810D2104CFB
:1049680024684FEAE17C001B4FEAE07E00FB0CFC68
:1049780001FB0ECCA0FB01016144FBF709FC2044BC
:1049880010BD002070477047700C0020380C0020C4
:104998004E0C0020340C0020300C0020240C002089
:1049A800280C00202DE9F84F044690461D46EFF3E9
:1049B800108672B6BFF35F8FDFF8D091FBF7C0FDAA
:1049C80099F80030002B00F08680002C40F083809E
:1049D800B8F1000F7FD0002D7DD05F4B2C701B7875
:1049E800002B00F08B805D4B5D4C1B78002B00F09A
:1049F80086802378002B40F082805A4B1B681B1A54
:104A0800012B07467BDD584B1B681B1A012B76DDF3
:104A1800564B1B7823B1564B1B681B1A012B6EDDB6
:104A2800FFF710FC00286AD0524BDFF864A11B681E
:104A3800DAF800B0FB1A002B394671DA0020FFF7CC
:104A480075FF834505465ADC4B4B1B68834256DB92
:104A5800002854DBFEF7C6FF002850D0DAF800B073
:104A6800AB4570D06A1E41F657339A4247D841F297
:104A7800BF2345F6BF500021E5FB030145F6C052B0
:104A88000023FBF785FB87B2BBF1000F5DD03946E9
:104A98000120FEF78BFD90B339460020FEF7EAFDB2
:104AA80068B3FEF79FFF50B399F800303BB3237803
:104AB80003F0FF021BBB314CCAF800506369A284A3
:104AC800013363612E4B65600122E7841A60C8F8E0
:104AD8000050002701E0294C0127FEF72BFA80F04F
:104AE800010084F82900FEF745FC84F82A00BFF38A
:104AF8005F8F86F310883846BDE8F88F184C00237E
:104B080089F80030FEF720FCFEF7D2FD237823B9A0
:104B18001C4A0221012311702370184C0427DCE77A
:104B2800194B1C685C45A8BF5C4622460020FFF76D
:104B380065FD074608B1114CCFE70123C8F80040CE
:104B48000E4C2B70C9E70D4CC1E73846FEF720FD27
:104B58000028A1D1D3E700BF380C00204E0C00205C
:104B6800EB0B0020440C0020400C00204F0C0020D0
:104B7800480C00202C0C0020240C0020F00B0020F6
:104B8800580C0020EC0B0020200C0020700C00209A
:104B98005C0C00202DE9F04F074689B014461E46EC
:104BA800EFF3108972B6BFF35F8FDFF80483002339
:104BB800ADF81C30ADF81E30FBF7C2FC98F8003099
:104BC800002B49D0002F47D1189B002B44D0199BAC
:104BD800002B41D0DFF8DCB29BF800300546002BF3
:104BE80030D1A44B1B78002B4AD0A34B1B7823B1A0
:104BF800A24B1B68EB1A002B0FDAA14B1B78002B7A
:104C080000F05C819F4B1B68EB1A002B05DA179BA1
:104C1800002B3CDC179B64333EDADFF89CA29A4FEA
:104C2800002388F80030FEF78FFBFEF741FD9AF865
:104C380000302BB9954B02221A7001238AF80030F4
:104C480004240BE0924BD3E90023A21A66EB03037A
:104C5800012A73F10003C4DA8B4F0124FEF76AF9C5
:104C680080F0010087F82900FEF784FB87F82A0006
:104C7800BFF35F8F89F31088204609B0BDE8F08F35
:104C8800179B002BC6DD7E4B1B78002BC5D0179ACF
:104C980041F658339A42C0DC149B822BBDD8159B31
:104CA800142BBAD8169B012BB7D97A4B1B7823B192
:104CB800794B1878002800F00C81DFF8FCA19AF8ED
:104CC8000030002BABD1149B022BA8D9DDE914329C
:104CD8009342A4D9129B159AEB1A93429FD8149A1F
:104CE800013A9A429BD9169B642B98D8FEF722F971
:104CF800002894D09BF80030002B40F01B81624FB5
:104D0800199A00231370179B002B40F3F480634B10
:104D18001A68002A40F01F810123614A1268002A9C
:104D280040F05581544B129A14991B780A44029208
:104D3800521B009233B1514B1B685B1B9A4228BF30
:104D48001A4600924E4B1B78002B00F0D080524B35
:104D58001B78002B00F00181524B179A1B68934275
:104D6800B4BF002301230393464B009A1B685B1BC7
:104D7800934228BF134601939BF800300198002BFB
:104D880000F0AF80FEF7A2FE80F00103DBB2002B3B
:104D98007FF446AF98F80030002B3FF441AF9AF803
:104DA8000030002B7FF43CAF179B002B40F0D780DE
:104DB8003A4B1A680AB13C4A15600493FEF7C4FAE4
:104DC800FEF7D8FA049B00283FF42AAF0593FEF7B4
:104DD80009FE00283FF424AF98F80020002A3FF489
:104DE8001FAF9AF8002002F0FF030493002A7FF413
:104DF80017AF039A059B9AB100980393FEF766FED6
:104E080000283FF40DAFFEF7EDFD00283FF408AF92
:104E18001B4A049B13701F4A1370009B0193039B4A
:104E2800019A2A441546179A1A607B6901337B61F7
:104E3800174BC3E90046012387F828308BF8003068
:104E480005233B70D30F7B7082EAE273A3EBE27316
:104E58007B60BDF81C30BB84BDF81E30FB84189BFA
:104E68000024C7E90355BC70BC601A600F4B029A56
:104E78001A60F3E6500C00204F0C0020480C00206C
:104E88004E0C0020440C0020F00B0020EC0B0020FE
:104E9800680C0020380C00204C0C00205C0C002012
:104EA800580C00203C0C0020540C0020400C002022
:104EB800700C0020600C0020EB0B0020534B179A5D
:104EC8001B689342FFF6A9AE179B002B3FF7A5AED0
:104ED800A0E62946FFF72AFD179B9842BFF6EDAEDC
:104EE8009BE6FEF7A9FD80F00103DBB24FE70393D1
:104EF800009B019340E71AD0454B1A68002A63D0FB
:104F08004FF0FF3243490093096891423FF40AAFDA
:104F1800FEF71AFAFEF72EFA00283FF481AE3E4A51
:104F2800009B156000221A60199A01231370002350
:104F38001793F7E6FEF7CCFC00283FF470AEFFF7B6
:104F480081F9364F00283FF46BAEFB68EB1A002B53
:104F5800FFF6D6AE64E60122D4E7039304E7179878
:104F680080EAE0710028A1EBE0710DF11E03CCBFCF
:104F78000020012007AAFEF73FFF00287FF450AE6B
:104F8800234B1A68002A30D0179A0493002ACBBF03
:104F9800BDF81E10BDF81C1001200020FEF706FB0E
:104FA800049B049300283FF43BAEFEF7E3F9002886
:104FB8007FF436AE179B174A002BD4BF4FF0FF3152
:104FC8000121049B116001E74FF0FF33A5E69A42E7
:104FD8003FF4A8AE104B169A1B68EB1A9342BFF425
:104FE800A1AE199A01231370A1E7179A0493002A16
:104FF80005DDBDF81E00FEF7CBFA049BD1E7BDF82E
:105008001C00FEF7C9FA049BCBE700BF3C0C00204C
:105018005C0C0020580C0020540C0020F00B0020E1
:10502800F8B50446EFF3108672B6BFF35F8FFBF74F
:1050380087FA124F0546FEF78FFDBE46BEE80F0001
:10504800A446ACE80F00BEE80F00ACE80F00BEE8CD
:105058000F00ACE80F009EE80F008CE80F00FB681B
:1050680097F83C201AB1BA6A01339B1A2B44BFF354
:105078005F8F86F31088E3602046F8BD980B002008
:10508800054B1B781BB1054B1B68834201D00020E0
:105098007047FFF7C7B900BFEA0B0020E40B0020F8
:1050A80070B50C46EFF3108572B6BFF35F8FFBF750
:1050B80047FAFEF751FD14B11F4B1B782BB10120A5
:1050C800BFF35F8F85F3108870BD1C4E3378002BBB
:1050D800F5D11B4B1B78002BF1D11A4B1B78002BF9
:1050E800EDD0194B93F82830002BE8D1174B1B78DB
:1050F800002BE4D1FEF73EF90028E0D0FEF7E8FBEC
:105108000028DCD1FEF7F0FB0028D8D0FDF712FF0D
:105118000028D4D00E490B6801330ABF01221A4671
:10512800134623600A600B4B0B4A002001213170A3
:10513800107083F83D00C3E7E80B0020EA0B00205D
:10514800700C0020ED0B0020F00B0020EB0B002072
:10515800E40B0020980B0020E90B00202DE9F04F0C
:10516800054683B00C4690461F46EFF3108972B689
:10517800BFF35F8FFBF7E4F944B1DFF8D4A29AF8E4
:1051880000301BB1A94B1B68AB4213D0A84D0124BA
:10519800FDF7D0FE80F0010085F82900FEF7EAF857
:1051A80085F82A00BFF35F8F89F31088204603B083
:1051B800BDE8F08FDFF89CB29BF83C30002BE5D1BE
:1051C8009B4D95F82830002BE1D19A4B1B78002B8A
:1051D800DDD19BF83D30002BD9D1974B1B78064683
:1051E800002B40F0E7803046FEF7B6FC934B1A7868
:1051F800002A40F0C6800C9BF21A142A00F2C180E3
:10520800FEF7B8F8002800F0BC80FEF761FB002824
:1052180040F0B780FFF706F9002800F0B280226856
:10522800864B012A00F0D180022A00F0E080032A90
:1052380040F0A78082496068CDE90010C96B8842B8
:10524800C0F09F807E498969884200F29A807C4834
:10525800A468016B8C42C0F09480C16A8C4200F251
:1052680090800C9901F1820CACEB0601A14240F24E
:1052780088807149097831B1724900980968806C51
:10528800711A81427DD3DBF8041004EB010E0099FA
:10529800C96C8E4500F2EA80012A00F0DD80CBF867
:1052A80004E0DBF818306449CBF81C200133CBF854
:1052B8001830654B019ACBF834C0C3E90087A319AD
:1052C8000127CBE908240093CBF830300F7041F662
:1052D80057331146013A4FF000089A42CBF828603C
:1052E800CBF838804DD841F2BF2E45F6BF50C446A2
:1052F800E1FB0E0C45F6C05200236146FAF748FF61
:10530800009B2B61013BEB606B69019A6A603B442F
:1053180082B26B61601E0623214685F80280A5F8DB
:1053280024800092EA8485F82870A8602B80FEF714
:1053380055FA30B38BF83C70FEF754FB08B39AF873
:105348000030F3B13B4F3B7803F0FF04CBB9DDF8F5
:1053580000804046FEF71CF998B141462046FEF70A
:1053680089F970B1FEF706F858B9FEF73BFB40B172
:105378009AF800302BB13B7803F0FF04002B3FF480
:1053880007AFFDF7E1FF9BF83C301BB13046052124
:10539800FEF71CFC00238AF80030FEF789F9254B3C
:1053A8001B782BB9294B02221A70224A0123137049
:1053B8000424EDE6244B4046D3E90023394601F0A6
:1053C80099FC00287FF40FAFE1E61D490091616860
:1053D800019108461A4949688842D2D1A468012C2B
:1053E800CFD91749C9688C427FF63BAFC9E7144942
:1053F8006068D1F818C001906045C2D30091496A2D
:105408008842BED80E49A468096B8C42B9D30C49AE
:10541800C96A8C42B5D80A49896A01FB0CFC04FBAD
:1054280000F161457FF61DAFABE700BFE40B00203C
:10543800F00B0020EB0B0020E90B0020E80B00200C
:105448006CB70008E00B0020D80B0020EC0B002004
:10545800EA0B0020980B002000990869DBF8081077
:105468002144814202D8CBE901E11AE701221A70EE
:1054780087E700BF2DE9F0410446EFF3108672B6C6
:10548800BFF35F8F344DFBF75BF82B781BB1334BC1
:105498001B68A34212D0324C0127FDF74BFD80F068
:1054A800010084F82900FDF765FF84F82A00BFF39E
:1054B8005F8F86F310883846BDE8F081294C94F850
:1054C8003C30002BE7D0284F3B78002BE3D1FDF789
:1054D8003BFFFBF735F88046FEF784FA94F83C303A
:1054E80010B33A7802BB2A78F2B1226BA8EB020219
:1054F800002A19DA626BA8EB0202002A14DA1BB13F
:1055080002214046FEF762FB154CFEF7D1F8002752
:105518000123A370676284F82870FDF72BFF002829
:10552800BBD128700427B8E71BB140460421FEF719
:105538004DFB0423A3630D4B002201241C702A7029
:10554800FEF7B6F83B781BB9094B02221A703C707B
:10555800034C0327A1E700BFEA0B0020E40B00205F
:10556800F00B0020980B0020EB0B0020E80B00202C
:10557800EC0B00202DE9F84304460D4690461F46E3
:10558800EFF3108672B6BFF35F8FFAF7D9FF24499D
:10559800097819B1234B1B68A34206D00020BFF33A
:1055A8005F8F86F31088BDE8F8831F4C94F83D3070
:1055B800002BF3D0A369AB42F0D194F83C30002B18
:1055C800ECD11A4B93F82830002BE7D1184B1B78F5
:1055D800002BE3D1A36B013B012BDFD8154B814690
:1055E800D3E900234046394601F084FB0028D5D092
:1055F800089BA9EB03001428D0D80F4AE36A08993E
:10560800926CCB1A9342C9DBFDF7B4FE0028C5D0D3
:10561800FEF708FF0028C1D0002384F83D30BEE71C
:10562800EA0B0020E40B0020980B0020F00B002070
:10563800EB0B0020D80B00206CB70008D0ED027AE5
:105648009FEDE37AF0EEE76AF4EE476AF1EE10FABE
:1056580000F28782F5EEC07AF1EE10FA00F181824D
:10566800DFEDDC6AF4EEE67AF1EE10FA00F3798207
:10567800D0ED037AF0EEE76AF4EE476AF1EE10FA3D
:1056880000F26F82DFEDD46AF4EEE67AF1EE10FAFA
:1056980000F16782F7EE006AF4EEE67AF1EE10FAAE
:1056A80000F35F82D0ED047AF0EEE76AF4EE476A21
:1056B800F1EE10FA00F25582DFEDC86AF4EEE67AF0
:1056C800F1EE10FA00F14D82DFEDC56AF4EEE67AEC
:1056D800F1EE10FA00F34582D0ED057AF0EEE76AB4
:1056E800F4EE476AF1EE10FA00F23B829FEDBB7AC6
:1056F800F4EEC77AF1EE10FA00F133829FEDB97A31
:10570800F4EEC77AF1EE10FA00F32B82D0ED067AA8
:105718009FEDAF7AF0EEE76AF4EE476AF1EE10FA21
:1057280000F21F82F7EE006AF4EEE67AF1EE10FA64
:1057380000F117829FEDAC6AF4EEC67AF1EE10FA2A
:1057480000F30F82D0ED077AB0EEE76AB4EE476A4D
:10575800F1EE10FA00F20582F5EEC07AF1EE10FAD9
:1057680000F1FF819FEDA16AF4EEC67AF1EE10FA1E
:1057780000F3F781D0ED087AB0EEE76AB4EE476A35
:10578800F1EE10FA00F2ED81F4EEE67AF1EE10FA9D
:1057980000F1E781DFED8F6AF4EEE67AF1EE10FAB8
:1057A80000F3DF81D0ED095AF0EEE57AF4EE477A9E
:1057B800F1EE10FA00F2D581DFED8D7AF4EEE75ABA
:1057C800F1EE10FA00F1CD81F5EEC05AF1EE10FAC3
:1057D80000F3C78190ED0A6AF0EEC67AF4EE477AD4
:1057E800F1EE10FA00F2BD81B5EEC06AF1EE10FAE2
:1057F80000F1B781DFED7F7AB4EEE76AF1EE10FAD7
:1058080000F3AF81D0ED0B7AB0EEE75AB4EE475A09
:10581800F1EE10FA00F2A5819FED777AF4EEC77ADF
:10582800F1EE10FA00F19D81F4EEE67AF1EE10FA4D
:1058380000F39781D0ED0C6A9FED657AB0EEE65AD9
:10584800B4EE475AF1EE10FA00F28B81F5EEC06A19
:10585800F1EE10FA00F18581B7EE005AF4EEC56A50
:10586800F1EE10FA00F37D8108B52DED0A8B90ED6D
:105878000DBAF0EECB6AF4EE476AF1EE10FA00F2D8
:105888006C81B4EEC5BAF1EE10FA00F16681DFED75
:105898005B6AB4EEE6BAF1EE10FA00F35E81D0ED81
:1058A8000E8AF0EEE86AF4EE476AF1EE10FA00F2BA
:1058B8005481F0EE006AF4EEE68AF1EE10FA00F197
:1058C8004C81DFED4F6AF4EEE68AF1EE10FA00F350
:1058D8004481D0ED0FAAF0EEEA6AF4EE476AF1EEE1
:1058E80010FA00F23A81F4EEC5AAF1EE10FA00F1CE
:1058F8003481B3EE047AF4EEC7AAF1EE10FA00F39D
:105908002C8190ED109A9FED325AF0EEC96AF4EEB0
:10591800456AF1EE10FA00F22081F0EE086AB4EE62
:10592800E69AF1EE10FA00F11881DFED366AB4EE6E
:10593800E69AF1EE10FA00F31081D0ED116AF0EE5C
:10594800E64AF4EE454AF1EE10FA00F20681DFED80
:10595800234AF4EEE46AF1EE10FA00F1FE80F4EE68
:10596800C76AF1EE10FA00F3F88090ED127AF0EEC3
:10597800C74AF4EE454AF1EE10FA00F2EE809FEDC8
:10598800225AB4EEC57AF1EE10FA00F1E6809FEDE6
:105998001F5AB4EEC57AF1EE10FA00F3DE8090EDEE
:1059A800138ADFED0B4AB0EEC85AB4EE645AF1EE32
:1059B80010FA00F2D280B5EEC08AF1EE10FA00F1CA
:1059C800CC809FED135AB4EEC58AF1EE10FA2BE0A5
:1059D800FFFF7F7F0000C8426F12833ACDCCCC3DD9
:1059E8000000484300007A440050C34700C0DA452D
:1059F80000409CC500409C450AD7233C0000484213
:105A08000000FA4200000243CDCC4C3E0000204288
:105A180000606A4700808943FFFF7F7F0000C8421B
:105A28000060EA466F12833A00F3978090ED14AA5B
:105A3800B0EECA5AB4EE645AF1EE10FA00F28D8054
:105A48001FED0A5AB4EEC5AAF1EE10FA00F18580EE
:105A58001FED0D5AB4EEC5AAF1EE10FA7DDC90EDFB
:105A6800155AB0EEC54AB4EE644AF1EE10FA74D88D
:105A7800F7EE004AB4EEE45AF1EE10FA6DD45FED99
:105A88001B4AB4EEE45AF1EE10FA66DCD0ED169A31
:105A98001FED1F5AF0EEE94AF4EE454AF1EE10FA0E
:105AA8005BD81FED224AF4EEC49AF1EE10FA54D4F2
:105AB8005FED254AF4EEE49AF1EE10FA4DDCD0EDF4
:105AC80017BAF0EEEB3AF4EE453AF1EE10FA44D894
:105AD800F0EE003AF4EEE3BAF1EE10FA3DD4F4EE4B
:105AE800C4BAF1EE10FA38DC90ED18CAB0EECC4A20
:105AF800B4EE454AF1EE10FA2FD8B5EEC0CAF1EE71
:105B080010FA2AD4B4EEE4CAF1EE10FA25DCF4EE69
:105B1800C65AF1EE10FA20D5F4EEC76AF1EE10FA83
:105B28001BD5B4EEE8BAF1EE10FA16D5F4EEC98A30
:105B3800F1EE10FA11D5F4EEC9AAF1EE10FA0CD56F
:105B480067EEA87A5FED496A67EEA67AB7EE007A43
:105B5800F4EEC77AF1EE10FA05D90020BDEC0A8BF5
:105B680008BD00207047B5EE408AF1EE10FA09D062
:105B7800B4EECA8AF1EE10FAEFDBB4EEE98AF1EE80
:105B880010FAEADBB0EE4B0A05F042FAB4EE40BA7E
:105B9800F1EE10FAE1D1B0EE680A05F039FAF4EE48
:105BA800408AF1EE10FAD8D1B0EE6A0A05F030FA60
:105BB800F4EE40AAF1EE10FACFD1B0EE490A05F0A2
:105BC80027FAB4EE409AF1EE10FAC6D1B0EE480AC0
:105BD80005F01EFAB4EE408AF1EE10FABDD1B0EE2F
:105BE8004A0A05F015FAB4EE40AAF1EE10FAB4D15B
:105BF800B0EE4C0A05F00CFAB4EE40CAF1EE10FA19
:105C0800ABD1B0EE690A05F003FAF4EE409AF1EE72
:105C180010FAA2D1B0EE6B0A05F0FAF9F4EE40BA28
:105C2800F1EE10FA0CBF0120002097E70346002888
:105C380000F0B78110B4BF4CD0F800C0BE480021B6
:105C48002CFA01F2D2B208314240202904FB02F0BA
:105C5800F6D1D3F804C0B74C00212CFA01F2D2B225
:105C680008314240202904FB02F0F6D1D3F808C0DD
:105C7800B04C00212CFA01F2D2B20831424020295E
:105C880004FB02F0F6D1D3F80CC0AA4C00212CFA80
:105C980001F2D2B208314240202904FB02F0F6D1C9
:105CA800D3F810C0A34C00212CFA01F2D2B208316B
:105CB8004240202904FB02F0F6D1D3F814C09D4CD1
:105CC80000212CFA01F2D2B208314240202904FB0B
:105CD80002F0F6D1D3F818C0964C00212CFA01F244
:105CE800D2B208314240202904FB02F0F6D1D3F8A1
:105CF8001CC0904C00212CFA01F2D2B2083142406B
:105D0800202904FB02F0F6D1D3F820C0894C0021E9
:105D18002CFA01F2D2B208314240202904FB02F0E9
:105D2800F6D1D3F824C0834C00212CFA01F2D2B268
:105D380008314240202904FB02F0F6D1D3F828C0EC
:105D48007C4C00212CFA01F2D2B2083142402029C1
:105D580004FB02F0F6D1D3F82CC0764C00212CFAC3
:105D680001F2D2B208314240202904FB02F0F6D1F8
:105D7800D3F830C06F4C00212CFA01F2D2B20831AE
:105D88004240202904FB02F0F6D1D3F834C0694C14
:105D980000212CFA01F2D2B208314240202904FB3A
:105DA80002F0F6D1D3F838C0624C00212CFA01F287
:105DB800D2B208314240202904FB02F0F6D1D3F8D0
:105DC8003CC05C4C00212CFA01F2D2B208314240AE
:105DD800202904FB02F0F6D1D3F840C0554C00212D
:105DE8002CFA01F2D2B208314240202904FB02F019
:105DF800F6D1D3F844C04F4C00212CFA01F2D2B2AC
:105E080008314240202904FB02F0F6D1D3F848C0FB
:105E1800484C00212CFA01F2D2B208314240202924
:105E280004FB02F0F6D1D3F84CC0424C00212CFA06
:105E380001F2D2B208314240202904FB02F0F6D127
:105E4800D3F850C03B4C00212CFA01F2D2B20831F1
:105E58004240202904FB02F0F6D1D3F854C0354C57
:105E680000212CFA01F2D2B208314240202904FB69
:105E780002F0F6D1D3F858C02E4C00212CFA01F2CA
:105E8800D2B208314240202904FB02F0F6D1D3F8FF
:105E98005CC0284C00212CFA01F2D2B208314240F1
:105EA800202904FB02F0F6D1D3F860C0214C002170
:105EB8002CFA01F2D2B208314240202904FB02F048
:105EC800F6D1D3F864C01B4C00212CFA01F2D2B2EF
:105ED80008314240202904FB02F0F6D1D3F868C00B
:105EE800144C00212CFA01F2D2B208314240202988
:105EF80004FB02F0F6D1D3F86CC00E4C00212CFA4A
:105F080001F2D2B208314240202904FB02F0F6D156
:105F1800D3F870C0074C00212CFA01F2D2B2083134
:105F28004240202904FB02F0F6D1D3F874C0014C9A
:105F3800002103E093010001C59D1C812CFA01F2A8
:105F4800D2B208314240202904FB02F0F6D1D3F83E
:105F580078C0144C00212CFA01F2D2B20831424028
:105F6800202904FB02F0F6D1D3F87CC00D4C0021A7
:105F78002CFA01F2D2B208314240202904FB02F087
:105F8800F6D1D3F880C0074900222CFA02F3DBB21D
:105F980008324340202A01FB03F0F6D15DF8044B98
:105FA80070477047930100019FED077AF6EE007A7B
:105FB800E0EE077A08B5B0EE670A05F029F8FDEEBD
:105FC800C07A17EE900A08BD0000704378B3D0ED90
:105FD800017AF5EE407AF1EE10FA26D1D0ED027A88
:105FE800F5EE407AF1EE10FA1FD108B52DED028BCF
:105FF80090ED008ADFED147AB0EEC87AB4EE677AD5
:10600800F1EE10FA0DD8F7EE007AB4EEE78AF1EE69
:1060180010FA06DBDFED0D7AB4EEE78AF1EE10FA3E
:1060280006D90020BDEC028B08BD002070477047E0
:10603800B0EE480A04F0ECFFB4EE408AF1EE10FA34
:106048000CBF01200020EDE7FFFF7F7F00803B456C
:1060580010B485B00168426883680D4C0D48019101
:10606800029203930DF1040C5CF8041B002321FA3F
:1060780003F2D2B208335040202B04FB00F0F6D1D3
:1060880004AB6345F0D105B05DF8044B704700BF21
:1060980093010001C59D1C81002800F0ED8390ED5F
:1060A800007ADFEDE87AF0EEC76AF4EE676AF1EE9F
:1060B80010FA00F2E18330B52DED108B90ED01BAA6
:1060C800B0EECB6AB4EE676AF1EE10FAB5B000F242
:1060D800CE8390ED026AF0EEC65AF4EE675AF1EEFE
:1060E80010FA00F2C48390ED03DAB0EECD5AB4EEA4
:1060F800675AF1EE10FA00F2BA83D0ED04FAF0EE26
:10610800EF4AF4EE674AF1EE10FA00F2B08390ED30
:1061180005FAB0EECF4AB4EE674AF1EE10FA00F293
:10612800A683D0ED06EAF0EEEE3AF4EE673AF1EE29
:1061380010FA00F29C83D0ED07CAB0EEEC3AB4EE48
:10614800673AF1EE10FA00F29283D0ED08DAF0EE39
:10615800ED2AF4EE672AF1EE10FA00F2888390ED4A
:1061680009AAB0EECA2AB4EE672AF1EE10FA00F2D4
:106178007E8390ED0AEAF0EECE1AF4EE671AF1EE9D
:1061880010FA00F27483D0ED0BAAB0EEEA1AB4EE5E
:10619800671AF1EE10FA00F26A8390ED0CCAF0EE7D
:1061A800CC0AF4EE670AF1EE10FA00F2608390ED83
:1061B8000D8AF0EEC80AF4EE670AF1EE10FA00F262
:1061C8005683D0ED0E6AF0EEE60AF4EE670AF1EEB9
:1061D80010FACDED046A00F24A8390ED0F9AF0EEC2
:1061E800C90AF4EE670AF1EE10FA00F24083D0ED26
:1061F800108AF0EEE80AF4EE670AF1EE10FA00F2FF
:106208003683D0ED116AF0EEE60AF4EE670AF1EE95
:1062180010FACDED036A00F22A83D0ED126AF0EE8F
:10622800E60AF4EE670AF1EE10FACDED056A00F21F
:106238001E83D0ED13BAB0EEEB0AB4EE670AF1EEA6
:1062480010FA00F21483D0ED146AB0EEE60AB4EE48
:10625800670AF1EE10FACDED066A00F20883D0ED78
:10626800156AB0EEE60AB4EE670AF1EE10FACDED63
:10627800076A00F2FC82D0ED166AB0EEE60AB4EEC8
:10628800670AF1EE10FACDED086A00F2F082D0ED5F
:10629800176AB0EEE60AB4EE670AF1EE10FACDED31
:1062A8000C6A00F2E482D0ED186AB0EEE60AB4EEA9
:1062B800670AF1EE10FACDED0D6A00F2D882D0ED42
:1062C800196AB0EEE60AB4EE670AF1EE10FACDEDFF
:1062D8000E6A00F2CC82D0ED1A6AB0EEE60AB4EE8D
:1062E800670AF1EE10FACDED096A00F2C082D0ED2E
:1062F8001B9AB0EEE90AB4EE670AF1EE10FA00F262
:10630800B682D0ED1C6AB0EEE60AB4EE670AF1EE8A
:1063180010FACDED006A00F2AA82D0ED1D7AF0EEF7
:10632800676ACDED017ADFED477AB0EEE60AB4EEA2
:10633800670AF1EE10FA00F29A82D0ED1E6AB0EE0A
:10634800E60AB4EE670AF1EE10FACDED026A00F241
:106358008E82D0ED1F6AB0EEE60AB4EE670AF1EE5F
:1063680010FACDED0A6A00F28282D0ED206AB0EE12
:10637800E60AB4EE670AF1EE10FACDED0B6A00F208
:106388007682F0EE007AB4EE67BAF1EE10FA00F019
:10639800CA82F7EE007AB4EEE77AF1EE10FA8DEDE4
:1063A800116ACDED107A00F162829FED270AB4EEF2
:1063B800C07AF1EE10FA00F35A82B0EE470A8DED7A
:1063C8000F7A04F025FE9DED0F7AB4EE407AF1EED7
:1063D80010FA40F04C82B5EE40BAF1EE10FA9DED9D
:1063E800116A07D0DDED107AB4EE67BAF1EE10FA53
:1063F80040F03D82B5EEC06AF1EE10FA00F1378246
:10640800F2EE0E7AB4EEE76AF1EE10FA00F32F829C
:10641800B0EE460A8DED0F6A04F0FAFD9DED0F6AA5
:10642800B4EE406AF1EE10FA40F02182B5EEC0DA1F
:10643800F1EE10FA00F11B82DFED037AF4EEE7FAD1
:106448000EE000BFFFFF7F7F00FF7F470050C3477C
:10645800000016450000C8420000164600606A4762
:10646800F1EE10FA00F30382B4EEEFDAF1EE10FA6F
:1064780080F2FD81B0EE4D0A04F0CAFDB4EE40DAB8
:10648800F1EE10FA40F0F381B0EE6F0A04F0C0FDAF
:10649800F4EE40FAF1EE10FA40F0E981B5EEC0FAF8
:1064A800F1EE10FA40F2E381B5EEC0AAF1EE10FA6F
:1064B80040F2DD81B4EECEAAF1EE10FA80F2D78177
:1064C8005FED1E7AB4EEE7EAF1EE10FA00F3CF8141
:1064D800B5EEC0CAF1EE10FA00F1C981B4EECCAA4B
:1064E800F1EE10FA40F2C381F7EE007AB4EEE78AD3
:1064F800F1EE10FA00F1BB811FED2B7AB4EEC78ADA
:10650800F1EE10FA00F3B3819DED047AB4EEE77A68
:10651800F1EE10FA00F1AB815FED327AB4EEE77A72
:10652800F1EE10FA00F3A381B5EEC09AF1EE10FA7D
:1065380000F19D815FED387AB4EEE79AF1EE10FA3A
:1065480000F39581F5EEC08AF1EE10FA00F18F8123
:10655800DDED037AF5EEC07AF1EE10FA00F18781ED
:10656800DDED057AF5EEC07AF1EE10FA00F17F81E3
:106578009DED097AB5EE407AF1EE10FA07D0F7EE04
:10658800007AB4EE677AF1EE10FA40F07081F5EE19
:10659800C09AF1EE10FA00F16A81F0EE007AF4EE9A
:1065A800E79AF1EE10FA00F36281B0EE690A04F09E
:1065B8002FFDF4EE409AF1EE10FA40F05881DDED2F
:1065C800007AF5EEC07AF1EE10FA00F15081DDEDB7
:1065D800017AF5EEC07AF1EE10FA00F148819DEDEE
:1065E800027AB5EEC07AF1EE10FA00F140815FED63
:1065F800657AB4EEE77AF1EE10FA00F33881DDED52
:106608000A7AF5EEC07AF1EE10FA00F13081DDED8C
:106618000B7AF5EEC07AF1EE10FA00F12881DDED83
:10662800097AF5EE407AF1EE10FAF5EE409A00F0AC
:106638002581F1EE10FA00F01A81B5EEC09AF1EE5C
:1066480010FA43DDF1EE007AF4EEE78AF1EE10FA83
:1066580000F10D81DDED007AB7EE007AF4EEC77A2D
:10666800F1EE10FA00F10381DDED016AF4EEE67A4D
:10667800F1EE10FA80F2FB80F0EE007A78EEE77A1D
:10668800F4EEE76AF1EE10FA00F3F180DDED027A3C
:10669800F4EEC77AF1EE10FA00F1E980DDED057A43
:1066A800F5EEC07AF1EE10FA40F2E180DDED0A7AFB
:1066B800F5EEC07AF1EE10FA40F2D9809DED0B7A32
:1066C800F4EEC77AF1EE10FA80F2D180F7EE007A94
:1066D800F4EEE7BAF1EE10FA00F1C9801FEDA17AE5
:1066E800F4EEC7BAF1EE10FA00F3C180DDED066AE8
:1066F800F4EEE6BAF1EE10FA00F3B980F4EEC76AE8
:10670800F1EE10FA00F3B3809DED077AB4EEE77A64
:10671800F1EE10FA00F1AB80F4EEC7BAF1EE10FA20
:1067280000F1A5809DED086AB4EEE76AF1EE10FA73
:1067380000F19D80F4EEC6BAF1EE10FA00F19780F0
:10674800DDED0C5AF4EEE75AF1EE10FA00F18F8005
:106758009DED0E5AF4EEC55AF1EE10FA00F387805B
:10676800DDED0D7AF5EEC07AF1EE10FA7FD9F4EE90
:10677800C56AF1EE10FA7AD4F4EEEB8AF1EE10FA6B
:1067880075DC5FEDCA7ADDED034AF4EEE74AF1EE17
:1067980010FA6CDCF4EEE48AF1EE10FA67DCDDED59
:1067A800007ACDED13BACDED1B7ADDED017ACDED92
:1067B800146ACDED1C7ADDED027A8DED157A8DED3A
:1067C800166ACDED175A8DED185ACDED198ACDED13
:1067D8001A4ACDED1D7A13AD0B24B5EC018AB0EE43
:1067E800480A04F015FCB4EE408AF1EE10FA3ED1E6
:1067F800013CF2D1B5EE40BAF1EE10FA00F0C580D6
:10680800B4EEEAEAF1EE10FA2FD5DFED6A7AF4EE8B
:10681800E7AAF1EE10FA28D8F5EEC0CAF1EE10FAA0
:1068280023DBF4EECACAF1EE10FA1ED5F4EECEDA86
:10683800F1EE10FA19DBF4EEE7DAF1EE10FA14D8FB
:10684800F0EE6E7AEDEE0F7AF4EEE7CAF1EE10FA9A
:10685800C0F2AD80B0EE6E4AAFEE8F4AB4EEC4EA35
:10686800F1EE10FA94BF01240024204600E0002035
:1068780035B0BDEC108B30BD00207047F1EE10FA3A
:10688800F5D1B5EE40BAF1EE10FAF0D1F7EE007A94
:10689800B4EE67FAF1EE10FAE9D1F5EE40EAF1EE5E
:1068A80010FAE4D1B4EEC98AF1EE10FADFD5F5EEAC
:1068B80040BAF1EE10FADAD1DDED067AF5EE407A5B
:1068C800F1EE10FAD3D1DDED077AF5EE407AF1EE6C
:1068D80010FACCD1DDED087AF5EE407AF1EE10FA37
:1068E800C5D1F5EE408AF1EE10FAC0D1DDED037A9C
:1068F800F5EE407AF1EE10FAB9D1DDED007AF5EE59
:10690800407AF1EE10FAB2D1DDED017AF5EE407A77
:10691800F1EE10FAABD1B5EE407AF1EE10FA0CBFF9
:1069280001200020A4E70146842213A804F0D0FA2D
:10693800B5EE409A0023F1EE10FA2293209322D16B
:10694800B5EE408AF1EE10FA1DD11B49842213A836
:1069580004F068FA0446B0B9B0EE480A04F058FBEF
:10696800B4EE408AF1EE10FA0AD1B0EE490A04F00A
:106978004FFBB4EE409AF1EE10FA0CBF012400244C
:1069880004F0010074E70024FAE7F5EE40EAF7EEB8
:10699800007AF1EE10FAB4EE67FA0CBF012000207D
:1069A800F1EE10FA00F0010018BF002060E70024A3
:1069B80020465DE70050C34784B60008002800F071
:1069C800A58038B5D0ED027A2DED048BDFED568A1F
:1069D800B0EEE77AB4EE687AF1EE10FA05463DD8E3
:1069E800F5EEC07AF1EE10FA38D4B2EE0E7AF4EE83
:1069F800C77AF1EE10FA31DC90ED019AB0EE007A28
:106A0800B4EE479AF1EE10FAB0EE408A0C4629D15E
:106A1800FFF742FB10B3002C74D0F0EEC87AF4EE06
:106A2800687AF1EE10FA6FD8F7EE007AB4EEE78ADA
:106A3800F1EE10FA68DBDFED3D7AB4EEE78AF1EEAD
:106A480010FA61D8B0EE480A04F0E2FAB4EE480A47
:106A5800F1EE10FA0CBF0020062000E00120BDEC8A
:106A6800048B38BD91BBB7EE007AB4EE479AF1EECD
:106A780010FA2BD0FFF710FB0028EFD0DFED2A7AB1
:106A8800B0EEC87AB4EE677AF1EE10FA3CD8B5EEFB
:106A9800C08AF1EE10FA37D9D5ED097AF4EEC87A42
:106AA800F1EE10FA30D4002C3AD0D5ED077AF4EE96
:106AB800C87AF1EE10FA35DCD5ED087AF4EEC87A2A
:106AC800F1EE10FA4CBF07200020C8E7FCEEE77A89
:106AD80017EE903AD8071DD599071DD55A0717D52F
:106AE8001B071BD52846FFF7D7FA0028B6D0F7EEC4
:106AF800007AB4EE679AF1EE10FA0CBF0123002376
:106B0800A342BBD00A20AAE70620A8E701207047C5
:106B18000420A4E70220A2E70320A0E705209EE7BF
:106B280020469CE707209AE7FFFF7F7F00803B45D0
:106B3800F8B50D4617461E460446A0B190ED017AF9
:106B4800F0EE007AB4EE677AF1EE10FA0BD143B1A9
:106B5800FFF7A2FA30B140F6B8339D4201D8BD42E2
:106B68005FD00020F8BD002EFBD02046FFF794FA36
:106B78000028F7D007EE905A94ED037AF8EE677A7A
:106B8800F4EEC77AF1EE10FAEBD494ED047AF4EE51
:106B9800C77AF1EE10FAE4DAD4ED016AB7EE007ABA
:106BA800F4EE476AF1EE10FA36D1D4ED056A94EDA9
:106BB800067AA7EEA67ADFED1E6A86ED007AF0EE79
:106BC800C77AF4EE667AF1EE10FACAD8B5EEC07A52
:106BD800F1EE10FAC5DBD4ED0A7AF4EEC77AF1EEDD
:106BE80010FABEDDD4ED016AF7EE007AF4EE676ABA
:106BF800F1EE10FAB6D1D4ED077AF4EEC77AF1EED9
:106C080010FAAED8D4ED087AF4EEC77AF1EE10FA9D
:106C1800ACBF01200020F8BD07EE907AB8EEE77A05
:106C2800C9E707EE905AF8EEE77AC6ED007AF8BDA4
:106C3800FFFF7F7F10B50446FFF72EFA44B194EDAD
:106C4800017AF0EE007AB4EE677AF1EE10FA40D0ED
:106C580000283DD0D4ED1A7AF5EE407AF1EE10FA1C
:106C680043D0D4ED017AF5EE407AF1EE10FA08D06F
:106C780094ED027AF2EE0E7AB4EE677AF1EE10FA3B
:106C880033D1D4ED0F7A94ED0D7AF4EEC77AF1EEA4
:106C980010FA2ADD9FED167AF4EEC77AF1EE10FAB3
:106CA80023D8D4ED107AF5EEC07AF1EE10FA1CDD97
:106CB80094ED117AF4EEC77AF1EE10FA15D8D4ED06
:106CC800127AF5EEC07AF1EE10FACCBF012000205E
:106CD80010BD0028FCD0D4ED0F7AF5EEC07AF1EEA5
:106CE80010FACCBF0120002010BD002010BD00BF4D
:106CF80000C0DA45801A61EB0301012871F1000137
:106D0800ACBF01200020704758B3D0ED007A9FED4A
:106D1800167AF0EEE76AF4EE476AF1EE10FA20D838
:106D2800F5EEC07AF1EE10FA1BD4DFED106AF4EE3E
:106D3800E67AF1EE10FA14DCD0ED017AB0EEE76AEB
:106D4800B4EE476AF1EE10FA0BD8F5EEC07AF1EE20
:106D580010FA06D4F4EEE67AF1EE10FA01DCFEF74A
:106D68006DBC0020704700BFFFFF7F7F00007A44A2
:106D780030B50D469BB0044648B141B190ED017A5B
:106D8800F0EE007AB4EE677AF1EE10FA1DD02046E4
:106D9800FFF782F9B8B12846FFF7B6FF98B195ED2D
:106DA800077AD4ED0D7AB4EEE77AF1EE10FA2ED820
:106DB80095ED087AD4ED0E7AB4EEE77AF1EE10FA92
:106DC80094BF012000201BB030BD642201A804F04C
:106DD8007FF8002320460893FFF75EF90028F2D0D9
:106DE8002846FFF791FF0028EDD00A49642201A840
:106DF80004F018F858B995ED077AD4ED0D7AB4EE89
:106E0800677AF1EE10FA0CBF01200020DBE70020C2
:106E18001BB030BD08B7000870B52DED048B0E46C9
:106E280082B0B0EE408AF0EE608A1546044638B16A
:106E3800D0ED1A7AF5EE407AF1EE10FA00F0908073
:106E4800002D00F0888031462046FFF791FF00288A
:106E580000F08180DFED577AB0EEC87AB4EE677A39
:106E6800F1EE10FA77D89FED549AB4EEC98AF1EE94
:106E780010FA70D4D4ED0A7AF4EEC87AF1EE10FA6A
:106E88005DD9D4ED017AF5EE407AF1EE10FA14BF2F
:106E980001210021B0EE680A2046FFF78FFD002887
:106EA8005AD178EEC80AF1EE087AF0EEE00A60EE00
:106EB800A77A96ED056A87EE867AF7EE086A60EE9D
:106EC800A68AD6ED047AB5EE407AF1EE10FAC8EE4D
:106ED800A70A65D4B1EEC70A04F02AF885ED000ABE
:106EE80094ED017AF0EE007AB4EE677AF1EE10FADA
:106EF800B0EE408A52D0D6ED130A94ED140A04F08D
:106F08003FF8F0EE400A94ED130A04F039F89FEDCB
:106F18002B7AD6ED187A28EE078A78EE277AF4EEDF
:106F2800C07AF1EE10FA37DCD4ED167AB4EEE78ABF
:106F3800F1EE10FACCBF01200020C0000CE09FED5C
:106F4800200AB4EE408AF1EE10FA04D1F4EE408A39
:106F5800F1EE10FA09D0012002B0BDEC048B70BD2F
:106F68000B2002B0BDEC048B70BDD4ED017AF5EEB8
:106F7800407AF1EE10FA14BF012100212046FFF7F4
:106F88001DFD0028E8D196ED047AD6ED057AC9EE04
:106F9800070A89EE277A9DE70820DDE70020DBE76E
:106FA800B0EE470ACDED010A03F0A0FFDDED010ABE
:106FB80092E700BFFFFF7F7F0000000000007A44D7
:106FC80000803B4510B40346A44CA548D3F800C044
:106FD80000212CFA01F2D2B208314240202904FBE8
:106FE80002F0F6D1D3F804C09C4C00212CFA01F22F
:106FF800D2B208314240202904FB02F0F6D1D3F87E
:1070080008C0964C00212CFA01F2D2B20831424055
:10701800202904FB02F0F6D1D3F80CC08F4C0021D4
:107028002CFA01F2D2B208314240202904FB02F0C6
:10703800F6D1D3F810C0894C00212CFA01F2D2B253
:1070480008314240202904FB02F0F6D1D3F814C0DD
:10705800824C00212CFA01F2D2B208314240202998
:1070680004FB02F0F6D1D3F818C07C4C00212CFAAE
:1070780001F2D2B208314240202904FB02F0F6D1D5
:10708800D3F81CC0754C00212CFA01F2D2B2083199
:107098004240202904FB02F0F6D1D3F820C06F4CFF
:1070A80000212CFA01F2D2B208314240202904FB17
:1070B80002F0F6D1D3F824C0684C00212CFA01F272
:1070C800D2B208314240202904FB02F0F6D1D3F8AD
:1070D80028C0624C00212CFA01F2D2B20831424099
:1070E800202904FB02F0F6D1D3F82CC05B4C002118
:1070F8002CFA01F2D2B208314240202904FB02F0F6
:10710800F6D1D3F830C0554C00212CFA01F2D2B296
:1071180008314240202904FB02F0F6D1D3F834C0EC
:107128004E4C00212CFA01F2D2B2083142402029FB
:1071380004FB02F0F6D1D3F838C0484C00212CFAF1
:1071480001F2D2B208314240202904FB02F0F6D104
:10715800D3F83CC0414C00212CFA01F2D2B20831DC
:107168004240202904FB02F0F6D1D3F840C03B4C42
:1071780000212CFA01F2D2B208314240202904FB46
:1071880002F0F6D1D3F844C0344C00212CFA01F2B5
:10719800D2B208314240202904FB02F0F6D1D3F8DC
:1071A80048C02E4C00212CFA01F2D2B208314240DC
:1071B800202904FB02F0F6D1D3F84CC0274C00215B
:1071C8002CFA01F2D2B208314240202904FB02F025
:1071D800F6D1D3F850C0214C00212CFA01F2D2B2DA
:1071E80008314240202904FB02F0F6D1D3F854C0FC
:1071F8001A4C00212CFA01F2D2B20831424020295F
:1072080004FB02F0F6D1D3F858C0144C00212CFA34
:1072180001F2D2B208314240202904FB02F0F6D133
:10722800D3F85CC00D4C00212CFA01F2D2B208311F
:107238004240202904FB02F0F6D1D3F860C0074988
:1072480000222CFA02F3DBB208324340202A01FB69
:1072580003F0F6D15DF8044B704700BF93010001BD
:10726800C59D1C8170B52DED028B82B0CDED010A54
:107278000546002859D00C46002956D0D1ED007A91
:10728800DFED498AB0EEE77AB4EE687AF1EE10FAEB
:107298004BD8F5EEC07AF1EE10FA46D49FED437A5A
:1072A800F4EEC77AF1EE10FA3FDCD1ED017AF0EE98
:1072B800E76AF4EE686AF1EE10FA36D8F5EEC07AAD
:1072C800F1EE10FA31D4F4EEC77AF1EE10FA2CDCB4
:1072D8000846B0EE408AFEF7B1F9064630B3F0EE44
:1072E800C87AF4EE687AF1EE10FA1ED8B5EEC08AC4
:1072F800F1EE10FA19D4DFED2E7AB4EEE78AF1EE4A
:1073080010FA12DCDDED010AF0EEE06AF4EE686ACC
:10731800F1EE10FA09D8F5EEC00AF1EE10FA04D928
:10732800F4EEE70AF1EE10FA05DD0026304602B069
:10733800BDEC028B70BD28220021281D03F09BFDA7
:10734800DDED010AD4ED056A70EEC87AB1EE087A6F
:10735800F0EEE77A27EE877AB7EE086A87EE260A14
:1073680067EE867A94ED047A85ED058AB5EE400AD3
:10737800F1EE10FA85ED028A85ED008AC5ED060A60
:1073880087EE878A0BD4F1EEC00AB0EE480A03F004
:10739800CFFD012385ED070A85F82830C6E703F0FD
:1073A800A5FDF0EE400AF0E7FFFF7F7F00007A447A
:1073B8000050C34770B504462DED048B002800F03B
:1073C8009A811546002A00F0968190F82800002836
:1073D80000F08E810846F0EE408AB0EE608A0E46D4
:1073E800FFF792FC002800F08381DFEDCB7AB0EE46
:1073F800E87AB4EE677AF1EE10FA00F27C81F5EEE5
:10740800C08AF1EE10FA00F176819FEDC47AF4EEAD
:10741800C78AF1EE10FA00F36E81B0EEC87AB4EEC6
:10742800677AF1EE10FA00F26681D6ED0D7A9FEDDB
:10743800BC7A67EE877AF4EEC87AF1EE10FA00F3B8
:107448005A81D6ED0E7A67EE877AF4EEC87AF1EEB5
:1074580010FA00F15081D4ED007A9FEDAF7AF0EE8A
:10746800E77AF4EE477AF1EE10FA00F24481D4EDAF
:10747800027AF0EEE77AF4EE477AF1EE10FA00F2CB
:107488003A81D4ED037AF0EEE77AF4EE477AF1EE3A
:1074980010FA00F23081D4ED047AF0EEE77AF4EED7
:1074A800477AF1EE10FA00F22681D4ED087AF0EE70
:1074B800E77AF4EE477AF1EE10FA00F21C81D4ED87
:1074C800077AF0EEE77AF4EE477AF1EE10FA00F276
:1074D8001281D4ED097AF0EEE77AF4EE477AF1EE0C
:1074E80010FA00F20881D4ED057AF0EEE77AF4EEAE
:1074F800477AF1EE10FA00F2FE80D4ED067AF0EE4B
:10750800E77AF4EE477AF1EE10FA00F2F4803022CE
:107518000021281D03F0AFFC94ED079A94ED080AAA
:1075280085ED008A38EE000AF0EE490A03F028FDDE
:1075380094ED057AD4ED067A84ED080AB5EEC09A82
:10754800F1EE10FA77EEC77A40F3E08080EE096A30
:10755800F1EE086A67EEA66AF7EE005A75EEC65AAB
:1075680066EE866AF0EE004A66EEA56AB0EE085A44
:10757800C6EE895AA6EE645A66EE277A67EE867AD0
:10758800A7EE857AD6ED0C7A96ED036AD4ED026AF9
:10759800D4ED039A96ED014AD6ED080A78EE277ADB
:1075A80038EE066A88EE275A38EEE60AC8EE063A3A
:1075B800B0EE666AA5EE006AD6ED007A84ED007A30
:1075C80076EE666AC4ED015A86EE885A84ED026A40
:1075D80075EE696A77EE464AE3EEA69AB5EE404A3A
:1075E800C4ED039A85ED017A96ED027AC5ED025A4B
:1075F800F1EE10FA14BFD4ED046ADFED4A6A85EDA6
:10760800036AB5EE407A64EEA77AF1EE10FA14BF79
:1076180027EE697A9FED437AC5ED057A77EEA68A5B
:10762800DFED407AC5ED066A78EE878A85ED077A40
:1076380078EEA78AC5ED087AC5ED044AF1EE600A2E
:10764800B0EE680AC5ED098A03F072FCF0EE400A54
:1076580096ED070A03F094FCD4ED097A9FED317A90
:1076680067EE806AF4EE408AF1EE10FAB0EE409AC6
:1076780018BF0123F4EEC76A96ED060A18BF2B63FC
:10768800F1EE10FAB4EEC79AD8BFF0EE477AF1EEF1
:1076980010FA28EE000AF0EE490A30DB37EE800ACD
:1076A80003F06EFCF0EE407AF4EE497AF1EE10FA4F
:1076B800C5ED0A7A03D02B6B43F002032B639FEDD1
:1076C800167AF0EEE88AF4EE478AF1EE10FA12D84C
:1076D800F0EEE77AF4EE477AF1EE10FA0BD8F0EE16
:1076E800E99AF4EE479AF1EE10FA94BF01200020CF
:1076F800BDEC048B70BDBDEC048B002070BD37EE73
:10770800C00A03F015FCF0EE407ACDE737EE277A91
:10771800DFED045A36E700BFFFFF7F7F0050C34705
:107728006F12833A0000000040B52DED068B84B03F
:1077380006460293002800F0C580002A00F0C280A7
:107748000192002900F0BE80D1ED007A9FED637AA6
:10775800F0EEE76AF4EE476AF1EE10FA00F2B28052
:10776800F5EEC07AF1EE10FA00F1AC80DFED5C6A5C
:10777800F4EEE67AF1EE10FA00F3A48091ED01AA96
:10778800F0EECA7AF4EE477AF1EE10FA00F29A8037
:10779800B5EEC0AAF1EE10FA00F19480B4EEE6AAB4
:1077A800F1EE10FA00F38E8008460391FDF746FFCC
:1077B800002800F08880019ADFED487AD2ED098A26
:1077C800B0EEE87AB4EE677AF1EE10FA7AD8D2ED34
:1077D800049AB0EEE97AB4EE677AF1EE10FA71D84D
:1077E80092ED009AB0EEC97AB4EE677AF1EE10FA2B
:1077F80068D8B5EEC09AF1EE10FA63D903999FEDF7
:10780800397AD1ED0E7A67EE877AB4EEE79AF1EE1F
:1078180010FA57DC029B07EE903AB8EEE78AD1EDF2
:10782800077AB4EEE78AF1EE10FA4BDCD1ED087A6C
:10783800F1EE677AB4EEE78AF1EE10FA42D4136BF0
:107848005B0744D192ED0A0A0192CDE9020103F0E7
:1078580029FCB4EE408AF1EE10FADDE90120039923
:1078680035D1DFED218AB5EE40AAF1EE10FA31D01C
:10787800D1ED0B7AD6ED040A68EEA78ADFED177A08
:10788800E9EE8A8AE9EE280AB0EEE07AB4EE677A81
:10789800F1EE10FA16D891ED090A0191CDE902022C
:1078A80003F046FB0199F0EE400A91ED0A0A03F055
:1078B80067FB039A86ED040A029882ED0B0A86EDAF
:1078C800098A00E0002004B0BDEC068B40BD78EECC
:1078D800688AC8E7DFED040ADDE700BFFFFF7F7FA6
:1078E80000007A446F12833A000000002DE9F0434B
:1078F8002DED028B00F5027583B09FED788A026F3B
:107908008DED018A01AB04460E46416E2846FFF70D
:107918000FF980462846FEF789F98146EFF310876C
:1079280072B6BFF35F8FFCF7A7FDD4F8C032D4ED71
:107938008E7A94ED1E7AC4F8C4620133C4F8C0325A
:10794800D4F8D432F31AC4F8D832654B5B68C4F85B
:10795800BC32D4F8A837C4F8E032D4F89C37C4F85D
:10796800E432D4F8A037C4F8E8322378C4F8EC320B
:107978006378C4F8F032A378C4F8F432A36DC4F87D
:107988004C33E36DC4F84833636EC4F85433236E44
:10799800C4F85033B8EEC77AFCEEE77A4FF20A1310
:1079A800C4F8B83204F5906383ED007AC4EDCB7A5D
:1079B800D4ED827A94ED837AD4F89C31C4F80C34EF
:1079C800FCEEE77AD4F89831C4EDDD7AFCEEC77A9C
:1079D8000546C4F87893C4EDDF7AC4F80834B8F1E2
:1079E800000F03D094F80338002B60D1DFED3B7A09
:1079F8000023B0EE678AC4F8A43304F2BC43C3ED95
:107A0800007A04F5986383ED008A94F8FD3723B172
:107A1800D4F8AC37F31AC4F8943394F8FE07EB683B
:107A2800C4F8003318B195F82800002852D195F809
:107A38002930AA8CC4F8103395F82A30C4F80823E2
:107A4800EA8CC4F80403C4F81433C4F80C23DBBB71
:107A5800D5ED017A6B78F8EE677AC3BBD4F8AC271A
:107A680094F8F83704F2AC41C1ED007AC4F8302339
:107A7800D4F8F027C4F8E4230BB1B21AD30F94F862
:107A8800FC27C4F8E833C4F86023E378D4F8D42793
:107A98003146C4E9D923204602F04AFCBFF35F8F80
:107AA80087F3108803B0BDEC028BBDE8F083B4EE19
:107AB800487ADDED017A0123F1EE10FAC4F8A43317
:107AC80018BFB0EE678A98E7DFED047AC6E7F1EEF3
:107AD800677AC3E7FCF7B6FBA9E700BF0000000020
:107AE80068B40008F8B504460F4619461D46164600
:107AF80002F0FAFBFCF750FAD4F8FC230023A4F8B0
:107B0800A131D4F8983322B90F2E45D00222C4F8F7
:107B1800FC23EBB1D4F8D03323B90D2E49D006237A
:107B2800C4F8D0330023C4F898330323C4E9ED53D1
:107B3800D4F8A833D4F8AC23EB1A9342D4E916014D
:107B480028BF1346C4F8B03304F5F863C3E900014D
:107B580094F8FD3743B1D4F8F4372BB12B44C4F86B
:107B6800F037012384F8F8370023A4F8FC37C4F869
:107B7800983384F8B4320023C4F89C322378092B54
:107B88004FF009031CBF6770A67023702946204672
:107B9800BDE8F840FFF7AABED4F800245AB903227A
:107BA800C4F8FC23002BD3D0D4F8D033002BB9D1A0
:107BB800B5E70723B4E70422C4F8FC23002BC7D099
:107BC800F2E700BFF0B52DED028B83B000260D461D
:107BD8004FF0807300210446026F80F8046880F833
:107BE8000268C0F8E067C0F8FA37C0F8FE67C0F866
:107BF800AC57C0F8D857C0F8DC5701AB0191416EBB
:107C080000F50270FEF794FF9DED018A94ED8E7ADF
:107C1800D4F8A837D4EDA07AB4EEC78AF1EE10FAFA
:107C280003F10103B8BF3246FCEEE77AA8BF012290
:107C3800012B38BF012304F2E47104F5FD6081EDE6
:107C4800008A80ED008AC4F8A83717EE903A3146CA
:107C580004F2C44684F8F927C4F8F4374FF40E72D6
:107C680004F52E70376803F006F9D4ED1E7A3760F4
:107C7800F8EEE77A04F2CC43B4EEE78AF1EE10FAB4
:107C880083ED008A04DB0123C4F80034C4F80454EB
:107C9800D4ED1C7AD4E91821F8EEE77A04F5966356
:107CA800C4E9DB12C4F8F812A16DC3ED007AE36DE4
:107CB800C4F8CC320C23C4F8D012C4F8D4222370F0
:107CC8002946204603F002F840B12378092B0CBF5F
:107CD8000720002003B0BDEC028BF0BD2B460A2222
:107CE80006212046FFF7FEFEEFE700BF90F8FD27CC
:107CF800002A47D030B5D0F8983383B004460BB982
:107D080003B030BD002201928DF80320D0F8A407FB
:107D18000DF1030301AA0D46FCF744FE98BB019B35
:107D2800002B03DDD4F8BC239A4237D307EE903AF0
:107D38009DF80330F8EEE77AC4EDAC7A002BDFD07B
:107D4800D4F898330122C4F8D023002BD8D0D4E932
:107D5800EA30EB1A834294ED166B28BF03460021E4
:107D6800C4F89813C4F8B033022004F5F86104F598
:107D78009A63C4E9ED5081ED006BC3ED007AC4F855
:107D8800EC23BDE770470823C4F8D0330D222B46F7
:107D980006212046FFF7A6FE03B030BDC4F8BC3369
:107DA800FCF76AFBC28C019BC4F8D823BEE700BF6E
:107DB80008B1FFF797BE704700283DD070B50D4653
:107DC8001646002140F60802044603F054F88DB325
:107DD8004C22294604F1080003F07AF817494C228E
:107DE800284603F01FF828BB154B1B68A3F10103B5
:107DF800B3FA83F35B0904F5D27584F89530114919
:107E08006422284603F064F80F49842204F50270BE
:107E180003F05EF80123C4F89C372846FFF7D2F830
:107E2800C4F8A007FCF7B8F831462046BDE8704012
:107E3800FFF75CBD0023DEE7704700BF1CB40008F5
:107E4800B8B4000808B7000884B6000848B370B58D
:107E58000378044663B9154611B190F8953043B9D3
:107E680001222B4620461146BDE87040FFF73ABE76
:107E780070BD00F5D27100F50270FEF779FF002899
:107E8800EED0FCF7BFFA0028EAD0FCF7CBFA0028BE
:107E9800E6D00123237029462046BDE87040FFF74D
:107EA80025BD70470346A8B190F8030890B193F830
:107EB800740078B193F8750060B1D3ED787A1B6ED1
:107EC800FCEEE77AC91A17EE900A81428CBF0020AF
:107ED80001207047704700BFF0B583B0B0B1A9B1B9
:107EE8000B78013B15460446092B06D8DFE803F05A
:107EF8001205051263055705055E06262046E6703D
:107F08002946FFF7F3FC304603B0F0BD01263046A2
:107F180003B0F0BD294602F0E7F9D4F8FC230023AA
:107F280084F8FC37A4F8A13112B90123C4F8FC3352
:107F3800D4F89833B3B1D4E9EA320521C4F8D013A0
:107F48000021C4F898130321EB1AC4E9ED51D4E9D0
:107F58001601934228BF134604F5F862C4F8B033FB
:107F6800C2E9000194F8FD3713B1D4F8F43793BB94
:107F78000023002284F8FD37C4F8983384F8B4321B
:107F8800C4F89C2284F80438FCF706F800283AD193
:107F98002378092B01D0012323700026AEE70023A4
:107FA800A0F8A13180F894300226A7E70378012BC6
:107FB80018D00326A2E70378092BF5D1FCF722FA9B
:107FC8000028F1D0FCF72EFA0028EDD0012200237A
:107FD8002280A370E1E72B440122C4F8F03784F82B
:107FE800F827C5E7B0F8FC37002BE2D190F8F8374E
:107FF80023B1D0F8F037EB1A002B3BDB94F8943020
:108008004BB904267AE72B460A2206212046FFF7B9
:1080180069FD072672E72946204602F019FA00286A
:10802800EFD094F8A231002BEBD094F8A131002BBB
:10803800E7D004F5027604F5D27739463046FEF7E4
:1080480097FE0028DDD0FCF7EDF90028D9D0FCF721
:10805800D9F90028D5D0FCF70FFA90F82930002B71
:10806800CFD10023019394F803383BB90123C4F816
:108078008033C6E70C23C0F88033C2E7226F616EF5
:1080880001AB3046FEF754FD0028EFD0D4ED1E7A40
:108098009DED010A3046F8EEE70A394604F2C4427B
:1080A800FEF7BAFE0646C4F880030028A9D10123CA
:1080B800A4F8A10184F8FC37C4F8D45784F804085C
:1080C8001CE700BFA8B390F8F83770B50D46044612
:1080D80043B994F8FC378BB929462046BDE870406F
:1080E80002F002BAD0F8F037CB1A002BA4BF002355
:1080F80080F8F83794F8FC37002BEDD0FCF782F9BC
:1081080038B92B4620460A22BDE870400621FFF701
:10811800E9BCFCF787F90028F3D0FCF7ADF990F833
:108128002830002BEDD1D4F8D437EB1AF92B01D82D
:1081380070BD704702222B4620461146BDE87040AC
:10814800FFF7D0BC002800F0C5802DE9F0472DEDE1
:10815800048B0D46B2B0002900F0A8800B7F1646AC
:108168000446002B00F0A7804B7F002B00F0A38073
:108178008B69002BC0F29F80CA68B2F5803F80F0FF
:108188009A80934240F0978090F80338002B40F093
:10819800CE8031462046FFF795FFAE46BEE80F0079
:1081A80004F1580C94F8FD8794F8FC77ACE80F00BC
:1081B8009EE80F004FF001098CE80F0084F803983F
:1081C800B8F1000F40F0878000230A93002F00F0D9
:1081D800A58094F87430D5ED036A002B40F08D81AA
:1081E800F8EE667A94ED867AF4EEC77AF1EE10FA34
:1081F80080F2D28094ED836AB7EE007AB4EE476AD3
:10820800F1EE10FA0DD1D4ED875A94ED887A94EDF9
:108218008C6AA7EEA57AB4EEC67AF1EE10FA80F26F
:10822800BB8004F50277AA6916EE901A0AAB3846A5
:10823800FEF77EFC00283ED0D4F8B833012B40F27C
:10824800D080D4F8C833002B40F0CB8094F80338A2
:10825800002B00F0C68094F87430002B00F086855F
:1082680094F8752052B1D4ED787A216EFCEEE77A55
:10827800711A17EE900A814240F2958094F8FD1722
:10828800002900F078859C46002A40F0508194F837
:10829800FC17002940F0E080BCF1000F40F0858118
:1082A8000222334611462046FFF71CFC32B0BDECD3
:1082B800048BBDE8F087B4F8FC37002BF6D03346C2
:1082C800032202212046FFF70DFC32B0BDEC048BDF
:1082D800BDE8F087704794F87430002B00F0E38015
:1082E80094F87530002B00F01181D4ED787A216E66
:1082F800BCEEE77A721A17EE103A9A4209D8EB6880
:10830800D4F86C23934204D9C4F86C33AB68C4F82E
:10831800703300230A93002F40F0CD803146204669
:1083280002F076F931462046FFF7E0FABEE7D0E9D9
:108338001623D1E90001FEF7DDFC002873D094F87C
:108348000338002B3FF425AFAB68226E9B1A002B35
:1083580059DB0CD0D4F858230AB19A4201D9C4F891
:108368005833D4F85C239A4238BFC4F85C33D5E953
:108378000032A16D013B42F1FF325B1AE16D62EB05
:108388000102002A4FF0FF31D4F83C2318BF0B46F6
:108398001A44C4F83C23FCE6334600220321204655
:1083A800FFF7A0FB82E704F5F863D3E90023D5E9DA
:1083B8000001FEF79FFCA0B1AA68D4F8B433D31A21
:1083C800002B0EDBD5E9003104F59B60DDF828C0F1
:1083D800C0F800C0C4E9FD130123C4F8C423C4F8DD
:1083E800C83394F8FD376BB394F80338002B40F08A
:1083F800938094F8FC37002B3FF452AF3146204667
:10840800FFF774FA52E7B4F8FC37002B3FF44EAF8D
:10841800334604220221204632B0BDEC048BBDE86D
:10842800F047FFF75FBBB4F8FC37002B3FF43EAFD3
:10843800D5E90002D4E916139A4208BF88423FF4EE
:1084480035AFE5E794F8FC37002BD7D094F803381C
:10845800002BD3D094F87430002BCFD094F875202B
:10846800002ACBD0D4ED787A236EFCEEE77AF31AA3
:1084780017EE902A9342C1D8AB68D4F8D4279B1A38
:10848800002BBBDB2378012B06D194F894301BB169
:10849800A36F002B00F36585334609220621204689
:1084A800FFF720FBAAE700230A93002F3FF436AF1B
:1084B800D5ED036A94E6D5ED036AFCEEE77A711A06
:1084C80017EE903A99423FF68BAEAB68D4F8D427B2
:1084D8009B1A002BFFF684AEA36F40F6B832934286
:1084E8007FF47EAE16EE902A9A427FF479AE31463A
:1084F8002046FFF767FBE07080E794F87530002BA3
:108508003FF46EAE216ED4ED787AD6E700230A9355
:10851800002F3FF403AFCBE794F87430002B3FF4FF
:1085280068AF94F875209446002A3FF462AFD4ED02
:10853800787A216EBCEEE77A701A17EE103A9842F4
:108548000CD9FCEEE77A711A17EE903A994294F832
:10855800FC0719D900283FF49FAE81E7D4F800340E
:10856800002BEED194ED1E7ADDED0A6AB8EEC77ADB
:10857800B4EEE67AF1EE10FAE3D8AB68C4F8043446
:108588000123C4F80034DCE704F2CC43DDED0A7AB9
:1085980093ED007AB4EEE77AF1EE10FA40F12F830A
:1085A800C3ED007A00287FF45BAF002A3FF478AE71
:1085B800D4ED787A236EFCEEE77AF31A17EE902A58
:1085C80093423FF66DAE94F8FE379BB1D4F818335A
:1085D80083B994ED8E7ADDED0A7AB4EEE77AF1EE9E
:1085E80010FA07D8EA68C4F824230123C4F818331A
:1085F80084F8F937D4F8EC33002B40F0CC82D4F867
:108608009833002B00F0858004F2D443D3ED006A40
:10861800DDED0A7A04F2DC4393ED007AF4EEC77AD2
:10862800F1EE10FAC8BFC3ED007A04F59C6393ED30
:10863800007A77EEE66AF4EEC77A94EDA27AF1EE64
:1086480010FAB4EEE67AC8BFC3ED007AF1EE10FA7C
:1086580040F2F58394ED1E7A94ED946AB8EEC77AE9
:1086680037EE677AB4EEC67AF1EE10FA40F2788304
:1086780094EDA37A77EE677AF5EEC07AF1EE10FA08
:1086880040F26E8323780E2B00F06A83D4EDA17A32
:10869800F4EEE76AF1EE10FAC0F27282D4F8EC87D1
:1086A800FBF7EAFE4368434538BF98460223D4F8EF
:1086B800A407C4F8D03342463146FBF79FFF002891
:1086C80040F0E38307EE908AD4F89823F8EEE77A2F
:1086D800002A00F0CF830223C4E9ED63D4F8A8335D
:1086E800D4F8AC23C4F89803F31A9342D4E9168952
:1086F80028BF1346C4F8B03304F59A6204F5F8634A
:108708000121C3E90089C2ED007AC4F8EC13C4ED75
:10871800AC7A94F8FD37002B3FF4C8AD94F8FE37D7
:10872800AA68002B00F06F82D4ED767AD4F8B437BB
:10873800FCEEE77AA2EB030817EE903A9845C0F0F2
:10874800AF83EB68D5ED067AC4F8F832D5E9003185
:10875800F8EEE77AC4F8CC1204F59661C1ED007A18
:1087680004F5D279C4E9B432642249460DEB02001B
:1087780002F0AEFB07EE908A9FED567A9DED0A0A4D
:10878800F8EE677A494627EE878AD4ED1E7A04F513
:108798002379F8EEE78AF0EE480A0CAA484678EE04
:1087A800C08AFEF707FE002800F06783DDED167A21
:1087B800D4F89833FDEEE77A17EE90AA002B00F074
:1087C800EC82DDED107AF5EEC07AF1EE10FA40F2A7
:1087D800168494F8FB87B8F1000F00F0E482D4F80F
:1087E800A4073146FCF7A2F8B0F1000AC0F24583AD
:1087F80007EE10AADDED167ADDED156A189BB8EEC6
:10880800C77A43F0100377EE677A8DED167A36EE65
:10881800A77A1893D4F84432CDED147A8DED157AF1
:1088280020934FF00008D4ED806A94ED787AD4ED67
:10883800797ACDF814A0FCEEE66ABCEEC77AFCEEB5
:10884800E77A0196CDED046A8DED037ACDED027AD3
:10885800AB6800930DF1270307930BAB0693D5E99B
:108868000023D4F8A407FCF795F9002840F01E83EC
:108878009DF827301BB1189B43F00403189307EEAB
:1088880090AAF8EEE79ADDED167AF4EE679AF1EE23
:1088980010FA03D0189B43F0080318930B9B0CAAFB
:1088A80019A94846FEF740FF002800F0E682D4F8F0
:1088B80098330B99002B00F06081002904DDD4F86F
:1088C800BC338B42C0F04881B8F1000F00F05581ED
:1088D80002E000BF6F12833A0023C4F898330223E2
:1088E800C4E9ED63D4F8A833D4F8AC23F31A07EE3F
:1088F800901A9342D4E9168928BF1346F8EEE77A0E
:10890800C4F8B03304F59A6204F5F8630120C3E9AA
:108918000089C2ED007AC4F8EC03D5E90089D4F8DF
:10892800DC22AF68C4F8B4779DED0F9A9DED0D5A1F
:10893800DDED0E5ADDED107A9DED116ADDED126A5E
:108948009DED137ADDF850A0DDF854E0DDF858C04D
:10895800179843E90289013204F58F63C4F8DC22D1
:10896800C4F8C86283ED008A04F27C4383ED009A60
:1089780004F2844383ED005A04F59163C3ED005A71
:1089880004F28C43C3ED007A04F5926383ED006A28
:1089980004F29443C3ED006A04F5936383ED007A0F
:1089A80004F29C4307EE101AC3F800A004F5946380
:1089B800B8EEC77AC3F800E004F2A44383ED007A66
:1089C80004F2B443C3ED009A04F59763C3F800C0FA
:1089D80004F595631860189A94EDAB8AD4EDAA9AB9
:1089E800C4F8FC22B4EEE98AF1EE10FA02F00102B2
:1089F800C0F26C8294ED7E7AF0EEE77AF4EEC77AF4
:108A0800F1EE10FACCBF012300231846002A00F02B
:108A1800558294F800580DB9C4F8C867002840F08A
:108A2800588284F80138D4F8C837F31AC4F83433B4
:108A3800012384F800384FF000080029C4F838836F
:108A480040F30882D4ED7B7AF4EEE87AF1EE10FA7E
:108A580040F1008294F8FA3753B904F2E4710A9BA2
:108A6800C4F8D867C4F8DC670B6004F5FD610B60D7
:108A7800D4ED997AD4F8D817FCEEE77A012384F874
:108A8800FA3717EE903A711A994218D304F2E47142
:108A9800D1ED007A9DED0A7AD4ED9A6A77EE677A7D
:108AA80004F59960F4EEE67AF1EE10FAC0ED007A7A
:108AB800A4BFC4F8DC6781ED007AC4F8D867D4F89D
:108AC800DC77F71BBB42C4F8887340F2968204F542
:108AD800FD63DDED0A7AD3ED006A94ED9A7A77EEBC
:108AE800E67AF4EEC77AF1EE10FAC0F28682002A2E
:108AF8000CBF03250125B4EEE98AF1EE10FAACBFEC
:108B080001230023C4F88C33D4ED9B0A94ED7D0A2D
:108B1800C4F8845302F034FABCEEC00A10EE103ADE
:108B2800BB4240F26282B4EEE98AF1EE10FAC0F27A
:108B38000582D4ED7F7AFCEEE77A17EE903A43454A
:108B480000F2DC81EB0700F1D981334611220521BF
:108B58002046FEF7C7FF51E4C4F8BC13FBF78CFCB2
:108B6800C38CC4F8D833B8F1000F00F0C782D4F82A
:108B780098330B99002B7FF4AFAE04F5F863CCE67D
:108B8800D4F8E033F31A002BFFF6C3AD3146204684
:108B9800FFF7ACF8BDE504F5F863D3E90023D5E9A0
:108BA8000001FEF7A7F800283FF428ACAB68D4F81A
:108BB800B4239B1A002BFFF621AC04F59C6393EDBC
:108BC800007ADDED0A7AB4EEE77AF1EE10FA48BFE2
:108BD800C3ED007A0023C4F8EC3304F2D443D3ED98
:108BE800006A94EDA27A77EEE67AF4EEC77AF1EEAF
:108BF80010FA80F2C7800123C4F8F033FFE400289C
:108C08003FF4D3AC2CE4EB68D5ED067AD4ED8E6A4C
:108C1800C4F8F8329DED0A7AD5E90031F8EEE77A22
:108C2800F4EEC76AC4F8CC12F1EE10FA04F59661B6
:108C3800C1ED007AC4E9B4323FF6E0ABFBF7ACF91A
:108C4800002840F00F81D4E918310122C4E9C83165
:108C580084F8FE27C4F8B037C4F89030226F0CAB04
:108C68003846FDF765FF002800F0FC80D4ED8E7AC9
:108C78009DED0C0AF4EEC07AF1EE10FAD4ED1E7AEE
:108C880094BF01230023F8EEE70AC4F8183304F56B
:108C9800D27104F52370FEF7E5FA002800F0E280AF
:108CA80004F2A470FBF7F8FB0546002840F0DA80D0
:108CB800D4ED7C0A94ED960A02F062F9F0EE400ACF
:108CC80094ED950A02F05CF9D4ED707AD4F8A40713
:108CD800BCEEC07AFDEEE77A17EE102A17EE903A4E
:108CE8003146FBF7DBFB002800F0BC80D4ED806A3E
:108CF80094ED787AD4ED797A0595FCEEE66A0BABBB
:108D08000793CDED046ABCEEC77AFCEEE77A216ED4
:108D18008DED037ACDED027AD4E91623CDE900165C
:108D280019A9D4F8A4070691FBF734FF002840F0EE
:108D38009980D4E9168904F5F863D4F89422206E52
:108D4800D4F88C1243E9028904F27C43C4F8B407CE
:108D58001A6004F284430D2219602270FFF74EBB9B
:108D6800FBF78AFB4FF000080323A0E494F8FD27E3
:108D7800002A7FF43EAB94F8FC27002A3FF43EAB70
:108D8800FFF76ABB0223C4F8F033142233460521E7
:108D98002046FEF7A7FEFFF789BA94F8FB87B8F1DB
:108DA800000F7FF43EAD3846FDF744FF002800F081
:108DB800A38094F8F937002B00F09E81D4F818337B
:108DC800002B00F09981D4ED947AF4EEE87AF1EE74
:108DD80010FA80F2978194F8FF37002B40F09681C3
:108DE800DDED107AF5EEC07AF1EE10FA40F28C81E2
:108DF800D4EDAC7AF5EEC07AF1EE10FA00F1848188
:108E0800D4ED927A94ED937AD4F8A033FCEEE77A15
:108E1800BCEEC77A17EE902A17EE101A13448B424D
:108E280040F2FF800623C4F8CC33D4F89833002BE3
:108E38003FF4F9ACB8F1000F7FF4F5ACCFE40423AC
:108E4800C4F8D0331322334605212046FEF74AFEE4
:108E5800FFF72CBA00231D4684F8FA37C4F8883384
:108E68001F4648E633460A2206212046FEF73AFE08
:108E7800FFF7C4BAC4EDAC7A4BE43346122207219B
:108E88002046FEF72FFEFFF711BA0823C4F8D033A7
:108E98000D22334606212046FEF724FEFFF706BAC8
:108EA80031462046FEF722FFFFF700BA33460A2272
:108EB80006212046FEF716FEFFF7F8B948B984F8F0
:108EC800002884F80138C4F83423B4E50023184690
:108ED8009CE594F8010808B9C4F8CC6784F8002820
:108EE80084F80138002A7CD11346C4F83433D4F806
:108EF800CC37A6EB0308A0E5022394E7D4ED1E7A4D
:108F080094ED7A7AF8EEE77A77EEC97AF0EEE77AB6
:108F1800B4EEE77AF1EE10FA18DB23780E2B18BFBF
:108F2800C4F8E067D4F8E0370E210122F31A217063
:108F380084F8FF27C4F89033FFF760BAD4ED1E7A9F
:108F4800F8EEE77A77EEC97AF0EEE77A23780E2B17
:108F580000F0C9800D2200232270C4F89033FFF777
:108F68004DBAD4ED837A07EE103AF5EE407AF1EE79
:108F780010FA14BF01210021B8EEC70A3846FDF7E0
:108F88001DFD00287FF488AA04F5D27529463846C5
:108F9800FDF7EEFE00283FF47FAAFBF743FA00280E
:108FA8003FF47AAAFBF72EFA00283FF475AAFBF7DC
:108FB80063FA90F82930002B7FF46EAAD4ED1E7A5C
:108FC8009DED0A0AF8EEE70A2946384604F2C4423B
:108FD800FDF722FFC4F8800300287FF45DAAFFF79D
:108FE80086BAD4F8C837F31A7FE73346102205212A
:108FF8002046FEF777FDFFF701BA02257BE503233C
:10900800D4F8A407C4F8D033FBF7D8FA8046002870
:109018003FF44CAF94F8FB37002B3FF4C4AE9846AE
:1090280001E4C4F8A0330123D4F8A407C4F8ECA7DA
:10903800C4F8CC3384F8FB373146FBF773FA0028C1
:109048003FF434AFD4ED917AD4ED9F6A94ED9E7AD3
:10905800CDF804A0FDEEE77A3146CDED007AFCEEBE
:10906800E67AD4F8A40717EE903AFCEEC77A17EE22
:10907800902AFBF7D7FB00283FF418AFFBF7FCF961
:10908800D4ED926AC269C4F89C2301238269C4F8AA
:10909800A823FCEEE66A026AA868C4F89833C4F804
:1090A800B83304F2D4430A9994ED917AD4ED9E7AB8
:1090B800C4EDEB6A196004F2DC43BCEEC77A1960B0
:1090C800FCEEE77A04F59C631960C4F8C00384EDEC
:1090D800F57AC4EDF77AC4F8E023B8F1000F7FF40D
:1090E800A2ABFFF77CBB94ED7B7AB4EEE77AF1EEA6
:1090F80010FA7FF583A92DE7032394E60B9904F56D
:10910800F8630AE404238EE605238CE608238AE63E
:1091180070B138B590F8FD37044603B938BD0D462F
:1091280001F0C6F929462046BDE83840FEF7DEBB07
:10913800704700BF70B138B50D460446FEF7C2FF50
:109148002946204601F0B4F929462046BDE83840B2
:10915800FEF7CCBB704700BF05281CD0062801D0FD
:1091680000207047A1F58073042B12D9A1F58873EC
:10917800312B0ED9A1F5A063012B0AD9A1F5A4635F
:10918800042B06D9A1F5A26109298CBF0020012072
:10919800704701207047103901298CBF0020012039
:1091A800704700BF002877D02DE9F04F0529ADF5AD
:1091B800437D0D4616461F465BD0062904D006207F
:1091C8000DF5437DBDE8F08FA2F58073042B0446AE
:1091D8003ED9A2F58873312B0BD9A2F5A063012BD8
:1091E80007D9A2F5A463042B03D9A2F5A263092B1E
:1091F800E5D82578012D37D1B4F8FC37A3BBFBF7A8
:1092080001F988B3FBF738F990F8283063BBB6F555
:10921800A06F84F8A23141D0A6F5A2618AB2092ACA
:1092280040F2378540F20152964200F05585A6F586
:10923800A4618BB2032B00F2DA8594F8A131002BDC
:1092480040F03B850023A4F8A03184F8943006E070
:10925800B2F5817FCDD14DF201139F422CD0012070
:109268000DF5437DBDE8F08F03200DF5437DBDE886
:10927800F08FA2F11003012BA1D8B7F57F4FEED1E3
:10928800102A08BF0A250023CC9A8DF88452A1A978
:10929800A293FEF721FE93E7062070474BF2015296
:1092A8009742CFD1C4F89031A4F89431A4F8A051D2
:1092B80084F89430002083E7EFF31083839372B629
:1092C800BFF35F8FD4E9B8230193D4F8E83202934F
:1092D800D4F8EC320393D4F8F0320493D4F8F4328F
:1092E8000593D4F8F8320693D4F8FC320793D4F8EF
:1092F80000330893D4F804330993D4F808330A9355
:10930800D4F80C33D0E9AEA9D0E9B08ED0E9B2C711
:10931800D0E9B465D0E9B6010B93D4F810330C93B7
:10932800D4F814330D93D4F818330E93D4F81C33AF
:109338000F93D4F820331093D4F824331193D4F82E
:1093480028331293D4F82C331393D4F8303314936E
:10935800D4F834331593D4F838331693D4F83C330F
:109368001793D4F840331893D4F844331993D4F8A6
:1093780048331A93D4F84C331B93D4F850331C93C6
:10938800D4F854331D93D4F858331E93D4F85C336F
:109398001F93D4F860332093D4F864332193D4F81E
:1093A80068332293D4F86C332393D4F8703324931E
:1093B800D4F874332593D4F878332693D4F87C33CF
:1093C8002793D4F880332893D4F884332993D4F896
:1093D80088332A93D4F88C332B93D4F890332C9376
:1093E800D4F894332D93D4F898332E93D4F89C332F
:1093F8002F93D4F8A0333093D4F8A4333193D4F80E
:10940800A8333293D4F8AC333393D4F8B0333493CD
:10941800D4F8B4333593D4F8B8333693D4F8BC338E
:109428003793D4F8C0333893D4F8C4333993D4F885
:10943800C8333A93D4F8CC333B93D4F8D0333C9325
:10944800D4F8D4333D93D4F8D8333E93D4F8DC33EE
:109458003F93D4F8E0334093D4F8E4334193D4F8FD
:10946800E8334293D4F8EC334393D4F8F03344937D
:10947800D4F8F4334593D4F8F8334693D4F8FC334E
:109488004793D4F800344893D4F804344993D4F873
:1094980008344A93D4F80C344B93D4F810344C93D2
:1094A800D4F814344D93D4F818344E93D4F81C34AB
:1094B8004F93D4F820345093D4F824345193D4F8EB
:1094C80028345293D4F82C345393D4F8303454932A
:1094D800D4F834345593D4F838345693D4F83C340B
:1094E8005793D4F840345893D4F844345993D4F863
:1094F80048345A93D4F84C345B93D4F850345C9382
:10950800D4F854345D93D4F858345E93D4F85C346A
:109518005F93D4F860346093D4F864346193D4F8DA
:1095280068346293D4F86C346393D4F870346493D9
:10953800D4F874346593D4F878346693D4F87C34CA
:109548006793D4F880346893D4F884346993D4F852
:1095580088346A93D4F88C346B93D4F890346C9331
:10956800D4F894346D93D4F898346E93D4F89C342A
:109578006F93D4F8A0347093D4F8A4347193D4F8CA
:10958800A8347293D4F8AC347393D4F8B034749389
:10959800D4F8B4347593D4F8B8347693D4F8BC348A
:1095A8007793D4F8C0347893D4F8C4347993D4F842
:1095B800C8347A93D4F8CC347B93D4F8D0347C93E1
:1095C800D4F8D4347D93D4F8D8347E93D4F8DC34EA
:1095D8007F93D4F8E0348093D4F8E4348193D4F8BA
:1095E800E834D4F8ECB48293BFF35F8F839B83F3A2
:1095F8001088019BA4F81E351B0CA4F81C35029B8F
:10960800A4F822351B0CA4F82035039BA4F82635B2
:109618001B0CA4F82435049BA4F8F2A4A4F8F6942F
:10962800A4F8FA84A4F8FEE4A4F802C5A4F8067520
:10963800A4F80A65A4F80E55A4F81205A4F816159E
:10964800A4F81A25090C120C4FEA1A4A4FEA1949CC
:109658004FEA18484FEA1E4E4FEA1C4C3F0C360C96
:109668002D0C000CA4F81415A4F81825A4F8F0A4DF
:10967800A4F8F494A4F8F884A4F8FCE4A4F800C5C9
:10968800A4F80475A4F80865A4F80C55A4F8100506
:10969800A4F82A351B0CA4F82835059B069AA4F8CB
:1096A8002E351B0CA4F82C35130CA4F83035079B69
:1096B800A4F836351B0CA4F83435089BA4F83A35C1
:1096C8001B0CA4F83835099BA4F83E351B0CA4F8EC
:1096D8003C350A9BA4F842351B0CA4F840350B9B7B
:1096E800A4F846351B0CA4F844350C9BA4F84A355D
:1096F8001B0CA4F848350D9BA4F84E351B0CA4F898
:109708004C350E9BA4F852351B0CA4F850350F9B12
:10971800A4F83225A4F856351B0CA4F85435109B30
:10972800A4F85A351B0CA4F85835119BA4F85E35DB
:109738001B0CA4F85C35129BA4F862351B0CA4F82A
:109748006035139BA4F866351B0CA4F86435149B8C
:10975800A4F86A351B0CA4F86835159B169AA4F86A
:109768006E351B0CA4F86C35130CA4F87035179BD8
:10977800A4F876351B0CA4F87435189BA4F87A3530
:109788001B0CA4F87835199BA4F87E351B0CA4F89B
:109798007C351A9BA4F87225A4F882351B0CA4F812
:1097A80080351B9BA4F886351B0CA4F884351C9BBC
:1097B800A4F88A351B0CA4F888351D9BA4F88E35AF
:1097C8001B0CA4F88C351E9BA4F892351B0CA4F82E
:1097D80090351F9BA4F896351B0CA4F89435209B54
:1097E800A4F89A351B0CA4F89835219BA4F89E354B
:1097F8001B0CA4F89C35229BA4F8A2351B0CA4F8DA
:10980800A035239BA4F8A6351B0CA4F8A435249BEB
:10981800A4F8AA351B0CA4F8A835259BA4F8AE35E6
:109828001B0CA4F8AC35269B279AA4F8B2351B0C60
:10983800A4F8B035130CA4F8B435289BA4F8BA35AD
:109848001B0CA4F8B835299BA4F8BE351B0CA4F84A
:10985800BC352A9BA4F8C2351B0CA4F8C0352B9B39
:10986800A4F8C6351B0CA4F8C4352C9BA4F8CA353B
:109878001B0CA4F8C8352D9BA4F8CE351B0CA4F8F6
:10988800CC352E9BA4F8D2351B0CA4F8D0352F9BD1
:10989800A4F8D6351B0CA4F8D435309BA4F8B6250B
:1098A800A4F8DA351B0CA4F8D835319BA4F8DE35BA
:1098B8001B0CA4F8DC35329BA4F8E2351B0CA4F889
:1098C800E035339BA4F8E6351B0CA4F8E435349B4B
:1098D800A4F8EA351B0CA4F8E835359BA4F8EE3556
:1098E8001B0CA4F8EC35369B379AA4F8F2351B0C00
:1098F800A4F8F035130CA4F8F435389BA4F8FA351D
:109908001B0CA4F8F835399BA4F8FE351B0CA4F8F9
:10991800FC353A9BA4F802361B0CA4F800363B9B96
:10992800A4F8F625A4F806361B0CA4F804363C9BCC
:10993800A4F80A361B0CA4F808363D9BA4F80E368A
:109948001B0CA4F80C363E9BA4F812361B0CA4F88A
:1099580010363F9BA4F816361B0CA4F81436409B0F
:10996800A4F81A361B0CA4F81836419BA4F81E3626
:109978001B0CA4F81C36429BA4F822361B0CA4F836
:109988002036439BA4F826361B0CA4F82436449BA7
:10999800A4F82A361B0CA4F82836459BA4F82E36C2
:1099A8001B0CA4F82C36469BA4F832361B0CA4F8E2
:1099B8003036479B489AA4F836361B0CA4F8343640
:1099C800130CA4F83836499BA4F83E361B0CA4F8AF
:1099D8003C364A9BA4F842361B0CA4F840364B9BF5
:1099E800A4F846361B0CA4F844364C9BA4F84A3617
:1099F8001B0CA4F848364D9BA4F84E361B0CA4F853
:109A08004C364E9BA4F852361B0CA4F850364F9B8C
:109A1800A4F856361B0CA4F85436509BA4F85A36B2
:109A28001B0CA4F85836519BA4F83A26A4F85E36C5
:109A38001B0CA4F85C36529BA4F862361B0CA4F8E5
:109A48006036539BA4F866361B0CA4F86436549B06
:109A5800A4F86A361B0CA4F86836559BA4F86E3631
:109A68001B0CA4F86C36569BA4F872361B0CA4F891
:109A78007036579B589AA4F876361B0CA4F874369F
:109A8800130CA4F87836599BA4F87E361B0CA4F85E
:109A98007C365A9BA4F882361B0CA4F880365B9B54
:109AA800A4F886361B0CA4F884365C9BA4F87A26A6
:109AB800A4F88A361B0CA4F888365D9BA4F88E3669
:109AC8001B0CA4F88C365E9BA4F892361B0CA4F8E9
:109AD80090365F9BA4F896361B0CA4F89436609BCE
:109AE800A4F89A361B0CA4F89836619BA4F89E3605
:109AF8001B0CA4F89C36629BA4F8A2361B0CA4F895
:109B0800A036639BA4F8A6361B0CA4F8A436649B65
:109B1800A4F8AA361B0CA4F8A836659BA4F8AE36A0
:109B28001B0CA4F8AC36669BA4F8B2361B0CA4F840
:109B3800B036679BA4F8B6361B0CA4F8B436689BFD
:109B4800699AA4F8BA361B0CA4F8B836130CA4F812
:109B5800BC366A9BA4F8C2361B0CA4F8C0366B9BB3
:109B6800A4F8C6361B0CA4F8C4366C9BA4F8CA36F5
:109B78001B0CA4F8C8366D9BA4F8CE361B0CA4F8B1
:109B8800CC366E9BA4F8D2361B0CA4F8D0366F9B4B
:109B9800A4F8D6361B0CA4F8D436709BA4F8DA3691
:109BA8001B0CA4F8D836719BA4F8DE361B0CA4F85D
:109BB800DC36729BA4F8BE26A4F8E2361B0CA4F887
:109BC800E036739BA4F8E6361B0CA4F8E436749BC5
:109BD800A4F8EA361B0CA4F8E836759BA4F8EE3610
:109BE8001B0CA4F8EC36769BA4F8F2361B0CA4F8F0
:109BF800F036779BA4F8F6361B0CA4F8F436789B5D
:109C0800799AA4F8FA361B0CA4F8F836130CA4F8C1
:109C1800FC367A9BA4F802371B0CA4F800377B9B10
:109C2800A4F806371B0CA4F804377C9BA4F80A3761
:109C38001B0CA4F808377D9BA4F8FE26A4F80E3761
:109C48001B0CA4F80C377E9BA4F812371B0CA4F845
:109C580010377F9BA4F816371B0CA4F81437809B89
:109C6800819A8299A4F81A371B0CA4F81837130C98
:109C7800A4F81C370B0CA4F820374FEA1B43A4F8B0
:109C88001E27A4F82217A4F82437A4F826B7FFF74C
:109C980011BB94F8A031002B3FF4D4AA05FA01F3C4
:109CA800A6F2F442B4F8901104EB42020B43A2F876
:109CB8003C71A4F89031FFF7FDBA05FA01F3A6F557
:109CC8009F62B4F8941104EB42020B43A2F8387176
:109CD800A4F89431FFF7EEBA4CF2015297427FF4A0
:109CE800B1AA94F8A021002A3FF4ACAAB4F89011C4
:109CF80084F8A03140F2FF3291427FF4A3AAD4F84D
:109D08009821531C3FF49EAAB4F87401B4F8763134
:109D1800B4F8781143EA00438593B4F87A31B4F87B
:109D28007C0143EA01438693B4F87E31B4F880118C
:109D380043EA00438793B4F8823143EA01439A42E5
:109D48007FF480AA85AD2846B4F88471B4F886619A
:109D5800FCF73CF900283FF475AA2846FCF778F987
:109D680046EA074686427FF46DAA5A498422A1A88A
:109D780001F0AEF85849642288A801F0A9F89DEDD1
:109D8800860AFCF711F907EE900AF8EEE77A9DEDDE
:109D9800870ACDEDB07AFCF707F907EE900AF8EEDE
:109DA800E77A88A9A1A8CDEDAE7ACDED8F7AFCF738
:109DB800DFFF00283FF446AAEFF3108972B6BFF31D
:109DC8005F8F94F80080B8F1010F0AD1B4F8FC371E
:109DD8003BB9FAF717FB20B1FAF74EFB90F8287059
:109DE800DFB3BFF35F8F89F31088FFF72BBA40F218
:109DF80024539E427FF426AA4AF201539F427FF4DD
:109E080021AA94F8A131002B3FF41CAAB4F892219E
:109E180040F6FF739A427FF415AAB4F894310F2BD9
:109E28007FF410AAB4F88811B4F88A31D4F89821CC
:109E380043EA014393427FF405AAB4F88C11B4F8BD
:109E48008E31D4F89C2143EA014393427FF4FAA966
:109E5800012384F8A231FFF72DBA95E80700D4F85A
:109E6800983104F5B47C01338CE80700C4E9663600
:109E7800A1A9842204F5027001F02AF888A96422B5
:109E880004F5D27001F024F888A8FDF79BF8DDED01
:109E9800857AD4F89831C4F8A007FDEEE77A013343
:109EA80084F89480C4F89C37C4F89271C4ED1E7A83
:109EB80084F8A1812C22394604F5237000F0DBFFD9
:109EC800BFF35F8F89F31088CC992046FFF732F9EA
:109ED800FFF7F0B984B6000808B7000830B50446A3
:109EE80083B0D0B1CBB1D9B1B2F5C06F27D2B2F53A
:109EF800A86F80F08C80B2F5806F37D2B2F5C07F42
:109F080080F0A180B2F5827F6BD040F203118A42C3
:109F18006FD0A2F58871312936D9002003B030BD41
:109F2800A2F50071B1F58E7F18D3A2F58072072AC9
:109F3800F3D8DFE802F0524A47433F3B373340F259
:109F480033618A42E9D851105548A1F54071D407C8
:109F580050F8211016D40A0C1A8004E000EB4202D3
:109F6800B2F8F0201A80012003B030BD40F2C5419C
:109F78008A42D2D851104B48A1F50071D40750F845
:109F88002110E8D50A46E7E75108883900EB810136
:109F9800D207D1F8A411DED50A46DDE7D0F8A0270C
:109FA8001A80E0E7B0F8A2271A80DCE7D0F89C27EF
:109FB8001A80D8E7B0F89E271A80D4E74FF48E723B
:109FC8001A80D0E732221A80CDE70193FAF754FAC3
:109FD800019B90F829201A80C5E74FF20A121A80CF
:109FE800C1E7D0ED827AFCEEE77A17EE902A1A8064
:109FF800B9E7D0ED837AF5EE407AF1EE10FA3DD06C
:10A0080090F89420002AA7D0B0F87820A4E740F26E
:10A018004B518A4281D8A2F5A865052D22D852084D
:10A02800A2F5287200EB8202E807D2F8682100D472
:10A03800120C92B21A80B4F892210123AB40134358
:10A04800A4F892318FE7B2F5E17FBFF466AF51080B
:10A05800C03900EB8101D007D1F808127FF57BAF3A
:10A068000A4679E7062D0BD0072D11D0D0E96612E4
:10A07800092D98BF0A46E907DBD4D9E700226BE728
:10A0880090ED5B0A0193FBF78FFF019B82B2D1E74A
:10A0980090ED5C0A0193FBF787FF019B82B2C9E749
:10A0A8006CB70008F8B4000800487047D2C6171CFF
:10A0B800002A49D0DFED4F7AB0EEC07AB4EE677A65
:10A0C800F1EE10FA40D8B0EEE07AB4EE677AF1EE2D
:10A0D80010FA39D8B5EEC00AF1EE10FA34D400B54A
:10A0E8002DED028BB7EE008AF4EEC80AF1EE10FAF5
:10A0F80083B02BD4DFED407AF4EEE70AF1EE10FAE4
:10A1080024DC70EEC00A0023F5EEC00AF1EE10FA66
:10A1180013605360936056D9DFED387AF4EEE70A9E
:10A12800F1EE10FA18D900283DD1F2EE047AB4EE17
:10A13800E70AF1EE10FA36D5012041F2883164239E
:10A1480082E80B00012002E000207047002003B0E5
:10A15800BDEC028B5DF804FBF0EE087AF4EEE70A3A
:10A168000323F1EE10FA136030D830EEC80AF6EE89
:10A17800007A20EE270ADFED220A019200F0D8FECD
:10A18800F0EE480A00F0FCFEDFED1E7A019A20EEA0
:10A19800270A0523BCEEC00A936010EE103A03F5B7
:10A1A800C8735360CEE7B1F57A6F28BF4FF47A6170
:10A1B80001F6B831022047F230531060B3FBF1F3D7
:10A1C800C2E90113BEE704231360BBE770EEE70A98
:10A1D800DFED0D6A9FED0D7AC0EEA67A0A23936033
:10A1E80067EE877AFCEEE77A17EE903A03F5487344
:10A1F8005360A7E7FFFF7F7F00803B450000484290
:10A20800000000000000164400003C4200800945A0
:10A2180070B590F8FD37D0F844212DED028B044637
:10A228000D46B0EE408AC0F844111BB190F8633176
:10A23800002B3AD0F9F7B0FE002849D1A26F216E61
:10A2480040F6B835AA4214BF0622052204F2CC40D3
:10A25800D0ED007AC4F8FC234FF4807504F2B442C0
:10A268000023C4F80414A4F8FC570121042584F839
:10A278006311C4F80014C4F83C5104F597611360E5
:10A2880004F2A442F4EEC87A0B60F1EE10FA1360FF
:10A29800C4F8B032C4F89C324FF0100348BF80EDC8
:10A2A800008A2370BDEC028B70BDD0F83C31012BC5
:10A2B800C0D00C49D0F84031496D8B42BAD2AA1AA5
:10A2C800C91A8A4294BF9B185B18C0F84031B1E79D
:10A2D800BDEC028B2B4620460A22BDE870400621C1
:10A2E800FDF766BD6CB7000890F8FD37D0F844213B
:10A2F800C0F8441103B9704790F86331002BFAD1C4
:10A30800D0F83C31012BF6D010B4084CD0F84031CD
:10A31800646DA34207D2891AE41AA14294BF5B185C
:10A328001B19C0F840315DF8044B70476CB7000842
:10A338002DE9F04790B0044668460D46FAF770FEDE
:10A348000123C4F81034DDE9039A059F089E9DF89F
:10A358003C80FFF7A9FED4F83C31C4F81834069BBA
:10A36800C4F81C34079BC4F82034099BC4F828346B
:10A378000A9BC4F82C340C9BC4F830340B9BC4F8EB
:10A3880034340E9BC4F8383494F86131C4F83C3442
:10A39800019BC4F85834029BC4F85C34009BC4F891
:10A3A8005434D4F84831C4F86C34D4F84C31C4F877
:10A3B8001404C4F82464C4F86094C4F864A4C4F809
:10A3C8006874C4F8703494F8FD37D4F84021C4F8A0
:10A3D8007424C4F8882393B194F863318BBBB2F525
:10A3E800FA7F30D204F5996393ED007AF0EE007AA3
:10A3F800B4EEE77AF1EE10FAACBF03230223C4F8F7
:10A40800843304F2EC43D4F858211A60C4F89493C6
:10A41800B8F1000F12D007EE906AF8EE677A0D9B3C
:10A4280004F59762C2ED007AC4E9C0381FB1012370
:10A438005544C4E9F95310B0BDE8F087DFED037A5D
:10A44800EDE70023DBE70223D9E700BF00000000A7
:10A4580030B5044691B068460D46FAF7E1FD009B19
:10A46800D4F8382193420AD00022C4F83831C4F80D
:10A47800402184F8602100230022C4E95223684661
:10A488002946FAF7CDFD059860B994F861313BB9D2
:10A49800064BD4F840015B6D98422CBF0020012088
:10A4A80011B030BD002011B030BD00BF6CB700083E
:10A4B80030B5044691B068460D46FAF7B1FD94F8F8
:10A4C800FD372BB194F8633113B90E9B032B01D8D8
:10A4D80011B030BD2B4617220621204611B0BDE829
:10A4E8003040FDF765BC00BF30B590F8FD37D0F8B7
:10A4F800442191B004460D46C0F844111BB190F8B0
:10A508006331002B48D029466846FAF789FD009B3D
:10A51800D4F8382193420AD00022C4F83831C4F85C
:10A52800402184F8602100230022C4E9522394F8D2
:10A53800FD377BB3D4ED777A236EFCEEE77AEB1A1E
:10A5480017EE902A934250D894F86331002B36D1F5
:10A5580029466846FAF764FD0E9B032B3CD8D4F8CD
:10A56800A407FAF78DFD002848D09DF83C303BB190
:10A578000D9BEB1A002B2FDA0C9BEB1A002B2BDA16
:10A58800D4F83C31012B05D0204BD4F840215B6D29
:10A598009A4237D211B030BDD0F83C31012BB2D03D
:10A5A8001A49D0F84031496D8B42ACD2AA1AC91A5F
:10A5B8008A4294BF9B185B18C0F84031A3E7F9F7AB
:10A5C80021FF0028E6D12B460A220621204611B099
:10A5D800BDE83040FDF7ECBB2B461722062120468C
:10A5E80011B0BDE83040FDF7E3BB02222B4611460F
:10A5F800204611B0BDE83040FDF7DABB2B460D22EE
:10A608000621E3E72B4616220521DFE76CB7000891
:10A618002DE9F04F2DED028BCFB00446476E0D4665
:10A62800FDF740FC94F8FD37002853D0616E07EE23
:10A63800907A40F6B7329142B8EE678A06462ED92C
:10A64800002B4DD1A26F40F6B8339A424ED194F800
:10A658006331002B4AD0DFEDCB7AB4EEE78AF1EE16
:10A6680010FA43DC94F8FD3743BB294625A8FAF7CE
:10A67800D7FC94F861319DF8D070DDE92C8913B1CD
:10A68800002F00F0858194F8FD371BB194F86331F1
:10A69800002B39D04FB0BDEC028BBDE8F08F002BFA
:10A6A800E3D094F863314BB9D4ED1E7AF8EEE77A2B
:10A6B800F4EEC87AF1EE10FA40F21E8204F2CC43AE
:10A6C800D3ED007AF4EEC87AF1EE10FA48BF83EDC4
:10A6D800008ACAE7002BDDD002222B4611460BE088
:10A6E800A26F40F6B8339A4200F0BE810223C4F844
:10A6F800FC3300222B46032120464FB0BDEC028BD1
:10A70800BDE8F04FFDF754BBDFF880A2D4F83C3128
:10A71800D4F84421C4F84451012B06D0D4F8403170
:10A72800DAF854108B42C0F0B481DAF8083094F8A3
:10A738006201029307EE903AF8EE677AF4EEC87A6F
:10A74800F1EE10FA0ED860B9236EC4F8B037C4F829
:10A758002033012384F86231C4F81833636EC4F8D7
:10A7680024333046D4ED1E7AD4F84811F8EEE70ABF
:10A77800B0EE480A15AAFFF79BFC002800F0B0814C
:10A78800159B032B00F0B381012B00F07981022B7C
:10A7980014BF0F220D222270169AC4F83C3107EE1E
:10A7A800902AF8EE677A04F2B441C1ED007A04F514
:10A7B8009761C1ED007A002F00F07481984509D1A6
:10A7C8004A4507D3179B03FB02F22E9B03FB09F3B1
:10A7D8009A420BD2D4F8A4072946FAF74BFE002870
:10A7E80040F09C81D4E91623C4E95423D4ED767A49
:10A7F800D4F8B437266EFCEEE77AF61A17EE903ADC
:10A808009E42FFF447AF642204F5D27135A800F0E8
:10A818005FFB07EE906ADFED5C0AF8EE677A04F5F5
:10A82800237767EEA00AB0EE480A35A918AA384679
:10A83800FCF7C0FD002800F05381DAF824300293B9
:10A8480007EE903AF8EE677ACDED3C7AF9F7DAFD43
:10A85800002800F05F81002618AA35A9384633463B
:10A86800FCF762FF002800F03B81E76DD4F8DC12AA
:10A87800226EDDF860B094ED1C7AC4F8B42707EEB8
:10A88800906AA66DC4F8B867C4E9B37604F58F6614
:10A898000131C4F8DC12C4F8D422616EC4F8BC7764
:10A8A800C4F8C852C6F800B004F28446DDF864A0C3
:10A8B800C6F800A004F59166B8EEC77ADDF868908E
:10A8C800C6F80090249BC4F8F81204F5966181ED4F
:10A8D800007AC4F8FC3204F27C43DDED1C6ADDF832
:10A8E8006C80DDF874E0DDF878C0AA1AC4F8D822C4
:10A8F800C3F8008004F28C43C3ED006A04F5926348
:10A90800F8EEE77AC3F800E004F29443C3F800C015
:10A9180004F593631F9994EDAB6A94EDAA7A1960D4
:10A9280004F29C43209A1A6004F5946321991960F3
:10A93800B4EEC76A04F59563239A1A60F1EE10FA2B
:10A9480004F2A443ACBF01220022C3ED007AC4F88C
:10A958008C23C0F2DC80DDED4A7AF0EEE66AF4EE94
:10A96800E76AF1EE10FA40F3D28094F80138002B30
:10A9780000F01C81D4F8CC37EB1A84F80108C4F82D
:10A98800383387E600803B456F12833A6CB700087E
:10A99800D4E95423D4E91601DDF8ACB0FCF7AAF9E0
:10A9A80000283FF470AEDFF820A3216E309BDAF860
:10A9B8004820CB1A9342FFF666AED4ED577A94F846
:10A9C8006301D4E9162304F2E44CCCED007A04F5D3
:10A9D8009D6C8CED008A4FF0010C0293C4F844B4CE
:10A9E800C4F84814C4F84C34C4F8502484F861718D
:10A9F800C4F840C400287FF44DAEE04500F00F8154
:10AA0800DAF86400039007EE100A78EE677AB8EE79
:10AA1800477AB4EEE77AF1EE10FA40F21E81B8F107
:10AA2800020F94F8FDC700F0C780BCF1000F40F09A
:10AA38008F80DAF85830D4ED567A029307EE103A40
:10AA480078EE677AB8EE477AB4EEE77AF1EE10FA64
:10AA58003FF620AE04F599620023C2ED007A84ED3A
:10AA6800568AC4F8403115E694F8633153B1DFEDE6
:10AA7800957AB4EEE78AF1EE10FA7FF71FAE35E665
:10AA88000C2288E6B0EE480A29462046FFF7C0FBAC
:10AA9800D8E5AA1AC91A8A4294BF9B185B18C4F849
:10AAA800403142E694F86131002B7FF49FAE236E6B
:10AAB800CDE9003515A9D4E91623D4F8A407FAF787
:10AAC8004DFB294688BB04A8FAF7AAFA012384F8A3
:10AAD8006131D4E9162384ED578AC4E9542385E605
:10AAE8002B46122207212046FDF762F9D2E5002203
:10AAF800C4F848210F224EE6B0EE480A29462046FF
:10AB08004FB0BDEC028BBDE8F04FFFF781BB0020D2
:10AB1800034632E7F9F7B0FC46689DE62B46172254
:10AB280006212046FDF744F9B4E535A8FAF778FA86
:10AB38003A9B002B3DD1062109222B462046FDF7E2
:10AB480037F9A7E5C4F84C71BCF1000F3FF471AFB9
:10AB5800CDE90015029BD4F8A4075946FAF70AFD77
:10AB6800002800F0A58094F8633194F8FD27002BA5
:10AB78007FF490ADDAF85810D4ED567A029107EECA
:10AB8800101A78EE677AB8EE477AF4EEC77AF1EEE3
:10AB980010FA07DB04F59961C1ED007AC4F8403179
:10ABA80084ED568A002A7FF4B1AD73E5C4F8CC571A
:10ABB800E3E605211522C0E7DAF85C00039007EE0A
:10ABC800100AB8EE477AB4EEE77AF1EE10FAB9DD7A
:10ABD800D4F84C0100F1010EDAF86000C4F84CE139
:10ABE80086453ED2BCF1000FB2D1DAF85830D4ED28
:10ABF800567A029307EE103A78EE677AB8EE477AFB
:10AC0800B4EEE77AF1EE10FA3FF644AD04F5996335
:10AC1800C3ED007A84ED568AC4F840C13AE594F849
:10AC2800FD07002894D1DAF85830D4ED567A02930B
:10AC380007EE103A78EE677AB8EE477AB4EEE77A1C
:10AC4800F1EE10FA3FF626AD04F59963C3ED007AEC
:10AC580084ED568AC4F840011CE52B4618220521CC
:10AC68004AE5D4F84831DAF81C000344DAF8200041
:10AC7800C4F848314FF0000E8342C4F84CE11BD9A8
:10AC8800C4F84801BCF1000F7FF462AFDAF858301D
:10AC9800D4ED567A029307EE103A78EE677AB8EE5A
:10ACA800477AF4EEC77AF1EE10FAFFF6F3ACADE7A7
:10ACB8002B46092206211FE5BCF1000F7FF448AF9F
:10ACC800E4E700BF00803B456CB7000830B52DEDC8
:10ACD800028B044693B002A80D46FAF7A1F9029B2D
:10ACE800D4F8382193423ED0C4F838314C4BD4EDD7
:10ACF800197A9B680193B8EE678A07EE903AF8EEE6
:10AD0800677A0022B4EEE78AF1EE10FAB4BF134670
:10AD18000123C4F8402184F8632184F86231C4F81F
:10AD2800183300220023C4E95223C4F844510123F4
:10AD380084ED568A84F86031D4ED1E7AF8EEE70A7D
:10AD4800B0EE480AF4EEC80AF1EE10FA5AD904F542
:10AD5800D27104F52370FCF785FA20BB002013B0EC
:10AD6800BDEC028B30BD002384F863312C4BD4ED4D
:10AD7800197A9B6894F860210193B8EE678A07EE08
:10AD8800903AF8EE677AC4F84451F4EEC87AF1EED6
:10AD980010FA94BF0123002384F86231C4F81833F1
:10ADA800002AC9D1C3E704F2A4712846FAF778F952
:10ADB8000028D3D1D4ED1E7A236ED4F8481194F824
:10ADC8006201C4F8B437F8EEE70AB0EE480A02AAFE
:10ADD800FFF76EF90028C1D0029BC4F83C31012B63
:10ADE8001CD0022B14BF0F230D23204623702946A5
:10ADF800FFF70EFC2078093818BF012013B0BDEC0E
:10AE0800028B30BD20462946FFF702FA2078093820
:10AE180018BF012013B0BDEC028B30BD0C23E4E752
:10AE28006CB7000810B501390244904201D10020E6
:10AE380005E0037811F8014FA34201D0181B10BD9B
:10AE48000130F2E7884210B501EB020402D98442CE
:10AE5800234607D8431EA14207D011F8012B03F857
:10AE6800012FF8E70244824200D110BD13F8011DFA
:10AE780002F8011DF7E702440346934200D17047E8
:10AE880003F8011BF9E7000070B50D4B0D4D5B1B76
:10AE98009C100026A64209D100F0A4FA0A4D0B4BDB
:10AEA8005B1B9C100026A64205D170BD55F8043BDB
:10AEB80098470136EEE755F8043B98470136F2E724
:10AEC800DCB70008DCB70008DCB70008E0B700080A
:10AED8000A44914200F1FF3300D1704710B511F8D0
:10AEE800014B03F8014F9142F9D110BD08B52DED82
:10AEF800028BB0EE408A00F087F8B4EE488AF1EE93
:10AF080010FA06D6DFED098AB4EEE88AF1EE10FAF7
:10AF180002D4BDEC028B08BD00F0E2F888EEA80A66
:10AF2800BDEC028B2123036008BD00BF00000000B8
:10AF380008B52DED028BF0EE408AB0EE608A00F085
:10AF480047F820B9B0EE480ABDEC028B08BDB0EE58
:10AF5800480A00F03DF858B1F4EEC88AF1EE10FA4C
:10AF6800C8BFB0EE688AB0EE480ABDEC028B08BDD7
:10AF7800B0EE688AB0EE480ABDEC028B08BD00BF8F
:10AF880008B52DED028BF0EE408AB0EE608A00F035
:10AF98001FF820B9B0EE480ABDEC028B08BDB0EE30
:10AFA800480A00F015F858B1F4EEC88AF1EE10FA24
:10AFB80048BFB0EE688AB0EE480ABDEC028B08BD07
:10AFC800B0EE688AB0EE480ABDEC028B08BD00BF3F
:10AFD80010EE103A33F000400ED0A0F50003B3F1A4
:10AFE800FE4F0DD3074B421E9A4207D9A0F1FF40EE
:10AFF800B0FA80F04009704702207047032070477C
:10B0080004207047FEFF7F00B1EEC00A704700BF02
:10B0180010EE102AC2F3C7537F3B162B22F00041D3
:10B028001BDC002B10461EDB1A4919410A4223D0AB
:10B03800DFED197A70EE277AF5EEC07AF1EE10FAA4
:10B048001ADD002A04DA4FF4000242FA03F3184426
:10B0580020EA010300EE103A7047B1F1FF4F0BD31D
:10B0680030EE000A7047DFED0C7A70EE277AF5EEC5
:10B07800C07AF1EE10FA00DC7047002A02DB9FED7F
:10B08800070A704711B99FED060A7047BFEE000A1C
:10B09800F2E700BFFFFF7F00CAF24971000000001D
:10B0A8000000008010EE103AC3F3C7527F3A162A08
:10B0B80019460BDC002A03F0004309DB074840FA75
:10B0C80002F20A40134300EE103A7047802A02D079
:10B0D80000EE103A704730EE000A7047000080FF1B
:10B0E800014B1868704700BF0C0000202DE9F0479D
:10B0F800089D0F4604468C46002B48D18A421646C6
:10B1080061D9B2FA82F34BB1C3F1200201FA03FC10
:10B1180020FA02F29E4042EA0C0C9C404FEA164E7E
:10B12800B7B2BCFBFEF1220C0EFB11CC42EA0C427A
:10B1380001FB07F0904209D9B21801F1FF3C80F0F9
:10B14800EE80904240F2EB8002393244121AA4B2E7
:10B15800B2FBFEF00EFB102244EA024400FB07F7A4
:10B16800A74209D9341900F1FF3280F0DA80A742EA
:10B1780040F2D7803444023840EA0140E41B002101
:10B188001DB1DC400023C5E90043BDE8F0878B42D0
:10B1980006D90DB1C5E9000100210846BDE8F087D0
:10B1A800B3FA83F1002948D1BB4202D3824200F2AC
:10B1B8000781841A67EB030201209446002DE4D02E
:10B1C800C5E9004CE1E7002A00F09280B2FA82F368
:10B1D800002B40F0A8808A1A4FEA164E1FFA86FC08
:10B1E8000121200CB2FBFEF70EFB172240EA0242B7
:10B1F8000CFB07F0904207D9B21807F1FF3802D2CA
:10B20800904200F2E2804746121AA4B2B2FBFEF066
:10B218000EFB102244EA02440CFB00FCA44507D9AB
:10B22800341900F1FF3202D2A44500F2CB80104657
:10B23800A4EB0C0440EA0740A2E7C1F120068B40CA
:10B2480022FA06FC4CEA030C07FA01F420FA06F38A
:10B25800F7404FEA1C49234300FA01F81FFA8CFE15
:10B26800B7FBF9F01C0C09FB107744EA074400FB14
:10B278000EF7A74202FA01F20AD91CEB040400F106
:10B28800FF3A80F09B80A74240F2988002386444DD
:10B29800E41B9FB2B4FBF9F309FB134447EA0444E7
:10B2A80003FB0EFEA64509D91CEB040403F1FF3786
:10B2B80080F08280A6457FD9023B644443EA00407F
:10B2C800A4EB0E04A0FB02E7BC427346B94663D365
:10B2D80060D05DB1B8EB030264EB090404FA06F62A
:10B2E80022FA01F31E43CC40C5E9006400214CE773
:10B2F8006208480842EAC1710B0C43EA00438AB26B
:10B3080042EA0342B3FBF6F1E407B4463746B646D1
:10B318001F23B0FBF6F0D21B41EA004161E761460A
:10B3280014E7104628E7C3F1200120FA01F29E40F5
:10B3380027FA01F19F403A434FEA164E1FFA86FC5E
:10B34800B1FBFEF70EFB1710110C41EA004107FB99
:10B358000CF8884504FA03F43AD9711807F1FF305C
:10B3680001D288451FD8A1EB0801B1FBFEF808FB04
:10B378000CF70EFB181192B242EA0142BA422FD2E0
:10B38800B21808F1FF31C6D2BA42C4D2A8F10201FC
:10B398003244C0E7F0459CD2BEEB020367EB0C07D2
:10B3A8000138B94695E7A6EB08084144B81EB1FB39
:10B3B800FEF808FB0CF7DCE73B467FE7504667E7FB
:10B3C8000846FBE63444023832E7023F32441BE7C2
:10B3D800A1EB08013846B1FBFEF808FB0CF7C8E7FB
:10B3E800414698E7F8B500BFF8BC08BC9E467047D0
:0CB3F800F8B500BFF8BC08BC9E467047CA
:10B40400000000000102030400000000000000002E
:10B4140001020304060708091301000014000000D8
:10B42400050000000A000000C8000000320000000F
:10B43400FA00000010270000140000003200000091
:10B44400102700000A0000002800000088130000F4
:10B454000A0000002800000030750000010100000F
:10B46400450100000AF100000C01534601000000F0
:10B47400B80B0000B80B000000000000581B0000CF
:10B4840064000000FA000000FA0000007D000000E3
:10B4940082000000000000006400000001000000C1
:10B4A40001000000581B0000000000000400000020
:10B4B400030000000100000001000000B80B0000C0
:10B4C4000000000000000000F00000000100000087
:10B4D40002000000040000000400000088130000C3
:10B4E400000000001E00000002000000190000001F
:10B4F400020000000000A041000000000000000065
:10B50400000000000080A2430000803F0000000013
:10B514000000000000000000008089430080A24376
:10B52400000000000000A041000016450000C842D1
:10B53400000096450000000000000000000000002C
:10B5440000000000000000000000000000000000F7
:10B554000000FA430000004000409C450000000049
:10B5640000000000000000000000000000000000D7
:10B5740000000000000000000000F0410000000096
:10B5840000000000000000000080A2430000803F93
:10B59400000000000000000000000000008089435B
:10B5A4000080A243000000000000A04100001645F6
:10B5B4000000C8420000E145000000000000000057
:10B5C4000000000000000000000000000000000077
:10B5D400000000000000FA430000004000409C45C9
:10B5E4000000000000000000000000000000000057
:10B5F40000000000000000000000000000002042E5
:10B604000000000000000000000000000080A243D1
:10B614000000803F00000000000000000000000067
:10B62400008089430080A243000000000000A04184
:10B63400000016450000C842000016460000000045
:10B6440000000000000000000000000000000000F6
:10B6540000000000000000000000FA430000004069
:10B6640000409C45000000000000000000000000B5
:10B6740000000000000000000000000000000000C6
:10B684000000C04000000040000000000000000076
:10B6940000803B450000803F0000000000000000E7
:10B6A4000000000000803B4500803B450000000096
:10B6B40000002041000000000000C842000000001B
:10B6C40000008040000080400000F04100000000C5
:10B6D4000000000000000000000000000000FA4329
:10B6E4000000004000409C450000803F00004040B6
:10B6F4000000803F0000004000409C4500000040E6
:10B704000000C841000020410000000000000000CB
:10B714000AD7A33C0000484300007A4400007A445E
:10B72400000000000000C84200007AC400007A440F
:10B734000000A040000000000000A0400000FA4209
:10B744000000A041000002430000A040000020418E
:10B754000000000000409C450000484200409C4519
:10B76400000000400000FA430100000088130000BC
:10B774000A00000064000000401F000020030000D5
:10B78400B80B00002C010000A00F0000581B0000A3
:10B794000A0000000A00000002000000320000005D
:10B7A4000300000090010000E80300000500000011
:10B7B4001E000000E02E0000E0A501008813000038
:10B7C4000200000001000000020000001900000057
:08B7D40020F9FF7F01000000D5
:04B7DC00350200082A
:04B7E0000D0200084E
:10B7E4008096980001000000100000001000002066
:10B7F40000000000740C0020DC0C0020440D00202C
:10B804000000000000000000000000000000000034
:10B814000000000000000000000000000000000024
:10B824000000000000000000000000000000000014
:0CB8340000000000000000000000000008
:040000050800025994
:00000001FF
