:020000040800F2
:10000000000002205902000899030008A903000813
:10001000B1030008B9030008C10300080000000094
:10002000000000000000000000000000C9030008FC
:10003000CD03000800000000D1030008D50300082C
:10004000A9020008A9020008A9020008A9020008E4
:10005000A9020008A9020008A9020008A9020008D4
:10006000A9020008A9020008A9020008A9020008C4
:10007000A9020008A9020008A9020008A9020008B4
:10008000A9020008A9020008A90200080000000057
:10009000000000000000000000000000A9020008AD
:1000A000A9020008A9020008A9020008A902000884
:1000B000A9020008A9020008A9020008A902000874
:1000C000A9020008A9020008A9020008A902000864
:1000D000A9020008A9020008E103000800000000CE
:1000E000A9020008A9020008A902000800000000F7
:1000F000000000000000000000000000A90200084D
:1001000000000000A9020008D9030008A9020008A5
:1001100000000000000000000000000000000000DF
:10012000A9020008A9020008A9020008A902000803
:10013000A90200080000000000000000000000000C
:10014000000000000000000000000000A9020008FC
:10015000A9020008A9020008A9020008DD0300089E
:10016000A9020008A9020008000000000000000029
:10017000000000000000000000000000000000007F
:1001800000000000A90200080000000000000000BC
:08019000A9020008A902000801
:1001980053B94AB9002908BF00281CBF4FF0FF31E6
:1001A8004FF0FF3000F00CB8ADF1080C6DE904CE4B
:1001B8000BF074F8DDF804E0DDE9022304B07047C1
:1001C800704700BF0348044B834202D0034B03B17E
:1001D800184770475C0000205C0000200000000009
:1001E8000548064B1B1AD90F01EBA301491002D091
:1001F800034B03B1184770475C0000205C000020E7
:100208000000000010B5064C237843B9FFF7DAFF69
:10021800044B13B10448AFF300800123237010BDD1
:1002280060000020000000009CB5000808B5054BE0
:100238001BB105490548AFF30080BDE80840FFF74A
:10024800CFBF00BF00000000640000209CB500087C
:10025800DFF834D000F0DCF80C480D490D4A0023D3
:1002680002E0D458C4500433C4188C42F9D30A4A63
:100278000A4C002301E013600432A242FBD30AF0C7
:10028800DBFE00F00FF8704700000220000000209D
:100298005C000020B0B9000860000020040E0020B7
:1002A800FEE7000030B591B001F07CFC00F026F9C3
:1002B800042302221946602000F0B4F820B901F0A6
:1002C800D7FB03F0D5FD08B101F0D4FB00F038F9F5
:1002D8002D4902462D4801F0D9FB2C4801F060FC5D
:1002E800054601F07FFD0028EED04FF47A7000F04B
:1002F8002DF901F0F5FD0028E6D0284601F0DCFED6
:100308000028E1D000F01CF9012102461F4801F045
:10031800CFFB002DD8D02B78012BD5D115E01B4869
:10032800214601F01DFC04F007F828BB01F056FF38
:10033800204601F08FFF10B9204601F091FF1348C5
:10034800214601F029FC01F0A1FF00F0F9F804466C
:1003580001F044FF00F0F4F801F07CFF684601F07A
:10036800F3FD0028DBD000F0EBF8694604460246AE
:10037800064801F0A1FBD2E723460A2206212846B7
:1003880007F050FDD2E700BFCCB500088000002080
:1003980008B501F0C5FCBFF34F8F30BFFBE700BFC6
:1003A80008B5FFF7F5FF00BF08B5FFF7F1FF00BF7D
:1003B80008B5FFF7EDFF00BF08B5FFF7E9FF00BF7D
:1003C800704700BF704700BF704700BF00F0ACB86F
:1003D80003F09ABA01F0B2BD01F0FABE10B50446B6
:1003E80001F0D4FD00B110BD2046BDE8104001F079
:1003F80053BF00BF01F074BF10B5044601F0F4FD0F
:1004080000B110BD2046BDE8104001F093BF00BF09
:10041800034AD2F8883043F47003C2F88830704732
:1004280000ED00E0F0B595B01F4D204C0027019776
:100438002E6C46F080562E642D6C05F08055019583
:10044800019D0297256845F4404525602468119070
:1004580004F4404402944FF480350124CDE9084562
:1004680008A802244FF48005CDE90E45CDE91223F2
:10047800029C109100F006FA10B1012015B0F0BDF1
:1004880003460F240220CDE903404FF48052032194
:1004980003A8CDE90532079300F00EFCC01B18BF76
:1004A800012015B0F0BD00BF0038024000700040C8
:1004B800704700BF38B50E4A0E4B127805461868CB
:1004C8004FF47A73B3FBF2F3B0FBF3F000F0BEF82D
:1004D80008B90F2D01D9012038BD04460246294626
:1004E8004FF0FF3000F056F8034B20461D6038BD32
:1004F80004000020000000200800002008B5094B77
:100508001A6842F400721A601A6842F480621A602B
:10051800032000F02DF80F20FFF7CCFFFFF7C8FFEE
:10052800002008BD003C0240034A044B11681B78B8
:100538000B441360704700BFD80800200400002057
:10054800014B1868704700BFD808002038B504462A
:10055800FFF7F6FF631C054602D0044B1B781C44CA
:10056800FFF7EEFF401BA042FAD338BD040000207D
:100578000749CA6803024FF6FF0003F4E06302402C
:10058800134343F0BF6343F40033CB60704700BFAD
:1005980000ED00E01B4BDB68C3F3022300B5C3F199
:1005A800070EBEF1040F03F1040C28BF4FF0040E30
:1005B800BCF1060F1CD9A3F1030C4FF0FF3303FA6B
:1005C8000CF322EA03024FF0FF3303FA0EF321EA99
:1005D800030303FA0CF313431B010028DBB20ADB05
:1005E80000F1604000F5614080F800335DF804FBDD
:1005F80000229446E7E7044A00F00F00024413760D
:100608005DF804FB00ED00E0FCEC00E0002807DBEF
:10061800044A4109012300F01F00834042F82130B9
:10062800704700BF00E100E000280CDB43090649E1
:1006380000F01F0020330122824041F82320BFF33D
:100648004F8FBFF36F8F704700E100E00138B0F1C2
:10065800807F01D30120704710B44FF0E023074C8E
:1006680058614FF0F00C84F823C00022072110468F
:100678009A615DF8044B1961704700BF00ED00E016
:10068800002808DB4309044900F01F0001226033F9
:10069800824041F82320704700E100E02DE9F04F47
:1006A80000230C68DFF8C8A185B04FF0010B89461C
:1006B80003E00133102B00F087800BFA03F202EA03
:1006C8000408A243F5D1D9F8041001F0030C5A002C
:1006D80003250CF1FF379540012F6FEA050576D900
:1006E800BCF1030F08D0C76807EA050ED9F80870EF
:1006F800974047EA0E07C76007680CFA02F23D40C8
:100708002A4311F4403F0260D3D000220392DAF862
:10071800442042F48042CAF84420DAF8442002F423
:1007280080420392039A23F0030202F1804203F00D
:1007380003070F2602F59C32BF0006FA07FC494E54
:100748009568B04225EA0C0515D006F58066B042DA
:1007580075D0454EB04278D0DFF818C160457AD0E0
:10076800DFF814C160450CBF4FF0040C4FF0070CC4
:100778000CFA07F73D4395603C4A9268CE026FEA4F
:1007880008053A4E54BF2A4048EA0202B260F268AD
:10079800364E8F0254BF2A4048EA0202F26072685D
:1007A8008E03324E54BF2A4048EA02027260326811
:1007B800C90303F101032D4954BF2A4048EA020244
:1007C800102B0A607FF479AF05B0BDE8F08F876819
:1007D80007EA050ED9F80C70974047EA0E078760BC
:1007E800476827EA080EC1F300179F4047EA0E073B
:1007F8004760C76807EA050ED9F80870974047EAC6
:100808000E07BCF1020FC7607FF476AFDF0800EB7C
:10081800870700973E6AD9F81070019603F0070E13
:100828004FEA8E0E0F2607FA0EF706FA0EFE019E05
:1008380026EA0E0E009E47EA0E0737625CE74FF085
:10084800010C0CFA07F73D4395E74FF0020C0CFA40
:1008580007F73D438FE74FF0030C0CFA07F73D43CA
:1008680089E700BF0000024000080240003C014048
:1008780000380240000C02400010024002B909048E
:1008880081617047002800F06A812DE9F041036812
:10089800DD0782B004462FD59F498A6802F00C0212
:1008A800042A00F0EF808A6802F00C02082A00F09F
:1008B800E5806368B3F5803F00F0EE80B3F5A02FC4
:1008C80000F07981944D2A6822F480322A602A68DF
:1008D80022F480222A60002B40F0E380FFF730FEEC
:1008E800064605E0FFF72CFE801B642800F2038112
:1008F8002B689F03F6D423689D0728D5864A9168FC
:1009080011F00C0F00F09280916801F00C01082999
:1009180000F08880E368002B00F010817F4B7E4E4A
:1009280001221A60FFF70CFE054605E0FFF708FEF6
:10093800401B022800F2DF8033689F07F6D5336832
:10094800226923F0F80343EAC203336023681A07D5
:1009580053D45D0730D5704A136C13F0805300F000
:10096800818000256E4E3368D80540F1B480A368B5
:10097800012B00F0C480052B00F02D81664E326FEC
:1009880022F001023267326F22F004023267002B34
:1009980040F0BA80FFF7D4FD41F28838074605E0F9
:1009A800FFF7CEFDC01B404500F2A580336F9B07C3
:1009B800F6D4002D40F00981A369D3B1564DAA6839
:1009C80002F00C02082A00F0CC80022B534B4FF0A7
:1009D80000021A6600F00981FFF7B2FD044605E03F
:1009E800FFF7AEFD001B022800F285802B689B01F3
:1009F800F6D4002002B0BDE8F08163690BB3474B21
:100A0800454E0122C3F8802EFFF79AFD054604E003
:100A1800FFF796FD401B02286DD8736F9B07F7D52B
:100A2800236896E7526851023FF574AF3A4A126854
:100A3800920744D5E268012A41D0012002B0BDE8FE
:100A4800F081364A344EC2F8803EFFF779FD0546FC
:100A580004E0FFF775FD401B02284CD8736F9F0711
:100A6800F7D4DDE70193136C43F080531364136CE0
:100A780003F080530193019B012573E74A685102F3
:100A88007FF517AF244A126892037FF535AF626885
:100A9800002A7FF431AFD0E71F4A136843F480334C
:100AA8001360FFF74DFD1C4E054604E0FFF748FDB7
:100AB800401B64281FD833689B03F7D51BE71649EA
:100AC80020690A6822F0F80242EAC0020A601A079E
:100AD8007FF53FAF91E7336843F480733360FFF7E6
:100AE8002FFD07463368D9053FF541AFFFF728FDCD
:100AF800C01B0228F6D9032002B0BDE8F081064ADF
:100B0800136F43F001031367FFF71AFD024F064600
:100B180041F288380BE000BF00380240000047422D
:100B280000700040FFF70CFD801B4045E3D83B6F89
:100B38009A07F7D5002D3FF43FAF46E0424A434EAF
:100B48001360FFF7FDFC054604E0FFF7F9FC401BC6
:100B58000228D0D833689907F7D42368F7E601202C
:100B68007047012B3FF469AF6B68E26903F48001B9
:100B780091427FF462AF226A03F03F0191427FF411
:100B88005CAF616A47F6C0721A40B2EB811F7FF40E
:100B980054AFA26A520803F44031013AB1EB024F54
:100BA8007FF44BAFE26A03F07063B3EB026F14BFDC
:100BB800012000201EE7254B1A6842F480221A60A3
:100BC8001A6842F480321A606BE7204A136C23F0EB
:100BD80080531364F0E61D4B1A6F42F004021A6743
:100BE8001A6F42F001021A678EE7FFF7A9FC064662
:100BF80005E0FFF7A5FC801B02283FF67CAF2B68B9
:100C08009901F6D4D4E90731626A0B4343EA8213A7
:100C1800D4E90A2052080C4943EA0063013A43EA3E
:100C2800024301226B600A66FFF78AFC074D0446FF
:100C380005E0FFF785FC001B02283FF65CAF2B6838
:100C48009A01F6D5D5E600BF0000474200380240B9
:100C5800164908B58B6803F00C03042B1BD0082B2E
:100C680001D0134808BD4A684B68496813F48003EB
:100C780002F03F0211D10E48C1F38811A1FB000117
:100C8800FFF786FA094B5B68C3F3014301335B0046
:100C9800B0FBF3F008BD074808BD0648C1F388114A
:100CA8000023A1FB0001FFF773FAEBE700380240CD
:100CB8000024F40000127A00002800F08780484AD7
:100CC800136803F007038B422DE9F0410D460446F3
:100CD80009D2CBB21370136803F007038B4202D01A
:100CE8000120BDE8F0812368980714D5590704D579
:100CF8003C498A6842F4E0528A601A0704D53949A7
:100D08008A6842F460428A603649A0688A6822F09C
:100D1800F00202438A60DF0721D56268012A57D0B2
:100D2800931E012B2F4B1B684DD99907D8D52D4EF3
:100D3800B36823F003031343B360FFF701FC41F2E8
:100D48008838074604E0FFF7FBFBC01B404544D842
:100D5800B368626803F00C03B3EB820FF3D1204A47
:100D6800136803F00703AB4206D9EBB2137013689C
:100D780003F00703AB42B3D123685A0706D51949D4
:100D8800E0688A6822F4E05202438A601B0707D5AC
:100D9800144A2169936823F4604343EAC1039360CA
:100DA800FFF756FF0F4A104C92681049C2F303121E
:100DB8000346A25C0E48D34000680B60FFF77AFB3D
:100DC8000020BDE8F0819801B1D489E7012070477F
:100DD800044B1B689E03AAD482E7032081E700BF67
:100DE800003C024000380240BCB50008000000206A
:100DF80008000020044B05499B68054A0868C3F3AE
:100E08008223D35CD840704700380240000000209D
:100E1800B4B50008044B05499B68054A0868C3F344
:100E28004233D35CD84070470038024000000020AD
:100E3800B4B50008026802F10C0353E8003F23F43C
:100E4800907302F10C0C4CE800310029F3D102F147
:100E5800140353E8003F23F0010302F1140C4CE89B
:100E680000310029F3D1036B012B05D02022002388
:100E780080F842200363704702F10C0353E8003FF7
:100E880023F0100302F10C0C4CE800310029F3D1D7
:100E9800ECE700BF0268116938B50446C068A3686A
:100EA80021F4405101432069116103436069D1680D
:100EB8000343E06921F4164121F00C0103430B437D
:100EC800D3605369A069234923F4407303438A42DA
:100ED800536105D0204B9A4202D0FFF78BFF01E007
:100EE800FFF798FFE2691921B2F5004FD4E90053E2
:100EF800A0FB010113D09A009B0FFFF749F9174A8D
:100F0800A2FB00135B09642101FB130000013230CE
:100F1800A2FB00201B0103EB5013AB6038BDDA18AD
:100F28004FF000035B41FFF733F90C4AA2FB003195
:100F38004909642303FB1103DB003233A2FB0323BB
:100F4800C3F342121B0902EB011203F4F8731344B2
:100F5800AB6038BD00100140001401401F85EB5103
:100F6800704700BF70B310B590F84130044603F0E5
:100F7800FF0213B32268242384F84130D36823F492
:100F880000532046D360FFF785FF2368196921F4D1
:100F980090411961596921F02A015961D9680022E3
:100FA8004FF0200C41F40051D960626484F841C0CC
:100FB80084F842C01046626310BD80F84020FFF7F5
:100FC800CFFFD7E701207047704700BFB8B102686C
:100FD800242310B580F84130D36823F40053044625
:100FE800D360FFF7F1FF0023636484F8403084F88E
:100FF800413084F8423018462363636310BD0120F2
:10100800704700BF90F84130202B15D101B10AB9C3
:101018000120704710B40023046801622121C284B2
:10102800436480F84110E168828441F08001E16006
:1010380018465DF8044B70470220704790F842301C
:10104800202B03D101B11AB9012070470220704743
:1010580010B4046981620023222103638285C2855A
:101068004364036880F842101CB1DA6842F4807265
:10107800DA605A695DF8044B42F001025A61DA6895
:1010880042F020020020DA60704700BF036810B504
:10109800044603F10C0252E8002F22F4907203F187
:1010A8000C0040E800210029F3D103F1140252E8B2
:1010B800002F22F0010203F1140040E8002100296A
:1010C800F3D1226B012A28D05A69520607D400238B
:1010D8002022E38584F842201846236310BD03F1DB
:1010E800140252E8002F22F0400203F1140040E8F5
:1010F80000210029F3D1E06B0028E8D00023036524
:1011080000F058FC0028E2D0E06B00F0AFFC20288B
:10111800DDD110236364032010BD03F10C0252E8F3
:10112800002F22F0100203F10C0040E800210029F2
:10113800F3D1C9E708B5806B0023C385FFF75CF9D5
:1011480008BD00BF704700BF90F84230222B49D13C
:1011580083680168826AB3F5805F44D0002B4BD165
:101168000369002B48D14B68DBB21370826A0132E5
:10117800C38D8262013B9BB2C385002B32D100B57F
:101188000268D16821F0200183B0D160D16821F4D0
:101198008071D16051694FF0200C21F0010151613B
:1011A80080F842C04363016B012929D1036302F12E
:1011B8000C0353E8003F23F0100302F10C0C4CE839
:1011C80000310029F3D11368DB0605D501911368B6
:1011D800019353680193019B818DFFF7B3FF03B01F
:1011E8005DF804FB70470369002BBCD14B68C3F35F
:1011F800080322F8023BBBE74B6803F07F03B4E720
:10120800FFF7ECF803B05DF804FB00BF70B50568A4
:101218002B68EE68696913F00F0F82B004462A46FE
:1012280013D19D0602D5B10600F1E080216B01299A
:101238003DD0180602D5310600F1AE805B0602D516
:10124800750600F1C88002B070BD11F0010140F0D0
:101258008D8016F4907FE9D0DA070BD5F00540F1C0
:101268005381626C580742F00102626440F1CD80FC
:1012780000297FD1980740F1CA80190700F103813E
:10128800626C002ADFD09A0602D5B30600F14081CD
:101298006B69626C03F0400302F0080253EA02062D
:1012A800204640F0C080FFF7A7F86664CBE7D80671
:1012B800BFD5F106BDD50023019313680193536888
:1012C8000193019B5169A38D4D0640F1E380E06BCA
:1012D8000168496889B2002900F01F81994280F0AD
:1012E8001C81E185C169B1F5807F36D002F10C031C
:1012F80053E8003F23F4807302F10C0545E8003100
:101308000029F3D102F1140353E8003F23F001034D
:1013180002F1140545E800310029F3D102F1140364
:1013280053E8003F23F0400302F1140545E800317B
:101338000029F3D1202384F84230216302F10C0301
:1013480053E8003F23F0100302F10C0545E8003193
:101358000029F3D100F02EFBA38D02226263E18DF8
:10136800591A204689B2FFF7EDFE6CE7DA0747D431
:10137800580740D5626C990742F0020262643CD576
:10138800626C42F0040262641A077FF579AF626CFE
:1013980042F00802626473E794F84130212B7FF42D
:1013A80052AFA168236AB1F5805F00F0BF80591C75
:1013B80021621B785360E38C013B9BB2E384002BD2
:1013C8007FF441AFD36823F08003D360D36843F040
:1013D8004003D36037E7D368202123F04003D3606C
:1013E800204684F84110FFF705F82CE702B0BDE865
:1013F8007040FFF7A9BE9907C2D41A07C7D43FE7C0
:10140800F0053FF52EAF5A07B4D498073ED4180715
:101418007FF536AF06F020020A43B8D1636C002B83
:101428007FF436AF0FE7FFF705FD6B695E0626D53B
:1014380005F1140353E8003F23F0400305F11401BC
:1014480041E8003262B1226802F1140353E8003F18
:1014580023F0400302F1140040E800310029F3D1E1
:10146800E06B60B1374B036500F0EEFA00283FF4FB
:10147800EAAEE06B036D02B0BDE870401847204645
:10148800FEF7BAFFDFE6B20681D4C7E700293FF4CA
:10149800F4AE75E7E08DE18D89B280B200293FF4A2
:1014A800D2AE1B1A99B200293FF4CDAE02F10C035B
:1014B80053E8003F23F4907302F10C0545E800302F
:1014C8000028F3D102F1140353E8003F23F001038D
:1014D80002F1140545E800300028F3D1202384F8F0
:1014E8004230206302F10C0353E8003F23F010035D
:1014F80002F10C0545E800300028F3D102236363AC
:101508002046FFF71FFE9EE65A073FF5B3AE7CE77D
:101518002046FFF719FE2568BAE699427FF493AE94
:10152800C369B3F5807F7FF48EAEE7E721690029B0
:101538007FF43DAF33F8021BC1F308015160236209
:1015480039E700BF3D110008036A026A22F0010270
:1015580070B40262446882690D6822F073022A43FB
:101568008D6823F002032B430B4DA84206D049682F
:101578004460826170BC416303627047CD6823F0A8
:1015880008032B43D1E9055624F44074354323F06E
:1015980004032C43EBE700BF00000140036A026A22
:1015A80022F4807270B402624468C2690D6822F045
:1015B80073022A438D6823F4007343EA05230C4D14
:1015C800A84206D049684460C26170BCC163036226
:1015D8007047CD6823F4006343EA0523D1E9055633
:1015E80024F44054354323F4806344EA0514E9E7BE
:1015F80000000140036A026A22F4805230B4026299
:101608004468C2690D6822F4E64242EA05228D6800
:1016180023F4005343EA0533074DA84206D049682E
:101628004460C26130BC0164036270474D6924F4B0
:10163800804444EA8514F2E70000014091BB90F829
:101648003E30012B3AD1022380F83E30036801F086
:101658001F01186A01228A4020EA02001862186AEB
:10166800224902438B421A6232D0B3F1804F0ED026
:101678001F4A93420BD002F58062934207D002F5CD
:101688008062934203D002F59A32934204D19A6859
:1016980002F00702062A03D01A6842F001021A6013
:1016A8000020704704290BD0082916D090F8413043
:1016B800012B03D1022380F84130C7E7012070478E
:1016C80090F83F30012BF9D1022380F83F30BDE775
:1016D8005A6C42F400425A64D9E790F84030012B22
:1016E800ECD1022380F84030B0E700BF0000014091
:1016F80000040040036810B41A6A01F01F044FF098
:10170800010C0CFA04FC22EA0C021A621E4A1C6A3A
:101718001C62934222D01C6A41F21112144204D175
:101728001C6A40F24442144213D0012329B980F8BC
:101738003E305DF8044B0020704704291DD008296D
:101748000CBF80F8403080F841305DF8044B002031
:1017580070471A6822F001021A60E6E71C6A41F233
:1017680011121442D7D11C6A40F244421442D2D119
:101778005A6C22F400425A64CDE780F83F305DF895
:10178800044B0020704700BF00000140704700BFB5
:10179800FFF754BFFFF7AEBF70B4264E4A6903681F
:1017A8008D680C68B04235D0B0F1804F1CD0A6F5DA
:1017B8007C46B04218D006F58066B04214D006F5D3
:1017C8008066B04210D01C4EB04211D006F580663B
:1017D800B0420DD006F58066B04209D023F08003F0
:1017E800C5621A4384620CE04E6823F070033343E9
:1017F800C968C56223F440730B4323F080031A437E
:1018080084620368012143F00403036070BC4161F2
:10181800026070474E6823F070033343CE68C56298
:1018280023F44073846233430969016323F080031E
:101838001A43E6E7000001400040014050B310B5EC
:1018480090F83D30044603F0FF02F3B1214602232D
:1018580084F83D3051F8040BFFF79EFF012384F80C
:10186800463084F83E3084F83F3084F8403084F8BD
:10187800413084F8423084F8433084F8443084F8A6
:10188800453084F83D30002010BD80F83C20FFF73B
:101898007DFFDBE701207047036A026A22F010022D
:1018A80070B40262446882690D6822F4E64242EA32
:1018B80005228D6823F0200343EA05130C4DA84246
:1018C80006D049684460826170BC816303627047D6
:1018D800CD6823F0800343EA0513D1E9055624F4C3
:1018E8004064354323F0400344EA8504E9E700BF38
:1018F8000000014038B590F83C30012B57D0012347
:1019080004460D4680F83C300C2A08D8DFE802F07F
:101918001E0707072E0707073F0707070C000120C8
:10192800002384F83C3038BD0068FFF763FEC369C4
:101938002A6943F40063C361C36923F48063C36104
:10194800C36943EA0223C3610020E9E70068FFF79F
:10195800FBFD83692A6943F008038361836923F0E7
:1019680004038361836913438361EDE70068FFF72C
:1019780093FF83692A6943F400638361836923F4CD
:1019880080638361836943EA02238361DCE700683B
:10199800FFF704FEC3692A6943F00803C361C369FA
:1019A80023F00403C361C3691343C361CCE7022076
:1019B80038BD00BF70B50446866DFEF7C1FD94F8CA
:1019C8003530022B06D080236365002384F8343039
:1019D800012070BD23681A6822F016021A605A693D
:1019E80022F080025A61226C054642B31A6822F03E
:1019F80008021A601A6822F001021A6005E0FEF770
:101A08009FFD431B052B10D823681B6813F00103A7
:101A1800F5D1E16D3F228A40184601210023B260CA
:101A280084F8351084F8343070BD032320226265B1
:101A3800184684F83530002384F8343070BDA26C21
:101A4800002AD3D1D6E700BF90F83530022B03D057
:101A580080234365012070470268052380F83530EC
:101A6800136823F00103002013607047406D70472E
:101A780000F0F8B808B500F093F930BFFDE700BFF3
:101A880011B10860012070470846704778B170B5F9
:101A98000D461646044640F65802002109F0C3FADE
:101AA800324629462046BDE8704006F0BFB9704767
:101AB80008B106F005BA70472DE9F04188B006462E
:101AC80017460C4620220021684609F0ACFA002E81
:101AD80041D0002C3FD096F84B08D4E90423A0B39A
:101AE800D6F85008D6F85418994208BF904206F51F
:101AF800056830D0CDE90023D4E90D212346C6E995
:101B0800D22133F8022BD4F8020003920490104635
:101B1800A269029201259A889B79ADF8142006A93A
:101B28008DF816308DF81C50FFF7AAFF3A468DF84D
:101B38001D003046D4E904676946C8E9006706F025
:101B48003BFB284608B0BDE8F08152EA0301F9D012
:101B580006F50568CEE7002008B0BDE8F08100BFB3
:101B6800C0B170B50D46044606F0E6FA284602F004
:101B780087FA28B929462046BDE8704007F0EEBA32
:101B880002F00EFA2B4620460A22BDE870400621D4
:101B980006F048B9704700BF08B107F0F1BA7047BE
:101BA800704700BF1C4A1D4B116B41F0020182B007
:101BB8001163116B01914FF4C02001999861D968A4
:101BC800174821F03C0141F02801D960596821F0FB
:101BD80006015960196821F03C0141F014011960AF
:101BE800136C43F003031364136C01934FF0804CA0
:101BF8000021019BCCF83C10C163DCF8203023F4B1
:101C08008073CCF82030036A23F480730362BFF337
:101C18004F8F02B0704700BF0038024000040240F6
:101C28000004004010B59AB004464422002109A8D7
:101C380009F0F9F9002341F2BF21602208A8CDE993
:101C48000333CDE9053302930B910192079308946E
:101C5800FFF7F4FD082201A908A8FFF74BFE1AB008
:101C680010BD00BF70B58AB02A4B002401941A6BCE
:101C780042F002021A631A6B02F002020192019A00
:101C880002941A6C42F001021A641A6C02F0010202
:101C98000292029A03941A6C42F002021A641B6CB4
:101CA80003F002030393039B00F03AF81A490894DF
:101CB8004FF4C0228A6102250623012604A916488A
:101CC8000493CDE905650795FEF7E8FC04A94FF4F0
:101CD8008062022310480896CDE90423CDE9064521
:101CE800FEF7DCFC0122022304A90B480694CDE987
:101CF8000423CDE90755FEF7D1FC4FF08040FFF7EC
:101D080091FF0648FFF78EFF0AB0BDE8704000F06B
:101D180047B800BF003802400004024000040040F9
:101D28001C4A1D4B116B41F0020182B01163116B0B
:101D380001914FF4C02001999861D968174821F0A2
:101D48003C0141F02801D960596821F00601596029
:101D5800196821F03C0141F014011960136C43F03B
:101D680003031364136C01934FF0804C0021019B13
:101D7800CCF83C10C163DCF8203023F48073CCF835
:101D88002030036A23F480730362BFF34F8F02B0DD
:101D9800704700BF003802400004024000040040C1
:101DA800FFF7BEBF08B568B90B490C480122FFF719
:101DB80045F908B9012008BD094AD3690133002053
:101DC800D36108BD0548FFF761F90028ECD0044A43
:101DD800936901339361E7E75809002060090020FF
:101DE800DC080020F0B5282287B000213548364DA0
:101DF800002409F018F9354800F0C6FACDE9014485
:101E0800CDE90344009405942B6B314843F0040357
:101E18002B632B6B03F00403224600934FF480716D
:101E28000227009B0126FEF729FD4FF480732848FE
:101E3800039401A9CDE901360497FEF72FFCC023CE
:101E48002348019301A908230593CDE90347029785
:101E5800FEF724FC01946B6C43F020036B646B6CFD
:101E680003F020030193019A1A4A1B4B13604FF4A5
:101E7800E133536010460C23C2E90244C2E904432B
:101E8800C2E90644FFF76EF810B1002007B0F0BDB4
:101E9800024605214720FEF77DFB4720FEF7B6FBEB
:101EA8000E490C483246FFF7C9F810B9304607B05A
:101EB800F0BD044AD36947203344D361FEF7B4FB2D
:101EC800E3E700BFDC0800200038024008090020D2
:101ED8000008024060090020001401405809002051
:101EE80008B54720FEF7A0FB1048FFF7CFF80F48CA
:101EF800FFF76CF808B1002008BD0C48FFF732F86E
:101F08000028F8D10A4800F03FFA4720FEF77EFB88
:101F1800084906480122FFF791F808B9012008BDD1
:101F2800054AD3690133D361E5E700BF60090020A2
:101F38000809002058090020DC0800200148FFF7A4
:101F480065B900BF6009002038B50446D0B1EFF389
:101F5800108572B60C4800F0ABFA8646BEE80F0052
:101F6800A446ACE80F00BEE80F00ACE80F00BEE8DE
:101F78000F00ACE80F009EE80F008CE80F0005B9D1
:101F880062B6012038BD00BF0809002028B1114BF6
:101F980002689A4202D000207047704710B50E4C74
:101FA800236801332360FEF7CBFA0C49034601226C
:101FB8000B4800F0EFF909490A480122FFF73EF8FB
:101FC80008B9012010BDE36901200344E361FFF76C
:101FD800E9FEF6E700140140DC080020580900205B
:101FE800080900206009002028B1174B02689A42AE
:101FF80002D000207047704710B5144B446C5A68E3
:1020080090F842101C6201325A60426C5962120701
:1020180002D59A6801329A60426C540702D5DA6890
:102028000132DA60426C910702D51A6901321A61ED
:10203800426CD20702D55A6901325A610120FFF772
:10204800B1FE012010BD00BF00140140DC080020D3
:10205800B0B170B50D4649B116464FF6FE73013A58
:102068009A4203D80446FFF711F808B1002070BD62
:10207800B2B229462046FEF7C5FF18B9012070BD47
:1020880000207047054906480122FEF7D7FFB0FA3D
:1020980080F14909034800F0C7FEE7E7E80A002095
:1020A800F00A0020A80900200A4602480221FEF78B
:1020B800E5BB00BF0000024000286ED02DE9F041CA
:1020C800014688B03848394E002400F0C5FB38482E
:1020D80000F050FECDE90344CDE90544029407948D
:1020E800336B344843F001033363336B03F001036C
:1020F8002246029302210225029B0127FEF7BEFB1E
:102108002C4803A9CDE90357CDE905454FF00C0844
:10211800FEF7C4FA07232748049503A90695264D18
:1021280007930594CDF80C80FEF7B8FA234B244AA0
:102138001D492448009500F0B5FDC5E90244C5E9EC
:1021480006440394C5F814802C61336C1E4A43F48A
:1021580000333364336C03F40033039328464FF49D
:10216800E133C5E900230399FEF7FCFE18B100200E
:1021780008B0BDE8F081024605212620FEF70AFADC
:102188002620FEF743FA11493A462846FEF756FF3D
:1021980028B9384608B0BDE8F081002070472620ED
:1021A800FEF742FAE3E700BF140A002000380240B5
:1021B800A809002000000240F00A00205920000869
:1021C800B1200008000A002000440040E80A00206E
:1021D8000148FFF71BB800BFF00A002070B5194B83
:1021E80090B026205E68FEF71FFABFF35F8F3F228C
:1021F8006946154800F0ECFD0546134800F036FE28
:102208000446BFF35F8F710606D455B9A2070FD4F1
:10221800E30712D410B070BD2620FEF7F7F9002DA1
:10222800F4D02A460948694600F022FBA207EFD5F8
:10223800074800F08BFD10B070BD054800F072FD36
:1022480010B070BD00E100E0A8090020140A0020C9
:10225800000A00200146014800F04CBB140A002087
:1022680010B50446084800F033FB08B9002010BD3B
:10227800054800F037FB0028F8D121460248BDE8A0
:10228800104000F0B7BB00BF140A0020014800F05E
:102298001BBD00BF000A002028B10D4B02689A42FE
:1022A80002D000207047704710B50A4C0A482178C0
:1022B80000F070FD012221460848FEF7BFFEB0FA83
:1022C80080F14909044800F0AFFD012010BD00BFAE
:1022D80000440040E80A0020A8090020F00A002075
:1022E800E0B108B502680E4B9A4201D0002008BD43
:1022F80000220C480221FEF7C1FA0B48012100F028
:10230800A9FD012209490A48FEF798FEB0FA80F1B2
:102318004909054800F088FD012008BD704700BF45
:102328000044004000000240A8090020E80A0020FC
:10233800F00A0020E0B108B502680E4B9A4201D0BD
:10234800002008BD00220C480221FEF797FA0B482E
:10235800022100F07FFD012209490A48FEF76EFEBE
:10236800B0FA80F14909054800F05EFD012008BD7A
:10237800704700BF0044004000000240A809002048
:10238800E80A0020F00A002018B15022002108F0C5
:102398004ABE7047002800F08A80002900F0878034
:1023A800002A00F084802DE9F041013A82B01F46EE
:1023B80004464D1E8E184FF0000809E0FD2820D075
:1023C800226BE36B013201332263E363B5421DD014
:1023D800A26815F8010F002AF0D0511C0729A05453
:1023E800A160F3D101AA2046ADF8048000F05EFD9B
:1023F80090B304280DD005280ED1A36B0133A36335
:102408000AE00123B5422070A360E1D102B0BDE823
:10241800F081636B01336363A268D4F83CC0012A7E
:1024280041D92346012102E0013191420FD013F82E
:10243800010FFD28F8D10CEB01038A42E36308D9A8
:10244800521AA2602144204608F0D4FDBEE7614438
:10245800E1630023A360B9E72346A28853F8121B5F
:10246800C4F81210A17999719A80E36ABDF8040042
:1024780053B1226C616CBA1A09B18A4200D2626403
:10248800A16C8A4288BFA2640133C4E90A73236A33
:10249800208201332362636A276443F10003636285
:1024A8000023A36092E70CF10103E363D1E77047CF
:1024B80000B11030704700BF2DE9F0410C4684B0E0
:1024C80015460127064600222946204698468DF8DB
:1024D8000870039206F066FEA8B95EB1062C0DD00E
:1024E800052C0CD1012D19D0AB1E012B07D8B8F53E
:1024F8007F4F2FD0384604B0BDE8F081EDB10620FB
:1025080004B0BDE8F0810A9B00932A464346214661
:10251800304606F06DFE04B0BDE8F081B8F57F4F97
:102528001DD0B8F1000F13D12B460A9A8DF8083048
:1025380002A9304605F00AFDE2E707230A9A8DF85A
:10254800083002A93046CDF80C8005F0FFFCD7E72B
:102558002846D5E7032D14BF09230823E5E70346DA
:10256800E3E700BF70B513460C4615460A4601213D
:10257800064607F021FD30B936B12DB124B996F8D9
:10258800943013B92C80012070BDB6F87840F9E773
:102598002DE9F8430C4617460A46002180461E4698
:1025A80007F00AFD60BB0546B8F1000F29D046B315
:1025B80001F066FF814620B3A4F10B03062B1AD95C
:1025C800A4F11403032B1FD9242C1AD8DFE804F034
:1025D800BDB1ADA9A5A19E969390741919191919A1
:1025E8001919706C19191919686460574E4A4642CE
:1025F8003E3734312F0008EB040090F85D3033800B
:1026080001252846BDE8F883C4F11704D8F85C1002
:10261800D8F858302401C4F12002E34001FA02F24C
:10262800203C134321FA04F423433380E8E737803E
:10263800E6E73A0C3280E3E700233380E0E798F8D6
:102648009430002BDBD0B8F87830D8E7D8F8A4302D
:102658003380D5E7B8F8A6303380D1E7D8F8A03072
:102668003380CDE7B8F8A2303380C9E7D8F8AC207A
:102678004FF6FF73934228BF13463380C0E7D8F85C
:10268800A8204FF6FF73934228BF13463380B7E75D
:10269800B8F8B0303380B3E7D8F860303380AFE7AC
:1026A800B8F862303380ABE790F82C303380A7E776
:1026B80090F82B303380A3E73946404605F02CFCD0
:1026C80099F8283099F8291099F82A209B0043EAAC
:1026D800C10398F8941043EA410343EA021398F8B7
:1026E8004C2003439BB2002A3DD143F0200386E7E8
:1026F800C38C338084E7838C338081E742684FF64C
:10270800FF73934228BF1346338079E703783380F9
:1027180076E798F80330338072E798F80230338010
:102728006EE798F8013033806AE798F80030338014
:1027380066E798F874309BB1D8F864204FF6FF73B9
:10274800934228BF13469BB259E798F874303BB1BF
:1027580098F8753023B1D8F87030B3F5803FF2D3CC
:102768004FF6FF734BE743F0600348E7436A072BD4
:1027780071D970B50446051D461D0621284600F08E
:10278800B9FB62892379824211D0012B04D1D4F894
:10279800B4300133C4F8B430D4F8BC30626A0133C1
:1027A800012AC4F8BC302CD80023636270BD012B09
:1027B80013D0D4E92E13626A01310833082AC4E918
:1027C8002E13F1D9083A626204F10C01284608F088
:1027D80011FC636A072BD0D870BDD4F8B02061799A
:1027E80001320529C4F8B02012D0A36C032B1FD9DD
:1027F800D4F8C4300133C4F8C430626A082AD3D983
:10280800E0E7013A62623146284608F0F3FBE0E768
:10281800E288B2F5807FE8D12289002AE5D194F8D0
:1028280054208AB1D4F8C8300133C4F8C830E4E77A
:1028380005332868696844F8330004EBC302516023
:10284800A36C0133A364D8E72A6869682165E26448
:1028580084F85430D1E7704748B138B504460D467E
:10286800D0220021043008F0DEFB256038BD704717
:1028780068B361B35AB3013A2DE9F04705464E1ED5
:102888008F184FF01F0A00F1050900F104080AE04B
:10289800621C2C4416F8013F237128466A62FFF730
:1028A80065FFBE4211D06C6A202CF1D1D5F8BC303E
:1028B800C5F824A001331F22C5F8BC30494640465C
:1028C80008F098FB22461F24E3E7BDE8F08770472D
:1028D80010B5044628B1FFF749FFA06C003818BFAF
:1028E800012010BD10B5044618B1FFF73FFF94F85A
:1028F800540010BD2DE9F04184B040B1036804468E
:102908002BB10D46FFF732FF94F8546026B9002624
:10291800304604B0BDE8F0810095E06C216DB4F854
:102928004E2002AB03C3B4F8503094F84D10206821
:10293800002552BA5BBA9BB292B284F85450FFF7A2
:10294800BBFDD4F8CC30A26CA5641344C4F8CC30D9
:1029580094F8AC30002B39D100283DD048F201530F
:102968000128A4F8853004F1850841D006280CBF59
:102978000223042384F887300321404600F0BAFA82
:10298800030A84F88930D4F8C03084F88800052216
:102998000133C4F8A820C4F8C03094F88450012743
:1029A80084F8AC70002DB3D1D4F8A820414604F1C6
:1029B8005D0008F065FBD4F8A830C4F8803084F8CE
:1029C8008470C4F8A85084F8AC50A1E7D4F8D0308B
:1029D8000133C4F8D0309BE702AB03CB082304F1E2
:1029E8008508C4F88500C4F88910C4F8A830D4E76D
:1029F8000323BFE700285FD02DE9F047036884B0C0
:102A0800044643B10D46FFF7B1FE94F8543013B9AC
:102A180094F884301BB1002004B0BDE8F08720464C
:102A2800FFF7A4FEA16C0029F5D0A26AC4F85520CE
:102A38000129E26AC4F8592004F1550604F1280373
:102A48000CD00122194653F8080FD3F804C0C1F876
:102A580004C00860A16C01329142F3D894F8568002
:102A6800A8F103030139012BA16464D9A8F1050376
:102A7800012B23D9012568F07F0884F85D5084F87C
:102A88005E8084F85F50032104F15D0000F032FAA3
:102A9800D4F8C03084F86000010A05222B4484F879
:102AA8006110C4F8802084F88450C4F8C0302046EF
:102AB800FFF75CFE0120AFE700207047B4F857A08D
:102AC800B4F859309AFA9AF7BFB25BBA3946404619
:102AD8001FFA83F906F066FB98B9B8F1060F0DD016
:102AE8007B1E022B0DD9012568F07F08022384F88C
:102AF8005D5084F85E8084F85F30C4E7BAF1000F57
:102B0800F1D1009520684B463A464146FFF7D4FC80
:102B180000285FD0012800F0908006280CBF02230F
:102B28000423012568F07F0884F85D5084F85E80EE
:102B380084F85F30A7E7B4F85990B4F8577099FA59
:102B480099F91FFA89F909F1FF337FBA0A2BBFB245
:102B580068D84FEA490A264604EB490913E00DF103
:102B68000E032A46FFF714FD0137B0B1BDF80E3049
:102B780086F861301B0A86F860300236B14537D0D6
:102B8800B7F5803F09D0B8F1030F2068B9B2E6D194
:102B98000DF10E02FFF7E6FCE6E7012568F07F0875
:102BA800022384F85D5084F85E8084F85F30032146
:102BB80004F15D0000F09EF9D4F8C03084F860009C
:102BC800010A052284F86110C4F8802084F8845032
:102BD8002B446AE77168D4F85500C4F85D000822F0
:102BE8000123C4F86110C4F8802084F884305EE7BB
:102BF80004F15D0501260AF105030AF103072846D9
:102C080084F85D6084F85E8084F85FA0C4F8803042
:102C1800394600F06FF9E8555544000A287184F8E0
:102C2800846044E70321012568F07F0884F85D503B
:102C380084F85E8084F85F10BAE7032371E700BF69
:102C480048B149B190F8843023B1D0F880300B6096
:102C58005D307047184670470846704770B138B500
:102C680090F8AC300025044680F88450C0F88050B5
:102C78002BB92046BDE83840FFF778BD7047D0F83B
:102C8800A82000F185015D3008F0FAF9D4F8A820F1
:102C9800C4F88020012384F88430C4F8A85084F84C
:102CA800AC50E6E710B4019C50B1C0E90012002115
:102CB800C0E9023401611AB120465DF8044B10479F
:102CC8005DF8044B704700BF40B330B50446006858
:102CD80083B028B163681BB1A3680BB1237C1BB117
:102CE8000021084603B030BD01A9FFF7A9FF05463A
:102CF8000028F5D06368E068012198472946A36851
:102D0800019AE0689847014620B1012308462374D8
:102D180003B030BD6368E0689847E1E700210846E2
:102D2800704700BF80B1436810B5044623B1C0683E
:102D380000219847237C03B910BD00232068237421
:102D4800BDE81040FFF78ABF704700BF80B14368F5
:102D580010B5044623B1C06800219847237C03B905
:102D680010BD002320682374BDE81040FFF776BF2C
:102D7800704700BF68B110B540220021044608F032
:102D880052F9002323646364A364E36423656365E1
:102D980010BD7047C8B1026CBFF35B8F531C03F0C2
:102DA8003F03D0F844C0BFF35B8F634505D081541F
:102DB800BFF35B8F036401207047483050E8003F41
:102DC800013340E80032002AF8D10020704700BFE4
:102DD80070B5864610B111B30AB9104670BD436C80
:102DE800BFF35B8F056CBFF35B8F9D4219D0013A2F
:102DF8008E1801F1FF3C5C1C1EF80300624604F0CB
:102E08003F030232AB420CF8010FA2EB010001D0E4
:102E1800B445F0D1BFF35B8FCEF8443070BD08469F
:102E280070BD0020F6E700BF50B100F14C0353E835
:102E380000CF0CF1010C43E800C2002AF7D101B120
:102E48007047503050E8003F013340E80032002A14
:102E5800F8D1704748B1BFF35B8F543050E8003F5A
:102E68000B4340E80032002AF8D1704760B1BFF345
:102E78005B8F00F15403002253E8000F43E8002160
:102E88000029F9D1BFF35B8F704700BF60B151B122
:102E98000139431E4218002013F8011F934280EAAB
:102EA8000100F9D170470846704700BFE0B170B51E
:102EB8001546DAB1072911D10378FD2B04460FD145
:102EC80005214679FFF7E2FF86420BD1A379FE2B55
:102ED8000ED1B4F801302B80002070BD022070BDE7
:102EE800032070BD042070BD01207047012070BD13
:102EF800052070BD8446E0B1C9B100B500EB010EF4
:102F08004FF6FF701CF8013B0822584000F00103FF
:102F180003EB830103EB413383EA5000531E13F0A4
:102F2800FF0280B2F2D1E645ECD15DF804FB084619
:102F3800704770470120704748B91D4B5B6903F023
:102F48000603062B0A46014609D000207047184B95
:102F58005B6903F00603062B4FF00002F5D14FF032
:102F68008043186A10F4807014D010B4114C206A91
:102F780010F480700BD0186810F0010007D020689A
:102F880010F0010003D0D86B904204D000205DF807
:102F9800044B70477047E26B8A42F7D1DB6B23B171
:102FA800E06BB0FA80F04009F1E70120EFE700BFDD
:102FB8000004024000040040F0B5044689B00D4604
:102FC800164600214822CDE90211CDE90411CDE9C8
:102FD80006111F4608F027F841F2BF22E26025607B
:102FE800602220460192FEF729FC20B1084B1E7092
:102FF800002009B0F0BD082201A92046FEF77AFC9E
:1030080010B9012009B0F0BD014B1F70F0E700BFF7
:10301800380B002010B5FDF7EDFE1B4B9B6813F431
:10302800E05F1A4B18BF4000984201D0002010BD45
:103038004FF08042906A0028F8D1154CA16A002907
:10304800F5D1D36A41F2BF208342EFD1E06A9842BA
:10305800ECD1D36903F07003602BE7D1E36903F087
:103068007003602BE2D1136A13F40073DED1216A76
:103078008905DBD4D3695B07D8D4E069C0F3800045
:1030880080F00100C0B210BD0038024000D8B80579
:10309800000400402DE9F0474FF08044A44FA54DAF
:1030A8000026814688463E70FEF73AFE236823F0E4
:1030B800010323602B6823F001032B6026612E6136
:1030C800BFF34F8F9C4B93F800A0BAF1000F41D08B
:1030D80008F1FF339BB241F2BE22934227D8FFF793
:1030E80029FF0646002848D008219448FEF752FBDD
:1030F800082106469248FEF74DFB002E40F0D98085
:1031080000283CD00B233B70FEF70AFE4FF08042AC
:10311800884B116821F0010111601968002021F025
:103128000101196010611861BFF34F8F0FE0082388
:103138003B70FEF7F5FD236823F0010323602B683D
:1031480023F001032B6026612E61BFF34F8F00200F
:10315800BDE8F08707233B70FEF7E2FD236823F004
:10316800010323602B6823F001032B60C4F810A02F
:10317800C5F810A0BFF34F8FE9E70923D8E76F4BD5
:103188001B68D8636E4B1B68D86301236062686252
:1031980063616B6120612861BFF34F8F694B5B6985
:1031A80013F0060F40F08380E36B002B7FD1EB6BAD
:1031B800002B7CD1636A002B79D16B6A002B76D106
:1031C8004FF080452B6ADA0571D45A4E336ADB0515
:1031D8006DD42B68DC076AD4336813F0010A66D112
:1031E80056480821FEF7D4FA0446002865D1544809
:1031F8000821FEF7CDFA002872D1BFF34F8F514B4B
:103208005B6913F0060F56D1EB6B002B53D1F36BB0
:10321800002B50D12B6AD8054DD5464D2B6AD905C0
:1032280049D54FF080463368DA0744D52B68DB0769
:1032380041D5DFF810A16FF0010300247462012268
:103248006C620621336150462B61FDF717FBBFF313
:103258004F8FDAF8143003F00603062B56D1374B9C
:103268001A68374B1B68B9F1000F4AD0D463C3F80A
:103278003C80BFF34F8F41464846FFF75DFE04464A
:1032880000287FF465AF32233B70FEF749FD4FF00D
:103298008042284B116821F001011160196821F062
:1032A8000101196014611C61BFF34F8F4FE72D2393
:1032B80029E70A2327E7302325E72E233B70FEF76B
:1032C8002FFD2B6823F001032B60336823F00103E3
:1032D8003360C5F810A0C6F810A0BFF34F8F36E7CB
:1032E8002F233B70FEF71CFD2B6823F001032B6096
:1032F800336823F0010333602C613461BFF34F8FCF
:1033080025E7C2F83C80C3F83C90B2E731233B7014
:10331800FEF706FD336823F0010333602B6823F0C2
:1033280001032B6034612C61BFF34F8F0FE700BF9F
:10333800380B002000040040CC0B0020840B002038
:103348003C0B00200004024008B5FEF7E9FC4FF0F2
:103358008042074B116821F00101116019680020B3
:1033680021F00101196010611861BFF34F8F08BD8A
:10337800000400400F4B586910F0060018D14FF0B8
:103388008043DA6B9AB90C49C86B88B91A6A12F487
:1033980080720CD1086A10F4807007D11B68DB07B3
:1033A80005D40868C04300F0010070471046704714
:1033B8000020704700040240000400402DE9F0435B
:1033C8006C4E6D4B6D4D6E4F4FF0000885B086F812
:1033D80000801A6B85F8008042F002021A631A6CAA
:1033E80042F003021A641A6B03921A6C039B4FF0A3
:1033F800804453400393039BFEF792FC236823F019
:10340800010323603B6823F001033B60C4F810808C
:10341800C7F81080BFF34F8F5A4B5B484FF4C02258
:103428009A615A6822F006025A609A6842F03C0291
:103438009A60DA6822F03C0242F02802DA601A68E0
:1034480022F03C0242F014021A601A6822F4401278
:1034580042F400121A605A6822F480625A609A682C
:1034680042F440129A60DA6822F44012DA605A6A2A
:1034780022F4706242F480725A621A6822F00302DF
:1034880042F002021A605A6822F001025A609A68F1
:1034980042F003029A60DA6822F00302DA601A6ADC
:1034A80022F00F0242F002021A6221460223012290
:1034B800FFF782FD18B33548042303223946FFF786
:1034C8007BFD8146E0B1FEF72BFC236823F0010366
:1034D80023603B6823F001033B60C4F81080C7F801
:1034E8001080BFF34F8FFFF795FD8046E0B1FFF7DF
:1034F80041FF60B301232B7005B0BDE8F08381461E
:10350800FEF70EFC236823F0010323603B6823F0D9
:1035180001033B60C4F81090C7F81090BFF34F8FB9
:10352800002005B0BDE8F08305233370FEF7F8FBF3
:10353800236823F0010323603B6823F001033B6009
:10354800C4F81080C7F81080BFF34F8FE8E7062350
:1035580001903370FEF7E4FB2368019823F0010320
:1035680023603B6823F001033B6020613861BFF3AF
:103578004F8FD5E7380B002000380240CC0B0020D5
:103588000004004000040240840B00203C0B002093
:1035980001460120FFF77EBD01460020FFF77ABDF6
:1035A800014B1878704700BF380B002070B50E46E5
:1035B800044648B32C4BDD6B2C4B1B786BB1FFF7E3
:1035C800B9FC50B1ADB245B1731E9BB241F2BE22F7
:1035D800934202D8FFF71EFDD0B9254B32221A704C
:1035E800FEF79EFB4FF080421F4B116821F001014E
:1035F80011601968002021F001011960106118613B
:10360800BFF34F8F002070BD4FF08043DD6BD3E7D1
:1036180029462046FFF790FC0028DED0FCB1124B6B
:10362800DE63BFF34F8F20463146FFF785FC044623
:103638000028E8D10E4B32221A70FEF771FB4FF0CA
:103648008042094B116821F001011160196821F0CD
:103658000101196014611C61BFF34F8FD2E74FF06D
:103668008043DE63DDE700BF00040040CC0B002090
:10367800380B002038B50C4640B9A9B1FFF7CAFC91
:1036880080B12146BDE83840FFF756BC51B9054620
:10369800FFF7C0FC30B12C4621460020BDE8384079
:1036A800FFF74ABC002038BDBDE83840FFF762BECE
:1036B8000A4B002210B5DA601968094C21F00101A3
:1036C800196032201A615A622270FCF7ADFF32206D
:1036D800FCF7D6FFBFF34F8F10BD00BF000C0040B2
:1036E800CF0B0020F0B53149314E324C324A334DC0
:1036F800002383B008603370237013702B70002888
:1037080051D02F4F2F49386C40F008003864386C7E
:1037180001900198CB60086820F0010008600B61F7
:1037280032204B621370FCF77FFF3220FCF7A8FFB2
:10373800BFF34F8FFDF75EFBBB68234A13F4E05FCE
:1037480018BF4000A0F51C53103B934226D81F4BCE
:103758001F4A00FB03F3B2EB331F1FD31D4A194B5B
:10376800A2FB0020400B1C4A013810600C221A6092
:10377800012600224FF0FF315A609A609A611A625E
:103788009862D96232205A6304215E611A61FCF79B
:1037980001FF304626702E7003B0F0BD122333703F
:1037A800002003B0F0BD11233370F9E7D80B0020D7
:1037B800CD0B0020D00B0020CF0B0020CE0B00201B
:1037C80000380240000C0040FFFF0F27917EFB3AB3
:1037D800B88D06005917B7D1D40B00202DE9F04158
:1037E800354C364F364B002582B03D70E560226877
:1037F80022F0010222600646256132206562884671
:103808001D70FCF711FF3220FCF73AFFBFF34F8F12
:103818002C4A1278002A45D02B490A78002A41D030
:10382800002E3FD046453DD20A20A6FB0036A8FB15
:1038380000800643002E3CD14FF00C0E234E01921F
:10384800C4F800E03668A66208F1FF30E06201269D
:1038580003206363656266612561E0603220FCF7DE
:103868000FFF2068164B30431E702060BFF34F8F48
:103878002568019A1449354017D115223A700D7000
:10388800E560236823F0010323600D4B2561322096
:1038980065621D70FCF7C8FE3220FCF7F1FEBFF32D
:1038A8004F8F01E013223A700022104602B0BDE8A3
:1038B800F08114223A70F7E7000C0040CD0B00208D
:1038C800CF0B0020D00B0020CE0B0020D40B002003
:1038D800034B187818B1034B186800F001007047C3
:1038E800CF0B0020000C0040024B187808B1024BA7
:1038F80018787047D00B0020CE0B0020014B1878A9
:10390800704700BFCD0B0020314B70B51B68314CA0
:103918002269002B45D0304E357845B391051AD52C
:103928002E492F4A1920087000211170022098474B
:10393800284B0022DA60196821F001011960322051
:103948001A615A623270FCF76FFE3220FCF798FE5B
:10395800BFF34F8F70BD12F0010020D112F00202A8
:10396800E5D11E491A2008701D490A70DEE71C4976
:103978001A4A0D700220182111709847E5602368D3
:1039880023F0010323603220256165623570FCF75E
:103998004BFE3220FCF774FEBFF34F8F70BD012041
:1039A800C5E70E490E4A1B2008701370E3602268B1
:1039B800094922F0010222603220236163620B7000
:1039C800FCF732FE3220FCF75BFEBFF34F8F70BD71
:1039D800D80B0020000C0040CF0B0020CD0B00209E
:1039E800CE0B002038B5104B104D1B7800222A70E2
:1039F8007BB10F4B1C7864B10E4A126940F2032365
:103A08001A420BD13220FCF701FEBFF34F8F20463C
:103A180038BD16232B700024204638BD17242C707F
:103A2800FFF772FF2C70F6E7CF0B0020CD0B0020BC
:103A3800CE0B0020000C0040F8B51F4B1C78002C62
:103A480038D01E4B1C78002C34D01D4F3C78002CED
:103A580030D1831E802B05462CD81A4EF46033686B
:103A680023F0010333603220346174623C70FCF748
:103A7800DBFD3220FCF704FEBFF34F8F04233360D5
:103A8800114B05EB85001B68B36240004FF0FF3314
:103A9800F3620A380123032270637462736134612C
:103AA800F2603B70336843F001033360BDE8F840CF
:103AB800FFF798BF0020F8BDD00B0020CE0B0020E8
:103AC800CF0B0020000C0040D40B002070B51E4D19
:103AD8001E4C2B78616A626B23B32368DB0721D500
:103AE8001B4B1B78F3B1831E802B1BD8266940F231
:103AF80003231E4024D18A1A002A15DB154B3046B1
:103B08001B689847E660236823F00103236032208E
:103B1800266166622E70FCF787FD3220FCF7B0FD47
:103B2800BFF34F8F002070BD00EB80000A3901EB16
:103B380040016163BFF34F8FBDE87040FFF752BF8C
:103B4800FFF7E2FEEEE700BFCF0B0020000C0040BD
:103B5800CE0B0020D80B002038B5194C94F848300B
:103B680033B11849184A0B78106DC4E9040338BDFD
:103B78000546FFF7FFFB13490B7868B10BB962687C
:103B880052B1124A10481268006DA5EB020C60454C
:103B980009D90244501BE8E794F848000028E1D10D
:103BA800C4E9040338BD23680022581C2060C4E916
:103BB80001221346E26062640A701046D5E700BF2E
:103BC800E00B0020400C00201CB90008380C002035
:103BD8001B4B9A6A10B4C2F10102DC680244144417
:103BE800DC605C6AA24218D95968121B11445960FA
:103BF800D96901291FD01349134AD86201240C70CE
:103C08004FF480740421A3F84840996310600F4B67
:103C18005DF8044B00221A7070474FF480720A4C0A
:103C2800A3F848204A1E012AD86299632060EED87A
:103C38005DF8044B7047996811449960DBE700BF51
:103C4800E00B0020400C0020380C0020420C002023
:103C580010B50446FFF778FBFCF772FC0A4B93F8A3
:103C68004830002C14BF042101210BB1FFF7B0FF2D
:103C7800FFF71EFD054A0649064B00201070012279
:103C88000C701A7010BD00BFE00B0020C80C00209B
:103C9800440C0020430C002010B5FFF755FBFFF73C
:103CA80007FDFFF747F9104C80F0010084F8290060
:103CB800FFF760FB84F82A0018B1FFF709FE48B93E
:103CC80010BD94F82B301BB942F60403A4F82B302E
:103CD800042010BD94F82B301BB942F60313A4F846
:103CE8002B30032010BD00BF480C002038B5424CD3
:103CF8002378062B054627D0FFF71CF980F0010032
:103D080084F82900FFF736FB84F82A0000283CD005
:103D1800022D28D02378052B0CD0002D59D0012D49
:103D28004FF000005DD003220023A270636284F884
:103D3800283038BD002DF2D104220023A270284675
:103D4800636284F8283038BD2C4B9B6B042BD3D18D
:103D5800FFF7F0F880F0010084F82900FFF70AFB6C
:103D680084F82A0088B1FFF7C9FD94F82B20034690
:103D7800002A3DD100284FF0030208BF2C2310462B
:103D880084F82B2084F82C30CEE7FFF7DDFAFFF714
:103D9800D1F880F0010084F82900FFF7EBFA84F8E5
:103DA8002A00FFF7FDFB94F82B3083B900284FF069
:103DB800040508BF22200322002384F82C0084F87D
:103DC8002B50A2702846636284F8283038BD04203E
:103DD800A9E701220023A2702846636284F82830EC
:103DE80038BD02220023A270636284F8283038BDEF
:103DF8000320024698E700BF480C0020E00B002093
:103E080070B514461D46B8B94A1E42F233139A4299
:103E18002BD854B34DB32080024645F6BF5341F228
:103E2800BF20E1FB003218461146002345F6C05278
:103E3800FCF7AEF9288016E0012816D14B1E632B3B
:103E480012D88AB185B1002641F2BF2245F6BF508B
:103E58003346E1FB0203194645F6C0520023FCF73E
:103E680097F920802E80002070BD012070BD00BF12
:103E7800F8B5404D404E0024FFF766FA3022002185
:103E8800284607F0D0F821464C223C48347007F009
:103E9800CAF83B4A3B4B14701C70FCF751FB3A4B79
:103EA8002C701860394BA5F82B4001271F70384B30
:103EB8001C70384B1C70384B02221A70FFF73AF806
:103EC800784085F82900FFF755FA85F82A00FFF7AA
:103ED80075FA88B13148FFF705FC80B33770FFF7F2
:103EE80029F880F0010085F82900FFF743FA85F8E2
:103EF8002A00D8B12046F8BDFFF726FAFFF71AF8CE
:103F0800784085F82900FFF735FA85F82A00FFF789
:103F180047FB95F82B303BB9A04208BF2C2004235F
:103F280085F82B3085F82C000420F8BD95F82B3047
:103F3800002BF9D141F60443A5F82B30F4E7FFF73D
:103F480003FAFEF7F7FF80F0010085F82900FFF774
:103F580011FA85F82A00FFF7D1FC95F82B303BB908
:103F6800002808BF2C20032385F82B3085F82C0067
:103F78000320F8BD480C0020450C0020E00B002071
:103F8800420C0020410C0020380C0020400C00207E
:103F9800C80C0020430C0020440C0020593C0008A9
:103FA80070B5EFF3108672B6BFF35F8F2E4B002209
:103FB8001A70FFF7C9F9FCF7C3FA2C4B93F848308D
:103FC80013B10321FFF704FE294B2A4C00251D706D
:103FD800FFF76EFB284A294B15700222C4E90155E8
:103FE800C4E903552570656284F828501A70FEF7F5
:103FF800A1FF80F0010084F82900FFF7BBF905460E
:1040080084F82A00FFF764FC2DB1F0B9BFF35F8F85
:1040180086F3108870BD94F82B301BB942F6042340
:10402800A4F82B30FFF790F9FEF784FF80F0010029
:1040380084F82900FFF79EF9034684F82A30042003
:10404800BFF35F8F86F3108870BD94F82B301BB9CF
:1040580042F60333A4F82B30FFF72AFB0320BFF303
:104068005F8F86F3108870BDC80C0020E00B00201D
:10407800420C0020480C0020430C0020440C002077
:104088002DE9F0416C4C23783BB16C4A0023107841
:104098002370BDE8F041FFF729BE03F0FF0705468E
:1040A800FEF748FF664E80F0010086F82900FFF70A
:1040B80061F9237886F82A0003F0FF0833B15F4BD3
:1040C80018782770BDE8F041FFF710BE96F8283041
:1040D8001BBB002844D0FFF7FBFB70B9FFF704FCBB
:1040E800034600283AD12278002A62D0534A107831
:1040F8002370BDE8F041FFF7F9BDFFF725F9FFF799
:10410800D7FA96F82B300322B2701BB942F6031384
:10411800A6F82B300320BDE8F081FFF7E5FB034646
:10412800B8BB2278002AE1D1FFF7E8FB96F82B30DC
:104138003BB9002808BF2320032386F82B3086F8D4
:104148002C00FFF701F9FFF7B3FABDE8F0410220B0
:10415800FFF7CCBD3B4B1B68002B51D10020DAE7A1
:10416800FFF7F2F8FFF7A4FAFEF7E4FE80F001008B
:1041780086F82900FFF7FEF896F82B3086F82A0013
:104188000322B2701BB942F60403A6F82B300420B0
:10419800C1E7FFF79DFB0346D0B92278002AA5D1D5
:1041A80096F82B30002BCCD142F20343A6F82B30E3
:1041B800C7E7FFF7A3FB96F82B30002BAAD10028FE
:1041C80008BF2320032386F82B3086F82C00A1E7AC
:1041D8003369E81A002809DB237823B3174B1878CA
:1041E80084F80080BDE8F041FFF780BD96F82A30DA
:1041F800002BB3D0144B1B7813B13378052BA9D0FF
:104208002378002B7FF441AF96F82B301BB942F28C
:104218000463A6F82B30FFF797F8FFF749FA022056
:10422800FFF764FDB3E796F82B30002B89D142F2F3
:104238000353A6F82B3084E7430C0020440C0020DD
:10424800480C0020B40C0020C80C0020F8B5364CEF
:104258002378052B04D1354E337803F0FF05C3B11D
:10426800FEF768FE80F0010084F82900FFF782F865
:1042780094F8283084F82A0043B12C4E33781BB9BF
:1042880094F8293003B908B3337863B90025284670
:10429800F8BD274F3B7813B194F828301BBB33780F
:1042A800002BDDD1F3E7FEF745FE80F0010084F82E
:1042B8002900FFF75FF8054684F82A000028E6D0B1
:1042C800FFF706FB80F00105EDB2E0E7FFF700FB22
:1042D8000028D9D0FFF708FB05460028D4D033784A
:1042E800002BD1D1D3E7FFF7FFFA0028D7D0FFF78B
:1042F800EFFA0028D3D0FEF71DFE0028CFD0FFF735
:1043080039F80C4B1B68B3FA83F35B098342C6D1B7
:10431800E18CA08CFFF7AEF933780028C0D0002BD1
:104328009ED13D78EDB2B2E7480C0020430C002046
:10433800C80C0020B40C0020F8B5324D2B7873BBA4
:10434800FEF7F8FD304C80F0010084F82900FFF7F3
:1043580011F82B7884F82A00064603BB94F8283015
:104368000BB3FFF773FF2B78C0B9C3B9FEF7ECFFA7
:10437800FFF79EF9FEF7DEFD80F0010084F82900C2
:10438800FEF7F8FF2B7884F82A0043B994F82B300D
:104398006BBB42F20473A4F82B3028E0DBB1BDE814
:1043A800F840FFF779BCFFF793FA0746FEF7CCFF12
:1043B80094F828308BB1FEF7BDFD80F0010384F836
:1043C8002930FEF7D7FF2B7884F82A00002BE6D196
:1043D80030B12EB16FB90020F8BDFFF769F9EAE7EF
:1043E80094F82B301BB942F60403A4F82B300420B0
:1043F800F8BD94F82B301BB942F60313A4F82B3000
:104408000320F8BD430C0020480C002010B5FEF72F
:1044180091FD054C80F0010084F82900FEF7AAFF01
:1044280084F82A0010BD00BF480C002010B5FEF724
:1044380081FD114C80F0010084F82900FEF79AFFF5
:104448000E4B84F82A001B780BB9002010BDFFF72B
:104458004BFA0028F9D094F828304BB994F82A0080
:104468000028F3D0FFF734FA80F00100C0B210BD85
:10447800BDE81040FFF7EABE480C0020450C0020BC
:1044880010B5FEF757FD054C80F0010084F82900AF
:10449800FEF770FF84F82A00204610BD480C002063
:1044A80001207047F8B5044615461E46EFF31087FD
:1044B80072B6BFF35F8FFCF743F8164A12780346CB
:1044C80002F0FF000AB12CB10020BFF35F8F87F321
:1044D8001088F8BD10490A78002AF5D10F4C2478C5
:1044E800002CF1D1A5F1030C4EF65D22944501D9BB
:1044F800002DE9D1002EE7D12B44094A003D18BF11
:1045080001251570074A1360074B1E6001230B70C5
:10451800DBE700BFC80C0020A80C0020B80C002066
:10452800A70C0020A00C0020940C0020F8B504462D
:104538001746EFF3108672B6BFF35F8FFCF700F8EB
:10454800174B1B7803B12CB10020BFF35F8F86F3A4
:104558001088F8BD134B1B78002BF5D0124C23782C
:10456800002BF1D1FB1E012BEED8104B1B78054612
:1045780023B10F4B1B681B1ABB42E5DDFFF766FE34
:104588000028E1D00B4B0C492F44C3E906570B4BCD
:104598001F600B4B1D6001230B702370D5E700BF14
:1045A800C80C0020A80C0020A50C0020A70C002097
:1045B800A00C0020480C0020A60C00209C0C002019
:1045C8008C0C00200346EFF3108172B6BFF35F8FA7
:1045D800094A127802F0FF000AB12BB10020BFF39C
:1045E8005F8F81F310887047044B18780028F6D045
:1045F800034B01221A70F2E7C80C0020A60C002019
:10460800A40C00202DE9F04F074683B01446EFF3C1
:10461800108672B6BFF35F8F744DFBF791FF2B784E
:10462800002B00F0B280002F40F0AF80704B1B7859
:10463800002B00F0BE80DFF8E88198F80030002BEE
:1046480000F0B7806B4B1B78002B00F0B280002C79
:10465800C0F2AF80684B1B68A342C0F2AA80DFF8A3
:10466800C491664FD9F80030A342C0F2A3803B78CA
:10467800002B40F09F80624B1B681B1A012B83465E
:1046880040F39880DFF8A0A1DAF800301B1A012B5C
:1046980040F390805B4B1B782BB15B4B1B681B1A5C
:1046A800012B40F38780FFF7D1FD002800F08280BE
:1046B800FFF798F900287DD0002C00F08B8042F29B
:1046C80034139C4276D841F2BF2345F6BF500021EF
:1046D800E4FB030145F6C0520023FBF759FD83B202
:1046E800194601209B46FEF761FF002862D0FEF7BD
:1046F80041FE00285ED159460020FEF7BBFF002886
:1047080058D0FFF76FF9002854D02B78002B51D0E0
:104718003B78002B4ED1FBF713FFDAF80020A2EB11
:10472800000ABAF1010F034644DD364A12783AB15D
:10473800354A1268121A012A3CDD924528BF924672
:1047480050460193FFF7C2F9002833D0FFF74AF922
:1047580080B32A7872B3397801F0FF0251BB2B4D30
:10476800019B6969C9F8004053440131C5E9043126
:10477800EB60274B6C601A70264B88F80020AA84DF
:10478800A5F826B014461A7001E0204D0124FEF762
:10479800D1FB80F0010085F82900FEF7EBFD85F8D4
:1047A8002A00BFF35F8F86F31088204603B0BDE868
:1047B800F08F124F00232B70FEF7C6FDFEF778FF2F
:1047C8003B7823B9144A0221012311703B700F4D25
:1047D8000424DCE7FEF7B8FDFEF7CCFD0028E9D09D
:1047E8000E4BC3F800B0A34685E700BFC80C0020F5
:1047F800A80C0020B80C0020940C0020430C0020CA
:104808009C0C0020A70C0020A00C0020480C0020C5
:10481800A40C0020900C0020440C0020AC0C0020BC
:10482800A60C0020B40C0020980C0020F8B5044613
:1048380015461E46EFF3108772B6BFF35F8FFBF77E
:104848007FFE2E4B1B7803B12CB10020BFF35F8F86
:1048580087F31088F8BD2A4B1B78002BF5D0294C1C
:104868002378002BF1D1002DEFD0B542EDD2264BA5
:1048780026491B680A68023B9B1AB342E5D33244B7
:10488800801A0028E1DA224B1A68002A2FDD214A13
:104898000698D2F800C0844501DB0028D5DD069AC9
:1048A80042F234108242D0DC079A002ACDDB9445CC
:1048B800CBDBFFF7CBFC0028C7D01449144B0A68A0
:1048C8001B681644069A9A42A8BF1A46124B1A60E9
:1048D800124B069A1A60124B079A1A60114B1D6008
:1048E800114B1E60114B1E6201232370AEE7ACD141
:1048F8000F4A1268002ACADAA7E700BFC80C0020CE
:10490800A60C0020900C00209C0C00208C0C002091
:10491800B40C0020940C0020800C00207C0C00209B
:10492800780C0020880C0020840C0020480C002003
:10493800B00C0020164B1A78034602F0FF0032B381
:104948001BBB144A107810B3134A1078F8B11348F7
:10495800134A10B5046812681248091B21EAE1716C
:104968009142006810D2104C24684FEAE17C001B89
:104978004FEAE07E00FB0CFC01FB0ECCA0FB010122
:104988006144FBF705FC204410BD002070477047C8
:10499800C80C0020900C0020A60C00208C0C0020D5
:1049A800880C00207C0C0020800C00202DE9F84F9A
:1049B800044690461D46EFF3108672B6BFF35F8F2C
:1049C800DFF8D091FBF7BCFD99F80030002B00F020
:1049D8008680002C40F08380B8F1000F7FD0002D36
:1049E8007DD05F4B2C701B78002B00F08B805D4BCB
:1049F8005D4C1B78002B00F086802378002B40F05C
:104A080082805A4B1B681B1A012B07467BDD584BCB
:104A18001B681B1A012B76DD564B1B7823B1564BAE
:104A28001B681B1A012B6EDDFFF710FC00286AD0EB
:104A3800524BDFF864A11B68DAF800B0FB1A002BB0
:104A4800394671DA0020FFF775FF834505465ADCC1
:104A58004B4B1B68834256DB002854DBFEF7C2FF32
:104A6800002850D0DAF800B0AB4570D06A1E42F288
:104A780033139A4247D841F2BF2345F6BF5000216D
:104A8800E5FB030145F6C0520023FBF781FB87B223
:104A9800BBF1000F5DD039460120FEF787FD90B3CA
:104AA80039460020FEF7E6FD68B3FEF79BFF50B3DA
:104AB80099F800303BB3237803F0FF021BBB314C5D
:104AC800CAF800506369A284013363612E4B6560A4
:104AD8000122E7841A60C8F80050002701E0294C39
:104AE8000127FEF727FA80F0010084F82900FEF775
:104AF80041FC84F82A00BFF35F8F86F3108838469C
:104B0800BDE8F88F184C002389F80030FEF71CFC2C
:104B1800FEF7CEFD237823B91C4A02210123117028
:104B28002370184C0427DCE7194B1C685C45A8BFA8
:104B38005C4622460020FFF765FD074608B1114C88
:104B4800CFE70123C8F800400E4C2B70C9E70D4C85
:104B5800C1E73846FEF71CFD0028A1D1D3E700BF06
:104B6800900C0020A60C0020430C00209C0C002078
:104B7800980C0020A70C0020A00C0020840C00201A
:104B88007C0C0020480C0020B00C0020440C0020B5
:104B9800780C0020C80C0020B40C00202DE9F04F40
:104BA800074689B014461E46EFF3108972B6BFF364
:104BB8005F8FDFF804830023ADF81C30ADF81E309A
:104BC800FBF7BEFC98F80030002B49D0002F47D1E6
:104BD800189B002B44D0199B002B41D0DFF8DCB286
:104BE8009BF800300546002B30D1A44B1B78002BD6
:104BF8004AD0A34B1B7823B1A24B1B68EB1A002B9E
:104C08000FDAA14B1B78002B00F05C819F4B1B68CF
:104C1800EB1A002B05DA179B002B3CDC179B64333F
:104C28003EDADFF89CA29A4F002388F80030FEF79E
:104C38008BFBFEF73DFD9AF800302BB9954B02220D
:104C48001A7001238AF8003004240BE0924BD3E950
:104C58000023A21A66EB0303012A73F10003C4DAE6
:104C68008B4F0124FEF766F980F0010087F82900D0
:104C7800FEF780FB87F82A00BFF35F8F89F310885F
:104C8800204609B0BDE8F08F179B002BC6DD7E4B90
:104C98001B78002BC5D0179A42F234139A42C0DC15
:104CA800149B822BBDD8159B142BBAD8169B012BAD
:104CB800B7D97A4B1B7823B1794B1878002800F0C4
:104CC8000C81DFF8FCA19AF80030002BABD1149BC3
:104CD800022BA8D9DDE914329342A4D9129B159A64
:104CE800EB1A93429FD8149A013A9A429BD9169B81
:104CF800642B98D8FEF71EF9002894D09BF8003052
:104D0800002B40F01B81624F199A00231370179BE8
:104D1800002B40F3F480634B1A68002A40F01F818F
:104D28000123614A1268002A40F05581544B129AB7
:104D380014991B780A440292521B009233B1514BCA
:104D48001B685B1B9A4228BF1A4600924E4B1B7881
:104D5800002B00F0D080524B1B78002B00F0018113
:104D6800524B179A1B689342B4BF00230123039345
:104D7800464B009A1B685B1B934228BF134601935E
:104D88009BF800300198002B00F0AF80FEF79EFEE4
:104D980080F00103DBB2002B7FF446AF98F80030B7
:104DA800002B3FF441AF9AF80030002B7FF43CAF62
:104DB800179B002B40F0D7803A4B1A680AB13C4A3F
:104DC80015600493FEF7C0FAFEF7D4FA049B002896
:104DD8003FF42AAF0593FEF705FE00283FF424AF01
:104DE80098F80020002A3FF41FAF9AF8002002F03C
:104DF800FF030493002A7FF417AF039A059B9AB127
:104E080000980393FEF762FE00283FF40DAFFEF70B
:104E1800E9FD00283FF408AF1B4A049B13701F4AA2
:104E28001370009B0193039B019A2A441546179A15
:104E38001A607B6901337B61174BC3E90046012384
:104E480087F828308BF8003005233B70D30F7B7030
:104E580082EAE273A3EBE2737B60BDF81C30BB848B
:104E6800BDF81E30FB84189B0024C7E90355BC70AD
:104E7800BC601A600F4B029A1A60F3E6A80C002077
:104E8800A70C0020A00C0020A60C00209C0C0020E1
:104E9800480C0020440C0020C00C0020900C00207E
:104EA800A40C0020B40C0020B00C0020940C0020AE
:104EB800AC0C0020980C0020C80C0020B80C002076
:104EC800430C0020534B179A1B689342FFF6A9AE78
:104ED800179B002B3FF7A5AEA0E62946FFF72AFD52
:104EE800179B9842BFF6EDAE9BE6FEF7A5FD80F056
:104EF8000103DBB24FE70393009B019340E71AD00D
:104F0800454B1A68002A63D04FF0FF32434900939B
:104F1800096891423FF40AAFFEF716FAFEF72AFA3B
:104F280000283FF481AE3E4A009B156000221A60BB
:104F3800199A0123137000231793F7E6FEF7C8FCAC
:104F480000283FF470AEFFF781F9364F00283FF490
:104F58006BAEFB68EB1A002BFFF6D6AE64E60122B7
:104F6800D4E7039304E7179880EAE0710028A1EBDF
:104F7800E0710DF11E03CCBF0020012007AAFEF747
:104F88003FFF00287FF450AE234B1A68002A30D028
:104F9800179A0493002ACBBFBDF81E10BDF81C1049
:104FA80001200020FEF702FB049B049300283FF435
:104FB8003BAEFEF7DFF900287FF436AE179B174AA1
:104FC800002BD4BF4FF0FF310121049B116001E792
:104FD8004FF0FF33A5E69A423FF4A8AE104B169A5D
:104FE8001B68EB1A9342BFF4A1AE199A0123137000
:104FF800A1E7179A0493002A05DDBDF81E00FEF705
:10500800C7FA049BD1E7BDF81C00FEF7C5FA049B5C
:10501800CBE700BF940C0020B40C0020B00C00209B
:10502800AC0C0020480C0020F8B50446EFF31086BD
:1050380072B6BFF35F8FFBF783FA0C4D0746FEF796
:105048008BFD4C222946204606F01AF895F8482090
:10505800EB681AB1AA6A01339B1A3B44BFF35F8F0E
:1050680086F31088E3602046F8BD00BFE00B0020FF
:10507800054B1B781BB1054B1B68834201D00020F0
:105088007047FFF7D3B900BF420C00203C0C00204A
:1050980070B50C46EFF3108572B6BFF35F8FFBF760
:1050A8004FFAFEF759FD14B11F4B1B782BB10120A5
:1050B800BFF35F8F85F3108870BD1C4E3378002BCB
:1050C800F5D11B4B1B78002BF1D11A4B1B78002B09
:1050D800EDD0194B93F82830002BE8D1174B1B78EB
:1050E800002BE4D1FEF746F90028E0D0FEF7F0FBEC
:1050F8000028DCD1FEF7F8FB0028D8D0FDF71AFF0E
:105108000028D4D00E490B6801330ABF01221A4681
:10511800134623600A600B4B0B4A002001213170B3
:10512800107083F84900C3E7400C0020420C0020AF
:10513800C80C0020450C0020480C0020430C00201F
:105148003C0C0020E00B0020410C00202DE9F04F22
:10515800054685B00C4690461F46EFF3108972B697
:10516800BFF35F8FFBF7ECF944B1DFF8D0A29AF8F0
:1051780000301BB1A84B1B68AB4213D0A74D0124CC
:10518800FDF7D8FE80F0010085F82900FEF7F2F857
:1051980085F82A00BFF35F8F89F31088204605B091
:1051A800BDE8F08FDFF898B29BF84830002BE5D1C6
:1051B8009A4D95F82830002BE1D1994B1B78002B9C
:1051C800DDD19BF84930002BD9D1964B1B78064688
:1051D800002B40F015813046FEF7BEFC924B1A7842
:1051E800002A40F0F4800E9BF21A142A00F2EF8095
:1051F800FEF7C0F8002800F0EA80FEF769FB0028F7
:1052080040F0E580FFF712F9002800F0E080D4F8BC
:1052180000E0BEF1010F00F01581AEF10202012A93
:1052280000F2D58023690093022B00F02B81009BAC
:10523800032B40F0CC80BEF1030F40F0C8807B48C0
:10524800D4F80CC0C26B9445C0F0C180026C944580
:1052580000F2BD80426C6168019161450B46C0F067
:10526800B680A1EB0C01914200F2B180426A9342F0
:1052780000F2AD80A168026B9142C0F0A880C26ABA
:10528800914200F2A480826A02FB0CF2B2FBF3F2B4
:10529800D0E91A349A422CBFA418E418A14240F06D
:1052A80096800E9B82339A1B9442039380F08F80E2
:1052B8005C4B1A7832B15E4A1168826C711A91425D
:1052C800C0F08580DBF80420C16C22448A4200F2D9
:1052D8000281BEF1010F00F0E680CBF80420039BA9
:1052E800CBF83430009BCBF84030DBF81830019A0B
:1052F800CBF81CE00133CBF818304E4BCBF83CC050
:10530800C3E90087474BCBF828604FF001011970BB
:10531800CBE90824114642F23313013A04EB06089C
:1053280000279A42CBF83080CBF838704FD83B46EC
:1053380041F2BF2C45F6BF50E1FB0C03194645F678
:10534800C0520023FAF724FF08F1FF33EB606B69C2
:10535800019A6A604FF00101013382B2AF70AF84E5
:1053680085F828100F466B61601E06232146C5F894
:1053780010800092EA84A8602B80FEF72FFA30B3E1
:105388008BF84870FEF72EFB08B39AF80030F3B19B
:10539800234C237803F0FF07CBB9DDF800804046A3
:1053A800FEF7F6F898B141463846FEF763F970B152
:1053B800FDF7E0FF58B9FEF715FB40B19AF8003049
:1053C8002BB1237803F0FF04002B3FF4D9AEFDF78F
:1053D800BBFF9BF848301BB130460521FEF7F8FBB0
:1053E80000238AF80030FEF763F90D4B1B782BB9C0
:1053F800114B02221A700A4A012313700424BFE6D3
:105408000C4B4046D3E90023394601F0ADFC002897
:105418007FF4E1AEB3E600BF3C0C0020480C00204E
:10542800430C0020410C0020400C00201CB900084F
:10543800380C0020300C0020440C0020420C0020C6
:10544800E00B002023690093012BC0D12448D4F835
:105458000CC042689445BAD1616801918C450B46ED
:10546800B5D8C16F8B42B2D89A1A436FB2FBF3F129
:1054780003FB1122002AAAD1A268C468A2423FF401
:1054880010AFA4E71648D4F80CC0426994459ED3DF
:10549800826994459BD8BEF1020F01D0026ADAE610
:1054A8009445FBD093E7DBF8081063180169029371
:1054B8008B4210D8DBF84410019BD0F8800003FB26
:1054C8000411814207D8029BCBF80420CBF808309E
:1054D800CBF8441003E7034B01221A7077E700BFAB
:1054E8001CB90008400C00202DE9F0410446EFF3F8
:1054F800108672B6BFF35F8F344DFBF721F82B7817
:105508001BB1334B1B68A34212D0324C0127FDF765
:1055180011FD80F0010084F82900FDF72BFF84F8C5
:105528002A00BFF35F8F86F310883846BDE8F08104
:10553800294C94F84830002BE7D0284F3B78002BB3
:10554800E3D1FDF701FFFAF7FBFF8046FEF74AFAC1
:1055580094F8483010B33A7802BB2A78F2B1226B3B
:10556800A8EB0202002A19DA626BA8EB0202002AF1
:1055780014DA1BB102214046FEF72AFB154CFEF750
:1055880097F800270123A370676284F82870FDF755
:10559800F1FE0028BBD128700427B8E71BB14046AC
:1055A8000421FEF715FB0423A3630D4B00220124FD
:1055B8001C702A70FEF77CF83B781BB9094B022255
:1055C8001A703C70034C0327A1E700BF420C00206F
:1055D8003C0C0020480C0020E00B0020430C00206D
:1055E800400C0020440C00202DE9F84304460D46E9
:1055F80090461F46EFF3108672B6BFF35F8FFAF737
:105608009FFF2449097819B1234B1B68A34206D090
:105618000020BFF35F8F86F31088BDE8F8831F4C26
:1056280094F84930002BF3D0A369AB42F0D194F839
:105638004830002BECD11A4B93F82830002BE7D1D7
:10564800184B1B78002BE3D1A36B013B012BDFD850
:10565800154B8146D3E900234046394601F084FBC7
:105668000028D5D0089BA9EB03001428D0D80F4AEE
:10567800E36A0899926CCB1A9342C9DBFDF77AFE6C
:105688000028C5D0FEF7D2FE0028C1D0002384F838
:105698004930BEE7420C00203C0C0020E00B002003
:1056A800480C0020430C0020300C00201CB90008D6
:1056B800D0ED027A9FEDE37AF0EEE76AF4EE476AFE
:1056C800F1EE10FA00F28782F5EEC07AF1EE10FAE8
:1056D80000F18182DFEDDC6AF4EEE67AF1EE10FA91
:1056E80000F37982D0ED037AF0EEE76AF4EE476AC8
:1056F800F1EE10FA00F26F82DFEDD46AF4EEE67A8A
:10570800F1EE10FA00F16782F7EE006AF4EEE67A3D
:10571800F1EE10FA00F35F82D0ED047AF0EEE76A5A
:10572800F4EE476AF1EE10FA00F25582DFEDC86A2E
:10573800F4EEE67AF1EE10FA00F14D82DFEDC56A7B
:10574800F4EEE67AF1EE10FA00F34582D0ED057A30
:10575800F0EEE76AF4EE476AF1EE10FA00F23B82E7
:105768009FEDBB7AF4EEC77AF1EE10FA00F13382BE
:105778009FEDB97AF4EEC77AF1EE10FA00F32B82B6
:10578800D0ED067A9FEDAF7AF0EEE76AF4EE476A5D
:10579800F1EE10FA00F21F82F7EE006AF4EEE67AF4
:1057A800F1EE10FA00F117829FEDAC6AF4EEC67ABA
:1057B800F1EE10FA00F30F82D0ED077AB0EEE76A47
:1057C800B4EE476AF1EE10FA00F20582F5EEC07AFF
:1057D800F1EE10FA00F1FF819FEDA16AF4EEC67AAE
:1057E800F1EE10FA00F3F781D0ED087AB0EEE76A2F
:1057F800B4EE476AF1EE10FA00F2ED81F4EEE67AC3
:10580800F1EE10FA00F1E781DFED8F6AF4EEE67A47
:10581800F1EE10FA00F3DF81D0ED095AF0EEE57AE7
:10582800F4EE477AF1EE10FA00F2D581DFED8D7AC9
:10583800F4EEE75AF1EE10FA00F1CD81F5EEC05A18
:10584800F1EE10FA00F3C78190ED0A6AF0EEC67A1D
:10585800F4EE477AF1EE10FA00F2BD81B5EEC06AB7
:10586800F1EE10FA00F1B781DFED7F7AB4EEE76A66
:10587800F1EE10FA00F3AF81D0ED0B7AB0EEE75AF3
:10588800B4EE475AF1EE10FA00F2A5819FED777A4F
:10589800F4EEC77AF1EE10FA00F19D81F4EEE67AA3
:1058A800F1EE10FA00F39781D0ED0C6A9FED657A5E
:1058B800B0EEE65AB4EE475AF1EE10FA00F28B81D8
:1058C800F5EEC06AF1EE10FA00F18581B7EE005AE4
:1058D800F4EEC56AF1EE10FA00F37D8108B52DEDFE
:1058E8000A8B90ED0DBAF0EECB6AF4EE476AF1EE52
:1058F80010FA00F26C81B4EEC5BAF1EE10FA00F1BC
:105908006681DFED5B6AB4EEE6BAF1EE10FA00F3F9
:105918005E81D0ED0E8AF0EEE86AF4EE476AF1EEA9
:1059280010FA00F25481F0EE006AF4EEE68AF1EE25
:1059380010FA00F14C81DFED4F6AF4EEE68AF1EEE1
:1059480010FA00F34481D0ED0FAAF0EEEA6AF4EE03
:10595800476AF1EE10FA00F23A81F4EEC5AAF1EEC8
:1059680010FA00F13481B3EE047AF4EEC7AAF1EE2E
:1059780010FA00F32C8190ED109A9FED325AF0EE58
:10598800C96AF4EE456AF1EE10FA00F22081F0EEF1
:10599800086AB4EEE69AF1EE10FA00F11881DFED2C
:1059A800366AB4EEE69AF1EE10FA00F31081D0ED03
:1059B800116AF0EEE64AF4EE454AF1EE10FA00F20A
:1059C8000681DFED234AF4EEE46AF1EE10FA00F105
:1059D800FE80F4EEC76AF1EE10FA00F3F88090ED5D
:1059E800127AF0EEC74AF4EE454AF1EE10FA00F2E8
:1059F800EE809FED225AB4EEC57AF1EE10FA00F16E
:105A0800E6809FED1F5AB4EEC57AF1EE10FA00F366
:105A1800DE8090ED138ADFED0B4AB0EEC85AB4EE83
:105A2800645AF1EE10FA00F2D280B5EEC08AF1EEB7
:105A380010FA00F1CC809FED135AB4EEC58AF1EE4E
:105A480010FA2BE0FFFF7F7F0000C8426F12833AF5
:105A5800CDCCCC3D0000484300007A440050C347F9
:105A680000D0044600409CC500409C450AD7233C12
:105A7800000048420000FA4200000243CDCC4C3EF0
:105A88000000204200606A4700808943FFFF7F7F53
:105A98000000C8420060EA466F12833A00F397801C
:105AA80090ED14AAB0EECA5AB4EE645AF1EE10FAA8
:105AB80000F28D801FED0A5AB4EEC5AAF1EE10FA75
:105AC80000F185801FED0D5AB4EEC5AAF1EE10FA6B
:105AD8007DDC90ED155AB0EEC54AB4EE644AF1EE9D
:105AE80010FA74D8F7EE004AB4EEE45AF1EE10FA60
:105AF8006DD45FED1B4AB4EEE45AF1EE10FA66DCA1
:105B0800D0ED169A1FED1F5AF0EEE94AF4EE454A19
:105B1800F1EE10FA5BD81FED224AF4EEC49AF1EECA
:105B280010FA54D45FED254AF4EEE49AF1EE10FA37
:105B38004DDCD0ED17BAF0EEEB3AF4EE453AF1EE63
:105B480010FA44D8F0EE003AF4EEE3BAF1EE10FAA7
:105B58003DD4F4EEC4BAF1EE10FA38DC90ED18CA70
:105B6800B0EECC4AB4EE454AF1EE10FA2FD8B5EEB5
:105B7800C0CAF1EE10FA2AD4B4EEE4CAF1EE10FA73
:105B880025DCF4EEC65AF1EE10FA20D5F4EEC76A19
:105B9800F1EE10FA1BD5B4EEE8BAF1EE10FA16D50C
:105BA800F4EEC98AF1EE10FA11D5F4EEC9AAF1EEB5
:105BB80010FA0CD567EEA87A5FED496A67EEA67A07
:105BC800B7EE007AF4EEC77AF1EE10FA05D90020A4
:105BD800BDEC0A8B08BD00207047B5EE408AF1EE97
:105BE80010FA09D0B4EECA8AF1EE10FAEFDBB4EE7F
:105BF800E98AF1EE10FAEADBB0EE4B0A05F0E0FABA
:105C0800B4EE40BAF1EE10FAE1D1B0EE680A05F050
:105C1800D7FAF4EE408AF1EE10FAD8D1B0EE6A0A5B
:105C280005F0CEFAF4EE40AAF1EE10FACFD1B0EEBC
:105C3800490A05F0C5FAB4EE409AF1EE10FAC6D159
:105C4800B0EE480A05F0BCFAB4EE408AF1EE10FA5C
:105C5800BDD1B0EE4A0A05F0B3FAB4EE40AAF1EEAF
:105C680010FAB4D1B0EE4C0A05F0AAFAB4EE40CA64
:105C7800F1EE10FAABD1B0EE690A05F0A1FAF4EE34
:105C8800409AF1EE10FAA2D1B0EE6B0A05F098FA3C
:105C9800F4EE40BAF1EE10FA0CBF0120002097E7AD
:105CA8000346002800F0B78110B4BF4CD0F800C0FC
:105CB800BE4800212CFA01F2D2B208314240202914
:105CC80004FB02F0F6D1D3F804C0B74C00212CFA3B
:105CD80001F2D2B208314240202904FB02F0F6D189
:105CE800D3F808C0B04C00212CFA01F2D2B2083126
:105CF8004240202904FB02F0F6D1D3F80CC0AA4C8C
:105D080000212CFA01F2D2B208314240202904FBCA
:105D180002F0F6D1D3F810C0A34C00212CFA01F2FE
:105D2800D2B208314240202904FB02F0F6D1D3F860
:105D380014C09D4C00212CFA01F2D2B20831424025
:105D4800202904FB02F0F6D1D3F818C0964C0021A4
:105D58002CFA01F2D2B208314240202904FB02F0A9
:105D6800F6D1D3F81CC0904C00212CFA01F2D2B223
:105D780008314240202904FB02F0F6D1D3F820C0B4
:105D8800894C00212CFA01F2D2B208314240202974
:105D980004FB02F0F6D1D3F824C0834C00212CFA7E
:105DA80001F2D2B208314240202904FB02F0F6D1B8
:105DB800D3F828C07C4C00212CFA01F2D2B2083169
:105DC8004240202904FB02F0F6D1D3F82CC0764CCF
:105DD80000212CFA01F2D2B208314240202904FBFA
:105DE80002F0F6D1D3F830C06F4C00212CFA01F242
:105DF800D2B208314240202904FB02F0F6D1D3F890
:105E080034C0694C00212CFA01F2D2B20831424068
:105E1800202904FB02F0F6D1D3F838C0624C0021E7
:105E28002CFA01F2D2B208314240202904FB02F0D8
:105E3800F6D1D3F83CC05C4C00212CFA01F2D2B266
:105E480008314240202904FB02F0F6D1D3F840C0C3
:105E5800554C00212CFA01F2D2B2083142402029D7
:105E680004FB02F0F6D1D3F844C04F4C00212CFAC1
:105E780001F2D2B208314240202904FB02F0F6D1E7
:105E8800D3F848C0484C00212CFA01F2D2B20831AC
:105E98004240202904FB02F0F6D1D3F84CC0424C12
:105EA80000212CFA01F2D2B208314240202904FB29
:105EB80002F0F6D1D3F850C03B4C00212CFA01F285
:105EC800D2B208314240202904FB02F0F6D1D3F8BF
:105ED80054C0354C00212CFA01F2D2B208314240AC
:105EE800202904FB02F0F6D1D3F858C02E4C00212B
:105EF8002CFA01F2D2B208314240202904FB02F008
:105F0800F6D1D3F85CC0284C00212CFA01F2D2B2A9
:105F180008314240202904FB02F0F6D1D3F860C0D2
:105F2800214C00212CFA01F2D2B20831424020293A
:105F380004FB02F0F6D1D3F864C01B4C00212CFA04
:105F480001F2D2B208314240202904FB02F0F6D116
:105F5800D3F868C0144C00212CFA01F2D2B20831EF
:105F68004240202904FB02F0F6D1D3F86CC00E4C55
:105F780000212CFA01F2D2B208314240202904FB58
:105F880002F0F6D1D3F870C0074C00212CFA01F2C8
:105F9800D2B208314240202904FB02F0F6D1D3F8EE
:105FA80074C0014C002103E093010001C59D1C81D0
:105FB8002CFA01F2D2B208314240202904FB02F047
:105FC800F6D1D3F878C0144C00212CFA01F2D2B2E1
:105FD80008314240202904FB02F0F6D1D3F87CC0F6
:105FE8000D4C00212CFA01F2D2B20831424020298E
:105FF80004FB02F0F6D1D3F880C0074900222CFA3E
:1060080002F3DBB208324340202A01FB03F0F6D149
:106018005DF8044B70477047930100019FED077AC4
:10602800F6EE007AE0EE077A08B5B0EE670A05F0FA
:10603800C7F8FDEEC07A17EE900A08BD000070435D
:1060480078B3D0ED017AF5EE407AF1EE10FA26D168
:10605800D0ED027AF5EE407AF1EE10FA1FD108B5CC
:106068002DED028B90ED008ADFED147AB0EEC87A40
:10607800B4EE677AF1EE10FA0DD8F7EE007AB4EEC6
:10608800E78AF1EE10FA06DBDFED0D7AB4EEE78A67
:10609800F1EE10FA06D90020BDEC028B08BD0020F5
:1060A80070477047B0EE480A05F08AF8B4EE408AA7
:1060B800F1EE10FA0CBF01200020EDE7FFFF7F7F13
:1060C80000803B4510B485B00168426883680D4C78
:1060D8000D480191029203930DF1040C5CF8041B26
:1060E800002321FA03F2D2B208335040202B04FBDC
:1060F80000F0F6D104AB6345F0D105B05DF8044B70
:10610800704700BF93010001C59D1C81002800F065
:10611800ED8390ED007ADFEDE87AF0EEC76AF4EEF1
:10612800676AF1EE10FA00F2E18330B52DED108BBD
:1061380090ED01BAB0EECB6AB4EE676AF1EE10FAF0
:10614800B5B000F2CE8390ED026AF0EEC65AF4EED6
:10615800675AF1EE10FA00F2C48390ED03DAB0EE5C
:10616800CD5AB4EE675AF1EE10FA00F2BA83D0EDC8
:1061780004FAF0EEEF4AF4EE674AF1EE10FA00F294
:10618800B08390ED05FAB0EECF4AB4EE674AF1EE6F
:1061980010FA00F2A683D0ED06EAF0EEEE3AF4EE3D
:1061A800673AF1EE10FA00F29C83D0ED07CAB0EE20
:1061B800EC3AB4EE673AF1EE10FA00F29283D0EDC1
:1061C80008DAF0EEED2AF4EE672AF1EE10FA00F2A2
:1061D800888390ED09AAB0EECA2AB4EE672AF1EED8
:1061E80010FA00F27E8390ED0AEAF0EECE1AF4EE91
:1061F800671AF1EE10FA00F27483D0ED0BAAB0EE34
:10620800EA1AB4EE671AF1EE10FA00F26A8390ED1A
:106218000CCAF0EECC0AF4EE670AF1EE10FA00F2BE
:10622800608390ED0D8AF0EEC80AF4EE670AF1EE8D
:1062380010FA00F25683D0ED0E6AF0EEE60AF4EE9C
:10624800670AF1EE10FACDED046A00F24A8390ED88
:106258000F9AF0EEC90AF4EE670AF1EE10FA00F2AE
:106268004083D0ED108AF0EEE80AF4EE670AF1EE0A
:1062780010FA00F23683D0ED116AF0EEE60AF4EE79
:10628800670AF1EE10FACDED036A00F22A83D0ED29
:10629800126AF0EEE60AF4EE670AF1EE10FACDEDB6
:1062A800056A00F21E83D0ED13BAB0EEEB0AB4EE25
:1062B800670AF1EE10FA00F21483D0ED146AB0EE1A
:1062C800E60AB4EE670AF1EE10FACDED066A00F2BE
:1062D8000883D0ED156AB0EEE60AB4EE670AF1EE6F
:1062E80010FACDED076A00F2FC82D0ED166AB0EE26
:1062F800E60AB4EE670AF1EE10FACDED086A00F28C
:10630800F082D0ED176AB0EEE60AB4EE670AF1EE55
:1063180010FACDED0C6A00F2E482D0ED186AB0EE06
:10632800E60AB4EE670AF1EE10FACDED0D6A00F256
:10633800D882D0ED196AB0EEE60AB4EE670AF1EE3B
:1063480010FACDED0E6A00F2CC82D0ED1A6AB0EEEA
:10635800E60AB4EE670AF1EE10FACDED096A00F22A
:10636800C082D0ED1B9AB0EEE90AB4EE670AF1EEEE
:1063780010FA00F2B682D0ED1C6AB0EEE60AB4EE6E
:10638800670AF1EE10FACDED006A00F2AA82D0EDAC
:106398001D7AF0EE676ACDED017ADFED477AB0EE4F
:1063A800E60AB4EE670AF1EE10FA00F29A82D0ED2E
:1063B8001E6AB0EEE60AB4EE670AF1EE10FACDED09
:1063C800026A00F28E82D0ED1F6AB0EEE60AB4EEE1
:1063D800670AF1EE10FACDED0A6A00F28282D0ED7A
:1063E800206AB0EEE60AB4EE670AF1EE10FACDEDD7
:1063F8000B6A00F27682F0EE007AB4EE67BAF1EE3C
:1064080010FA00F0CA82F7EE007AB4EEE77AF1EEFD
:1064180010FA8DED116ACDED107A00F162829FEDD0
:10642800270AB4EEC07AF1EE10FA00F35A82B0EE01
:10643800470A8DED0F7A04F0C3FE9DED0F7AB4EE96
:10644800407AF1EE10FA40F04C82B5EE40BAF1EE27
:1064580010FA9DED116A07D0DDED107AB4EE67BA37
:10646800F1EE10FA40F03D82B5EEC06AF1EE10FA96
:1064780000F13782F2EE0E7AB4EEE76AF1EE10FA26
:1064880000F32F82B0EE460A8DED0F6A04F098FEF5
:106498009DED0F6AB4EE406AF1EE10FA40F02182E9
:1064A800B5EEC0DAF1EE10FA00F11B82DFED037AE7
:1064B800F4EEE7FA0EE000BFFFFF7F7F00FF7F47A3
:1064C8000050C347000016450000C84200001646A9
:1064D80000606A47F1EE10FA00F30382B4EEEFDAD7
:1064E800F1EE10FA80F2FD81B0EE4D0A04F068FE7C
:1064F800B4EE40DAF1EE10FA40F0F381B0EE6F0A34
:1065080004F05EFEF4EE40FAF1EE10FA40F0E98194
:10651800B5EEC0FAF1EE10FA40F2E381B5EEC0AA8A
:10652800F1EE10FA40F2DD81B4EECEAAF1EE10FAE7
:1065380080F2D7815FED1E7AB4EEE7EAF1EE10FA49
:1065480000F3CF81B5EEC0CAF1EE10FA00F1C981AF
:10655800B4EECCAAF1EE10FA40F2C381F7EE007A5D
:10656800B4EEE78AF1EE10FA00F1BB811FED2B7A49
:10657800B4EEC78AF1EE10FA00F3B3819DED047A08
:10658800B4EEE77AF1EE10FA00F1AB815FED327A02
:10659800B4EEE77AF1EE10FA00F3A381B5EEC09AF3
:1065A800F1EE10FA00F19D815FED387AB4EEE79ACA
:1065B800F1EE10FA00F39581F5EEC08AF1EE10FACB
:1065C80000F18F81DDED037AF5EEC07AF1EE10FA75
:1065D80000F18781DDED057AF5EEC07AF1EE10FA6B
:1065E80000F17F819DED097AB5EE407AF1EE10FA5F
:1065F80007D0F7EE007AB4EE677AF1EE10FA40F0C1
:106608007081F5EEC09AF1EE10FA00F16A81F0EEB1
:10661800007AF4EEE79AF1EE10FA00F36281B0EE38
:10662800690A04F0CDFDF4EE409AF1EE10FA40F05C
:106638005881DDED007AF5EEC07AF1EE10FA00F13E
:106648005081DDED017AF5EEC07AF1EE10FA00F135
:1066580048819DED027AB5EEC07AF1EE10FA00F1AC
:1066680040815FED657AB4EEE77AF1EE10FA00F357
:106678003881DDED0A7AF5EEC07AF1EE10FA00F114
:106688003081DDED0B7AF5EEC07AF1EE10FA00F10B
:106698002881DDED097AF5EE407AF1EE10FAF5EE93
:1066A800409A00F02581F1EE10FA00F01A81B5EE5B
:1066B800C09AF1EE10FA43DDF1EE007AF4EEE78AC3
:1066C800F1EE10FA00F10D81DDED007AB7EE007AF7
:1066D800F4EEC77AF1EE10FA00F10381DDED016AFC
:1066E800F4EEE67AF1EE10FA80F2FB80F0EE007A32
:1066F80078EEE77AF4EEE76AF1EE10FA00F3F1804B
:10670800DDED027AF4EEC77AF1EE10FA00F1E980D5
:10671800DDED057AF5EEC07AF1EE10FA40F2E1808F
:10672800DDED0A7AF5EEC07AF1EE10FA40F2D98082
:106738009DED0B7AF4EEC77AF1EE10FA80F2D18073
:10674800F7EE007AF4EEE7BAF1EE10FA00F1C9803C
:106758001FEDA17AF4EEC7BAF1EE10FA00F3C1808A
:10676800DDED066AF4EEE6BAF1EE10FA00F3B98050
:10677800F4EEC76AF1EE10FA00F3B3809DED077AE4
:10678800B4EEE77AF1EE10FA00F1AB80F4EEC7BA96
:10679800F1EE10FA00F1A5809DED086AB4EEE76A03
:1067A800F1EE10FA00F19D80F4EEC6BAF1EE10FA9F
:1067B80000F19780DDED0C5AF4EEE75AF1EE10FA8D
:1067C80000F18F809DED0E5AF4EEC55AF1EE10FAE5
:1067D80000F38780DDED0D7AF5EEC07AF1EE10FA60
:1067E8007FD9F4EEC56AF1EE10FA7AD4F4EEEB8AAA
:1067F800F1EE10FA75DC5FEDCA7ADDED034AF4EECE
:10680800E74AF1EE10FA6CDCF4EEE48AF1EE10FAE5
:1068180067DCDDED007ACDED13BACDED1B7ADDED49
:10682800017ACDED146ACDED1C7ADDED027A8DED9D
:10683800157A8DED166ACDED175A8DED185ACDEDF6
:10684800198ACDED1A4ACDED1D7A13AD0B24B5EC9E
:10685800018AB0EE480A04F0B3FCB4EE408AF1EEC7
:1068680010FA3ED1013CF2D1B5EE40BAF1EE10FA81
:1068780000F0C580B4EEEAEAF1EE10FA2FD5DFEDAC
:106888006A7AF4EEE7AAF1EE10FA28D8F5EEC0CA53
:10689800F1EE10FA23DBF4EECACAF1EE10FA1ED5B7
:1068A800F4EECEDAF1EE10FA19DBF4EEE7DAF1EEF7
:1068B80010FA14D8F0EE6E7AEDEE0F7AF4EEE7CA1D
:1068C800F1EE10FAC0F2AD80B0EE6E4AAFEE8F4A2C
:1068D800B4EEC4EAF1EE10FA94BF01240024204675
:1068E80000E0002035B0BDEC108B30BD00207047B3
:1068F800F1EE10FAF5D1B5EE40BAF1EE10FAF0D19A
:10690800F7EE007AB4EE67FAF1EE10FAE9D1F5EE97
:1069180040EAF1EE10FAE4D1B4EEC98AF1EE10FAC9
:10692800DFD5F5EE40BAF1EE10FADAD1DDED067AF0
:10693800F5EE407AF1EE10FAD3D1DDED077AF5EEF7
:10694800407AF1EE10FACCD1DDED087AF5EE407A16
:10695800F1EE10FAC5D1F5EE408AF1EE10FAC0D189
:10696800DDED037AF5EE407AF1EE10FAB9D1DDEDFE
:10697800007AF5EE407AF1EE10FAB2D1DDED017A47
:10698800F5EE407AF1EE10FAABD1B5EE407AF1EEC1
:1069980010FA0CBF01200020A4E70146842213A8A6
:1069A80004F06EFBB5EE409A0023F1EE10FA229344
:1069B800209322D1B5EE408AF1EE10FA1DD11B4981
:1069C800842213A804F006FB0446B0B9B0EE480AC6
:1069D80004F0F6FBB4EE408AF1EE10FA0AD1B0EEFC
:1069E800490A04F0EDFBB4EE409AF1EE10FA0CBF40
:1069F8000124002404F0010074E70024FAE7F5EE0E
:106A080040EAF7EE007AF1EE10FAB4EE67FA0CBF3E
:106A180001200020F1EE10FA00F0010018BF00205C
:106A280060E7002420465DE70050C34734B80008FB
:106A3800002800F0A58038B5D0ED027A2DED048B42
:106A4800DFED568AB0EEE77AB4EE687AF1EE10FA26
:106A580005463DD8F5EEC07AF1EE10FA38D4B2EE1C
:106A68000E7AF4EEC77AF1EE10FA31DC90ED019A65
:106A7800B0EE007AB4EE479AF1EE10FAB0EE408A22
:106A88000C4629D1FFF742FB10B3002C74D0F0EE6E
:106A9800C87AF4EE687AF1EE10FA6FD8F7EE007A59
:106AA800B4EEE78AF1EE10FA68DBDFED3D7AB4EE7A
:106AB800E78AF1EE10FA61D8B0EE480A04F080FBDC
:106AC800B4EE480AF1EE10FA0CBF0020062000E0F0
:106AD8000120BDEC048B38BD91BBB7EE007AB4EE53
:106AE800479AF1EE10FA2BD0FFF710FB0028EFD0F1
:106AF800DFED2A7AB0EEC87AB4EE677AF1EE10FAD2
:106B08003CD8B5EEC08AF1EE10FA37D9D5ED097A3E
:106B1800F4EEC87AF1EE10FA30D4002C3AD0D5ED64
:106B2800077AF4EEC87AF1EE10FA35DCD5ED087A7A
:106B3800F4EEC87AF1EE10FA4CBF07200020C8E73F
:106B4800FCEEE77A17EE903AD8071DD599071DD5C0
:106B58005A0717D51B071BD52846FFF7D7FA002871
:106B6800B6D0F7EE007AB4EE679AF1EE10FA0CBFE1
:106B780001230023A342BBD00A20AAE70620A8E7E6
:106B8800012070470420A4E70220A2E70320A0E721
:106B980005209EE720469CE707209AE7FFFF7F7FB6
:106BA80000803B45F8B50D4617461E460446A0B181
:106BB80090ED017AF0EE007AB4EE677AF1EE10FA11
:106BC8000BD143B1FFF7A2FA30B140F6B8339D427A
:106BD80001D8BD425FD00020F8BD002EFBD0204672
:106BE800FFF794FA0028F7D007EE905A94ED037A4D
:106BF800F8EE677AF4EEC77AF1EE10FAEBD494ED7A
:106C0800047AF4EEC77AF1EE10FAE4DAD4ED016A08
:106C1800B7EE007AF4EE476AF1EE10FA36D1D4ED09
:106C2800056A94ED067AA7EEA67ADFED1E6A86ED70
:106C3800007AF0EEC77AF4EE667AF1EE10FACAD866
:106C4800B5EEC07AF1EE10FAC5DBD4ED0A7AF4EEAF
:106C5800C77AF1EE10FABEDDD4ED016AF7EE007ADC
:106C6800F4EE676AF1EE10FAB6D1D4ED077AF4EED5
:106C7800C77AF1EE10FAAED8D4ED087AF4EEC77AF6
:106C8800F1EE10FAACBF01200020F8BD07EE907AB3
:106C9800B8EEE77AC9E707EE905AF8EEE77AC6ED5C
:106CA800007AF8BDFFFF7F7F10B50446FFF72EFA84
:106CB80044B194ED017AF0EE007AB4EE677AF1EE21
:106CC80010FA40D000283DD0D4ED1A7AF5EE407A7B
:106CD800F1EE10FA43D0D4ED017AF5EE407AF1EEF8
:106CE80010FA08D094ED027AF2EE0E7AB4EE677AD2
:106CF800F1EE10FA33D1D4ED0F7A94ED0D7AF4EE6B
:106D0800C77AF1EE10FA2ADD9FED167AF4EEC77A0B
:106D1800F1EE10FA23D8D4ED107AF5EEC07AF1EE40
:106D280010FA1CDD94ED117AF4EEC77AF1EE10FA40
:106D380015D8D4ED127AF5EEC07AF1EE10FACCBF80
:106D48000120002010BD0028FCD0D4ED0F7AF5EE0C
:106D5800C07AF1EE10FACCBF0120002010BD00204F
:106D680010BD00BF00D00446801A61EB0301012862
:106D780071F10001ACBF01200020704758B3D0ED7D
:106D8800007A9FED167AF0EEE76AF4EE476AF1EEC4
:106D980010FA20D8F5EEC07AF1EE10FA1BD4DFED28
:106DA800106AF4EEE67AF1EE10FA14DCD0ED017A0E
:106DB800B0EEE76AB4EE476AF1EE10FA0BD8F5EEDA
:106DC800C07AF1EE10FA06D4F4EEE67AF1EE10FA93
:106DD80001DCFEF76DBC0020704700BFFFFF7F7F1E
:106DE80000007A4430B50D469BB0044648B141B125
:106DF80090ED017AF0EE007AB4EE677AF1EE10FACF
:106E08001DD02046FFF782F9B8B12846FFF7B6FF34
:106E180098B195ED077AD4ED0D7AB4EEE77AF1EEF4
:106E280010FA2ED895ED087AD4ED0E7AB4EEE77AFA
:106E3800F1EE10FA94BF012000201BB030BD64228F
:106E480001A804F01DF9002320460893FFF75EF916
:106E58000028F2D02846FFF791FF0028EDD00A4914
:106E6800642201A804F0B6F858B995ED077AD4ED74
:106E78000D7AB4EE677AF1EE10FA0CBF012000200B
:106E8800DBE700201BB030BDB8B8000870B52DEDA9
:106E9800048B0E4682B0B0EE408AF0EE608A15464A
:106EA800044638B1D0ED1A7AF5EE407AF1EE10FAD0
:106EB80000F09080002D00F0888031462046FFF7D2
:106EC80091FF002800F08180DFED577AB0EEC87A94
:106ED800B4EE677AF1EE10FA77D89FED549AB4EED3
:106EE800C98AF1EE10FA70D4D4ED0A7AF4EEC87AB1
:106EF800F1EE10FA5DD9D4ED017AF5EE407AF1EEB3
:106F080010FA14BF01210021B0EE680A2046FFF7ED
:106F18008FFD00285AD178EEC80AF1EE087AF0EE13
:106F2800E00A60EEA77A96ED056A87EE867AF7EEB4
:106F3800086A60EEA68AD6ED047AB5EE407AF1EEDC
:106F480010FAC8EEA70A65D4B1EEC70A04F0C8F86B
:106F580085ED000A94ED017AF0EE007AB4EE677AD6
:106F6800F1EE10FAB0EE408A52D0D6ED130A94ED45
:106F7800140A04F0DDF8F0EE400A94ED130A04F068
:106F8800D7F89FED2B7AD6ED187A28EE078A78EE97
:106F9800277AF4EEC07AF1EE10FA37DCD4ED167ADF
:106FA800B4EEE78AF1EE10FACCBF01200020C00051
:106FB8000CE09FED200AB4EE408AF1EE10FA04D1FD
:106FC800F4EE408AF1EE10FA09D0012002B0BDECCF
:106FD800048B70BD0B2002B0BDEC048B70BDD4EDEA
:106FE800017AF5EE407AF1EE10FA14BF0121002182
:106FF8002046FFF71DFD0028E8D196ED047AD6ED6E
:10700800057AC9EE070A89EE277A9DE70820DDE7A9
:107018000020DBE7B0EE470ACDED010A04F03EF8A8
:10702800DDED010A92E700BFFFFF7F7F000000004F
:1070380000007A4400803B4510B40346A44CA548A0
:10704800D3F800C000212CFA01F2D2B20831424034
:10705800202904FB02F0F6D1D3F804C09C4C00218F
:107068002CFA01F2D2B208314240202904FB02F086
:10707800F6D1D3F808C0964C00212CFA01F2D2B20E
:1070880008314240202904FB02F0F6D1D3F80CC0A5
:107098008F4C00212CFA01F2D2B20831424020294B
:1070A80004FB02F0F6D1D3F810C0894C00212CFA69
:1070B80001F2D2B208314240202904FB02F0F6D195
:1070C800D3F814C0824C00212CFA01F2D2B2083154
:1070D8004240202904FB02F0F6D1D3F818C07C4CBA
:1070E80000212CFA01F2D2B208314240202904FBD7
:1070F80002F0F6D1D3F81CC0754C00212CFA01F22D
:10710800D2B208314240202904FB02F0F6D1D3F86C
:1071180020C06F4C00212CFA01F2D2B20831424053
:10712800202904FB02F0F6D1D3F824C0684C0021D2
:107138002CFA01F2D2B208314240202904FB02F0B5
:10714800F6D1D3F828C0624C00212CFA01F2D2B251
:1071580008314240202904FB02F0F6D1D3F82CC0B4
:107168005B4C00212CFA01F2D2B2083142402029AE
:1071780004FB02F0F6D1D3F830C0554C00212CFAAC
:1071880001F2D2B208314240202904FB02F0F6D1C4
:10719800D3F834C04E4C00212CFA01F2D2B2083197
:1071A8004240202904FB02F0F6D1D3F838C0484CFD
:1071B80000212CFA01F2D2B208314240202904FB06
:1071C80002F0F6D1D3F83CC0414C00212CFA01F270
:1071D800D2B208314240202904FB02F0F6D1D3F89C
:1071E80040C03B4C00212CFA01F2D2B20831424097
:1071F800202904FB02F0F6D1D3F844C0344C002116
:107208002CFA01F2D2B208314240202904FB02F0E4
:10721800F6D1D3F848C02E4C00212CFA01F2D2B294
:1072280008314240202904FB02F0F6D1D3F84CC0C3
:10723800274C00212CFA01F2D2B208314240202911
:1072480004FB02F0F6D1D3F850C0214C00212CFAEF
:1072580001F2D2B208314240202904FB02F0F6D1F3
:10726800D3F854C01A4C00212CFA01F2D2B20831DA
:107278004240202904FB02F0F6D1D3F858C0144C40
:1072880000212CFA01F2D2B208314240202904FB35
:1072980002F0F6D1D3F85CC00D4C00212CFA01F2B3
:1072A800D2B208314240202904FB02F0F6D1D3F8CB
:1072B80060C0074900222CFA02F3DBB208324340CF
:1072C800202A01FB03F0F6D15DF8044B704700BF9C
:1072D80093010001C59D1C8170B52DED028B82B014
:1072E800CDED010A0546002859D00C46002956D094
:1072F800D1ED007ADFED498AB0EEE77AB4EE687A2C
:10730800F1EE10FA4BD8F5EEC07AF1EE10FA46D449
:107318009FED437AF4EEC77AF1EE10FA3FDCD1ED37
:10732800017AF0EEE76AF4EE686AF1EE10FA36D800
:10733800F5EEC07AF1EE10FA31D4F4EEC77AF1EE38
:1073480010FA2CDC0846B0EE408AFEF7B1F9064682
:1073580030B3F0EEC87AF4EE687AF1EE10FA1ED87F
:10736800B5EEC08AF1EE10FA19D4DFED2E7AB4EE3C
:10737800E78AF1EE10FA12DCDDED010AF0EEE06AC0
:10738800F4EE686AF1EE10FA09D8F5EEC00AF1EEEB
:1073980010FA04D9F4EEE70AF1EE10FA05DD00263A
:1073A800304602B0BDEC028B70BD28220021281D9A
:1073B80003F039FEDDED010AD4ED056A70EEC87AF6
:1073C800B1EE087AF0EEE77A27EE877AB7EE086A28
:1073D80087EE260A67EE867A94ED047A85ED058AAB
:1073E800B5EE400AF1EE10FA85ED028A85ED008AC5
:1073F800C5ED060A87EE878A0BD4F1EEC00AB0EE17
:10740800480A03F06DFE012385ED070A85F8283048
:10741800C6E703F043FEF0EE400AF0E7FFFF7F7F88
:1074280000007A440050C34770B504462DED048B24
:10743800002800F09A811546002A00F0968190F8FD
:107448002800002800F08E810846F0EE408AB0EE51
:10745800608A0E46FFF792FC002800F08381DFED7A
:10746800CB7AB0EEE87AB4EE677AF1EE10FA00F271
:107478007C81F5EEC08AF1EE10FA00F176819FED7D
:10748800C47AF4EEC78AF1EE10FA00F36E81B0EE1A
:10749800C87AB4EE677AF1EE10FA00F26681D6ED9A
:1074A8000D7A9FEDBC7A67EE877AF4EEC87AF1EE32
:1074B80010FA00F35A81D6ED0E7A67EE877AF4EE69
:1074C800C87AF1EE10FA00F15081D4ED007A9FED00
:1074D800AF7AF0EEE77AF4EE477AF1EE10FA00F2BE
:1074E8004481D4ED027AF0EEE77AF4EE477AF1EED1
:1074F80010FA00F23A81D4ED037AF0EEE77AF4EE6E
:10750800477AF1EE10FA00F23081D4ED047AF0EE09
:10751800E77AF4EE477AF1EE10FA00F22681D4ED1C
:10752800087AF0EEE77AF4EE477AF1EE10FA00F214
:107538001C81D4ED077AF0EEE77AF4EE477AF1EEA3
:1075480010FA00F21281D4ED097AF0EEE77AF4EE3F
:10755800477AF1EE10FA00F20881D4ED057AF0EEE0
:10756800E77AF4EE477AF1EE10FA00F2FE80D4EDF5
:10757800067AF0EEE77AF4EE477AF1EE10FA00F2C6
:10758800F48030220021281D03F04DFD94ED079A68
:1075980094ED080A85ED008A38EE000AF0EE490AF3
:1075A80003F0C6FD94ED057AD4ED067A84ED080A59
:1075B800B5EEC09AF1EE10FA77EEC77A40F3E080A4
:1075C80080EE096AF1EE086A67EEA66AF7EE005ADD
:1075D80075EEC65A66EE866AF0EE004A66EEA56A51
:1075E800B0EE085AC6EE895AA6EE645A66EE277AB5
:1075F80067EE867AA7EE857AD6ED0C7A96ED036A61
:10760800D4ED026AD4ED039A96ED014AD6ED080A44
:1076180078EE277A38EE066A88EE275A38EEE60AB8
:10762800C8EE063AB0EE666AA5EE006AD6ED007AB4
:1076380084ED007A76EE666AC4ED015A86EE885AC1
:1076480084ED026A75EE696A77EE464AE3EEA69A19
:10765800B5EE404AC4ED039A85ED017A96ED027ABB
:10766800C5ED025AF1EE10FA14BFD4ED046ADFED4D
:107678004A6A85ED036AB5EE407A64EEA77AF1EEC0
:1076880010FA14BF27EE697A9FED437AC5ED057AA3
:1076980077EEA68ADFED407AC5ED066A78EE878A2E
:1076A80085ED077A78EEA78AC5ED087AC5ED044A14
:1076B800F1EE600AB0EE680AC5ED098A03F010FD24
:1076C800F0EE400A96ED070A03F032FDD4ED097A90
:1076D8009FED317A67EE806AF4EE408AF1EE10FA97
:1076E800B0EE409A18BF0123F4EEC76A96ED060A79
:1076F80018BF2B63F1EE10FAB4EEC79AD8BFF0EEBC
:10770800477AF1EE10FA28EE000AF0EE490A30DB6B
:1077180037EE800A03F00CFDF0EE407AF4EE497A79
:10772800F1EE10FAC5ED0A7A03D02B6B43F0020391
:107738002B639FED167AF0EEE88AF4EE478AF1EEB5
:1077480010FA12D8F0EEE77AF4EE477AF1EE10FA72
:107758000BD8F0EEE99AF4EE479AF1EE10FA94BFDE
:1077680001200020BDEC048B70BDBDEC048B002013
:1077780070BD37EEC00A03F0B3FCF0EE407ACDE7F7
:1077880037EE277ADFED045A36E700BFFFFF7F7F29
:107798000050C3476F12833A0000000040B52DED3A
:1077A800068B84B006460293002800F0C580002AA4
:1077B80000F0C2800192002900F0BE80D1ED007A6D
:1077C8009FED637AF0EEE76AF4EE476AF1EE10FA9D
:1077D80000F2B280F5EEC07AF1EE10FA00F1AC805A
:1077E800DFED5C6AF4EEE67AF1EE10FA00F3A480BD
:1077F80091ED01AAF0EECA7AF4EE477AF1EE10FAAA
:1078080000F29A80B5EEC0AAF1EE10FA00F1948069
:10781800B4EEE6AAF1EE10FA00F38E800846039162
:10782800FDF746FF002800F08880019ADFED487ACE
:10783800D2ED098AB0EEE87AB4EE677AF1EE10FA82
:107848007AD8D2ED049AB0EEE97AB4EE677AF1EE1E
:1078580010FA71D892ED009AB0EEC97AB4EE677A50
:10786800F1EE10FA68D8B5EEC09AF1EE10FA63D9C5
:1078780003999FED397AD1ED0E7A67EE877AB4EEE7
:10788800E79AF1EE10FA57DC029B07EE903AB8EE51
:10789800E78AD1ED077AB4EEE78AF1EE10FA4BDC0D
:1078A800D1ED087AF1EE677AB4EEE78AF1EE10FAD4
:1078B80042D4136B5B0744D192ED0A0A0192CDE9D9
:1078C800020103F0C7FCB4EE408AF1EE10FADDE9DC
:1078D8000120039935D1DFED218AB5EE40AAF1EEFA
:1078E80010FA31D0D1ED0B7AD6ED040A68EEA78AEA
:1078F800DFED177AE9EE8A8AE9EE280AB0EEE07A37
:10790800B4EE677AF1EE10FA16D891ED090A0191F2
:10791800CDE9020203F0E4FB0199F0EE400A91ED93
:107928000A0A03F005FC039A86ED040A029882ED20
:107938000B0A86ED098A00E0002004B0BDEC068B36
:1079480040BD78EE688AC8E7DFED040ADDE700BFCE
:10795800FFFF7F7F00007A446F12833A0000000027
:107968002DE9F0432DED028B00F5047583B09FEDF2
:10797800788A026F8DED018A01AB04460E46416E8E
:107988002846FFF70FF980462846FEF789F9814611
:10799800EFF3108772B6BFF35F8FFCF771FDD4F871
:1079A800C832D4ED907A94ED1E7AC4F8CC620133D3
:1079B800C4F8C832D4F8DC32F31AC4F8E032654BA4
:1079C8005B68C4F8C432D4F8F037C4F8E832D4F8A5
:1079D800E437C4F8EC32D4F8E837C4F8F032237846
:1079E800C4F8F4326378C4F8F832A378C4F8FC32E7
:1079F800A36DC4F85433E36DC4F85033636EC4F810
:107A08005C33236EC4F85833B8EEC77AFCEEE77AD5
:107A18004FF20B13C4F8C03204F5946383ED007A77
:107A2800C4EDCD7AD4ED847A94ED857AD4F8A43176
:107A3800C4F81434FCEEE77AD4F8A031C4EDDF7A48
:107A4800FCEEC77A0546C4F88093C4EDE17AC4F821
:107A58001034B8F1000F03D094F84B38002B60D1E4
:107A6800DFED3B7A0023B0EE678AC4F8AC3304F24A
:107A7800DC43C3ED007A04F59C6383ED008A94F837
:107A8800453823B1D4F8F437F31AC4F89C3394F882
:107A98004608EB68C4F8083318B195F828000028A0
:107AA80052D195F82930AA8CC4F8183395F82A30A1
:107AB800C4F81023EA8CC4F80C03C4F81C33C4F8C7
:107AC8001423DBBBD5ED017A6B78F8EE677AC3BB7C
:107AD800D4F8F42794F8403804F2CC41C1ED007A88
:107AE800C4F83823D4F83828C4F8EC230BB1B21AF8
:107AF800D30F94F84428C4F8F033C4F86823E37823
:107B0800D4F81C283146C4E9DB23204602F0EAFCFD
:107B1800BFF35F8F87F3108803B0BDEC028BBDE81D
:107B2800F083B4EE487ADDED017A0123F1EE10FA24
:107B3800C4F8AC3318BFB0EE678A98E7DFED047A73
:107B4800C6E7F1EE677AC3E7FCF780FBA9E700BF59
:107B58000000000018B60008F8B504460F4619469C
:107B68001D46164602F09AFCFCF71AFAD4F80424CB
:107B78000023A4F8A931D4F8A03322B90F2E45D098
:107B88000222C4F80424EBB1D4F8D83323B90D2E5B
:107B980049D00623C4F8D8330023C4F8A0330323FC
:107BA800C4E9EF53D4F8B033D4F8B423EB1A9342B2
:107BB800D4E9160128BF1346C4F8B83304F50163A5
:107BC80043E9020194F8453843B1D4F83C382BB165
:107BD8002B44C4F83838012384F840380023A4F82B
:107BE8004438C4F8A03384F8BC320023C4F8A43263
:107BF8002378092B4FF009031CBF6770A670237008
:107C080029462046BDE8F840FFF7AABED4F8082464
:107C18005AB90322C4F80424002BD3D0D4F8D8339B
:107C2800002BB9D1B5E70723B4E70422C4F804242C
:107C3800002BC7D0F2E700BFF0B52DED028B83B063
:107C480000260D464FF0807300210446026F80F82D
:107C58004C6880F84A68C0F82868C0F84238C0F80C
:107C68004668C0F8F457C0F82058C0F8245801AB4B
:107C78000191416E00F50470FEF794FF9DED018AB5
:107C880094ED907AD4F8F037D4EDA27AB4EEC78A9E
:107C9800F1EE10FA03F10103B8BF3246FCEEE77AC1
:107CA800A8BF0122012B38BF012304F62C0104F5DB
:107CB800036081ED008A80ED008AC4F8F03717EE82
:107CC800903A314604F2E44684F84128C4F83C3836
:107CD8004FF4167204F53070376803F0A4F9D4ED48
:107CE8001E7A3760F8EEE77A04F2EC43B4EEE78ADE
:107CF800F1EE10FA83ED008A04DB0123C4F808349E
:107D0800C4F80C54D4ED1C7AD4E91821F8EEE77ABB
:107D180004F59A63C4E9DD12C4F80013A16DC3ED3C
:107D2800007AE36DC4F8D4320C23C4F8D812C4F82E
:107D3800DC2223702946204603F0BAF840B12378A4
:107D4800092B0CBF0720002003B0BDEC028BF0BD4F
:107D58002B460A2206212046FFF7FEFEEFE700BF6A
:107D680090F84528002A47D030B5D0F8A03383B022
:107D780004460BB903B030BD002201928DF80320F0
:107D8800D0F8EC070DF1030301AA0D46FCF70EFE2F
:107D980098BB019B002B03DDD4F8C4239A4237D348
:107DA80007EE903A9DF80330F8EEE77AC4EDAE7A24
:107DB800002BDFD0D4F8A0330122C4F8D823002B3D
:107DC800D8D0D4E9EC30EB1A834294ED166B28BF77
:107DD80003460021C4F8A013C4F8B833022004F500
:107DE800016104F59E63C4E9EF5001ED026BC3ED38
:107DF800007AC4F8F423BDE770470823C4F8D833E1
:107E08000D222B4606212046FFF7A6FE03B030BD03
:107E1800C4F8C433FCF734FBC28C019BC4F8E023DC
:107E2800BEE700BF08B1FFF797BE704700283DD0F6
:107E380070B50D46164600214FF40562044603F05E
:107E4800F2F88DB34C22294604F1080003F018F922
:107E580017494C22284603F0BDF828BB154B1B6870
:107E6800A3F10103B3FA83F35B0904F5D67584F82B
:107E7800953011496422284603F002F90F498422FB
:107E880004F5047003F0FCF80123C4F8E43728462D
:107E9800FFF7D2F8C4F8E807FCF782F83146204625
:107EA800BDE87040FFF75CBD0023DEE7704700BF08
:107EB800CCB5000868B60008B8B8000834B800089F
:107EC80048B370B50378044663B9154611B190F804
:107ED800953043B901222B4620461146BDE8704033
:107EE800FFF73ABE70BD00F5D67100F50470FEF7D5
:107EF80079FF0028EED0FCF789FA0028EAD0FCF7D1
:107F080095FA0028E6D00123237029462046BDE8CB
:107F18007040FFF725BD70470346A8B190F84B089D
:107F280090B193F8740078B193F8750060B1D3ED0F
:107F38007A7A1B6EFCEEE77AC91A17EE900A81422C
:107F48008CBF002001207047704700BFF0B583B098
:107F5800B0B1A9B10B78013B15460446092B06D8E8
:107F6800DFE803F01205051263055705055E0626CE
:107F78002046E6702946FFF7F3FC304603B0F0BD13
:107F88000126304603B0F0BD294602F087FAD4F83E
:107F98000424002384F84438A4F8A93112B9012331
:107FA800C4F80434D4F8A033B3B1D4E9EC320521D1
:107FB800C4F8D8130021C4F8A0130321EB1AC4E9AC
:107FC800EF51D4E91601934228BF134604F5016224
:107FD800C4F8B83342E9020194F8453813B1D4F82B
:107FE8003C3893BB0023002284F84538C4F8A033FA
:107FF80084F8BC32C4F8A42284F84C38FBF7D0FFCC
:1080080000283AD12378092B01D0012323700026B8
:10801800AEE70023A0F8A93180F894300226A7E73C
:108028000378012B18D00326A2E70378092BF5D192
:10803800FCF7ECF90028F1D0FCF7F8F90028EDD0AE
:10804800012200232280A370E1E72B440122C4F817
:10805800383884F84028C5E7B0F84438002BE2D116
:1080680090F8403823B1D0F83838EB1A002B3BDBB6
:1080780094F894304BB904267AE72B460A22062155
:108088002046FFF769FD072672E72946204602F0D9
:10809800D1FA0028EFD094F8AA31002BEBD094F84D
:1080A800A931002BE7D004F5047604F5D6773946D4
:1080B8003046FEF797FE0028DDD0FCF7B7F9002818
:1080C800D9D0FCF7A3F90028D5D0FCF7D9F990F856
:1080D8002930002BCFD10023019394F84B383BB9BA
:1080E8000123C4F88833C6E70C23C0F88833C2E7F5
:1080F800226F616E01AB3046FEF754FD0028EFD0C9
:10810800D4ED1E7A9DED010A3046F8EEE70A3946AD
:1081180004F2E442FEF7BAFE0646C4F888030028D3
:10812800A9D10123A4F8A90184F84438C4F81C583B
:1081380084F84C081CE700BFA8B390F8403870B525
:108148000D46044643B994F844388BB9294620466D
:10815800BDE8704002F0BABAD0F83838CB1A002B14
:10816800A4BF002380F8403894F84438002BEDD0A1
:10817800FCF74CF938B92B4620460A22BDE8704076
:108188000621FFF7E9BCFCF751F90028F3D0FCF70A
:1081980077F990F82830002BEDD1D4F81C38EB1A79
:1081A800F92B01D870BD704702222B462046114694
:1081B800BDE87040FFF7D0BC002800F0C5802DE96D
:1081C800F0472DED048B0D46B2B0002900F0A880D1
:1081D8000B7F16460446002B00F0A7804B7F002B30
:1081E80000F0A3808B69002BC0F29F80CA68B2F5AB
:1081F800803F80F09A80934240F0978090F84B3807
:10820800002B40F0CE8031462046FFF795FFAE4662
:10821800BEE80F0004F1580C94F8458894F84478A7
:10822800ACE80F009EE80F004FF001098CE80F0042
:1082380084F84B98B8F1000F40F0878000230A9328
:10824800002F00F0A58094F87430D5ED036A002B58
:1082580040F08F81F8EE667A94ED887AF4EEC77A6A
:10826800F1EE10FA80F2D28094ED856AB7EE007ACA
:10827800B4EE476AF1EE10FA0DD1D4ED895A94EDB7
:108288008A7A94ED8E6AA7EEA57AB4EEC67AF1EEF4
:1082980010FA80F2BB8004F50477AA6916EE901AEA
:1082A8000AAB3846FEF77EFC00283ED0D4F8C0332F
:1082B800012B40F2D280D4F8D033002B40F0CD808F
:1082C80094F84B38002B00F0C88094F87430002BD9
:1082D80000F0748594F8752052B1D4ED7A7A216E45
:1082E800FCEEE77A711A17EE900A814240F2958007
:1082F80094F84518002900F066859C46002A40F04D
:10830800528194F84418002940F0E280BCF1000F33
:1083180040F087810222334611462046FFF71CFCB5
:1083280032B0BDEC048BBDE8F087B4F84438002BBC
:10833800F6D03346032202212046FFF70DFC32B067
:10834800BDEC048BBDE8F087704794F87430002BBF
:1083580000F0E58094F87530002B00F01381D4ED1F
:108368007A7A216EBCEEE77A721A17EE103A9A42C0
:1083780009D8EB68D4F87423934204D9C4F8743349
:10838800AB68C4F8783300230A93002F40F0CF80FD
:108398003146204602F02EFA31462046FFF7E0FA31
:1083A800BEE7D0E91623D1E90001FEF7DDFC00287D
:1083B80075D094F84B38002B3FF425AFAB68226E8C
:1083C8009B1A002B5BDB0CD0D4F860230AB19A42CD
:1083D80001D9C4F86033D4F864239A4238BFC4F88A
:1083E8006433D5E90032A16D013B42F1FF325B1ADB
:1083F800E16D62EB0102002A4FF0FF31D4F844230B
:1084080018BF0B461A44C4F84423FCE6334600223E
:1084180003212046FFF7A0FB82E704F5016353E937
:108428000223D5E90001FEF79FFCB0B1AA68D4F891
:10843800BC33D31A002B10DBD5E9003104F59F605B
:10844800DDF828C0C0F800C0C4F800340123C4F81F
:10845800CC23C4F8FC13C4F8D03394F845386BB374
:1084680094F84B38002B40F0938094F84438002B54
:108478003FF450AF31462046FFF772FA50E7B4F8A0
:108488004438002B3FF44CAF3346042202212046E7
:1084980032B0BDEC048BBDE8F047FFF75DBBB4F824
:1084A8004438002B3FF43CAFD5E90002D4E9161359
:1084B8009A4208BF88423FF433AFE5E794F844385E
:1084C800002BD7D094F84B38002BD3D094F87430C5
:1084D800002BCFD094F87520002ACBD0D4ED7A7A2F
:1084E800236EFCEEE77AF31A17EE902A9342C1D86E
:1084F800AB68D4F81C289B1A002BBBDB2378012B14
:1085080006D194F894301BB1A36F002B00F320859B
:108518003346092206212046FFF71EFBAAE700235F
:108528000A93002F3FF434AFD5ED036A92E6D5EDF8
:10853800036AFCEEE77A711A17EE903A99423FF611
:1085480089AEAB68D4F81C289B1A002BFFF682AEC4
:10855800A36F40F6B83293427FF47CAE16EE902AB1
:108568009A427FF477AE31462046FFF765FBE0700C
:1085780080E794F87530002B3FF46CAE216ED4ED93
:108588007A7AD6E700230A93002F3FF401AFCBE7AE
:1085980094F87430002B3FF468AF94F87520944633
:1085A800002A3FF462AFD4ED7A7A216EBCEEE77A06
:1085B800701A17EE103A98420CD9FCEEE77A711A45
:1085C80017EE903A994294F8440819D900283FF4D4
:1085D8009DAE81E7D4F80834002BEED194ED1E7AD5
:1085E800DDED0A6AB8EEC77AB4EEE67AF1EE10FA73
:1085F800E3D8AB68C4F80C340123C4F80834DCE7CA
:1086080004F2EC43DDED0A7A93ED007AB4EEE77AF2
:10861800F1EE10FA40F11B83C3ED007A00287FF4D5
:108628005BAF002A3FF476AED4ED7A7A236EFCEE87
:10863800E77AF31A17EE902A93423FF66BAE94F856
:1086480046389BB1D4F8203383B994ED907ADDEDA8
:108658000A7AB4EEE77AF1EE10FA07D8EA68C4F8B5
:108668002C230123C4F8203384F84138D4F8F43398
:10867800002B40F0B882D4F8A033002B00F085809E
:1086880004F2F443D3ED006ADDED0A7A04F2FC4308
:1086980093ED007AF4EEC77AF1EE10FAC8BFC3ED95
:1086A800007A04F5A06393ED007A77EEE66AF4EEBB
:1086B800C77A94EDA47AF1EE10FAB4EEE67AC8BF60
:1086C800C3ED007AF1EE10FA40F2E18394ED1E7AE0
:1086D80094ED966AB8EEC77A37EE677AB4EEC67A42
:1086E800F1EE10FA40F2648394EDA57A77EE677A9A
:1086F800F5EEC07AF1EE10FA40F25A8323780E2B89
:1087080000F05683D4EDA37AF4EEE76AF1EE10FA9E
:10871800C0F25E82D4F83488FBF7B2FE4368434562
:1087280038BF98460223D4F8EC07C4F8D833424639
:108738003146FBF767FF002840F0CF8307EE908AA9
:10874800D4F8A023F8EEE77A002A00F0B3830223D6
:10875800C4E9EF63D4F8B033D4F8B423C4F8A00361
:10876800F31A9342D4E9168928BF1346C4F8B833DC
:1087780004F5016204F59E63012142E90289C3ED13
:10878800007AC4F8F413C4EDAE7A94F84538002B97
:108798003FF4C6AD94F84638AA68002B00F05B8217
:1087A800D4ED787AD4F8FC37FCEEE77AA2EB03082C
:1087B80017EE903A9845C0F09B83EB68D5ED067AA2
:1087C800C4F80033D5E90031F8EEE77AC4F8D412DA
:1087D80004F59A61C1ED007A04F5D679C4E9B63298
:1087E800642249460DEB020002F04AFC07EE908A2B
:1087F8009FED547A9DED0A0AF8EE677A494627EE0E
:10880800878AD4ED1E7A04F52579F8EEE78AF0EE2A
:10881800480A0CAA484678EEC08AFEF705FE0028EA
:1088280000F05383DDED167AD4F8A033FDEEE77A35
:1088380017EE90AA002B00F0D882DDED107AF5EE45
:10884800C07AF1EE10FA40F26E8494F84388B8F1D9
:10885800000F00F0D082D4F8EC073146FCF76AF834
:10886800B0F1000AC0F2318307EE10AADDED167AE6
:10887800DDED156A189BB8EEC77A43F0100377EE62
:10888800677A8DED167A36EEA77A1893D4F84C32BB
:10889800CDED147A8DED157A20934FF00008D4EDC4
:1088A800826A94ED7A7AD4ED7B7ACDF814A0FCEE46
:1088B800E66ABCEEC77AFCEEE77A0196CDED046A6B
:1088C8008DED037ACDED027AAB6800930DF12703A5
:1088D80007930BAB0693D5E90023D4F8EC07FCF714
:1088E8005DF9002840F00A839DF827301BB1189BDA
:1088F80043F00403189307EE90AAF8EEE79ADDED2B
:10890800167AF4EE679AF1EE10FA03D0189B43F04A
:10891800080318930B9B0CAA19A94846FEF73EFFBB
:10892800002800F0D282D4F8A0330B996BB3002949
:1089380004DDD4F8C4338B42C0F03881B8F1000F9D
:1089480023D001E06F12833A0023C4F8A033022336
:10895800C4E9EF63D4F8B033D4F8B423F31A07EEBC
:10896800901A9342D4E9168928BF1346F8EEE77A9D
:10897800C4F8B83304F5016204F59E63012042E9A6
:108988000289C3ED007AC4F8F403D5E90089AB681D
:10899800C4F8FC3704F50063C3E90089D4F8E4326D
:1089A8009DED0F9AC4F8D0625A1C04F59363C4F87D
:1089B800E42283ED008A04F29C4383ED009A04F2DA
:1089C800A4430D98186004F595630E98DDED107AB0
:1089D800186004F2AC43C3ED007A04F59663119A6B
:1089E8001A6004F2B4431298186004F59763139A56
:1089F8001A6004F2BC431498186007EE101A04F5C4
:108A08009863159A1A60B8EEC77A04F2C44383EDE6
:108A1800007A04F2D443C3ED009A04F59B631698D8
:108A2800186004F59963179A1A60189A94EDAD8A3C
:108A3800D4EDAC9AC4F80423B4EEE98AF1EE10FA46
:108A480002F00102C0F27D8294ED807AF0EEE77ABE
:108A5800F4EEC77AF1EE10FACCBF012300231846D2
:108A6800002A00F0658294F848580DB9C4F81068D7
:108A7800002840F04B8284F84938D4F81038F31AAB
:108A8800C4F83C33012384F848384FF00008002923
:108A9800C4F8408340F31182D4ED7D7AF4EEE87A8D
:108AA800F1EE10FA40F1098294F8423853B904F60D
:108AB8002C010A9BC4F82068C4F824680B6004F5EC
:108AC80003610B60D4ED9B7AD4F82018FCEEE77AAA
:108AD800012384F8423817EE903A711A994218D354
:108AE80004F62C01D1ED007A9DED0A7AD4ED9C6A4A
:108AF80077EE677A04F59D60F4EEE67AF1EE10FA07
:108B0800C0ED007AA4BFC4F8246881ED007AC4F8E7
:108B18002068D4F82478F71BBB42C4F8907340F25D
:108B2800938204F50363DDED0A7AD3ED006A94EDD0
:108B38009C7A77EEE67AF4EEC77AF1EE10FAC0F294
:108B48008382002A0CBF03250125B4EEE98AF1EEE1
:108B580010FAACBF01230023C4F89433D4ED9D0A66
:108B680094ED7F0AC4F88C5302F0E2FABCEEC00A16
:108B780010EE103ABB4240F25F82B4EEE98AF1EEA1
:108B880010FAC0F24782D4ED817AFCEEE77A17EE4C
:108B9800903A434500F21E82EB0700F11B823346F0
:108BA800112205212046FEF7D7FF63E4C4F8C41359
:108BB800FBF766FCC38CC4F8E033B8F1000F00F093
:108BC800C782D4F8A0330B99002B7FF4BDAEDCE646
:108BD800D4F8E833F31A002BFFF6D7AD3146204618
:108BE800FFF7BEF8D1E504F5016353E90223D5E99F
:108BF8000001FEF7B9F800283FF43CACAB68D4F8A4
:108C0800BC239B1A002BFFF635AC04F5A06393ED4B
:108C1800007ADDED0A7AB4EEE77AF1EE10FA48BF91
:108C2800C3ED007A0023C4F8F43304F2F443D3ED1F
:108C3800006A94EDA47A77EEE67AF4EEC77AF1EE5C
:108C480010FA80F2C7800123C4F8F83313E500282E
:108C58003FF4E7AC40E4EB68D5ED067AD4ED906AD2
:108C6800C4F800339DED0A7AD5E90031F8EEE77AC9
:108C7800F4EEC76AC4F8D412F1EE10FA04F59A615A
:108C8800C1ED007AC4E9B6323FF6F4ABFBF788F9D8
:108C9800002840F00781D4E918310122C4E9CA311B
:108CA80084F84628C4F8F837C4F89030226F0CAB23
:108CB8003846FDF777FF002800F0F480D4ED907A6D
:108CC8009DED0C0AF4EEC07AF1EE10FAD4ED1E7A9E
:108CD80094BF01230023F8EEE70AC4F8203304F513
:108CE800D67104F52570FEF7F7FA002800F0DA804F
:108CF80004F2EC70FBF7D4FB0546002840F0D28064
:108D0800D4ED7E0A94ED980A02F012FAF0EE400AC9
:108D180094ED970A02F00CFAD4ED727AD4F8EC07C5
:108D2800BCEEC07AFDEEE77A17EE102A17EE903AFD
:108D38003146FBF7B7FB002800F0B480D4ED826A17
:108D480094ED7A7AD4ED7B7A0595FCEEE66A0BAB66
:108D58000793CDED046ABCEEC77AFCEEE77A216E84
:108D68008DED037ACDED027AD4E91623CDE900160C
:108D780019A9D4F8EC070691FBF710FF002840F07A
:108D88009180D4E9168904F50063D4F89C22206EFA
:108D9800D4F89412C3E9008904F29C43C4F8FC0790
:108DA8001A6004F2A4430D2219602270FFF762BB17
:108DB800FBF766FB4FF000080323B4E494F845285A
:108DC800002A7FF452AB94F84428002A3FF452ABAF
:108DD800FFF77EBB0223C4F8F8331422334605217B
:108DE8002046FEF7B9FEFFF79BBA94F84388B8F11E
:108DF800000F7FF452AD3846FDF756FF002800F00B
:108E0800E78094F84138002B00F02081D4F8203313
:108E1800002B00F01B81D4ED967AF4EEE87AF1EE9F
:108E280010FA80F2938194F84738002B40F094812F
:108E3800DDED107AF5EEC07AF1EE10FA40F28A8193
:108E4800D4EDAE7AF5EEC07AF1EE10FA00F1828137
:108E5800D4ED947A94ED957AD4F8A833FCEEE77AB9
:108E6800BCEEC77A17EE902A17EE101A13448B42FD
:108E780040F2F7800623C4F8D433D4F8A033002B8B
:108E88003FF40DADB8F1000F7FF409ADE3E404231E
:108E9800C4F8D8331322334605212046FEF75CFE7A
:108EA800FFF73EBA33460A2206212046FEF754FE53
:108EB800FFF7E0BAC4EDAE7A67E400231D4684F8F4
:108EC8004238C4F890331F463FE633461222072142
:108ED8002046FEF741FEFFF723BA0823C4F8D8332B
:108EE8000D22334606212046FEF736FEFFF718BA54
:108EF80031462046FEF734FFFFF712BA33460A22FE
:108F080006212046FEF728FEFFF70ABA94F849081A
:108F180008B9C4F8146884F8482884F849389AB914
:108F28001346C4F83C33D4F81438A6EB0308AEE56E
:108F38000028EBD184F8482884F84938C4F83C2341
:108F4800A3E5002318468BE5D4F81038F31AE8E7B0
:108F5800D4ED857A07EE103AF5EE407AF1EE10FA84
:108F680014BF01210021B8EEC70A3846FDF760FD9D
:108F780000287FF4CDAA04F5D67529463846FDF7B2
:108F880031FF00283FF4C4AAFBF750FA00283FF449
:108F9800BFAAFBF73BFA00283FF4BAAAFBF770FA1E
:108FA80090F82930002B7FF4B3AAD4ED1E7A9DEDFA
:108FB8000A0AF8EEE70A2946384604F2E442FDF7C1
:108FC80065FFC4F8880300287FF4A2AAFFF7CBBA8C
:108FD800022350E7D4ED1E7A94ED7C7AF8EEE77A16
:108FE80077EEC97AF0EEE77AB4EEE77AF1EE10FAA6
:108FF80018DB23780E2B18BFC4F82868D4F8283853
:109008000E210122F31A217084F84728C4F89833F6
:10901800FFF730BAD4ED1E7AF8EEE77A77EEC97A20
:10902800F0EEE77A23780E2B12D00D22002322705F
:10903800C4F89833FFF71EBA33461022052120469C
:10904800FEF78AFDFFF716BA02257EE5032312E72D
:1090580094ED7D7AB4EEE77AF1EE10FA7FF50AAA7C
:10906800E3E7C4F8A8330123D4F8EC07C4F834A81C
:10907800C4F8D43384F843383146FBF757FA00284C
:109088003FF43CAFD4ED937AD4EDA16A94EDA07A85
:10909800CDF804A0FDEEE77A3146CDED007AFCEE7E
:1090A800E67AD4F8EC0717EE903AFCEEC77A17EE9A
:1090B800902AFBF7BBFB00283FF420AFFBF7E0F951
:1090C800D4ED946AC269C4F8A42301238269C4F860
:1090D800B023FCEEE66A026AA868C4F8A033C4F8B4
:1090E800C03304F2F4430A9994ED937AD4EDA07A4C
:1090F800C4EDED6A196004F2FC43BCEEC77A19604E
:10910800FCEEE77A04F5A0631960C4F8C80384ED9F
:10911800F77AC4EDF97AC4F8E823B8F1000F7FF4C0
:10912800BEABFFF798BB0323D4F8EC07C4F8D833D9
:10913800FBF748FA804600283FF4E0AE94F843383D
:10914800002B3FF458AE9846FFF7A9BB042392E6DC
:109158000B991AE405238EE608238CE670B138B51E
:1091680090F84538044603B938BD0D4601F092FA27
:1091780029462046BDE83840FEF7F2BB704700BFDD
:1091880070B138B50D460446FEF7D6FF294620468D
:1091980001F080FA29462046BDE83840FEF7E0BBDA
:1091A800704700BF05281CD0062801D00020704752
:1091B800A1F58073042B12D9A1F58873312B0ED930
:1091C800A1F5A063012B0AD9A1F5A463042B06D944
:1091D800A1F5A26109298CBF002001207047012058
:1091E8007047103901298CBF00200120704700BF4B
:1091F800002877D02DE9F04F0529ADF54B7D0D46B8
:1092080016461F465BD0062904D006200DF54B7D77
:10921800BDE8F08FA2F58073042B04463ED9A2F571
:109228008873312B0BD9A2F5A063012B07D9A2F5BE
:10923800A463042B03D9A2F5A263092BE5D82578EA
:10924800012D37D1B4F84438A3BBFBF7DFF888B356
:10925800FBF716F990F8283063BBB6F5A06F84F8D1
:10926800AA3141D0A6F5A2618AB2092A40F27F85C7
:1092780040F20152964200F09D85A6F5A4618BB29A
:10928800032B00F2228694F8A931002B40F0838545
:109298000023A4F8A83184F8943006E0B2F5817F61
:1092A800CDD14DF201139F422CD001200DF54B7DFD
:1092B800BDE8F08F03200DF54B7DBDE8F08FA2F1DE
:1092C8001003012BA1D8B7F57F4FEED1102A08BFA4
:1092D8000A250023D49A8DF8A452A9A9AA93FEF7C7
:1092E80035FE93E7062070474BF201529742CFD1E3
:1092F800C4F89831A4F89C31A4F8A85184F89430A3
:10930800002083E7EFF310838B9372B6BFF35F8F70
:10931800D4E9BA230193D4F8F0320293D4F8F432A2
:109328000393D4F8F8320493D4F8FC320593D4F8B4
:1093380000330693D4F804330793D4F8083308931A
:10934800D4F80C330993D4F810330A93D4F81433AF
:10935800D0E9B0A9D0E9B28ED0E9B4C7D0E9B665F2
:10936800D0E9B8010B93D4F818330C93D4F81C3314
:109378000D93D4F820330E93D4F824330F93D4F8F4
:1093880028331093D4F82C331193D4F83033129334
:10939800D4F834331393D4F838331493D4F83C33D3
:1093A8001593D4F840331693D4F844331793D4F86C
:1093B80048331893D4F84C331993D4F850331A938C
:1093C800D4F854331B93D4F858331C93D4F85C3333
:1093D8001D93D4F860331E93D4F864331F93D4F8E4
:1093E80068332093D4F86C332193D4F870332293E4
:1093F800D4F874332393D4F878332493D4F87C3393
:109408002593D4F880332693D4F884332793D4F85B
:1094180088332893D4F88C332993D4F890332A933B
:10942800D4F894332B93D4F898332C93D4F89C33F2
:109438002D93D4F8A0332E93D4F8A4332F93D4F8D3
:10944800A8333093D4F8AC333193D4F8B033329393
:10945800D4F8B4333393D4F8B8333493D4F8BC3352
:109468003593D4F8C0333693D4F8C4333793D4F84B
:10947800C8333893D4F8CC333993D4F8D0333A93EB
:10948800D4F8D4333B93D4F8D8333C93D4F8DC33B2
:109498003D93D4F8E0333E93D4F8E4333F93D4F8C3
:1094A800E8334093D4F8EC334193D4F8F033429343
:1094B800D4F8F4334393D4F8F8334493D4F8FC3312
:1094C8004593D4F800344693D4F804344793D4F839
:1094D80008344893D4F80C344993D4F810344A9398
:1094E800D4F814344B93D4F818344C93D4F81C346F
:1094F8004D93D4F820344E93D4F824344F93D4F8B1
:1095080028345093D4F82C345193D4F830345293EF
:10951800D4F834345393D4F838345493D4F83C34CE
:109528005593D4F840345693D4F844345793D4F828
:1095380048345893D4F84C345993D4F850345A9347
:10954800D4F854345B93D4F858345C93D4F85C342E
:109558005D93D4F860345E93D4F864345F93D4F8A0
:1095680068346093D4F86C346193D4F8703462939F
:10957800D4F874346393D4F878346493D4F87C348E
:109588006593D4F880346693D4F884346793D4F818
:1095980088346893D4F88C346993D4F890346A93F7
:1095A800D4F894346B93D4F898346C93D4F89C34EE
:1095B8006D93D4F8A0346E93D4F8A4346F93D4F890
:1095C800A8347093D4F8AC347193D4F8B03472934F
:1095D800D4F8B4347393D4F8B8347493D4F8BC344E
:1095E8007593D4F8C0347693D4F8C4347793D4F808
:1095F800C8347893D4F8CC347993D4F8D0347A93A7
:10960800D4F8D4347B93D4F8D8347C93D4F8DC34AD
:109618007D93D4F8E0347E93D4F8E4347F93D4F87F
:10962800E8348093D4F8EC348193D4F8F0348293FE
:10963800D4F8F4348393D4F8F8348493D4F8FC340D
:109648008593D4F800358693D4F804358793D4F8F5
:1096580008358893D4F80C358993D4F81035D4F8A4
:1096680014B58A93BFF35F8F8B9B83F31088019B9C
:10967800A4F846351B0CA4F84435029BA4F84A35D7
:109688001B0CA4F84835039BA4F84E351B0CA4F812
:109698004C35049BA4F81AA5A4F81E95A4F82285B5
:1096A800A4F826E5A4F82AC5A4F82E75A4F832650E
:1096B800A4F83655A4F83A05A4F83E15A4F84225AE
:1096C800090C120C4FEA1A4A4FEA19494FEA18488E
:1096D8004FEA1E4E4FEA1C4C3F0C360C2D0C000C6A
:1096E800A4F83C15A4F84025A4F818A5A4F81C95DE
:1096F800A4F82085A4F824E5A4F828C5A4F82C75B6
:10970800A4F83065A4F83455A4F83805A4F85235FF
:109718001B0CA4F85035059B069AA4F856351B0C6B
:10972800A4F85435130CA4F85835079BA4F85E35F3
:109738001B0CA4F85C35089BA4F862351B0CA4F834
:109748006035099BA4F866351B0CA4F864350A9BA0
:10975800A4F86A351B0CA4F868350B9BA4F86E3581
:109768001B0CA4F86C350C9BA4F872351B0CA4F8E0
:1097780070350D9BA4F876351B0CA4F874350E9B38
:10978800A4F87A351B0CA4F878350F9BA4F85A2551
:10979800A4F87E351B0CA4F87C35109BA4F8823500
:1097A8001B0CA4F88035119BA4F886351B0CA4F873
:1097B8008435129BA4F88A351B0CA4F88835139BB2
:1097C800A4F88E351B0CA4F88C35149BA4F892359C
:1097D8001B0CA4F89035159B169AA4F896351B0C0B
:1097E800A4F89435130CA4F89835179BA4F89E3563
:1097F8001B0CA4F89C35189BA4F8A2351B0CA4F8E4
:10980800A035199BA4F8A6351B0CA4F8A4351A9BFF
:10981800A4F89A25A4F8AA351B0CA4F8A8351B9B14
:10982800A4F8AE351B0CA4F8AC351C9BA4F8B235D3
:109838001B0CA4F8B0351D9BA4F8B6351B0CA4F876
:10984800B4351E9BA4F8BA351B0CA4F8B8351F9B79
:10985800A4F8BE351B0CA4F8BC35209BA4F8C2356F
:109868001B0CA4F8C035219BA4F8C6351B0CA4F822
:10987800C435229BA4F8CA351B0CA4F8C835239B11
:10988800A4F8CE351B0CA4F8CC35249BA4F8D2350B
:109898001B0CA4F8D035259BA4F8D6351B0CA4F8CE
:1098A800D435269B279AA4F8DA351B0CA4F8D835AA
:1098B800130CA4F8DC35289BA4F8E2351B0CA4F89B
:1098C800E035299BA4F8E6351B0CA4F8E4352A9B5F
:1098D800A4F8EA351B0CA4F8E8352B9BA4F8EE3560
:1098E8001B0CA4F8EC352C9BA4F8F2351B0CA4F83F
:1098F800F0352D9BA4F8F6351B0CA4F8F4352E9BF7
:10990800A4F8FA351B0CA4F8F8352F9BA4F8FE35FB
:109918001B0CA4F8FC35309BA4F8DE25A4F802360D
:109928001B0CA4F80036319BA4F806361B0CA4F8CF
:109938000436329BA4F80A361B0CA4F80836339B6D
:10994800A4F80E361B0CA4F80C36349BA4F8123677
:109958001B0CA4F81036359BA4F816361B0CA4F87B
:109968001436369B379AA4F81A361B0CA4F8183606
:10997800130CA4F81C36389BA4F822361B0CA4F848
:109988002036399BA4F826361B0CA4F824363A9BBB
:10999800A4F82A361B0CA4F828363B9BA4F81E26EC
:1099A800A4F82E361B0CA4F82C363C9BA4F83236AF
:1099B8001B0CA4F830363D9BA4F836361B0CA4F8D3
:1099C80034363E9BA4F83A361B0CA4F838363F9B35
:1099D800A4F83E361B0CA4F83C36409BA4F842364B
:1099E8001B0CA4F84036419BA4F846361B0CA4F87F
:1099F8004436429BA4F84A361B0CA4F84836439BCD
:109A0800A4F84E361B0CA4F84C36449BA4F85236E6
:109A18001B0CA4F85036459BA4F856361B0CA4F82A
:109A28005436469BA4F85A361B0CA4F85836479B64
:109A3800489AA4F85E361B0CA4F85C36130CA4F8FC
:109A48006036499BA4F866361B0CA4F864364A9B1A
:109A5800A4F86A361B0CA4F868364B9BA4F86E363B
:109A68001B0CA4F86C364C9BA4F872361B0CA4F89B
:109A780070364D9BA4F876361B0CA4F874364E9BB2
:109A8800A4F87A361B0CA4F878364F9BA4F87E36D7
:109A98001B0CA4F87C36509BA4F882361B0CA4F847
:109AA8008036519BA4F86226A4F886361B0CA4F8CD
:109AB8008436529BA4F88A361B0CA4F88836539B2C
:109AC800A4F88E361B0CA4F88C36549BA4F8923656
:109AD8001B0CA4F89036559BA4F896361B0CA4F8DA
:109AE8009436569BA4F89A361B0CA4F89836579BC4
:109AF800589AA4F89E361B0CA4F89C36130CA4F8AC
:109B0800A036599BA4F8A6361B0CA4F8A4365A9B79
:109B1800A4F8AA361B0CA4F8A8365B9BA4F8AE36AA
:109B28001B0CA4F8AC365C9BA4F8A226A4F8B236A9
:109B38001B0CA4F8B0365D9BA4F8B6361B0CA4F831
:109B4800B4365E9BA4F8BA361B0CA4F8B8365F9BF3
:109B5800A4F8BE361B0CA4F8BC36609BA4F8C23629
:109B68001B0CA4F8C036619BA4F8C6361B0CA4F8DD
:109B7800C436629BA4F8CA361B0CA4F8C836639B8B
:109B8800A4F8CE361B0CA4F8CC36649BA4F8D236C5
:109B98001B0CA4F8D036659BA4F8D6361B0CA4F889
:109BA800D436669BA4F8DA361B0CA4F8D836679B23
:109BB800A4F8DE361B0CA4F8DC36689B699AA4F876
:109BC800E2361B0CA4F8E036130CA4F8E4366A9BC2
:109BD800A4F8EA361B0CA4F8E8366B9BA4F8EE361A
:109BE8001B0CA4F8EC366C9BA4F8F2361B0CA4F8FA
:109BF800F0366D9BA4F8F6361B0CA4F8F4366E9B71
:109C0800A4F8FA361B0CA4F8F8366F9BA4F8FE36B5
:109C18001B0CA4F8FC36709BA4F802371B0CA4F8A4
:109C28000037719BA4F806371B0CA4F80437729B05
:109C3800A4F8E626A4F80A371B0CA4F80837739B87
:109C4800A4F80E371B0CA4F80C37749BA4F8123731
:109C58001B0CA4F81037759BA4F816371B0CA4F836
:109C68001437769BA4F81A371B0CA4F81837779B7F
:109C7800A4F81E371B0CA4F81C37789B799AA4F813
:109C880022371B0CA4F82037130CA4F824377A9B2E
:109C9800A4F82A371B0CA4F828377B9BA4F82E3786
:109CA8001B0CA4F82C377C9BA4F832371B0CA4F8A7
:109CB80030377D9BA4F82627A4F836371B0CA4F868
:109CC80034377E9BA4F83A371B0CA4F838377F9BAF
:109CD800A4F83E371B0CA4F83C37809BA4F8423705
:109CE8001B0CA4F84037819BA4F846371B0CA4F83A
:109CF8004437829BA4F84A371B0CA4F84837839B47
:109D0800A4F84E371B0CA4F84C37849BA4F85237A0
:109D18001B0CA4F85037859BA4F856371B0CA4F8E5
:109D28005437869BA4F85A371B0CA4F85837879BDE
:109D3800A4F85E371B0CA4F85C37889BA4F862373C
:109D4800899A8A99A4F866271B0CA4F86037130C23
:109D5800A4F864370B0CA4F868374FEA1B43A4F83F
:109D68006A17A4F86C37A4F86EB7FFF7C9BA94F865
:109D7800A831002B3FF48CAA05FA01F3A6F59E62E0
:109D8800B4F8981104EB42020B43A2F83C71A4F812
:109D98009831FFF7B5BA05FA01F3A6F2F442B4F820
:109DA8009C1104EB42020B43A2F83871A4F89C31D1
:109DB800FFF7A6BA4CF2015297427FF469AA94F8C9
:109DC800A821002A3FF464AAB4F8981184F8A831AD
:109DD80040F2FF3291427FF45BAAD4F8A021531CD1
:109DE8003FF456AAB4F87C01B4F87E31B4F8801177
:109DF80043EA00438D93B4F88231B4F8840143EA0E
:109E080001438E93B4F88631B4F8881143EA0043CD
:109E18008F93B4F88A3143EA01439A427FF438AA0F
:109E28008DAD2846B4F88C71B4F88E61FCF708F94A
:109E380000283FF42DAA2846FCF744F946EA0746CD
:109E480086427FF425AA5A498422A9A801F018F964
:109E58005849642290A801F013F99DED8E0AFCF789
:109E6800DDF807EE900AF8EEE77A9DED8F0ACDED62
:109E7800B87AFCF7D3F807EE900AF8EEE77A90A9DB
:109E8800A9A8CDEDB67ACDED977AFCF7ABFF0028FF
:109E98003FF4FEA9EFF3108972B6BFF35F8F94F811
:109EA8000080B8F1010F0AD1B4F844383BB9FAF789
:109EB800ADFA20B1FAF7E4FA90F82870DFB3BFF3EF
:109EC8005F8F89F31088FFF7E3B940F224539E426D
:109ED8007FF4DEA94AF201539F427FF4D9A994F88E
:109EE800A931002B3FF4D4A9B4F89A2140F6FF73A6
:109EF8009A427FF4CDA9B4F89C310F2B7FF4C8A9FE
:109F0800B4F89011B4F89231D4F8A02143EA01438F
:109F180093427FF4BDA9B4F89411B4F89631D4F8FB
:109F2800A42143EA014393427FF4B2A9012384F8B0
:109F3800AA31FFF7E5B995E80700D4F8A03104F590
:109F4800B87C01338CE80700C4E96836A9A98422E3
:109F580004F5047001F094F890A9642204F5D67011
:109F680001F08EF890A8FDF767F8DDED8D7AD4F84A
:109F7800A031C4F8E807FDEEE77A013384F894804D
:109F8800C4F8E437C4F89A71C4ED1E7A84F8A9813C
:109F98002C22394604F5257001F045F8BFF35F8F90
:109FA80089F31088D4992046FFF7EAF8FFF7A8B993
:109FB80034B80008B8B8000830B5044683B0D0B14A
:109FC800CBB1D9B1B2F5C06F27D2B2F5A86F80F086
:109FD8008C80B2F5806F37D2B2F5C07F80F0A18057
:109FE800B2F5827F6BD040F203118A426FD0A2F59E
:109FF8008871312936D9002003B030BDA2F500712F
:10A00800B1F5967F18D3A2F58072072AF3D8DFE856
:10A0180002F0524A47433F3B373340F241618A429C
:10A02800E9D851105548A1F54071D40750F82110CE
:10A0380016D40A0C1A8004E000EB4202B2F8182188
:10A048001A80012003B030BD40F2C5418A42D2D8FF
:10A0580051104B48A1F50071D40750F82110E8D5EC
:10A068000A46E7E75108883900EB8101D207D1F8A1
:10A07800AC11DED50A46DDE7D0F8E8271A80E0E71C
:10A08800B0F8EA271A80DCE7D0F8E4271A80D8E786
:10A09800B0F8E6271A80D4E74FF496721A80D0E712
:10A0A80032221A80CDE70193FAF7EAF9019B90F87A
:10A0B80029201A80C5E74FF20B121A80C1E7D0EDAC
:10A0C800847AFCEEE77A17EE902A1A80B9E7D0ED89
:10A0D800857AF5EE407AF1EE10FA3DD090F89420AA
:10A0E800002AA7D0B0F87820A4E740F24B518A4262
:10A0F80081D8A2F5A865052D22D85208A2F52872A4
:10A1080000EB8202E807D2F8702100D4120C92B258
:10A118001A80B4F89A210123AB401343A4F89A316A
:10A128008FE7B2F5E17FBFF466AF5108C03900EBA5
:10A138008101D007D1F810127FF57BAF0A4679E785
:10A14800062D0BD0072D11D0D0E96812092D98BF24
:10A158000A46E907DBD4D9E700226BE790ED5D0AF0
:10A168000193FBF75BFF019B82B2D1E790ED5E0A9A
:10A178000193FBF753FF019B82B2C9E71CB90008A2
:10A18800A8B600080048704743665C6CB0EEC00A89
:10A19800F7EE007AB4EEE70AF1EE10FA04D40022E2
:10A1A8000023C0E904237047D0E904230133012BBD
:10A1B800436104D9002302F59672C0E90423914251
:10A1C80038BF0161704700BFC369CB1AC72B11D9CB
:10A1D800D0ED0C7AC16170EE677AB7EE007AF0EED6
:10A1E800E77AF4EEC77AF1EE10FA04D4002383611B
:10A1F80080ED0C0A7047836940F6AC5203F5FA7398
:10A20800934228BF1346F2E710B52DED028B1C468A
:10A2180082B0002B73D0DFED617AB0EEC07AB4EE75
:10A22800677AF1EE10FA6AD8B0EEE07AB4EE677A9F
:10A23800F1EE10FA63D8B5EEC00AF1EE10FA5ED46A
:10A24800F7EE007AF4EEE70AF1EE10FA57D4DFEDF4
:10A25800547AF4EEE70AF1EE10FA50DC70EEC00A18
:10A268000023F5EEC00AF1EE10FA23606360A360E4
:10A27800E36023617ED9002846D1F2EE047AB4EE79
:10A28800E70AF1EE10FA3FD5F0EE087AF4EEE70AA5
:10A29800F1EE10FA71DC03232360B7EE008A70EE4A
:10A2A800C87AB6EE000A27EE800ADFED3E0A019171
:10A2B80000F016FFF0EE480A00F03AFFDFED3A7AB8
:10A2C800019960EE277AB1F57A7FFCEEE77A28BF2C
:10A2D8004FF47A7117EE903A032003F5C87303EB35
:10A2E800830219445200B2FBF1F2022A38BF02225B
:10A2F8000132C4E90330C4E90112012000E0002062
:10A3080002B0BDEC028B10BDDFED287AF4EEE70A4F
:10A31800F1EE10FA24D902232360F0EE087A30EE29
:10A32800E70ADFED237ADFED1F0A019180EE270AA5
:10A3380000F0D6FEF7EE000A00F0FAFEDFED1D7A17
:10A34800019920EE270AB1F57A6FBCEEC00A28BF42
:10A358004FF47A6110EE103A022003F54873BEE715
:10A36800F0EE087AF4EEE70A0323F1EE10FA236020
:10A37800D3D892E704232360BFE741F2883140F63F
:10A38800AC5301209A4294BF8B18CB186422C4E9BD
:10A398000310C4E901322060AFE700BFFFFF7F7FF1
:10A3A80000803B45000000000000164400004842C1
:10A3B80000003C420080094570B590F84538D0F857
:10A3C80044212DED028B04460D46B0EE408AC0F8BC
:10A3D80044111BB190F86F31002B40D0F9F7E0FD24
:10A3E80000284FD1A26F216E40F6B835AA4214BF9B
:10A3F8000622052204F2EC40D0ED007AC4F80424C9
:10A408004FF4807504F5A2620023C4F80C14A4F874
:10A4180044580121042584F86F11C4F80814C4F8BD
:10A428003C5104F21451136004F2D4420B601360DF
:10A4380004F59B6104F2C442F4EEC87A0B60F1EEB5
:10A4480010FA1360C4F8B832C4F8A4324FF01003FD
:10A4580048BF80ED008A2370BDEC028B70BDD0F838
:10A468003C31012BBAD00C49D0F84031496D8B42B0
:10A47800B4D2AA1AC91A8A4294BF9B185B18C0F8AA
:10A488004031ABE7BDEC028B2B4620460A22BDE8E3
:10A4980070400621FDF7C6BC1CB9000890F8453885
:10A4A800D0F84421C0F8441103B9704790F86F31CF
:10A4B800002BFAD1D0F83C31012BF6D010B4084C5F
:10A4C800D0F84031646DA34207D2891AE41AA14238
:10A4D80094BF5B181B19C0F840315DF8044B7047F6
:10A4E8001CB900082DE9F04F95B0044601A80D46A7
:10A4F800FAF79AFD0123C4F81834DDE9096BDDE9A0
:10A50800049A069F9DF84C80FFF73CFED4F83C3136
:10A51800C4F82034079BC4F82434089BC4F82834B2
:10A528000B9BC4F834340D9BC4F83834119BC4F821
:10A538008434109BC4F81C04C4F82C64C4F830B4E8
:10A54800C4F88034BBF1000F01D00BF1FF3BD4F805
:10A558005031C4F88C34D4F85431C4F89034129B78
:10A56800C4F894340C9BC4F83C340F9BC4F84034B2
:10A5780094F86D31C4F84434029BC4F86034039BEA
:10A58800C4F86434019BC4F85C3494F84528D4F8C2
:10A598004831D4F84011C4F87434D4F84C31C4F8B4
:10A5A80088B4C4F86894C4F86CA4C4F87074C4F887
:10A5B8007C14C4F89013C4F8783492B194F86F31CD
:10A5C8008BBBB1F5FA7F30D204F59D6393ED007A29
:10A5D800F0EE007AB4EEE77AF1EE10FAACBF03229F
:10A5E800022204F20C53C4F88C23D4F860211A60B8
:10A5F800C4F89C93B8F1000F12D007EE906AF8EEF9
:10A60800677A0E9B04F59B62C2ED007AC4E9C238F2
:10A618001FB101235544C4E9FB5315B0BDE8F08FC1
:10A62800DFED037AEDE70022DBE70222D9E700BF7E
:10A638000000000030B5044695B001A80D46FAF7B1
:10A64800F3FC019BD4F8382193420AD00022C4F8C5
:10A658003831C4F8402184F86C2100230022C4E971
:10A66800522301A82946FAF7DFFC069860B994F846
:10A678006D313BB9064BD4F840015B6D98422CBF55
:10A688000020012015B030BD002015B030BD00BF3E
:10A698001CB9000830B5044695B001A80D46FAF774
:10A6A800C3FC94F845382BB194F86F3113B90F9B5C
:10A6B800032B01D815B030BD2B46172206212046A2
:10A6C80015B0BDE83040FDF7ADBB00BF30B590F820
:10A6D8004538D0F8442195B004460D46C0F84411D9
:10A6E8001BB190F86F31002B48D0294601A8FAF722
:10A6F8009BFC019BD4F8382193420AD00022C4F86D
:10A708003831C4F8402184F86C2100230022C4E9C0
:10A71800522394F845387BB3D4ED797A236EFCEE56
:10A72800E77AEB1A17EE902A934250D894F86F31D3
:10A73800002B36D1294601A8FAF776FC0F9B032B8C
:10A748003CD8D4F8EC07FAF793FC002848D09DF8D9
:10A758004C303BB10E9BEB1A002B2FDA0D9BEB1AFA
:10A76800002B2BDAD4F83C31012B05D0204BD4F840
:10A7780040215B6D9A4237D215B030BDD0F83C31DC
:10A78800012BB2D01A49D0F84031496D8B42ACD276
:10A79800AA1AC91A8A4294BF9B185B18C0F840319C
:10A7A800A3E7F9F733FE0028E6D12B460A22062153
:10A7B800204615B0BDE83040FDF734BB2B461722C4
:10A7C8000621204615B0BDE83040FDF72BBB02221C
:10A7D8002B461146204615B0BDE83040FDF722BB98
:10A7E8002B460D220621E3E72B4616220521DFE73B
:10A7F8001CB900082DE9F04F2DED028BD7B00446A7
:10A80800476E0D46FDF788FB94F84538002857D069
:10A81800616E07EE907A40F6B7329142B8EE678AD9
:10A82800064632D9002B51D1A26F40F6B8339A426E
:10A8380052D194F86F31002B4ED0DFED2E7AB4EE62
:10A84800E78AF1EE10FA47DC94F8453863BB2946ED
:10A858002AA8FAF7E9FB94F86D31DDF8C480DDF831
:10A86800C8909DF8F07004F59C7B13B1002F00F0A0
:10A878009C8194F845381BB194F86F31002B3BD07C
:10A8880057B0BDEC028BBDE8F08F002BDFD094F8F9
:10A898006F314BB9D4ED1E7AF8EEE77AF4EEC87A48
:10A8A800F1EE10FA40F25C8204F2EC43D3ED007A48
:10A8B800F4EEC87AF1EE10FA48BF83ED008AC6E7D5
:10A8C800002BDDD002222B4611460BE0A26F40F68A
:10A8D800B8339A4200F0F2810223C4F8043400220B
:10A8E8002B460321204657B0BDEC028BBDE8F04F44
:10A8F800FDF798BA00803B45DFF8E4A3D4F83C3173
:10A90800D4F84421C4F84451012B06D0D4F840317E
:10A91800DAF854108B42C0F01182DAF8083094F853
:10A928006E01029307EE903AF8EE677AF4EEC87A71
:10A93800F1EE10FA00F29781002840F0F381236EBF
:10A94800D4ED1E7AC4F8F837C4F82833012384F804
:10A958006E31C4F82033F8EEE70A636EC4F82C337E
:10A968003046D4F85021D4F84811B0EE480A18AB54
:10A97800FFF74AFC002800F0EA811C9B032B07D153
:10A98800DAF84430D4F848219A4288BFC4F84831EC
:10A99800189BC4F83C31012B00F0E081022B14BF56
:10A9A8000F220D222270199A9FEDCA6A9FEDCA7A6A
:10A9B80007EE902AF8EE677A04F2D441C7EE866A69
:10A9C800C1ED007A27EE877A04F59B61C1ED007A24
:10A9D80004F5A26181ED007A04F21451C1ED006A18
:10A9E800002F00F07F81984509D14A4507D31A9B6B
:10A9F80003FB02F2339B03FB09F39A420BD2D4F810
:10AA0800EC072946FAF770FD002840F01882D4E9CF
:10AA18001623C4E95623D4ED787AD4F8FC37266E89
:10AA2800FCEEE77AF61A17EE903A9E42FFF428AF4A
:10AA3800642204F5D6713DA800F022FB07EE906A67
:10AA4800DFEDA50AF8EE677A04F5257767EEA00A28
:10AA5800B0EE480A3DA91DAA3846FCF7E5FC0028D7
:10AA680000F07581DAF87C30029307EE903AF8EE40
:10AA7800677ACDED447AF9F7C9FC002800F0DB814C
:10AA880000261DAA3DA938463346FCF787FE002854
:10AA980000F05D81D4F8E422A36DC4F80038C4F84E
:10AAA800D832013204F59363216EC4F8E422DDF84C
:10AAB80074E0E26D94ED1C7AC4F8FC17C4F8DC125B
:10AAC800C4F80428C4F8D422C4F8D052C3F800E06B
:10AAD80004F2A44EDDF87890626ECEF8009004F58A
:10AAE800956EB8EEC77ADDF87C80CEF80080299B99
:10AAF800C4F8002304F59A6282ED007AC4F804339E
:10AB080004F29C43DDED216ADDF880C0229F691ABA
:10AB1800C4F8E012C3F800C004F2AC43C3ED006A05
:10AB280004F5966307EE906A1F6004F2B443239E0F
:10AB38001E6004F59763249994EDAD6A94EDAC7AA0
:10AB4800196004F2BC43259A1A6004F598632699A3
:10AB58001960B4EEC76A04F59963289A1A60F1EE91
:10AB680010FAF8EEE77A04F2C443ACBF01220022DF
:10AB7800C3ED007AC4F89423C0F2FD80DDED527A6B
:10AB8800F0EEE66AF4EEE76AF1EE10FA40F3F380CD
:10AB980094F84938002B00F06581D4F81438EB1A82
:10ABA80084F84908C4F840336AE6309B0293D4E934
:10ABB8001601D4E95623FCF7D7F800283FF459AE1C
:10ABC800DFF81CA1226E359BDAF84810D31A8B42A5
:10ABD800FFF64FAE94F8453894F86F11002B00F04B
:10ABE800DC80002900F0CA8004F2045CA16DD4F86E
:10ABF80064E1E06D0391CCF800E0029904F5A16CE2
:10AC08008CED008AC4F84C14C4F850240399C4F895
:10AC180054040122C4F8581484F86D71C4F8482407
:10AC2800002B3FF42DAE94F86F31002B7FF428AE43
:10AC3800DAF85830D4ED587A029307EE103A78EEE5
:10AC4800677AB8EE477AB4EEE77AF1EE10FA3FF693
:10AC580055AE04F59D63C3ED007A002384ED588A50
:10AC6800C4F840314AE6D4ED1E7AF8EEE70A002F20
:10AC78007FF477AE94F86D31002B7FF472AE002824
:10AC88007FF46FAEDAF83830029307EE903A30EE80
:10AC9800C87AF8EE677AB4EEE77AF1EE10FA7FF741
:10ACA80060AE5846B0EE480A2946FFF78DFAD4ED53
:10ACB8001E7A94F86E01F8EEE70A52E694F86F31BE
:10ACC800ABB3DFED067AB4EEE78AF1EE10FA7FF760
:10ACD800EBAD01E6000070436F12833A00803B45FC
:10ACE8001CB9000894F86D31002B7FF494AE236EE4
:10ACF800CDE9003518A9D4E91623D4F8EC07FAF7FA
:10AD080025FA2946002840F0A18004A8FAF78CF912
:10AD1800012384F86D31D4E9162384ED598AC4E9F6
:10AD2800562378E6D4ED1E7AF8EEE70A19E6B0EE77
:10AD3800480A29462046FFF73FFB75E5AA1AC91AB3
:10AD48008A4294BF9B185B18C4F84031E5E52B464E
:10AD5800122207212046FDF765F891E50C2221E62D
:10AD6800B0EE480A2946204657B0BDEC028BBDE834
:10AD7800F04FFFF721BB0020034611E7CDE900257E
:10AD88000299D4F8EC07D4E91623FAF72DFC002829
:10AD980000F08980226E94F86F11D4ED597A029BE5
:10ADA80004F2045CD4E916E0CCED007A04F5A16C59
:10ADB8008CED008AC4F84C340123C4F848340023CD
:10ADC800C4F85024C4F85404C4F858E484F86D3125
:10ADD80071BBB8F1010F4BD0DAF86430029338EE4A
:10ADE800670A07EE903AF8EE677AF4EEC07AF1EE69
:10ADF80010FA54D994F84538002B3FF441ADDAF8ED
:10AE08003830D4ED1E7A0293F8EEE77A07EE103A5E
:10AE180077EEC87AB8EE477A5846F4EEC77AF1EE7C
:10AE280010FA94BFDAF84410DAF82010FFF7AEF9F8
:10AE380094F84538F4E6F9F723FB466821E62B46F3
:10AE4800172206212046FCF7EDFF19E53DA8FAF781
:10AE5800EBF8429B4BB9062109222B462046FCF70A
:10AE6800E1FF0DE5C4F814589AE605211522F4E728
:10AE780094F84538002B3FF403ADDAF85830D4ED98
:10AE8800587A029307EE103A78EE677AB8EE477A66
:10AE9800F4EEC77AF1EE10FAFFF630ADD9E62B469C
:10AEA800182205211EE52B46092206211AE500BFB6
:10AEB80030B52DED028B044697B003A80D46FAF77E
:10AEC800B3F8039BD4F83821934204D00022C4F885
:10AED8003831C4F840213E4BD4ED197A9B68019370
:10AEE800B8EE678ADDED017AC4F84451F8EE677A66
:10AEF8000023F4EEC87AD4ED1E7A84F86F31F8EEA8
:10AF0800E70AF1EE10FAF4EEC80A8CBF1A460122DD
:10AF1800C4E95233C4E95435F1EE10FA4FF0010395
:10AF280084ED5A8A84F86E21C4F8202384ED588A67
:10AF380084F86C31B0EE480A3CD904F5D67104F5B2
:10AF48002570FCF7C9F920B9002017B0BDEC028BB9
:10AF580030BD04F2EC712846FAF79AF80028F3D1CC
:10AF6800D4ED1E7A236EC4F8FC37F8EEE70AD4F85D
:10AF78005021D4F8481194F86E01B0EE480A03AB9A
:10AF8800FFF742F90028DFD0039BC4F83C31012BBE
:10AF98001CD0022B14BF0F230D23204623702946F3
:10AFA800FFF728FC2078093818BF012017B0BDEC3E
:10AFB800028B30BD20462946FFF7FEF92078093874
:10AFC80018BF012017B0BDEC028B30BD0C23E4E79D
:10AFD8001CB9000810B501390244904201D1002083
:10AFE80005E0037811F8014FA34201D0181B10BDEA
:10AFF8000130F2E7884210B501EB020402D984421D
:10B00800234607D8431EA14207D011F8012B03F8A5
:10B01800012FF8E70244824200D110BD13F8011D48
:10B0280002F8011DF7E702440346934200D1704736
:10B0380003F8011BF9E7000070B50D4B0D4D5B1BC4
:10B048009C100026A64209D100F0A4FA0A4D0B4B29
:10B058005B1B9C100026A64205D170BD55F8043B29
:10B0680098470136EEE755F8043B98470136F2E772
:10B07800A8B90008A8B90008A8B90008ACB9000820
:10B088000A44914200F1FF3300D1704710B511F81E
:10B09800014B03F8014F9142F9D110BD08B52DEDD0
:10B0A800028BB0EE408A00F087F8B4EE488AF1EEE1
:10B0B80010FA06D6DFED098AB4EEE88AF1EE10FA46
:10B0C80002D4BDEC028B08BD00F0E2F888EEA80AB5
:10B0D800BDEC028B2123036008BD00BF0000000007
:10B0E80008B52DED028BF0EE408AB0EE608A00F0D4
:10B0F80047F820B9B0EE480ABDEC028B08BDB0EEA7
:10B10800480A00F03DF858B1F4EEC88AF1EE10FA9A
:10B11800C8BFB0EE688AB0EE480ABDEC028B08BD25
:10B12800B0EE688AB0EE480ABDEC028B08BD00BFDD
:10B1380008B52DED028BF0EE408AB0EE608A00F083
:10B148001FF820B9B0EE480ABDEC028B08BDB0EE7E
:10B15800480A00F015F858B1F4EEC88AF1EE10FA72
:10B1680048BFB0EE688AB0EE480ABDEC028B08BD55
:10B17800B0EE688AB0EE480ABDEC028B08BD00BF8D
:10B1880010EE103A33F000400ED0A0F50003B3F1F2
:10B19800FE4F0DD3074B421E9A4207D9A0F1FF403C
:10B1A800B0FA80F0400970470220704703207047CA
:10B1B80004207047FEFF7F00B1EEC00A704700BF51
:10B1C80010EE102AC2F3C7537F3B162B22F0004122
:10B1D8001BDC002B10461EDB1A4919410A4223D0FA
:10B1E800DFED197A70EE277AF5EEC07AF1EE10FAF3
:10B1F8001ADD002A04DA4FF4000242FA03F3184475
:10B2080020EA010300EE103A7047B1F1FF4F0BD36B
:10B2180030EE000A7047DFED0C7A70EE277AF5EE13
:10B22800C07AF1EE10FA00DC7047002A02DB9FEDCD
:10B23800070A704711B99FED060A7047BFEE000A6A
:10B24800F2E700BFFFFF7F00CAF24971000000006B
:10B258000000008010EE103AC3F3C7527F3A162A56
:10B2680019460BDC002A03F0004309DB074840FAC3
:10B2780002F20A40134300EE103A7047802A02D0C7
:10B2880000EE103A704730EE000A7047000080FF69
:10B29800014B1868704700BF0C0000202DE9F047EB
:10B2A800089D0F4604468C46002B48D18A42164614
:10B2B80061D9B2FA82F34BB1C3F1200201FA03FC5F
:10B2C80020FA02F29E4042EA0C0C9C404FEA164ECD
:10B2D800B7B2BCFBFEF1220C0EFB11CC42EA0C42C9
:10B2E80001FB07F0904209D9B21801F1FF3C80F048
:10B2F800EE80904240F2EB8002393244121AA4B236
:10B30800B2FBFEF00EFB102244EA024400FB07F7F2
:10B31800A74209D9341900F1FF3280F0DA80A74238
:10B3280040F2D7803444023840EA0140E41B00214F
:10B338001DB1DC400023C5E90043BDE8F0878B421E
:10B3480006D90DB1C5E9000100210846BDE8F0871E
:10B35800B3FA83F1002948D1BB4202D3824200F2FA
:10B368000781841A67EB030201209446002DE4D07C
:10B37800C5E9004CE1E7002A00F09280B2FA82F3B6
:10B38800002B40F0A8808A1A4FEA164E1FFA86FC56
:10B398000121200CB2FBFEF70EFB172240EA024205
:10B3A8000CFB07F0904207D9B21807F1FF3802D218
:10B3B800904200F2E2804746121AA4B2B2FBFEF0B5
:10B3C8000EFB102244EA02440CFB00FCA44507D9FA
:10B3D800341900F1FF3202D2A44500F2CB801046A6
:10B3E800A4EB0C0440EA0740A2E7C1F120068B4019
:10B3F80022FA06FC4CEA030C07FA01F420FA06F3D9
:10B40800F7404FEA1C49234300FA01F81FFA8CFE63
:10B41800B7FBF9F01C0C09FB107744EA074400FB62
:10B428000EF7A74202FA01F20AD91CEB040400F154
:10B43800FF3A80F09B80A74240F29880023864442B
:10B44800E41B9FB2B4FBF9F309FB134447EA044435
:10B4580003FB0EFEA64509D91CEB040403F1FF37D4
:10B4680080F08280A6457FD9023B644443EA0040CD
:10B47800A4EB0E04A0FB02E7BC427346B94663D3B3
:10B4880060D05DB1B8EB030264EB090404FA06F678
:10B4980022FA01F31E43CC40C5E9006400214CE7C1
:10B4A8006208480842EAC1710B0C43EA00438AB2B9
:10B4B80042EA0342B3FBF6F1E407B4463746B64620
:10B4C8001F23B0FBF6F0D21B41EA004161E7614659
:10B4D80014E7104628E7C3F1200120FA01F29E4044
:10B4E80027FA01F19F403A434FEA164E1FFA86FCAD
:10B4F800B1FBFEF70EFB1710110C41EA004107FBE8
:10B508000CF8884504FA03F43AD9711807F1FF30AA
:10B5180001D288451FD8A1EB0801B1FBFEF808FB52
:10B528000CF70EFB181192B242EA0142BA422FD22E
:10B53800B21808F1FF31C6D2BA42C4D2A8F102014A
:10B548003244C0E7F0459CD2BEEB020367EB0C0720
:10B558000138B94695E7A6EB08084144B81EB1FB87
:10B56800FEF808FB0CF7DCE73B467FE7504667E749
:10B578000846FBE63444023832E7023F32441BE710
:10B58800A1EB08013846B1FBFEF808FB0CF7C8E749
:10B59800414698E7F8B500BFF8BC08BC9E4670471E
:0CB5A800F8B500BFF8BC08BC9E46704718
:10B5B400000000000102030400000000000000007D
:10B5C4000102030406070809130100001400000027
:10B5D400050000000A000000C8000000320000005E
:10B5E400FA000000102700001400000032000000E0
:10B5F400102700000A000000280000008813000043
:10B604000A0000002800000030750000010100005D
:10B61400450100000BF100000E015346010000003B
:10B62400B80B0000B80B000000000000342100003B
:10B6340064000000FA000000FA0000007D00000031
:10B64400820000000000000064000000010000000F
:10B65400010000003421000000000000040000008C
:10B66400030000000100000001000000B80B00000E
:10B674000000000000000000F000000001000000D5
:10B684000200000004000000040000008813000011
:10B69400000000001E00000002000000190000006D
:10B6A400020000000000A0410000000000000000B3
:10B6B400000000000080A2430000803F0000000062
:10B6C4000000000000000000008089430080A243C5
:10B6D400000000000000A041000016450000C84220
:10B6E400000096450000000000000000000000007B
:10B6F4000000000000000000000000000000000046
:10B704000000FA430000004000409C450000000097
:10B714000000000000000000000000000000000025
:10B7240000000000000000000000F04100000000E4
:10B7340000000000000000000080A2430000803FE1
:10B7440000000000000000000000000000808943A9
:10B754000080A243000000000000A0410000164544
:10B764000000C8420000E1450000000000000000A5
:10B7740000000000000000000000000000000000C5
:10B78400000000000000FA430000004000409C4517
:10B7940000000000000000000000000000000000A5
:10B7A4000000000000000000000000000000204233
:10B7B4000000000000000000000000000080A24320
:10B7C4000000803F000000000000000000000000B6
:10B7D400008089430080A243000000000000A041D3
:10B7E400000016450000C842000016460000000094
:10B7F4000000000000000000000000000000000045
:10B8040000000000000000000000FA4300000040B7
:10B8140000409C4500000000000000000000000003
:10B824000000000000000000000000000000000014
:10B834000000E040000000400000000000000000A4
:10B8440000803B450000803F000000000000000035
:10B854000000000000803B4500803B4500000000E4
:10B8640000002041000000000000C8420000000069
:10B8740000008040000080400000F0410000000013
:10B884000000000000000000000000000000FA4377
:10B894000000004000409C450000803F0000404004
:10B8A4000000803F0000004000409C450000004034
:10B8B4000000C8410000204100000000000000001A
:10B8C4000AD7A33C0000484300007A4400007A44AD
:10B8D400000000000000C84200007AC400007A445E
:10B8E4000000A040000000000000A0400000FA4258
:10B8F4000000A041000002430000A04000002041DD
:10B904000000000000409C450000484200409C4567
:10B91400000000400000FA43020000008813000009
:10B924000A00000064000000401F00002003000023
:10B93400B80B00002C010000A00F0000581B0000F1
:10B944000A0000000B0000000300000032000000A9
:10B954000300000090010000E8030000E803000079
:10B964001E000000E02E0000E0A501008813000086
:10B9740002000000010000000200000019000000A5
:10B984000200000001000000C8000000F4010000F3
:0CB99400AC0D000034210000005A6202DB
:08B9A00004F9FF7F0100000023
:04B9A800350200085C
:04B9AC000D02000880
:10B9B0008096980001000000100000001000002098
:10B9C00000000000CC0C0020340D00209C0D002055
:10B9D0000000000000000000000000000000000067
:10B9E0000000000000000000000000000000000057
:10B9F0000000000000000000000000000000000047
:0CBA00000000000000000000000000003A
:040000050800025994
:00000001FF
