:020000040800F2
:10000000000002205902000899030008A903000813
:10001000B1030008B9030008C10300080000000094
:10002000000000000000000000000000C9030008FC
:10003000CD03000800000000D1030008D50300082C
:10004000A9020008A9020008A9020008A9020008E4
:10005000A9020008A9020008A9020008A9020008D4
:10006000A9020008A9020008A9020008A9020008C4
:10007000A9020008A9020008A9020008A9020008B4
:10008000A9020008A9020008A90200080000000057
:10009000000000000000000000000000A9020008AD
:1000A000A9020008A9020008A9020008A902000884
:1000B000A9020008A9020008A9020008A902000874
:1000C000A9020008A9020008A9020008A902000864
:1000D000A9020008A9020008E103000800000000CE
:1000E000A9020008A9020008A902000800000000F7
:1000F000000000000000000000000000A90200084D
:1001000000000000A9020008D9030008A9020008A5
:1001100000000000000000000000000000000000DF
:10012000A9020008A9020008A9020008A902000803
:10013000A90200080000000000000000000000000C
:10014000000000000000000000000000A9020008FC
:10015000A9020008A9020008A9020008DD0300089E
:10016000A9020008A9020008000000000000000029
:10017000000000000000000000000000000000007F
:1001800000000000A90200080000000000000000BC
:08019000A9020008A902000801
:1001980053B94AB9002908BF00281CBF4FF0FF31E6
:1001A8004FF0FF3000F00CB8ADF1080C6DE904CE4B
:1001B80009F0E0F9DDF804E0DDE9022304B0704756
:1001C800704700BF0348044B834202D0034B03B17E
:1001D800184770475C0000205C0000200000000009
:1001E8000548064B1B1AD90F01EBA301491002D091
:1001F800034B03B1184770475C0000205C000020E7
:100208000000000010B5064C237843B9FFF7DAFF69
:10021800044B13B10448AFF300800123237010BDD1
:1002280060000020000000007498000808B5054B25
:100238001BB105490548AFF30080BDE80840FFF74A
:10024800CFBF00BF000000006400002074980008C1
:10025800DFF834D000F0DCF80C480D490D4A0023D3
:1002680002E0D458C4500433C4188C42F9D30A4A63
:100278000A4C002301E013600432A242FBD309F0C8
:1002880047F800F00FF87047000002200000002037
:100298005C000020C49B000860000020980B002030
:1002A800FEE7000030B591B001F07CFC00F026F9C3
:1002B800042302221946602000F0B4F820B901F0A6
:1002C800D7FB03F0B7FC08B101F0D4FB00F038F914
:1002D8002D4902462D4801F0D9FB2C4801F060FC5D
:1002E800054601F07FFD0028EED04FF47A7000F04B
:1002F8002DF901F0F5FD0028E6D0284601F0DCFED6
:100308000028E1D000F01CF9012102461F4801F045
:10031800CFFB002DD8D02B78012BD5D115E01B4869
:10032800214601F01DFC03F0C7FE28BB01F056FF73
:10033800204601F08FFF10B9204601F091FF1348C5
:10034800214601F029FC01F0A1FF00F0F9F804466C
:1003580001F044FF00F0F4F801F07CFF684601F07A
:10036800F3FD0028DBD000F0EBF8694604460246AE
:10037800064801F0A1FBD2E723460A2206212846B7
:1003880006F046FFD2E700BFA498000880000020CE
:1003980008B501F0C5FCBFF34F8F30BFFBE700BFC6
:1003A80008B5FFF7F5FF00BF08B5FFF7F1FF00BF7D
:1003B80008B5FFF7EDFF00BF08B5FFF7E9FF00BF7D
:1003C800704700BF704700BF704700BF00F0ACB86F
:1003D80003F020BA01F0B2BD01F0FABE10B5044630
:1003E80001F0D4FD00B110BD2046BDE8104001F079
:1003F80053BF00BF01F074BF10B5044601F0F4FD0F
:1004080000B110BD2046BDE8104001F093BF00BF09
:10041800034AD2F8883043F47003C2F88830704732
:1004280000ED00E0F0B595B01F4D204C0027019776
:100438002E6C46F080562E642D6C05F08055019583
:10044800019D0297256845F4404525602468119070
:1004580004F4404402944FF480350124CDE9084562
:1004680008A802244FF48005CDE90E45CDE91223F2
:10047800029C109100F006FA10B1012015B0F0BDF1
:1004880003460F240220CDE903404FF48052032194
:1004980003A8CDE90532079300F00EFCC01B18BF76
:1004A800012015B0F0BD00BF0038024000700040C8
:1004B800704700BF38B50E4A0E4B127805461868CB
:1004C8004FF47A73B3FBF2F3B0FBF3F000F0BEF82D
:1004D80008B90F2D01D9012038BD04460246294626
:1004E8004FF0FF3000F056F8034B20461D6038BD32
:1004F80004000020000000200800002008B5094B77
:100508001A6842F400721A601A6842F480621A602B
:10051800032000F02DF80F20FFF7CCFFFFF7C8FFEE
:10052800002008BD003C0240034A044B11681B78B8
:100538000B441360704700BFE00600200400002051
:10054800014B1868704700BFE006002038B5044624
:10055800FFF7F6FF631C054602D0044B1B781C44CA
:10056800FFF7EEFF401BA042FAD338BD040000207D
:100578000749CA6803024FF6FF0003F4E06302402C
:10058800134343F0BF6343F40033CB60704700BFAD
:1005980000ED00E01B4BDB68C3F3022300B5C3F199
:1005A800070EBEF1040F03F1040C28BF4FF0040E30
:1005B800BCF1060F1CD9A3F1030C4FF0FF3303FA6B
:1005C8000CF322EA03024FF0FF3303FA0EF321EA99
:1005D800030303FA0CF313431B010028DBB20ADB05
:1005E80000F1604000F5614080F800335DF804FBDD
:1005F80000229446E7E7044A00F00F00024413760D
:100608005DF804FB00ED00E0FCEC00E0002807DBEF
:10061800044A4109012300F01F00834042F82130B9
:10062800704700BF00E100E000280CDB43090649E1
:1006380000F01F0020330122824041F82320BFF33D
:100648004F8FBFF36F8F704700E100E00138B0F1C2
:10065800807F01D30120704710B44FF0E023074C8E
:1006680058614FF0F00C84F823C00022072110468F
:100678009A615DF8044B1961704700BF00ED00E016
:10068800002808DB4309044900F01F0001226033F9
:10069800824041F82320704700E100E02DE9F04F47
:1006A80000230C68DFF8C8A185B04FF0010B89461C
:1006B80003E00133102B00F087800BFA03F202EA03
:1006C8000408A243F5D1D9F8041001F0030C5A002C
:1006D80003250CF1FF379540012F6FEA050576D900
:1006E800BCF1030F08D0C76807EA050ED9F80870EF
:1006F800974047EA0E07C76007680CFA02F23D40C8
:100708002A4311F4403F0260D3D000220392DAF862
:10071800442042F48042CAF84420DAF8442002F423
:1007280080420392039A23F0030202F1804203F00D
:1007380003070F2602F59C32BF0006FA07FC494E54
:100748009568B04225EA0C0515D006F58066B042DA
:1007580075D0454EB04278D0DFF818C160457AD0E0
:10076800DFF814C160450CBF4FF0040C4FF0070CC4
:100778000CFA07F73D4395603C4A9268CE026FEA4F
:1007880008053A4E54BF2A4048EA0202B260F268AD
:10079800364E8F0254BF2A4048EA0202F26072685D
:1007A8008E03324E54BF2A4048EA02027260326811
:1007B800C90303F101032D4954BF2A4048EA020244
:1007C800102B0A607FF479AF05B0BDE8F08F876819
:1007D80007EA050ED9F80C70974047EA0E078760BC
:1007E800476827EA080EC1F300179F4047EA0E073B
:1007F8004760C76807EA050ED9F80870974047EAC6
:100808000E07BCF1020FC7607FF476AFDF0800EB7C
:10081800870700973E6AD9F81070019603F0070E13
:100828004FEA8E0E0F2607FA0EF706FA0EFE019E05
:1008380026EA0E0E009E47EA0E0737625CE74FF085
:10084800010C0CFA07F73D4395E74FF0020C0CFA40
:1008580007F73D438FE74FF0030C0CFA07F73D43CA
:1008680089E700BF0000024000080240003C014048
:1008780000380240000C02400010024002B909048E
:1008880081617047002800F06A812DE9F041036812
:10089800DD0782B004462FD59F498A6802F00C0212
:1008A800042A00F0EF808A6802F00C02082A00F09F
:1008B800E5806368B3F5803F00F0EE80B3F5A02FC4
:1008C80000F07981944D2A6822F480322A602A68DF
:1008D80022F480222A60002B40F0E380FFF730FEEC
:1008E800064605E0FFF72CFE801B642800F2038112
:1008F8002B689F03F6D423689D0728D5864A9168FC
:1009080011F00C0F00F09280916801F00C01082999
:1009180000F08880E368002B00F010817F4B7E4E4A
:1009280001221A60FFF70CFE054605E0FFF708FEF6
:10093800401B022800F2DF8033689F07F6D5336832
:10094800226923F0F80343EAC203336023681A07D5
:1009580053D45D0730D5704A136C13F0805300F000
:10096800818000256E4E3368D80540F1B480A368B5
:10097800012B00F0C480052B00F02D81664E326FEC
:1009880022F001023267326F22F004023267002B34
:1009980040F0BA80FFF7D4FD41F28838074605E0F9
:1009A800FFF7CEFDC01B404500F2A580336F9B07C3
:1009B800F6D4002D40F00981A369D3B1564DAA6839
:1009C80002F00C02082A00F0CC80022B534B4FF0A7
:1009D80000021A6600F00981FFF7B2FD044605E03F
:1009E800FFF7AEFD001B022800F285802B689B01F3
:1009F800F6D4002002B0BDE8F08163690BB3474B21
:100A0800454E0122C3F8802EFFF79AFD054604E003
:100A1800FFF796FD401B02286DD8736F9B07F7D52B
:100A2800236896E7526851023FF574AF3A4A126854
:100A3800920744D5E268012A41D0012002B0BDE8FE
:100A4800F081364A344EC2F8803EFFF779FD0546FC
:100A580004E0FFF775FD401B02284CD8736F9F0711
:100A6800F7D4DDE70193136C43F080531364136CE0
:100A780003F080530193019B012573E74A685102F3
:100A88007FF517AF244A126892037FF535AF626885
:100A9800002A7FF431AFD0E71F4A136843F480334C
:100AA8001360FFF74DFD1C4E054604E0FFF748FDB7
:100AB800401B64281FD833689B03F7D51BE71649EA
:100AC80020690A6822F0F80242EAC0020A601A079E
:100AD8007FF53FAF91E7336843F480733360FFF7E6
:100AE8002FFD07463368D9053FF541AFFFF728FDCD
:100AF800C01B0228F6D9032002B0BDE8F081064ADF
:100B0800136F43F001031367FFF71AFD024F064600
:100B180041F288380BE000BF00380240000047422D
:100B280000700040FFF70CFD801B4045E3D83B6F89
:100B38009A07F7D5002D3FF43FAF46E0424A434EAF
:100B48001360FFF7FDFC054604E0FFF7F9FC401BC6
:100B58000228D0D833689907F7D42368F7E601202C
:100B68007047012B3FF469AF6B68E26903F48001B9
:100B780091427FF462AF226A03F03F0191427FF411
:100B88005CAF616A47F6C0721A40B2EB811F7FF40E
:100B980054AFA26A520803F44031013AB1EB024F54
:100BA8007FF44BAFE26A03F07063B3EB026F14BFDC
:100BB800012000201EE7254B1A6842F480221A60A3
:100BC8001A6842F480321A606BE7204A136C23F0EB
:100BD80080531364F0E61D4B1A6F42F004021A6743
:100BE8001A6F42F001021A678EE7FFF7A9FC064662
:100BF80005E0FFF7A5FC801B02283FF67CAF2B68B9
:100C08009901F6D4D4E90731626A0B4343EA8213A7
:100C1800D4E90A2052080C4943EA0063013A43EA3E
:100C2800024301226B600A66FFF78AFC074D0446FF
:100C380005E0FFF785FC001B02283FF65CAF2B6838
:100C48009A01F6D5D5E600BF0000474200380240B9
:100C5800164908B58B6803F00C03042B1BD0082B2E
:100C680001D0134808BD4A684B68496813F48003EB
:100C780002F03F0211D10E48C1F38811A1FB000117
:100C8800FFF786FA094B5B68C3F3014301335B0046
:100C9800B0FBF3F008BD074808BD0648C1F388114A
:100CA8000023A1FB0001FFF773FAEBE700380240CD
:100CB8000024F40000127A00002800F08780484AD7
:100CC800136803F007038B422DE9F0410D460446F3
:100CD80009D2CBB21370136803F007038B4202D01A
:100CE8000120BDE8F0812368980714D5590704D579
:100CF8003C498A6842F4E0528A601A0704D53949A7
:100D08008A6842F460428A603649A0688A6822F09C
:100D1800F00202438A60DF0721D56268012A57D0B2
:100D2800931E012B2F4B1B684DD99907D8D52D4EF3
:100D3800B36823F003031343B360FFF701FC41F2E8
:100D48008838074604E0FFF7FBFBC01B404544D842
:100D5800B368626803F00C03B3EB820FF3D1204A47
:100D6800136803F00703AB4206D9EBB2137013689C
:100D780003F00703AB42B3D123685A0706D51949D4
:100D8800E0688A6822F4E05202438A601B0707D5AC
:100D9800144A2169936823F4604343EAC1039360CA
:100DA800FFF756FF0F4A104C92681049C2F303121E
:100DB8000346A25C0E48D34000680B60FFF77AFB3D
:100DC8000020BDE8F0819801B1D489E7012070477F
:100DD800044B1B689E03AAD482E7032081E700BF67
:100DE800003C0240003802409498000800000020AF
:100DF80008000020044B05499B68054A0868C3F3AE
:100E08008223D35CD840704700380240000000209D
:100E18008C980008044B05499B68054A0868C3F389
:100E28004233D35CD84070470038024000000020AD
:100E38008C980008026802F10C0353E8003F23F481
:100E4800907302F10C0C4CE800310029F3D102F147
:100E5800140353E8003F23F0010302F1140C4CE89B
:100E680000310029F3D1036B012B05D02022002388
:100E780080F842200363704702F10C0353E8003FF7
:100E880023F0100302F10C0C4CE800310029F3D1D7
:100E9800ECE700BF0268116938B50446C068A3686A
:100EA80021F4405101432069116103436069D1680D
:100EB8000343E06921F4164121F00C0103430B437D
:100EC800D3605369A069234923F4407303438A42DA
:100ED800536105D0204B9A4202D0FFF78BFF01E007
:100EE800FFF798FFE2691921B2F5004FD4E90053E2
:100EF800A0FB010113D09A009B0FFFF749F9174A8D
:100F0800A2FB00135B09642101FB130000013230CE
:100F1800A2FB00201B0103EB5013AB6038BDDA18AD
:100F28004FF000035B41FFF733F90C4AA2FB003195
:100F38004909642303FB1103DB003233A2FB0323BB
:100F4800C3F342121B0902EB011203F4F8731344B2
:100F5800AB6038BD00100140001401401F85EB5103
:100F6800704700BF70B310B590F84130044603F0E5
:100F7800FF0213B32268242384F84130D36823F492
:100F880000532046D360FFF785FF2368196921F4D1
:100F980090411961596921F02A015961D9680022E3
:100FA8004FF0200C41F40051D960626484F841C0CC
:100FB80084F842C01046626310BD80F84020FFF7F5
:100FC800CFFFD7E701207047704700BFB8B102686C
:100FD800242310B580F84130D36823F40053044625
:100FE800D360FFF7F1FF0023636484F8403084F88E
:100FF800413084F8423018462363636310BD0120F2
:10100800704700BF90F84130202B15D101B10AB9C3
:101018000120704710B40023046801622121C284B2
:10102800436480F84110E168828441F08001E16006
:1010380018465DF8044B70470220704790F842301C
:10104800202B03D101B11AB9012070470220704743
:1010580010B4046981620023222103638285C2855A
:101068004364036880F842101CB1DA6842F4807265
:10107800DA605A695DF8044B42F001025A61DA6895
:1010880042F020020020DA60704700BF036810B504
:10109800044603F10C0252E8002F22F4907203F187
:1010A8000C0040E800210029F3D103F1140252E8B2
:1010B800002F22F0010203F1140040E8002100296A
:1010C800F3D1226B012A28D05A69520607D400238B
:1010D8002022E38584F842201846236310BD03F1DB
:1010E800140252E8002F22F0400203F1140040E8F5
:1010F80000210029F3D1E06B0028E8D00023036524
:1011080000F058FC0028E2D0E06B00F0AFFC20288B
:10111800DDD110236364032010BD03F10C0252E8F3
:10112800002F22F0100203F10C0040E800210029F2
:10113800F3D1C9E708B5806B0023C385FFF75CF9D5
:1011480008BD00BF704700BF90F84230222B49D13C
:1011580083680168826AB3F5805F44D0002B4BD165
:101168000369002B48D14B68DBB21370826A0132E5
:10117800C38D8262013B9BB2C385002B32D100B57F
:101188000268D16821F0200183B0D160D16821F4D0
:101198008071D16051694FF0200C21F0010151613B
:1011A80080F842C04363016B012929D1036302F12E
:1011B8000C0353E8003F23F0100302F10C0C4CE839
:1011C80000310029F3D11368DB0605D501911368B6
:1011D800019353680193019B818DFFF7B3FF03B01F
:1011E8005DF804FB70470369002BBCD14B68C3F35F
:1011F800080322F8023BBBE74B6803F07F03B4E720
:10120800FFF7ECF803B05DF804FB00BF70B50568A4
:101218002B68EE68696913F00F0F82B004462A46FE
:1012280013D19D0602D5B10600F1E080216B01299A
:101238003DD0180602D5310600F1AE805B0602D516
:10124800750600F1C88002B070BD11F0010140F0D0
:101258008D8016F4907FE9D0DA070BD5F00540F1C0
:101268005381626C580742F00102626440F1CD80FC
:1012780000297FD1980740F1CA80190700F103813E
:10128800626C002ADFD09A0602D5B30600F14081CD
:101298006B69626C03F0400302F0080253EA02062D
:1012A800204640F0C080FFF7A7F86664CBE7D80671
:1012B800BFD5F106BDD50023019313680193536888
:1012C8000193019B5169A38D4D0640F1E380E06BCA
:1012D8000168496889B2002900F01F81994280F0AD
:1012E8001C81E185C169B1F5807F36D002F10C031C
:1012F80053E8003F23F4807302F10C0545E8003100
:101308000029F3D102F1140353E8003F23F001034D
:1013180002F1140545E800310029F3D102F1140364
:1013280053E8003F23F0400302F1140545E800317B
:101338000029F3D1202384F84230216302F10C0301
:1013480053E8003F23F0100302F10C0545E8003193
:101358000029F3D100F02EFBA38D02226263E18DF8
:10136800591A204689B2FFF7EDFE6CE7DA0747D431
:10137800580740D5626C990742F0020262643CD576
:10138800626C42F0040262641A077FF579AF626CFE
:1013980042F00802626473E794F84130212B7FF42D
:1013A80052AFA168236AB1F5805F00F0BF80591C75
:1013B80021621B785360E38C013B9BB2E384002BD2
:1013C8007FF441AFD36823F08003D360D36843F040
:1013D8004003D36037E7D368202123F04003D3606C
:1013E800204684F84110FFF705F82CE702B0BDE865
:1013F8007040FFF7A9BE9907C2D41A07C7D43FE7C0
:10140800F0053FF52EAF5A07B4D498073ED4180715
:101418007FF536AF06F020020A43B8D1636C002B83
:101428007FF436AF0FE7FFF705FD6B695E0626D53B
:1014380005F1140353E8003F23F0400305F11401BC
:1014480041E8003262B1226802F1140353E8003F18
:1014580023F0400302F1140040E800310029F3D1E1
:10146800E06B60B1374B036500F0EEFA00283FF4FB
:10147800EAAEE06B036D02B0BDE870401847204645
:10148800FEF7BAFFDFE6B20681D4C7E700293FF4CA
:10149800F4AE75E7E08DE18D89B280B200293FF4A2
:1014A800D2AE1B1A99B200293FF4CDAE02F10C035B
:1014B80053E8003F23F4907302F10C0545E800302F
:1014C8000028F3D102F1140353E8003F23F001038D
:1014D80002F1140545E800300028F3D1202384F8F0
:1014E8004230206302F10C0353E8003F23F010035D
:1014F80002F10C0545E800300028F3D102236363AC
:101508002046FFF71FFE9EE65A073FF5B3AE7CE77D
:101518002046FFF719FE2568BAE699427FF493AE94
:10152800C369B3F5807F7FF48EAEE7E721690029B0
:101538007FF43DAF33F8021BC1F308015160236209
:1015480039E700BF3D110008036A026A22F0010270
:1015580070B40262446882690D6822F073022A43FB
:101568008D6823F002032B430B4DA84206D049682F
:101578004460826170BC416303627047CD6823F0A8
:1015880008032B43D1E9055624F44074354323F06E
:1015980004032C43EBE700BF00000140036A026A22
:1015A80022F4807270B402624468C2690D6822F045
:1015B80073022A438D6823F4007343EA05230C4D14
:1015C800A84206D049684460C26170BCC163036226
:1015D8007047CD6823F4006343EA0523D1E9055633
:1015E80024F44054354323F4806344EA0514E9E7BE
:1015F80000000140036A026A22F4805230B4026299
:101608004468C2690D6822F4E64242EA05228D6800
:1016180023F4005343EA0533074DA84206D049682E
:101628004460C26130BC0164036270474D6924F4B0
:10163800804444EA8514F2E70000014091BB90F829
:101648003E30012B3AD1022380F83E30036801F086
:101658001F01186A01228A4020EA02001862186AEB
:10166800224902438B421A6232D0B3F1804F0ED026
:101678001F4A93420BD002F58062934207D002F5CD
:101688008062934203D002F59A32934204D19A6859
:1016980002F00702062A03D01A6842F001021A6013
:1016A8000020704704290BD0082916D090F8413043
:1016B800012B03D1022380F84130C7E7012070478E
:1016C80090F83F30012BF9D1022380F83F30BDE775
:1016D8005A6C42F400425A64D9E790F84030012B22
:1016E800ECD1022380F84030B0E700BF0000014091
:1016F80000040040036810B41A6A01F01F044FF098
:10170800010C0CFA04FC22EA0C021A621E4A1C6A3A
:101718001C62934222D01C6A41F21112144204D175
:101728001C6A40F24442144213D0012329B980F8BC
:101738003E305DF8044B0020704704291DD008296D
:101748000CBF80F8403080F841305DF8044B002031
:1017580070471A6822F001021A60E6E71C6A41F233
:1017680011121442D7D11C6A40F244421442D2D119
:101778005A6C22F400425A64CDE780F83F305DF895
:10178800044B0020704700BF00000140704700BFB5
:10179800FFF754BFFFF7AEBF70B4264E4A6903681F
:1017A8008D680C68B04235D0B0F1804F1CD0A6F5DA
:1017B8007C46B04218D006F58066B04214D006F5D3
:1017C8008066B04210D01C4EB04211D006F580663B
:1017D800B0420DD006F58066B04209D023F08003F0
:1017E800C5621A4384620CE04E6823F070033343E9
:1017F800C968C56223F440730B4323F080031A437E
:1018080084620368012143F00403036070BC4161F2
:10181800026070474E6823F070033343CE68C56298
:1018280023F44073846233430969016323F080031E
:101838001A43E6E7000001400040014050B310B5EC
:1018480090F83D30044603F0FF02F3B1214602232D
:1018580084F83D3051F8040BFFF79EFF012384F80C
:10186800463084F83E3084F83F3084F8403084F8BD
:10187800413084F8423084F8433084F8443084F8A6
:10188800453084F83D30002010BD80F83C20FFF73B
:101898007DFFDBE701207047036A026A22F010022D
:1018A80070B40262446882690D6822F4E64242EA32
:1018B80005228D6823F0200343EA05130C4DA84246
:1018C80006D049684460826170BC816303627047D6
:1018D800CD6823F0800343EA0513D1E9055624F4C3
:1018E8004064354323F0400344EA8504E9E700BF38
:1018F8000000014038B590F83C30012B57D0012347
:1019080004460D4680F83C300C2A08D8DFE802F07F
:101918001E0707072E0707073F0707070C000120C8
:10192800002384F83C3038BD0068FFF763FEC369C4
:101938002A6943F40063C361C36923F48063C36104
:10194800C36943EA0223C3610020E9E70068FFF79F
:10195800FBFD83692A6943F008038361836923F0E7
:1019680004038361836913438361EDE70068FFF72C
:1019780093FF83692A6943F400638361836923F4CD
:1019880080638361836943EA02238361DCE700683B
:10199800FFF704FEC3692A6943F00803C361C369FA
:1019A80023F00403C361C3691343C361CCE7022076
:1019B80038BD00BF70B50446866DFEF7C1FD94F8CA
:1019C8003530022B06D080236365002384F8343039
:1019D800012070BD23681A6822F016021A605A693D
:1019E80022F080025A61226C054642B31A6822F03E
:1019F80008021A601A6822F001021A6005E0FEF770
:101A08009FFD431B052B10D823681B6813F00103A7
:101A1800F5D1E16D3F228A40184601210023B260CA
:101A280084F8351084F8343070BD032320226265B1
:101A3800184684F83530002384F8343070BDA26C21
:101A4800002AD3D1D6E700BF90F83530022B03D057
:101A580080234365012070470268052380F83530EC
:101A6800136823F00103002013607047406D70472E
:101A780000F0F8B808B500F093F930BFFDE700BFF3
:101A880011B10860012070470846704778B170B5F9
:101A98000D46164604464FF4CC62002107F02FFC91
:101AA800324629462046BDE8704005F0FDBB704728
:101AB80008B105F03DBC70472DE9F04188B00646F5
:101AC80017460C4620220021684607F018FC002E15
:101AD80041D0002C3FD096F85306D4E90423A0B394
:101AE800D6F85806D6F85C16994208BF904206F513
:101AF800CC6830D0CDE90023D4E90D212346C6E9CE
:101B0800B52133F8022BD4F8020003920490104652
:101B1800A269029201259A889B79ADF8142006A93A
:101B28008DF816308DF81C50FFF7AAFF3A468DF84D
:101B38001D003046D4E90467694648E9026705F0A4
:101B4800DDFD284608B0BDE8F08152EA0301F9D06E
:101B580006F5CC68CEE7002008B0BDE8F08100BFEC
:101B6800C0B170B50D46044605F028FD284602F0C0
:101B780047F928B929462046BDE8704006F0BCBCA4
:101B880002F0D6F82B4620460A22BDE8704006210E
:101B980005F03EBB704700BF08B106F0F1BC7047C6
:101BA800704700BF1C4A1D4B116B41F0020182B007
:101BB8001163116B01914FF4C02001999861D968A4
:101BC800174821F03C0141F02801D960596821F0FB
:101BD80006015960196821F03C0141F014011960AF
:101BE800136C43F003031364136C01934FF0804CA0
:101BF8000021019BCCF83C10C163DCF8203023F4B1
:101C08008073CCF82030036A23F480730362BFF337
:101C18004F8F02B0704700BF0038024000040240F6
:101C28000004004010B59AB004464422002109A8D7
:101C380007F065FB002341F2BF21602208A8CDE927
:101C48000333CDE9053302930B910192079308946E
:101C5800FFF7F4FD082201A908A8FFF74BFE1AB008
:101C680010BD00BF70B58AB02A4B002401941A6BCE
:101C780042F002021A631A6B02F002020192019A00
:101C880002941A6C42F001021A641A6C02F0010202
:101C98000292029A03941A6C42F002021A641B6CB4
:101CA80003F002030393039B00F03AF81A490894DF
:101CB8004FF4C0228A6102250623012604A916488A
:101CC8000493CDE905650795FEF7E8FC04A94FF4F0
:101CD8008062022310480896CDE90423CDE9064521
:101CE800FEF7DCFC0122022304A90B480694CDE987
:101CF8000423CDE90755FEF7D1FC4FF08040FFF7EC
:101D080091FF0648FFF78EFF0AB0BDE8704000F06B
:101D180047B800BF003802400004024000040040F9
:101D28001C4A1D4B116B41F0020182B01163116B0B
:101D380001914FF4C02001999861D968174821F0A2
:101D48003C0141F02801D960596821F00601596029
:101D5800196821F03C0141F014011960136C43F03B
:101D680003031364136C01934FF0804C0021019B13
:101D7800CCF83C10C163DCF8203023F48073CCF835
:101D88002030036A23F480730362BFF34F8F02B0DD
:101D9800704700BF003802400004024000040040C1
:101DA800FFF7BEBF08B568B90B490C480122FFF719
:101DB80045F908B9012008BD094AD3690133002053
:101DC800D36108BD0548FFF761F90028ECD0044A43
:101DD800936901339361E7E76007002068070020F3
:101DE800E4060020F0B5282287B000213548364D9A
:101DF800002407F084FA354800F0C6FACDE901441A
:101E0800CDE90344009405942B6B314843F0040357
:101E18002B632B6B03F00403224600934FF480716D
:101E28000227009B0126FEF729FD4FF480732848FE
:101E3800039401A9CDE901360497FEF72FFCC023CE
:101E48002348019301A908230593CDE90347029785
:101E5800FEF724FC01946B6C43F020036B646B6CFD
:101E680003F020030193019A1A4A1B4B13604FF4A5
:101E7800E133536010460C23C2E90244C2E904432B
:101E8800C2E90644FFF76EF810B1002007B0F0BDB4
:101E9800024605214720FEF77DFB4720FEF7B6FBEB
:101EA8000E490C483246FFF7C9F810B9304607B05A
:101EB800F0BD044AD36947203344D361FEF7B4FB2D
:101EC800E3E700BFE40600200038024010070020C6
:101ED8000008024068070020001401406007002045
:101EE80008B54720FEF7A0FB1048FFF7CFF80F48CA
:101EF800FFF76CF808B1002008BD0C48FFF732F86E
:101F08000028F8D10A4800F03FFA4720FEF77EFB88
:101F1800084906480122FFF791F808B9012008BDD1
:101F2800054AD3690133D361E5E700BF680700209C
:101F38001007002060070020E40600200148FFF792
:101F480065B900BF6807002038B50446D0B1EFF383
:101F5800108572B60C4800F0ABFA8646BEE80F0052
:101F6800A446ACE80F00BEE80F00ACE80F00BEE8DE
:101F78000F00ACE80F009EE80F008CE80F0005B9D1
:101F880062B6012038BD00BF1007002028B1114BF0
:101F980002689A4202D000207047704710B50E4C74
:101FA800236801332360FEF7CBFA0C49034601226C
:101FB8000B4800F0EFF909490A480122FFF73EF8FB
:101FC80008B9012010BDE36901200344E361FFF76C
:101FD800E9FEF6E700140140E4060020600700204F
:101FE800100700206807002028B1174B02689A42A2
:101FF80002D000207047704710B5144B446C5A68E3
:1020080090F842101C6201325A60426C5962120701
:1020180002D59A6801329A60426C540702D5DA6890
:102028000132DA60426C910702D51A6901321A61ED
:10203800426CD20702D55A6901325A610120FFF772
:10204800B1FE012010BD00BF00140140E4060020CD
:10205800B0B170B50D4649B116464FF6FE73013A58
:102068009A4203D80446FFF711F808B1002070BD62
:10207800B2B229462046FEF7C5FF18B9012070BD47
:1020880000207047054906480122FEF7D7FFB0FA3D
:1020980080F14909034800F0C7FEE7E7F00800208F
:1020A800F8080020B00700200A4602480221FEF77F
:1020B800E5BB00BF0000024000286ED02DE9F041CA
:1020C800014688B03848394E002400F0C5FB38482E
:1020D80000F050FECDE90344CDE90544029407948D
:1020E800336B344843F001033363336B03F001036C
:1020F8002246029302210225029B0127FEF7BEFB1E
:102108002C4803A9CDE90357CDE905454FF00C0844
:10211800FEF7C4FA07232748049503A90695264D18
:1021280007930594CDF80C80FEF7B8FA234B244AA0
:102138001D492448009500F0B5FDC5E90244C5E9EC
:1021480006440394C5F814802C61336C1E4A43F48A
:1021580000333364336C03F40033039328464FF49D
:10216800E133C5E900230399FEF7FCFE18B100200E
:1021780008B0BDE8F081024605212620FEF70AFADC
:102188002620FEF743FA11493A462846FEF756FF3D
:1021980028B9384608B0BDE8F081002070472620ED
:1021A800FEF742FAE3E700BF1C08002000380240AF
:1021B800B007002000000240F8080020592000085D
:1021C800B12000080808002000440040F008002062
:1021D8000148FFF71BB800BFF808002070B5194B7D
:1021E80090B026205E68FEF71FFABFF35F8F3F228C
:1021F8006946154800F0ECFD0546134800F036FE28
:102208000446BFF35F8F710606D455B9A2070FD4F1
:10221800E30712D410B070BD2620FEF7F7F9002DA1
:10222800F4D02A460948694600F022FBA207EFD5F8
:10223800074800F08BFD10B070BD054800F072FD36
:1022480010B070BD00E100E0B00700201C080020BD
:10225800080800200146014800F04CBB1C0800207B
:1022680010B50446084800F033FB08B9002010BD3B
:10227800054800F037FB0028F8D121460248BDE8A0
:10228800104000F0B7BB00BF1C080020014800F058
:102298001BBD00BF0808002028B10D4B02689A42F8
:1022A80002D000207047704710B50A4C0A482178C0
:1022B80000F070FD012221460848FEF7BFFEB0FA83
:1022C80080F14909044800F0AFFD012010BD00BFAE
:1022D80000440040F0080020B0070020F808002063
:1022E800E0B108B502680E4B9A4201D0002008BD43
:1022F80000220C480221FEF7C1FA0B48012100F028
:10230800A9FD012209490A48FEF798FEB0FA80F1B2
:102318004909054800F088FD012008BD704700BF45
:102328000044004000000240B0070020F0080020F0
:10233800F8080020E0B108B502680E4B9A4201D0B7
:10234800002008BD00220C480221FEF797FA0B482E
:10235800022100F07FFD012209490A48FEF76EFEBE
:10236800B0FA80F14909054800F05EFD012008BD7A
:10237800704700BF0044004000000240B007002042
:10238800F0080020F808002018B15022002106F0BB
:10239800B6BF7047002800F08A80002900F08780C7
:1023A800002A00F084802DE9F041013A82B01F46EE
:1023B80004464D1E8E184FF0000809E0FD2820D075
:1023C800226BE36B013201332263E363B5421DD014
:1023D800A26815F8010F002AF0D0511C0729A05453
:1023E800A160F3D101AA2046ADF8048000F05EFD9B
:1023F80090B304280DD005280ED1A36B0133A36335
:102408000AE00123B5422070A360E1D102B0BDE823
:10241800F081636B01336363A268D4F83CC0012A7E
:1024280041D92346012102E0013191420FD013F82E
:10243800010FFD28F8D10CEB01038A42E36308D9A8
:10244800521AA2602144204606F040FFBEE76144CC
:10245800E1630023A360B9E72346A28853F8121B5F
:10246800C4F81210A17999719A80E36ABDF8040042
:1024780053B1226C616CBA1A09B18A4200D2626403
:10248800A16C8A4288BFA2640133C4E90A73236A33
:10249800208201332362636A276443F10003636285
:1024A8000023A36092E70CF10103E363D1E77047CF
:1024B80000B11030704700BF2DE9F0410C4684B0E0
:1024C80015460127064600222946204698468DF8DB
:1024D8000870039206F094F8A8B95EB1062C0DD0E6
:1024E800052C0CD1012D19D0AB1E012B07D8B8F53E
:1024F8007F4F2FD0384604B0BDE8F081EDB10620FB
:1025080004B0BDE8F0810A9B00932A464346214661
:10251800304606F08FF804B0BDE8F081B8F57F4F7B
:102528001DD0B8F1000F13D12B460A9A8DF8083048
:1025380002A9304604F042FFE2E707230A9A8DF821
:10254800083002A93046CDF80C8004F037FFD7E7F1
:102558002846D5E7032D14BF09230823E5E70346DA
:10256800E3E700BF70B513460C4615460A4601213D
:10257800064606F007FE30B936B12DB124B996F8F3
:10258800943013B92C80012070BDB6F87840F9E773
:102598002DE9F8430C4617460A46002180461E4698
:1025A80006F0F0FD60BB0546B8F1000F29D046B330
:1025B80001F026FE814620B3A4F10B03062B1AD99D
:1025C800A4F11403032B1FD9242C1AD8DFE804F034
:1025D800BDB1ADA9A5A19E969390741919191919A1
:1025E8001919706C19191919686460574E4A4642CE
:1025F8003E3734312F0008EB040090F85D3033800B
:1026080001252846BDE8F883C4F11704D8F85C1002
:10261800D8F858302401C4F12002E34001FA02F24C
:10262800203C134321FA04F423433380E8E737803E
:10263800E6E73A0C3280E3E700233380E0E798F8D6
:102648009430002BDBD0B8F87830D8E7D8F8A4302D
:102658003380D5E7B8F8A6303380D1E7D8F8A03072
:102668003380CDE7B8F8A2303380C9E7D8F8AC207A
:102678004FF6FF73934228BF13463380C0E7D8F85C
:10268800A8204FF6FF73934228BF13463380B7E75D
:10269800B8F8B0303380B3E7D8F860303380AFE7AC
:1026A800B8F862303380ABE790F82C303380A7E776
:1026B80090F82B303380A3E73946404604F064FE97
:1026C80099F8283099F8291099F82A209B0043EAAC
:1026D800C10398F8941043EA410343EA021398F8B7
:1026E8004C2003439BB2002A3DD143F0200386E7E8
:1026F800C38C338084E7838C338081E742684FF64C
:10270800FF73934228BF1346338079E703783380F9
:1027180076E798F80330338072E798F80230338010
:102728006EE798F8013033806AE798F80030338014
:1027380066E798F874309BB1D8F864204FF6FF73B9
:10274800934228BF13469BB259E798F874303BB1BF
:1027580098F8753023B1D8F87030B3F5803FF2D3CC
:102768004FF6FF734BE743F0600348E7436A072BD4
:1027780071D970B50446051D461D0621284600F08E
:10278800B9FB62892379824211D0012B04D1D4F894
:10279800B4300133C4F8B430D4F8BC30626A0133C1
:1027A800012AC4F8BC302CD80023636270BD012B09
:1027B80013D0D4E92E13626A01310833082AC4E918
:1027C8002E13F1D9083A626204F10C01284606F08A
:1027D8007DFD636A072BD0D870BDD4F8B02061792D
:1027E80001320529C4F8B02012D0A36C032B1FD9DD
:1027F800D4F8C4300133C4F8C430626A082AD3D983
:10280800E0E7013A62623146284606F05FFDE0E7FC
:10281800E288B2F5807FE8D12289002AE5D194F8D0
:1028280054208AB1D4F8C8300133C4F8C830E4E77A
:1028380005332868696844F8330004EBC302516023
:10284800A36C0133A364D8E72A6869682165E26448
:1028580084F85430D1E7704748B138B504460D467E
:10286800D0220021043006F04AFD256038BD7047AB
:1028780068B361B35AB3013A2DE9F04705464E1ED5
:102888008F184FF01F0A00F1050900F104080AE04B
:10289800621C2C4416F8013F237128466A62FFF730
:1028A80065FFBE4211D06C6A202CF1D1D5F8BC303E
:1028B800C5F824A001331F22C5F8BC30494640465C
:1028C80006F004FD22461F24E3E7BDE8F0877047C1
:1028D80010B5044628B1FFF749FFA06C003818BFAF
:1028E800012010BD10B5044618B1FFF73FFF94F85A
:1028F800540010BD2DE9F04184B040B1036804468E
:102908002BB10D46FFF732FF94F8546026B9002624
:10291800304604B0BDE8F0810095E06C216DB4F854
:102928004E2002AB03C3B4F8503094F84D10206821
:10293800002552BA5BBA9BB292B284F85450FFF7A2
:10294800BBFDD4F8CC30A26CA5641344C4F8CC30D9
:1029580094F8AC30002B39D100283DD048F201530F
:102968000128A4F8853004F1850841D006280CBF59
:102978000223042384F887300321404600F0BAFA82
:10298800030A84F88930D4F8C03084F88800052216
:102998000133C4F8A820C4F8C03094F88450012743
:1029A80084F8AC70002DB3D1D4F8A820414604F1C6
:1029B8005D0006F0D1FCD4F8A830C4F8803084F863
:1029C8008470C4F8A85084F8AC50A1E7D4F8D0308B
:1029D8000133C4F8D0309BE702AB03CB082304F1E2
:1029E8008508C4F88500C4F88910C4F8A830D4E76D
:1029F8000323BFE700285FD02DE9F047036884B0C0
:102A0800044643B10D46FFF7B1FE94F8543013B9AC
:102A180094F884301BB1002004B0BDE8F08720464C
:102A2800FFF7A4FEA16C0029F5D0A26AC4F85520CE
:102A38000129E26AC4F8592004F1550604F1280373
:102A48000CD00122194653F8080FD3F804C0C1F876
:102A580004C00860A16C01329142F3D894F8568002
:102A6800A8F103030139012BA16464D9A8F1050376
:102A7800012B23D9012568F07F0884F85D5084F87C
:102A88005E8084F85F50032104F15D0000F032FAA3
:102A9800D4F8C03084F86000010A05222B4484F879
:102AA8006110C4F8802084F88450C4F8C0302046EF
:102AB800FFF75CFE0120AFE700207047B4F857A08D
:102AC800B4F859309AFA9AF7BFB25BBA3946404619
:102AD8001FFA83F905F094FD98B9B8F1060F0DD0E7
:102AE8007B1E022B0DD9012568F07F08022384F88C
:102AF8005D5084F85E8084F85F30C4E7BAF1000F57
:102B0800F1D1009520684B463A464146FFF7D4FC80
:102B180000285FD0012800F0908006280CBF02230F
:102B28000423012568F07F0884F85D5084F85E80EE
:102B380084F85F30A7E7B4F85990B4F8577099FA59
:102B480099F91FFA89F909F1FF337FBA0A2BBFB245
:102B580068D84FEA490A264604EB490913E00DF103
:102B68000E032A46FFF714FD0137B0B1BDF80E3049
:102B780086F861301B0A86F860300236B14537D0D6
:102B8800B7F5803F09D0B8F1030F2068B9B2E6D194
:102B98000DF10E02FFF7E6FCE6E7012568F07F0875
:102BA800022384F85D5084F85E8084F85F30032146
:102BB80004F15D0000F09EF9D4F8C03084F860009C
:102BC800010A052284F86110C4F8802084F8845032
:102BD8002B446AE77168D4F85500C4F85D000822F0
:102BE8000123C4F86110C4F8802084F884305EE7BB
:102BF80004F15D0501260AF105030AF103072846D9
:102C080084F85D6084F85E8084F85FA0C4F8803042
:102C1800394600F06FF9E8555544000A287184F8E0
:102C2800846044E70321012568F07F0884F85D503B
:102C380084F85E8084F85F10BAE7032371E700BF69
:102C480048B149B190F8843023B1D0F880300B6096
:102C58005D307047184670470846704770B138B500
:102C680090F8AC300025044680F88450C0F88050B5
:102C78002BB92046BDE83840FFF778BD7047D0F83B
:102C8800A82000F185015D3006F066FBD4F8A82085
:102C9800C4F88020012384F88430C4F8A85084F84C
:102CA800AC50E6E710B4019C50B1C0E90012002115
:102CB800C0E9023401611AB120465DF8044B10479F
:102CC8005DF8044B704700BF40B330B50446006858
:102CD80083B028B163681BB1A3680BB1237C1BB117
:102CE8000021084603B030BD01A9FFF7A9FF05463A
:102CF8000028F5D06368E068012198472946A36851
:102D0800019AE0689847014620B1012308462374D8
:102D180003B030BD6368E0689847E1E700210846E2
:102D2800704700BF80B1436810B5044623B1C0683E
:102D380000219847237C03B910BD00232068237421
:102D4800BDE81040FFF78ABF704700BF80B14368F5
:102D580010B5044623B1C06800219847237C03B905
:102D680010BD002320682374BDE81040FFF776BF2C
:102D7800704700BF68B110B540220021044606F034
:102D8800BEFA002323646364A364E3642365636574
:102D980010BD7047C8B1026CBFF35B8F531C03F0C2
:102DA8003F03D0F844C0BFF35B8F634505D081541F
:102DB800BFF35B8F036401207047483050E8003F41
:102DC800013340E80032002AF8D10020704700BFE4
:102DD80070B5864610B111B30AB9104670BD436C80
:102DE800BFF35B8F056CBFF35B8F9D4219D0013A2F
:102DF8008E1801F1FF3C5C1C1EF80300624604F0CB
:102E08003F030232AB420CF8010FA2EB010001D0E4
:102E1800B445F0D1BFF35B8FCEF8443070BD08469F
:102E280070BD0020F6E700BF50B100F14C0353E835
:102E380000CF0CF1010C43E800C2002AF7D101B120
:102E48007047503050E8003F013340E80032002A14
:102E5800F8D1704748B1BFF35B8F543050E8003F5A
:102E68000B4340E80032002AF8D1704760B1BFF345
:102E78005B8F00F15403002253E8000F43E8002160
:102E88000029F9D1BFF35B8F704700BF60B151B122
:102E98000139431E4218002013F8011F934280EAAB
:102EA8000100F9D170470846704700BFE0B170B51E
:102EB8001546DAB1072911D10378FD2B04460FD145
:102EC80005214679FFF7E2FF86420BD1A379FE2B55
:102ED8000ED1B4F801302B80002070BD022070BDE7
:102EE800032070BD042070BD01207047012070BD13
:102EF800052070BD8446E0B1C9B100B500EB010EF4
:102F08004FF6FF701CF8013B0822584000F00103FF
:102F180003EB830103EB413383EA5000531E13F0A4
:102F2800FF0280B2F2D1E645ECD15DF804FB084619
:102F3800704770470120704748B91D4B5B6903F023
:102F48000603062B0A46014609D000207047184B95
:102F58005B6903F00603062B4FF00002F5D14FF032
:102F68008043186A10F4807014D010B4114C206A91
:102F780010F480700BD0186810F0010007D020689A
:102F880010F0010003D0D86B904204D000205DF807
:102F9800044B70477047E26B8A42F7D1DB6B23B171
:102FA800E06BB0FA80F04009F1E70120EFE700BFDD
:102FB8000004024000040040F0B5044689B00D4604
:102FC800164600214822CDE90211CDE90411CDE9C8
:102FD80006111F4606F093F941F2BF22E260256010
:102FE800602220460192FEF729FC20B1084B1E7092
:102FF800002009B0F0BD082201A92046FEF77AFC9E
:1030080010B9012009B0F0BD014B1F70F0E700BFF7
:103018004009002010B5FDF7EDFE1B4B9B6813F42B
:10302800E05F1A4B18BF4000984201D0002010BD45
:103038004FF08042906A0028F8D1154CA16A002907
:10304800F5D1D36A41F2BF208342EFD1E06A9842BA
:10305800ECD1D36903F07003602BE7D1E36903F087
:103068007003602BE2D1136A13F40073DED1216A76
:103078008905DBD4D3695B07D8D4E069C0F3800045
:1030880080F00100C0B210BD0038024000D8B80579
:10309800000400402DE9F0474FF08044A44FA54DAF
:1030A8000026814688463E70FEF73AFE236823F0E4
:1030B800010323602B6823F001032B6026612E6136
:1030C800BFF34F8F9C4B93F800A0BAF1000F41D08B
:1030D80008F1FF339BB241F2BE22934227D8FFF793
:1030E80029FF0646002848D008219448FEF752FBDD
:1030F800082106469248FEF74DFB002E40F0D98085
:1031080000283CD00B233B70FEF70AFE4FF08042AC
:10311800884B116821F0010111601968002021F025
:103128000101196010611861BFF34F8F0FE0082388
:103138003B70FEF7F5FD236823F0010323602B683D
:1031480023F001032B6026612E61BFF34F8F00200F
:10315800BDE8F08707233B70FEF7E2FD236823F004
:10316800010323602B6823F001032B60C4F810A02F
:10317800C5F810A0BFF34F8FE9E70923D8E76F4BD5
:103188001B68D8636E4B1B68D86301236062686252
:1031980063616B6120612861BFF34F8F694B5B6985
:1031A80013F0060F40F08380E36B002B7FD1EB6BAD
:1031B800002B7CD1636A002B79D16B6A002B76D106
:1031C8004FF080452B6ADA0571D45A4E336ADB0515
:1031D8006DD42B68DC076AD4336813F0010A66D112
:1031E80056480821FEF7D4FA0446002865D1544809
:1031F8000821FEF7CDFA002872D1BFF34F8F514B4B
:103208005B6913F0060F56D1EB6B002B53D1F36BB0
:10321800002B50D12B6AD8054DD5464D2B6AD905C0
:1032280049D54FF080463368DA0744D52B68DB0769
:1032380041D5DFF810A16FF0010300247462012268
:103248006C620621336150462B61FDF717FBBFF313
:103258004F8FDAF8143003F00603062B56D1374B9C
:103268001A68374B1B68B9F1000F4AD0D463C3F80A
:103278003C80BFF34F8F41464846FFF75DFE04464A
:1032880000287FF465AF32233B70FEF749FD4FF00D
:103298008042284B116821F001011160196821F062
:1032A8000101196014611C61BFF34F8F4FE72D2393
:1032B80029E70A2327E7302325E72E233B70FEF76B
:1032C8002FFD2B6823F001032B60336823F00103E3
:1032D8003360C5F810A0C6F810A0BFF34F8F36E7CB
:1032E8002F233B70FEF71CFD2B6823F001032B6096
:1032F800336823F0010333602C613461BFF34F8FCF
:1033080025E7C2F83C80C3F83C90B2E731233B7014
:10331800FEF706FD336823F0010333602B6823F0C2
:1033280001032B6034612C61BFF34F8F0FE700BF9F
:103338004009002000040040D40900208C09002026
:10334800440900200004024008B5FEF7E9FC4FF0EC
:103358008042074B116821F00101116019680020B3
:1033680021F00101196010611861BFF34F8F08BD8A
:10337800000400400F4B586910F0060018D14FF0B8
:103388008043DA6B9AB90C49C86B88B91A6A12F487
:1033980080720CD1086A10F4807007D11B68DB07B3
:1033A80005D40868C04300F0010070471046704714
:1033B8000020704700040240000400402DE9F0435B
:1033C8006C4E6D4B6D4D6E4F4FF0000885B086F812
:1033D80000801A6B85F8008042F002021A631A6CAA
:1033E80042F003021A641A6B03921A6C039B4FF0A3
:1033F800804453400393039BFEF792FC236823F019
:10340800010323603B6823F001033B60C4F810808C
:10341800C7F81080BFF34F8F5A4B5B484FF4C02258
:103428009A615A6822F006025A609A6842F03C0291
:103438009A60DA6822F03C0242F02802DA601A68E0
:1034480022F03C0242F014021A601A6822F4401278
:1034580042F400121A605A6822F480625A609A682C
:1034680042F440129A60DA6822F44012DA605A6A2A
:1034780022F4706242F480725A621A6822F00302DF
:1034880042F002021A605A6822F001025A609A68F1
:1034980042F003029A60DA6822F00302DA601A6ADC
:1034A80022F00F0242F002021A6221460223012290
:1034B800FFF782FD18B33548042303223946FFF786
:1034C8007BFD8146E0B1FEF72BFC236823F0010366
:1034D80023603B6823F001033B60C4F81080C7F801
:1034E8001080BFF34F8FFFF795FD8046E0B1FFF7DF
:1034F80041FF60B301232B7005B0BDE8F08381461E
:10350800FEF70EFC236823F0010323603B6823F0D9
:1035180001033B60C4F81090C7F81090BFF34F8FB9
:10352800002005B0BDE8F08305233370FEF7F8FBF3
:10353800236823F0010323603B6823F001033B6009
:10354800C4F81080C7F81080BFF34F8FE8E7062350
:1035580001903370FEF7E4FB2368019823F0010320
:1035680023603B6823F001033B6020613861BFF3AF
:103578004F8FD5E74009002000380240D4090020C9
:1035880000040040000402408C0900204409002087
:1035980001460120FFF77EBD01460020FFF77ABDF6
:1035A800014B1878704700BF4009002070B50E46DF
:1035B800044648B32C4BDD6B2C4B1B786BB1FFF7E3
:1035C800B9FC50B1ADB245B1731E9BB241F2BE22F7
:1035D800934202D8FFF71EFDD0B9254B32221A704C
:1035E800FEF79EFB4FF080421F4B116821F001014E
:1035F80011601968002021F001011960106118613B
:10360800BFF34F8F002070BD4FF08043DD6BD3E7D1
:1036180029462046FFF790FC0028DED0FCB1124B6B
:10362800DE63BFF34F8F20463146FFF785FC044623
:103638000028E8D10E4B32221A70FEF771FB4FF0CA
:103648008042094B116821F001011160196821F0CD
:103658000101196014611C61BFF34F8FD2E74FF06D
:103668008043DE63DDE700BF00040040D40900208A
:103678004009002038B50C4640B9A9B1FFF7CAFC8B
:1036880080B12146BDE83840FFF756BC51B9054620
:10369800FFF7C0FC30B12C4621460020BDE8384079
:1036A800FFF74ABC002038BDBDE83840FFF762BECE
:1036B8000A4B002210B5DA601968094C21F00101A3
:1036C800196032201A615A622270FCF7ADFF32206D
:1036D800FCF7D6FFBFF34F8F10BD00BF000C0040B2
:1036E800D7090020F0B53149314E324C324A334DBA
:1036F800002383B008603370237013702B70002888
:1037080051D02F4F2F49386C40F008003864386C7E
:1037180001900198CB60086820F0010008600B61F7
:1037280032204B621370FCF77FFF3220FCF7A8FFB2
:10373800BFF34F8FFDF75EFBBB68234A13F4E05FCE
:1037480018BF4000A0F51C53103B934226D81F4BCE
:103758001F4A00FB03F3B2EB331F1FD31D4A194B5B
:10376800A2FB0020400B1C4A013810600C221A6092
:10377800012600224FF0FF315A609A609A611A625E
:103788009862D96232205A6304215E611A61FCF79B
:1037980001FF304626702E7003B0F0BD122333703F
:1037A800002003B0F0BD11233370F9E7E0090020D1
:1037B800D5090020D8090020D7090020D609002003
:1037C80000380240000C0040FFFF0F27917EFB3AB3
:1037D800B88D06005917B7D1DC090020034B1878BB
:1037E80018B1034B186800F001007047D709002092
:1037F800000C0040024B187808B1024B187870474B
:10380800D8090020D6090020014B1878704700BF5E
:10381800D5090020314B70B51B68314C2269002B4B
:1038280045D0304E357845B391051AD52E492F4AE3
:10383800192008700021117002209847284B002297
:10384800DA60196821F00101196032201A615A62A0
:103858003270FCF7E9FE3220FCF712FFBFF34F8FFE
:1038680070BD12F0010020D112F00202E5D11E490C
:103878001A2008701D490A70DEE71C491A4A0D70A3
:103888000220182111709847E560236823F001038E
:1038980023603220256165623570FCF7C5FE322051
:1038A800FCF7EEFEBFF34F8F70BD0120C5E70E4950
:1038B8000E4A1B2008701370E3602268094922F041
:1038C800010222603220236163620B70FCF7ACFEB8
:1038D8003220FCF7D5FEBFF34F8F70BDE009002002
:1038E800000C0040D7090020D5090020D609002087
:1038F80038B5104B104D1B7800222A707BB10F4B46
:103908001C7864B10E4A126940F203231A420BD1A3
:103918003220FCF77BFEBFF34F8F204638BD1623BD
:103928002B700024204638BD17242C70FFF772FF37
:103938002C70F6E7D7090020D5090020D609002009
:10394800000C0040F8B51F4B1C78002C38D01E4BDB
:103958001C78002C34D01D4F3C78002C30D1831EAD
:10396800802B05462CD81A4EF460336823F00103E7
:1039780033603220346174623C70FCF755FE3220AB
:10398800FCF77EFEBFF34F8F04233360114B05EB2A
:1039980085001B68B36240004FF0FF33F3620A38BA
:1039A800012303227063746273613461F2603B70B7
:1039B800336843F001033360BDE8F840FFF798BF70
:1039C8000020F8BDD8090020D6090020D70900201A
:1039D800000C0040DC09002070B51E4D1E4C2B78F1
:1039E800616A626B23B32368DB0721D51B4B1B7805
:1039F800F3B1831E802B1BD8266940F203231E4097
:103A080024D18A1A002A15DB154B30461B689847C3
:103A1800E660236823F00103236032202661666292
:103A28002E70FCF701FE3220FCF72AFEBFF34F8F01
:103A3800002070BD00EB80000A3901EB4001616392
:103A4800BFF34F8FBDE87040FFF752BFFFF7E2FEAC
:103A5800EEE700BFD7090020000C0040D60900207F
:103A6800E009002010B50446FFF76EFCFFF720FEC2
:103A7800044A0549054B0020107001220C701A7089
:103A880010BD00BF5C0A0020E5090020E409002001
:103A980010B5FFF759FCFFF70BFEFFF74BFA104C78
:103AA80080F0010084F82900FFF764FC84F82A00FC
:103AB80018B1FFF793FE48B910BD94F82B301BB925
:103AC80042F60403A4F82B30042010BD94F82B30E0
:103AD8001BB942F60313A4F82B30032010BD00BF16
:103AE800E809002038B50546FFF724FA354C80F080
:103AF800010084F82900FFF73DFC84F82A00D0B1C2
:103B0800022D4BD02378052B0BD0C5B3012D4FF0D8
:103B180000003CD003220023A270636284F828309E
:103B280038BD002DF2D104220023A270284663621A
:103B380084F8283038BDFFF707FCFFF7FBF980F061
:103B4800010084F82900FFF715FC84F82A00FFF724
:103B580027FD94F82B3083B900284FF0040508BFDF
:103B680022200322002384F82C0084F82B50A27012
:103B78002846636284F8283038BD0420CAE7012249
:103B88000023A2702846636284F8283038BD0222D8
:103B98000023A270636284F8283038BDFFF734FE32
:103BA80094F82B20034652B900284FF0030208BFAF
:103BB8002C23104684F82B2084F82C30ABE7032004
:103BC8000246A8E7E809002070B515461C46B0B9BA
:103BD8004B1EB3F5165F2BD252B34CB3108045F68B
:103BE800BF53024641F2BF20E1FB0032184611469E
:103BF800002345F6C052FCF7CBFA208016E00128D6
:103C080016D14B1E632B12D88AB184B1002641F21B
:103C1800BF2245F6BF503346E1FB0203194645F67D
:103C2800C0520023FCF7B4FA28802680002070BD1B
:103C3800012070BD70B5384C384EFFF785FB302237
:103C48000021204605F05BFB3549364A364B0025F6
:103C58000D70157002221A703570FFF76BF980F03D
:103C6800010084F82900FFF785FB84F82A00FFF794
:103C7800A5FB90B12D48FFF735FD90B301233370B4
:103C8800FFF758F980F0010084F82900FFF772FB6C
:103C980084F82A00E0B1284670BDFFF755FBFFF70E
:103CA80049F980F0010084F82900FFF763FB84F8E4
:103CB8002A00FFF775FC94F82B303BB9A84208BFDF
:103CC8002C20042384F82B3084F82C00042070BDA9
:103CD80094F82B30002BF9D141F60443A4F82B308B
:103CE800F4E7FFF731FBFFF725F980F0010084F8CE
:103CF8002900FFF73FFB84F82A00FFF785FD94F8B9
:103D08002B303BB9002808BF2C20032384F82B3024
:103D180084F82C00032070BDE8090020E609002083
:103D28005C0A0020E4090020E50900206D3A00083B
:103D380070B5EFF3108672B6BFF35F8F284B294C2E
:103D480000251D70FFF700FBFFF7B2FC264A274B42
:103D580015700222C4E90155C4E90355257065624E
:103D680084F828501A70FFF7E5F880F0010084F80D
:103D78002900FFF7FFFA054684F82A00FFF72EFD11
:103D88002DB1F0B9BFF35F8F86F3108870BD94F83A
:103D98002B301BB942F60423A4F82B30FFF7D4FAD2
:103DA800FFF7C8F880F0010084F82900FFF7E2FA6D
:103DB800034684F82A300420BFF35F8F86F3108807
:103DC80070BD94F82B301BB942F60333A4F82B309E
:103DD800FFF76EFC0320BFF35F8F86F3108870BD7A
:103DE8005C0A0020E8090020E4090020E509002019
:103DF800024B18780130C0B2704700BF5C0A00203F
:103E08002DE9F0416C4C23783BB16C4A00231078C3
:103E18002370BDE8F041FFF765BE03F0FF070546D4
:103E2800FFF788F8664E80F0010086F82900FFF752
:103E3800A1FA237886F82A0003F0FF0833B15F4B14
:103E480018782770BDE8F041FFF74CBE96F8283087
:103E58001BBB002844D0FFF7C1FC70B9FFF7CAFCB0
:103E6800034600283AD12278002A62D0534A1078B3
:103E78002370BDE8F041FFF735BEFFF765FAFFF79D
:103E880017FC96F82B300322B2701BB942F60313C5
:103E9800A6F82B300320BDE8F081FFF7ABFC034602
:103EA800B8BB2278002AE1D1FFF7AEFC96F82B3098
:103EB8003BB9002808BF2320032386F82B3086F857
:103EC8002C00FFF741FAFFF7F3FBBDE8F0410220B1
:103ED800FFF708BE3B4B1B68002B51D10020DAE7E7
:103EE800FFF732FAFFF7E4FBFFF724F880F0010050
:103EF80086F82900FFF73EFA96F82B3086F82A0054
:103F08000322B2701BB942F60403A6F82B30042032
:103F1800C1E7FFF763FC0346D0B92278002AA5D190
:103F280096F82B30002BCCD142F20343A6F82B3065
:103F3800C7E7FFF769FC96F82B30002BAAD10028B9
:103F480008BF2320032386F82B3086F82C00A1E72E
:103F58003369E81A002809DB237823B3174B18784C
:103F680084F80080BDE8F041FFF7BCBD96F82A3020
:103F7800002BB3D0144B1B7813B13378052BA9D081
:103F88002378002B7FF441AF96F82B301BB942F20F
:103F98000463A6F82B30FFF7D7F9FFF789FB022057
:103FA800FFF7A0FDB3E796F82B30002B89D142F23A
:103FB8000353A6F82B3084E7E4090020E509002024
:103FC800E8090020480A00205C0A0020F8B5364CB1
:103FD8002378052B04D1354E337803F0FF05C3B1A0
:103FE800FEF7A8FF80F0010084F82900FFF7C2F966
:103FF80094F8283084F82A0043B12C4E33781BB942
:1040080094F8293003B908B3337863B900252846F2
:10401800F8BD274F3B7813B194F828301BBB337891
:10402800002BDDD1F3E7FEF785FF80F0010084F86F
:104038002900FFF79FF9054684F82A000028E6D0F2
:10404800FFF7CCFB80F00105EDB2E0E7FFF7C6FB18
:104058000028D9D0FFF7CEFB05460028D4D0337806
:10406800002BD1D1D3E7FFF7C5FB0028D7D0FFF746
:10407800B5FB0028D3D0FEF75DFF0028CFD0FFF7AF
:1040880079F90C4B1B68B3FA83F35B098342C6D1F9
:10409800E18CA08CFFF7EEFA33780028C0D0002B13
:1040A8009ED13D78EDB2B2E7E8090020E40900208E
:1040B8005C0A0020480A0020F8B5324D2B7873BB03
:1040C800FEF738FF304C80F0010084F82900FFF734
:1040D80051F92B7884F82A00064603BB94F8283057
:1040E8000BB3FFF773FF2B78C0B9C3B9FFF72CF9EF
:1040F800FFF7DEFAFEF71EFF80F0010084F82900C2
:10410800FFF738F92B7884F82A0043B994F82B3054
:104118006BBB42F20473A4F82B3028E0DBB1BDE896
:10412800F840FFF7B5BCFFF759FB0746FFF70CF956
:1041380094F828308BB1FEF7FDFE80F0010384F877
:104148002930FFF717F92B7884F82A00002BE6D1DD
:1041580030B12EB16FB90020F8BDFFF7A9FAEAE730
:1041680094F82B301BB942F60403A4F82B30042032
:10417800F8BD94F82B301BB942F60313A4F82B3082
:104188000320F8BDE4090020E809002010B5FEF777
:10419800D1FE054C80F0010084F82900FFF7EAF809
:1041A80084F82A0010BD00BFE809002010B5FEF70A
:1041B800C1FE114C80F0010084F82900FFF7DAF8FD
:1041C8000E4B84F82A001B780BB9002010BDFFF7AE
:1041D80011FB0028F9D094F828304BB994F82A003C
:1041E8000028F3D0FFF7FAFA80F00100C0B210BD42
:1041F800BDE81040FFF7EABEE8090020E609002004
:1042080010B5FEF797FE054C80F0010084F82900F0
:10421800FFF7B0F884F82A00204610BDE80900200E
:10422800F8B5EFF3108572B6BFF35F8F10B1254B69
:104238001B782BB90120BFF35F8F85F31088F8BD79
:10424800214E3378002BF5D1204F97F82830002BDA
:10425800F0D11F4B1B78002BECD10446FFF78AF8EE
:104268000028E7D0FFF7BAFA0028E3D1FFF7C2FA2F
:104278000028DFD0FEF75EFE0028DBD015490B686A
:10428800013304BF01221346236018BF1A46124B9C
:104298000A600020114A1860114B10700122187032
:1042A8003270104B104A18701060104B104A18707A
:1042B800107000230022C7E90623052338623B70EB
:1042C800B870B8E7E60900205C0A0020E809002079
:1042D800E4090020580A0020480A00204C0A00205F
:1042E8003E0A00203C0A0020440A00202C0A002034
:1042F8003D0A0020F8B5044615461E46EFF3108720
:1043080072B6BFF35F8FFCF71BF9164B1B7802469A
:1043180003F0FF0023B1144B1B68A34205D0002013
:10432800BFF35F8F87F31088F8BD10490B78002B17
:10433800F5D10F4C2478002CF1D1A5F1030C4EF6E1
:104348005D239C450BD8731EB3F5347F07D2094B08
:1043580015441D60084B1E6001230B70E0E72046E2
:10436800DEE700BF5C0A0020580A00203E0A002051
:104378004C0A0020380A0020300A002010B5EFF35C
:10438800108472B6BFF35F8FFCF7DAF8034B1B7823
:10439800BFF35F8F84F31088002010BD5C0A0020F3
:1043A8000346EFF3108172B6BFF35F8F0B4A1278A2
:1043B80002F0FF0022B10A4A12689A4205D0002092
:1043C800BFF35F8F81F310887047064B1878002879
:1043D800F6D0054B01221A70F2E700BF5C0A0020F4
:1043E800580A00203D0A00203C0A00202DE9F04F21
:1043F800074683B01446EFF3108672B6BFF35F8F9B
:10440800704DFCF79DF82B78002B00F0AB806E4BBD
:104418001B68BB4240F0A6806C4B1B78002B00F059
:10442800B580DFF8CC8198F80030002B00F0AE8022
:10443800674B1B78002B00F0A980002CC0F2A680E7
:10444800644B1B68A342C0F2A180DFF8A891D9F899
:104458000030A342C0F29A805F4F002B00F0978093
:104468003B78002B40F093804342012B40F38F8030
:10447800DFF884A1DAF800301B1A012B40F387809B
:10448800DFF878B10090DBF800301B1A012B7EDDD5
:10449800FFF79CFD00287AD0FFF72AFA002876D08B
:1044A800002C00F08480B4F5165F70D841F2BF2369
:1044B80045F6BF500021E4FB030145F6C052002336
:1044C800FBF766FE83B2194601200093FFF76EF8EA
:1044D80000285CD0FEF74EFF002858D10099002034
:1044E800FFF7C8F8002852D0FFF702FA00284ED08C
:1044F8002B78002B4BD03B78002B48D1FCF720F8C9
:10450800DAF800A0AAEB000ABAF1010F3FDDDBF8E8
:1045180000200190121A012A39DD924528BF9246DF
:104528005046FFF759FA002831D0FFF7E1F970B388
:104538002A7862B33A7852BB284D009A019BEA84E4
:104548006A69C9F8004053440132C5E90432EB6096
:10455800234A244B6C60002488F8004014701C70B7
:10456800AC8401E01D4D0124FEF7E4FC80F001005D
:1045780085F82900FEF7FEFE85F82A00BFF35F8F55
:1045880086F31088204603B0BDE8F08F124F002351
:104598002B70FEF7D9FEFFF78BF83B7823B9124A48
:1045A8000221012311703B700C4D0424DCE7FEF757
:1045B800CBFEFEF7DFFE0028E9D00C4B009A1A600C
:1045C80000948BE75C0A0020580A00203E0A00206D
:1045D8004C0A0020300A0020E4090020E8090020E5
:1045E8003C0A00202C0A0020E5090020400A00208F
:1045F8003D0A0020480A0020340A0020380A00201A
:10460800F8B5044615461E46EFF3108772B6BFF399
:104618005F8FFBF795FF234B1B781BB1224B1B6861
:10462800A34205D00020BFF35F8F87F31088F8BD41
:104638001E4B1B78002BF5D01D4C2378002BF1D195
:10464800002DEFD0B542EDD2731CEBD0801B0028B3
:10465800E8DA184B1A68002AE4DD174A0699126846
:104668008A42DFDAB1F5347FDCDC07990029D9DB2F
:104678008A42D7DBFFF7AAFC0028D3D00D4B1A6873
:104688000E4B1A600E4B069A1A600E4B079A1A6068
:104698000D4B1D600D4B1E600D4B1E6201232370D8
:1046A800C1E700BF5C0A0020580A00203D0A00202C
:1046B8002C0A0020480A0020300A0020200A002086
:1046C8001C0A0020180A0020280A0020240A0020BA
:1046D800E8090020164B1A78034602F0FF0032B3AF
:1046E800144A12689A4220D1134B1878F8B1134B28
:1046F8001878E0B1124A134B1268186821EAE17180
:10470800914214D2104B10B51C68CB17001B4FEA0E
:10471800E07C00FB03F301FB0C33A0FB010119440F
:104728000023FBF735FD204410BD0020704770477B
:104738005C0A0020580A00202C0A00203D0A0020AC
:10474800280A00201C0A0020200A00202DE9F04F2A
:10475800044683B090461D46EFF3108672B6BFF349
:104768005F8FDFF8B091FBF7EBFE99F80030002B74
:104778007DD05E4B1B68A34279D1B8F1000F76D08B
:10478800002D74D05A4B1B7800222A70002B00F0A1
:104798008280584BDFF880A11B78002B7DD09AF8D7
:1047A8000030002B79D14342012B074675DD524B6F
:1047B8001B681B1A012B70DD504B1B681B1A012B41
:1047C8006BDDFFF703FC002867D04D4BDFF84CB1D9
:1047D8001B68DBF80020FB1A002B71DA39462046EB
:1047E8000192FFF777FF019A8242054655DC454B57
:1047F8001B68834251DB00284FDDFFF779F800285A
:104808004BD0DBF80030AB426ED0B5F5165F44D81C
:1048180041F2BF2345F6BF500021E5FB030145F6F1
:10482800C0520023FBF7B4FC87B239460120FEF7DB
:10483800BDFE90B300203946FEF71CFF68B3FFF7B2
:1048480057F850B399F800303BB39AF8003003F0AA
:10485800FF0213BB2C4CCBF800506369A2840133D0
:104868006560E7846361C8F80050002701E0264CC2
:104878000127FEF75FFB80F0010084F82900FEF7AE
:1048880079FD84F82A00BFF35F8F86F310883846D5
:1048980003B0BDE8F08FDFF880A0002389F800306E
:1048A800FEF752FDFEF704FF9AF800302BB9174ABD
:1048B8000221012311708AF80030134C0427D8E72D
:1048C800134B20461C689442A8BF1446394622461A
:1048D800FFF78CFD074608B10B4CCAE70123C8F85F
:1048E8000040094C2B70C4E7074CBCE7580A00206D
:1048F8002C0A00203D0A0020340A0020380A002033
:10490800240A00201C0A0020E8090020E5090020EC
:10491800180A00205C0A0020E4090020480A002048
:104928002DE9F04F074689B014461E46EFF310896B
:1049380072B6BFF35F8FDFF804830023ADF81C3035
:10494800ADF81E30FBF7FCFD98F80030002B00F0A6
:104958002981AC4B1B68BB4240F02481189B002B7B
:1049680000F02081199B002B00F01C81DFF8D0B2E9
:104978009BF800300546002B40F00981A24B1A78BD
:104988006AB1A24A1268AA1A002A80F22581A04AAE
:104998001278002A00F01A81002D80F21D81179AE2
:1049A8006432B2F54D7F00F21781149A822A00F220
:1049B8001381159A142A00F20F81169A012A40F2DF
:1049C8000B81944A127822B1934A1278002A00F097
:1049D8003B81DFF870A29AF80020002A40F0FE80A0
:1049E800149A022A40F2FA80DDE914218A4240F240
:1049F800F580129A1599AA1A8A4200F2EF80149942
:104A08000139914240F2EA80169A642A00F2E6805F
:104A1800FEF790FA7C4B002800F0E0809BF800201D
:104A2800002A40F024817D4F199900220A70179AB4
:104A3800002A40F32C817A4A1168002940F0468107
:104A4800012278490968002940F07981129A14995D
:104A58001B780A440292521B009233B16B4B1B68BD
:104A68005B1B9A4228BF1A460092694B1B78002BA1
:104A780000F0F980684B1B78002B00F029816A4B05
:104A8800179A1B689342B4BF002301230393009A2B
:104A98006B42934228BF134601939BF8003001985C
:104AA800002B00F0DA80FEF797FF80F00103DBB2FD
:104AB800002B40F0948098F80030002B00F08F8095
:104AC8009AF80030002B40F08A80179B002B40F0AA
:104AD8000181534A13680BB1544B1D600492FEF7D1
:104AE80033FCFEF747FC049A002878D00592FEF7BD
:104AF800FFFE002873D098F80030002B6FD09AF88A
:104B0800003003F0FF020492002B68D10399059A44
:104B180089B100980392FEF75FFF00285FD0FEF787
:104B2800E7FE00285BD03B4A3949049B13700B70A1
:104B3800039A009B0193019B2B441D46179B13600E
:104B48007B69179A01337B61394BC3E9004601231E
:104B580087F828308BF8003005233B70179BDB0F54
:104B68007B7082EAE273A3EBE2737B60BDF81C30D2
:104B7800BB84BDF81E30FB84189B0024C7E903558D
:104B8800BC70BC601A602B4B029A1A600CE0284B70
:104B9800D3E90023A21A66EB0303012A73F1000389
:104BA800BFF6ECAE1D4F0124FEF7C4F980F00100FA
:104BB80087F82900FEF7DEFB87F82A00BFF35F8F2E
:104BC80089F31088204609B0BDE8F08F164A179976
:104BD80012688A42BFF6E3AEDFF868A00F4F0023E1
:104BE80088F80030FEF7B0FBFEF762FD9AF8003057
:104BF8002BB9114B02221A7001238AF800300424C1
:104C0800D2E700BF580A00203E0A0020380A0020D8
:104C18003D0A00202C0A00203C0A0020E809002058
:104C2800480A0020440A0020300A0020400A0020D8
:104C3800500A0020340A0020E50900205C0A002000
:104C48004C0A0020E409002038462946FFF742FDB7
:104C5800179B9842BFF6BDAEBEE7FEF773FE80F025
:104C68000103DBB224E70393009B019315E7FEF7EA
:104C7800B5FD0028B2D0FFF7A9F9414F414B0028F4
:104C8800ADD0FA68AA1A002AFFF6CEAEA7E71AD066
:104C98003D4A1168002960D04FF0FF313B4800922F
:104CA800006888423FF4D2AEFEF74EFBFEF762FB87
:104CB800002894D03649009A199B0D600021116094
:104CC80001221A702F4B00221792BFE60121E5E757
:104CD8000393DCE6179880EAE0710028A1EBE07105
:104CE8000DF11E03CCBF0020012007AAFEF76CFFC0
:104CF80000287FF474AF244A1368002B30D0179B28
:104D08000492002BCBBFBDF81E10BDF81C1001206B
:104D18000020FEF74BFC049A049200283FF45FAF92
:104D2800FEF728FB00287FF45AAF179B049A002B44
:104D3800164BD4BF4FF0FF3101211960D6E69142DE
:104D48003FF484AE124A16991268AA1A8A42BFF42E
:104D58007DAE199901220A70B5E74FF0FF3270E66F
:104D6800179B0492002B05DDBDF81E00FEF710FC12
:104D7800049AD1E7BDF81C00FEF70EFC049ACBE7B5
:104D8800E80900203E0A0020480A0020440A0020C2
:104D9800400A0020074B1B78052B01D000207047E4
:104DA800054B1B780BB901207047044B1878C0B22B
:104DB800704700BFE80900205C0A0020E4090020D1
:104DC800D0ED027A9FEDE37AF0EEE76AF4EE476AF7
:104DD800F1EE10FA00F28982F5EEC07AF1EE10FADF
:104DE80000F18382DFEDDC6AF4EEE67AF1EE10FA88
:104DF80000F37B82D0ED037AF0EEE76AF4EE476ABF
:104E0800F1EE10FA00F27182DFEDD46AF4EEE67A80
:104E1800F1EE10FA00F16982F7EE006AF4EEE67A34
:104E2800F1EE10FA00F36182D0ED047AF0EEE76A51
:104E3800F4EE476AF1EE10FA00F25782DFEDC86A25
:104E4800F4EEE67AF1EE10FA00F14F82DFEDC56A72
:104E5800F4EEE67AF1EE10FA00F34782D0ED057A27
:104E6800F0EEE76AF4EE476AF1EE10FA00F23D82DE
:104E78009FEDBB7AF4EEC77AF1EE10FA00F13582B5
:104E88009FEDB97AF4EEC77AF1EE10FA00F32D82AD
:104E9800D0ED067A9FEDAF7AF0EEE76AF4EE476A56
:104EA800F1EE10FA00F22182F7EE006AF4EEE67AEB
:104EB800F1EE10FA00F119829FEDAC6AF4EEC67AB1
:104EC800F1EE10FA00F31182D0ED077AB0EEE76A3E
:104ED800B4EE476AF1EE10FA00F20782F4EEE67AD1
:104EE800F1EE10FA00F101829FEDA16AF4EEC67AA4
:104EF800F1EE10FA00F3F981D0ED087AB0EEE76A26
:104F0800B4EE476AF1EE10FA00F2EF81F4EEE67AB9
:104F1800F1EE10FA00F1E981DFED8F6AF4EEE67A3E
:104F2800F1EE10FA00F3E181D0ED095AF0EEE57ADE
:104F3800F4EE477AF1EE10FA00F2D781DFED8D7AC0
:104F4800F4EEE75AF1EE10FA00F1CF81F5EEC05A0F
:104F5800F1EE10FA00F3C98190ED0A6AF0EEC67A14
:104F6800F4EE477AF1EE10FA00F2BF81B5EEC06AAE
:104F7800F1EE10FA00F1B981DFED7F7AB4EEE76A5D
:104F8800F1EE10FA00F3B181D0ED0B7AB0EEE75AEA
:104F9800B4EE475AF1EE10FA00F2A7819FED777A46
:104FA800F4EEC77AF1EE10FA00F19F81F4EEE67A9A
:104FB800F1EE10FA00F39981D0ED0C6A9FED657A55
:104FC800B0EEE65AB4EE475AF1EE10FA00F28D81CF
:104FD800F5EEC06AF1EE10FA00F18781B7EE005ADB
:104FE800F4EEC56AF1EE10FA00F37F8108B52DEDF5
:104FF8000A8B90ED0DBAF0EECB6AF4EE476AF1EE4B
:1050080010FA00F26E81B4EEC5BAF1EE10FA00F1B2
:105018006881DFED5B6AB4EEE6BAF1EE10FA00F3F0
:10502800608190ED0E8AF0EEC86AF4EE476AF1EE00
:1050380010FA00F25681F0EE006AB4EEE68AF1EE5C
:1050480010FA00F14E81DFED4F6AB4EEE68AF1EE18
:1050580010FA00F34681D0ED0FAAF0EEEA6AF4EEFA
:10506800476AF1EE10FA00F23C81F4EEC5AAF1EEBF
:1050780010FA00F13681B3EE047AF4EEC7AAF1EE25
:1050880010FA00F32E8190ED109A9FED325AF0EE4F
:10509800C96AF4EE456AF1EE10FA00F22281F0EEE8
:1050A800086AB4EEE69AF1EE10FA00F11A81DFED23
:1050B800366AB4EEE69AF1EE10FA00F31281D0EDFA
:1050C800116AF0EEE64AF4EE454AF1EE10FA00F203
:1050D8000881DFED234AF4EEE46AF1EE10FA00F1FC
:1050E8000081F4EEC76AF1EE10FA00F3FA8090ED51
:1050F800127AF0EEC74AF4EE454AF1EE10FA00F2E1
:10510800F0809FED225AB4EEC57AF1EE10FA00F164
:10511800E8809FED1F5AB4EEC57AF1EE10FA00F35D
:10512800E080D0ED138ADFED0B4AB0EEE85AB4EE1A
:10513800645AF1EE10FA00F2D4809FED0B5AF4EEA7
:10514800C58AF1EE10FA00F1CC809FED125AF4EE08
:10515800C58A2BE0FFFF7F7F0000C8426F12833AA9
:10516800CDCCCC3D0000484300007A440050C347F2
:105178000000164600409CC500409C450AD7233CC9
:10518800000048420000FA4200000243CDCC4C3EE9
:105198000000204200606A4700808943FFFF7F7F4C
:1051A8000000C8420060EA466F12833AF1EE10FA36
:1051B80000F3978090ED14AAB0EECA5AB4EE645A80
:1051C800F1EE10FA00F28D801FED0B5AB4EEC5AA6D
:1051D800F1EE10FA00F185801FED0E5AB4EEC5AA63
:1051E800F1EE10FA7DDC90ED155AB0EEC54AB4EE3A
:1051F800644AF1EE10FA74D8F7EE004AB4EEE45AB5
:10520800F1EE10FA6DD45FED1C4AB4EEE45AF1EEFB
:1052180010FA66DCD0ED169A1FED205AF0EEE94A36
:10522800F4EE454AF1EE10FA5BD81FED234AF4EE8E
:10523800C49AF1EE10FA54D45FED264AF4EEE49ADB
:10524800F1EE10FA4DDCD0ED17BAF0EEEB3AF4EED1
:10525800453AF1EE10FA44D8F0EE003AF4EEE3BA2B
:10526800F1EE10FA3DD4F4EEC4BAF1EE10FA38DCDF
:1052780090ED18CAB0EECC4AB4EE454AF1EE10FAF9
:105288002FD8B5EEC0CAF1EE10FA2AD4B4EEE4CAAB
:10529800F1EE10FA25DCF4EEC65AF1EE10FA20D53C
:1052A800F4EEC76AF1EE10FA1BD5B4EEC8BAF1EE07
:1052B80010FA16D5B4EEC98AF1EE10FA11D5F4EE4B
:1052C800C9AAF1EE10FA0CD567EE887A5FED4A6A42
:1052D80067EEA67AB7EE007AF4EEC77AF1EE10FA26
:1052E80005D90020BDEC0A8B08BD00207047F4EEFC
:1052F800CA8AF1EE10FAF4DBF4EEE98AF1EE10FA5C
:10530800EFDBB0EE4B0A04F0C7F8B4EE40BAF1EEAA
:1053180010FAE6D1B0EE480A04F0BEF8B4EE408ABE
:10532800F1EE10FADDD1B0EE6A0A04F0B5F8F4EE49
:1053380040AAF1EE10FAD4D1B0EE490A04F0ACF864
:10534800B4EE409AF1EE10FACBD1B0EE680A04F050
:10535800A3F8F4EE408AF1EE10FAC2D1B0EE4A0A90
:1053680004F09AF8B4EE40AAF1EE10FAB9D1B0EE12
:105378004C0A04F091F8B4EE40CAF1EE10FAB0D13C
:10538800B0EE690A04F088F8F4EE409AF1EE10FAEB
:10539800A7D1B0EE6B0A04F07FF8F4EE40BAF1EE54
:1053A80010FA0CBF012000209CE700BF034600282C
:1053B80000F0B78110B4BF4CD0F800C0BE4800213F
:1053C8002CFA01F2D2B208314240202904FB02F043
:1053D800F6D1D3F804C0B74C00212CFA01F2D2B2AE
:1053E80008314240202904FB02F0F6D1D3F808C066
:1053F800B04C00212CFA01F2D2B2083142402029E7
:1054080004FB02F0F6D1D3F80CC0AA4C00212CFA08
:1054180001F2D2B208314240202904FB02F0F6D151
:10542800D3F810C0A34C00212CFA01F2D2B20831F3
:105438004240202904FB02F0F6D1D3F814C09D4C59
:1054480000212CFA01F2D2B208314240202904FB93
:1054580002F0F6D1D3F818C0964C00212CFA01F2CC
:10546800D2B208314240202904FB02F0F6D1D3F829
:105478001CC0904C00212CFA01F2D2B208314240F3
:10548800202904FB02F0F6D1D3F820C0894C002172
:105498002CFA01F2D2B208314240202904FB02F072
:1054A800F6D1D3F824C0834C00212CFA01F2D2B2F1
:1054B80008314240202904FB02F0F6D1D3F828C075
:1054C8007C4C00212CFA01F2D2B20831424020294A
:1054D80004FB02F0F6D1D3F82CC0764C00212CFA4C
:1054E80001F2D2B208314240202904FB02F0F6D181
:1054F800D3F830C06F4C00212CFA01F2D2B2083137
:105508004240202904FB02F0F6D1D3F834C0694C9C
:1055180000212CFA01F2D2B208314240202904FBC2
:1055280002F0F6D1D3F838C0624C00212CFA01F20F
:10553800D2B208314240202904FB02F0F6D1D3F858
:105548003CC05C4C00212CFA01F2D2B20831424036
:10555800202904FB02F0F6D1D3F840C0554C0021B5
:105568002CFA01F2D2B208314240202904FB02F0A1
:10557800F6D1D3F844C04F4C00212CFA01F2D2B234
:1055880008314240202904FB02F0F6D1D3F848C084
:10559800484C00212CFA01F2D2B2083142402029AD
:1055A80004FB02F0F6D1D3F84CC0424C00212CFA8F
:1055B80001F2D2B208314240202904FB02F0F6D1B0
:1055C800D3F850C03B4C00212CFA01F2D2B208317A
:1055D8004240202904FB02F0F6D1D3F854C0354CE0
:1055E80000212CFA01F2D2B208314240202904FBF2
:1055F80002F0F6D1D3F858C02E4C00212CFA01F253
:10560800D2B208314240202904FB02F0F6D1D3F887
:105618005CC0284C00212CFA01F2D2B20831424079
:10562800202904FB02F0F6D1D3F860C0214C0021F8
:105638002CFA01F2D2B208314240202904FB02F0D0
:10564800F6D1D3F864C01B4C00212CFA01F2D2B277
:1056580008314240202904FB02F0F6D1D3F868C093
:10566800144C00212CFA01F2D2B208314240202910
:1056780004FB02F0F6D1D3F86CC00E4C00212CFAD2
:1056880001F2D2B208314240202904FB02F0F6D1DF
:10569800D3F870C0074C00212CFA01F2D2B20831BD
:1056A8004240202904FB02F0F6D1D3F874C0014C23
:1056B800002103E093010001C59D1C812CFA01F231
:1056C800D2B208314240202904FB02F0F6D1D3F8C7
:1056D80078C0144C00212CFA01F2D2B208314240B1
:1056E800202904FB02F0F6D1D3F87CC00D4C002130
:1056F8002CFA01F2D2B208314240202904FB02F010
:10570800F6D1D3F880C0074900222CFA02F3DBB2A5
:1057180008324340202A01FB03F0F6D15DF8044B20
:105728007047704793010001042807D0142807D058
:105738001E2807D0282807D0002070470348704744
:10574800034870470348704703487047CC9A0008DD
:1057580040990008C4990008489A0008002800F0F9
:10576800E68390ED007ADFEDE67AF0EEC76AF4EEB4
:10577800676AF1EE10FA00F2DA8330B52DED108B7E
:1057880090ED01AAB0EECA6AB4EE676AF1EE10FABB
:105798009FB000F2C78390ED026AF0EEC65AF4EEAD
:1057A800675AF1EE10FA8DED006A00F2BB83D0ED76
:1057B80003CAB0EEEC5AB4EE675AF1EE10FA00F2F2
:1057C800B183D0ED04FAF0EEEF4AF4EE674AF1EE59
:1057D80010FA00F2A78390ED05FAB0EECF4AB4EEC6
:1057E800674AF1EE10FA00F29D83D0ED06EAF0EE7A
:1057F800EE3AF4EE673AF1EE10FA00F2938390ED88
:1058080007CAB0EECC3AB4EE673AF1EE10FA00F2FD
:10581800898390ED08DAF0EECD2AF4EE672AF1EEEE
:1058280010FA00F27F83D0ED09DAB0EEED2AB4EE7B
:10583800672AF1EE10FA00F2758390ED0AEAF0EEAD
:10584800CE1AF4EE671AF1EE10FA00F26B83D0ED7F
:105858000B9AB0EEE91AB4EE671AF1EE10FA00F2FC
:10586800618390ED0CBAF0EECB0AF4EE670AF1EE24
:1058780010FA00F25783D0ED0D8AF0EEE80AF4EE44
:10588800670AF1EE10FA00F24D83D0ED0E6AF0EEE1
:10589800E60AF4EE670AF1EE10FACDED066A00F2B8
:1058A8004183D0ED0F6AF0EEE60AF4EE670AF1EEF6
:1058B80010FACDED046A00F2358390ED108AF0EE0F
:1058C800C80AF4EE670AF1EE10FA00F22B83D0ED65
:1058D800116AF0EEE60AF4EE670AF1EE10FACDED81
:1058E800056A00F21F83D0ED126AF0EEE60AF4EEC4
:1058F800670AF1EE10FACDED076A00F21383D0EDD6
:1059080013AAB0EEEA0AB4EE670AF1EE10FA00F252
:105918000983D0ED14BAB0EEEB0AB4EE670AF1EEE3
:1059280010FA00F2FF82D0ED156AB0EEE60AB4EE86
:10593800670AF1EE10FACDED086A00F2F382D0EDB5
:10594800166AB0EEE60AB4EE670AF1EE10FACDED8B
:10595800096A00F2E782D0ED176AB0EEE60AB4EE03
:10596800670AF1EE10FACDED0D6A00F2DB82D0ED98
:10597800186AB0EEE60AB4EE670AF1EE10FACDED59
:105988000E6A00F2CF82D0ED196AB0EEE60AB4EEE4
:10599800670AF1EE10FACDED0F6A00F2C382D0ED7E
:1059A8001A6AB0EEE60AB4EE670AF1EE10FACDED27
:1059B8000A6A00F2B78290ED1B9AB0EEC90AB4EEFB
:1059C800670AF1EE10FA00F2AD82D0ED1C6AB0EE73
:1059D800E60AB4EE670AF1EE10FACDED016A00F2BC
:1059E800A182D0ED1D7AF0EE676ACDED027ADFED87
:1059F800447AB0EEE60AB4EE670AF1EE10FA00F265
:105A08009182D0ED1E6AB0EEE60AB4EE670AF1EEB6
:105A180010FACDED036A00F28582D0ED1F6AB0EE70
:105A2800E60AB4EE670AF1EE10FACDED0B6A00F261
:105A38007982D0ED206AB0EEE60AB4EE670AF1EE9C
:105A480010FACDED0C6A00F26D82F7EE007AB4EE32
:105A5800E77AF1EE10FACDED117A00F163829FED4D
:105A6800290AB4EEC07AF1EE10FA00F35B82B0EEC8
:105A7800470A8DED107A03F00FFD9DED107AB4EE14
:105A8800407AF1EE10FA40F04D82B5EE40AAF1EE00
:105A980010FA9DED006A07D0DDED117AB4EE67AA21
:105AA800F1EE10FA40F03E82B5EEC06AF1EE10FA5F
:105AB80000F13882F2EE0E7AB4EEE76AF1EE10FAEF
:105AC80000F33082B0EE460A8DED006A03F0E4FC84
:105AD8009DED006AB4EE406AF1EE10FA40F02282C1
:105AE800F5EEC0CAF1EE10FA00F11C82DFED057A7E
:105AF800F4EEE7FAF1EE10FA00F314820EE000BFBC
:105B0800FFFF7F7F00FF7F470050C3470000164517
:105B18000000C8420000164600606A47F4EEEFCA6B
:105B2800F1EE10FA80F2FE81B0EE6C0A03F0B4FCDC
:105B3800F4EE40CAF1EE10FA40F0F481B0EE6F0ACC
:105B480003F0AAFCF4EE40FAF1EE10FA40F0EA8114
:105B5800B5EEC0FAF1EE10FA40F2E481F5EEC0DAE3
:105B6800F1EE10FA40F2DE81F4EECEDAF1EE10FA40
:105B780080F2D8815FED1C7AB4EEE7EAF1EE10FA14
:105B880000F3D081B5EEC0BAF1EE10FA00F1CA8187
:105B9800F4EECBDAF1EE10FA40F2C481F7EE007AB7
:105BA800F4EEE78AF1EE10FA00F1BC811FED297AD4
:105BB800F4EEC78AF1EE10FA00F3B4819DED067A8F
:105BC800B4EEE77AF1EE10FA00F1AC815FED307ACD
:105BD800B4EEE77AF1EE10FA00F3A4819DED047AB1
:105BE800B5EEC07AF1EE10FA00F19C815FED377ADC
:105BF800B4EEE77AF1EE10FA00F39481B5EEC08ABC
:105C0800F1EE10FA00F18E81DDED057AF5EEC07A3D
:105C1800F1EE10FA00F18681DDED077AF5EEC07A33
:105C2800F1EE10FA00F17E819DED0A7AB5EE407A28
:105C3800F1EE10FA07D0F7EE007AB4EE677AF1EEDB
:105C480010FA40F06F81B5EEC09AF1EE10FA00F14B
:105C58006981F0EE007AB4EEE79AF1EE10FA00F3FB
:105C68006181B0EE490A03F017FCB4EE409AF1EEF8
:105C780010FA40F05781DDED017AF5EEC07AF1EEC9
:105C880010FA00F14F81DDED027AF5EEC07AF1EEFF
:105C980010FA00F147819DED037AB5EEC07AF1EE76
:105CA80010FA00F13F815FED647AB4EEE77AF1EE25
:105CB80010FA00F33781DDED0B7AF5EEC07AF1EEDC
:105CC80010FA00F12F81DDED0C7AF5EEC07AF1EED5
:105CD80010FA00F12781DDED0A7AF5EE407AF1EE4F
:105CE80010FAB5EE409A00F02481F1EE10FA00F0B7
:105CF8001981DDED047AF5EEC07AF1EE10FA43DD94
:105D0800F1EE007AB4EEE78AF1EE10FA00F10A81BA
:105D1800DDED017AB7EE007AF4EEC77AF1EE10FA0B
:105D280000F10081DDED026AF4EEE67AF1EE10FA98
:105D380080F2F880F0EE007A78EE677AF4EEE76A9F
:105D4800F1EE10FA00F3EE80DDED037AF4EEC77A97
:105D5800F1EE10FA00F1E680DDED077AF5EEC07A93
:105D6800F1EE10FA40F2DE80DDED0B7AF5EEC07A46
:105D7800F1EE10FA40F2D6809DED0C7AF4EEC77A77
:105D8800F1EE10FA80F2CE80F7EE007AF4EEE7AA90
:105D9800F1EE10FA00F1C6801FEDA17AF4EEC7AA61
:105DA800F1EE10FA00F3BE80F4EEEBAAF1EE10FA71
:105DB80000F3B880F4EEC7BAF1EE10FA00F3B2803F
:105DC8009DED087AB4EEE77AF1EE10FA00F1AA80B8
:105DD800F4EEC7AAF1EE10FA00F1A480DDED096A2D
:105DE800F4EEE76AF1EE10FA00F19C80F4EEE6AA10
:105DF800F1EE10FA00F196809DED0D6AB4EEE76AB7
:105E0800F1EE10FA00F18E80DDED0F5AB4EEE56A7E
:105E1800F1EE10FA00F38680DDED0E7AF5EEC07A29
:105E2800F1EE10FA7ED9F4EEE5BAF1EE10FA79D473
:105E3800B4EEEA8AF1EE10FA74DC5FEDC97A9DEDF2
:105E4800055AB4EEE75AF1EE10FA6BDCB4EEC58AE7
:105E5800F1EE10FA66DCDDED017ACDED13AACDED99
:105E68001B7ADDED027ACDED14BACDED1C7ADDEDAD
:105E7800037A8DED157ACDED166A8DED176ACDEDA5
:105E8800185A8DED198A8DED1A5ACDED1D7A13AD7C
:105E98000B24B5EC018AB0EE480A03F0FDFAB4EE23
:105EA800408AF1EE10FA3DD1013CF2D1B5EE40AA9C
:105EB800F1EE10FA00F09280B4EEE9EAF1EE10FA91
:105EC8002ED5DFED517AF4EEE79AF1EE10FA27D8E5
:105ED800B5EEC0CAF1EE10FA22DBB4EEEDCAF1EE6F
:105EE80010FA1DD5B4EECEDAF1EE10FA18DBB4EEE6
:105EF800E7DAF1EE10FA13D8F0EE6E7AECEE8F7A5C
:105F0800B4EEE7CAF1EE10FA7ADBB0EE6E4AAFEE05
:105F18008F4AB4EEC4EAF1EE10FA94BF01240024CB
:105F2800204600E000201FB0BDEC108B30BD0020E3
:105F38007047F1EE10FAF5D1B5EE40AAF1EE10FA7D
:105F4800F0D1F7EE007AB4EE67FAF1EE10FAE9D183
:105F5800F5EE40EAF1EE10FAE4D1DDED047AF4EE64
:105F6800E78AF1EE10FADDD5F5EE40AAF1EE10FA67
:105F7800D8D1F5EE40BAF1EE10FAD3D1DDED087ABA
:105F8800F5EE407AF1EE10FACCD1DDED097AF5EEB6
:105F9800407AF1EE10FAC5D1B5EE408AF1EE10FA6A
:105FA800C0D1DDED057AF5EE407AF1EE10FAB9D1FF
:105FB800DDED017AF5EE407AF1EE10FAB2D1DDEDC1
:105FC800027AF5EE407AF1EE10FAABD1B5EE407AEE
:105FD800F1EE10FA0CBF01200020A4E7F5EE40EA2C
:105FE800F7EE007AF1EE10FAB4EE67FA0CBF012072
:105FF8000020F1EE10FA00F0010018BF002092E72F
:10600800002420468FE700BF0050C347002874D003
:1060180038B5D0ED027A9FED417AF0EEE76AF4EEFA
:10602800476AF1EE10FA2DED028B05463AD8F5EEE7
:10603800C07AF1EE10FA35D4B2EE0E7AF4EEC77AE1
:10604800F1EE10FA2EDCB0EE408A0C46F1B1FCEE0F
:10605800E77A17EE903AD80753D5990753D55A07D8
:1060680053D51B0753D52846FFF778FBD0B195EDDC
:10607800017AF7EE007AB4EE677AF1EE10FA0CBF07
:1060880001230023A34211D00A200CE0D0ED016ABD
:10609800B7EE007AF4EE476AF1EE10FAD7D0FFF7C0
:1060A8005DFB18B90120BDEC028B38BDDFED1B7A12
:1060B800B0EEC87AB4EE677AF1EE10FA1FD8B5EEF2
:1060C800C08AF1EE10FA1AD9D5ED097AF4EEC87A39
:1060D800F1EE10FA13D4E4B1D5ED077AF4EEC87AEC
:1060E800F1EE10FA17DCD5ED087AF4EEC87AF1EE85
:1060F80010FA4CBF07200020D5E701207047062082
:10610800D1E70220CFE70320CDE70420CBE7052025
:10611800C9E72046C7E70720C5E700BFFFFF7F7F25
:1061280070B582B01D460191002B55D00446164625
:10613800FFF714FB002850D0DDED017AB8EE677A3E
:10614800D4ED037AB4EEE77AF1EE10FA44D4D4ED44
:10615800047AB4EEE77AF1EE10FA3DDAD4ED016A8A
:10616800F7EE007AF4EE676AF1EE10FA37D007EE30
:10617800906AF8EEE77ADFED1D6AC5ED007AB0EEB9
:10618800E77AB4EE667AF1EE10FA25D8F5EEC07A21
:10619800F1EE10FA20DB94ED0A7AB4EEE77AF1EE2C
:1061A80010FA19DDD4ED016AB7EE007AF4EE476A09
:1061B800F1EE10FA11D194ED077AB4EEE77AF1EE28
:1061C80010FA09D894ED087AB4EEE77AF1EE10FAED
:1061D800ACBF0120002000E0002002B070BDD4ED6B
:1061E800056AD4ED067AE7EE267AC4E7FFFF7F7FDB
:1061F80010B50446FFF7B2FAA0B3D4ED1A7AF5EE5B
:10620800407AF1EE10FA37D0D4ED017AF5EE407A03
:10621800F1EE10FA27D1D4ED0F7A94ED0D7AF4EE61
:10622800C77AF1EE10FA27DD9FED147AF4EEC77AFB
:10623800F1EE10FA20D8D4ED107AF5EEC07AF1EE2E
:1062480010FA19DD94ED117AF4EEC77AF1EE10FA2E
:1062580012D8D4ED127AF5EEC07AF1EE10FACCBF6E
:106268000120002010BD94ED027AF2EE0E7AB4EE11
:10627800677AF1EE10FACED0002010BD0000164665
:10628800801A61EB0301012871F10001ACBF012004
:106298000020704758B3D0ED007A9FED167AF0EEE3
:1062A800E76AF4EE476AF1EE10FA20D8F5EEC07A04
:1062B800F1EE10FA1BD4DFED106AF4EEE67AF1EE97
:1062C80010FA14DCD0ED017AB0EEE76AB4EE476A52
:1062D800F1EE10FA0BD8F5EEC07AF1EE10FA06D40A
:1062E800F4EEE67AF1EE10FA01DCFEF769BD002063
:1062F800704700BFFFFF7F7F00007A4438B505462E
:106308000C46FFF72BFAB8B12046FFF7C3FF98B148
:1063180094ED077AD5ED0D7AB4EEE77AF1EE10FA3E
:106328000BD894ED087AD5ED0E7AB4EEE77AF1EE53
:1063380010FA94BF0120002038BD002038BD00BFEE
:1063480070B52DED028B0E4682B0B0EE408AF0EEAD
:10635800608A1546044638B1D0ED1A7AF5EE407ACF
:10636800F1EE10FA00F08D801DB12046FFF7F6F926
:1063780020B9012002B0BDEC028B70BD3046FFF79A
:1063880089FF0028F5D096ED077AD4ED0D7AB4EEA2
:10639800E77AF1EE10FAECD896ED087AD4ED0E7A99
:1063A800B4EEE77AF1EE10FAE3D8DFED3E7AB0EE1C
:1063B800C87AB4EE677AF1EE10FADAD8B5EEC08A88
:1063C800F1EE10FAD5D4D4ED0A7AF4EEC87AF1EEEB
:1063D80010FACED994ED017AF7EE007AB4EE677A26
:1063E800F1EE10FA0CBF01210021B0EE680A204638
:1063F800FFF70CFE0028BDD178EEC80AF1EE087A46
:10640800F0EEE00A60EEA77A96ED056A87EE867AE6
:10641800F7EE086A60EEA68AD6ED047AB5EE407A01
:10642800F1EE10FAC8EEA70A32D4B1EEC70A02F0AC
:10643800C3FF85ED000AD6ED130AB0EE408A94ED4D
:10644800140A02F0E1FFF0EE400A94ED130A02F09C
:10645800DBFF9FED157AD6ED187A28EE078A78EEDD
:10646800277AF4EEC07AF1EE10FA0FDCD4ED167A42
:10647800B4EEE78AF1EE10FACCBF01200020C0008C
:1064880078E70B2002B0BDEC028B70BD082071E7E5
:10649800B0EE470ACDED010A02F06CFFDDED010A0E
:1064A800C5E700BFFFFF7F7F00007A4410B40346B2
:1064B800A44CA548D3F800C000212CFA01F2D2B2AE
:1064C80008314240202904FB02F0F6D1D3F804C079
:1064D8009C4C00212CFA01F2D2B20831424020290A
:1064E80004FB02F0F6D1D3F808C0964C00212CFA30
:1064F80001F2D2B208314240202904FB02F0F6D161
:10650800D3F80CC08F4C00212CFA01F2D2B208311A
:106518004240202904FB02F0F6D1D3F810C0894C80
:1065280000212CFA01F2D2B208314240202904FBA2
:1065380002F0F6D1D3F814C0824C00212CFA01F2F3
:10654800D2B208314240202904FB02F0F6D1D3F838
:1065580018C07C4C00212CFA01F2D2B2083142401A
:10656800202904FB02F0F6D1D3F81CC0754C002199
:106578002CFA01F2D2B208314240202904FB02F081
:10658800F6D1D3F820C06F4C00212CFA01F2D2B218
:1065980008314240202904FB02F0F6D1D3F824C088
:1065A800684C00212CFA01F2D2B20831424020296D
:1065B80004FB02F0F6D1D3F828C0624C00212CFA73
:1065C80001F2D2B208314240202904FB02F0F6D190
:1065D800D3F82CC05B4C00212CFA01F2D2B208315E
:1065E8004240202904FB02F0F6D1D3F830C0554CC4
:1065F80000212CFA01F2D2B208314240202904FBD2
:1066080002F0F6D1D3F834C04E4C00212CFA01F236
:10661800D2B208314240202904FB02F0F6D1D3F867
:1066280038C0484C00212CFA01F2D2B2083142405D
:10663800202904FB02F0F6D1D3F83CC0414C0021DC
:106648002CFA01F2D2B208314240202904FB02F0B0
:10665800F6D1D3F840C03B4C00212CFA01F2D2B25B
:1066680008314240202904FB02F0F6D1D3F844C097
:10667800344C00212CFA01F2D2B2083142402029D0
:1066880004FB02F0F6D1D3F848C02E4C00212CFAB6
:1066980001F2D2B208314240202904FB02F0F6D1BF
:1066A800D3F84CC0274C00212CFA01F2D2B20831A1
:1066B8004240202904FB02F0F6D1D3F850C0214C07
:1066C80000212CFA01F2D2B208314240202904FB01
:1066D80002F0F6D1D3F854C01A4C00212CFA01F27A
:1066E800D2B208314240202904FB02F0F6D1D3F897
:1066F80058C0144C00212CFA01F2D2B208314240A1
:10670800202904FB02F0F6D1D3F85CC00D4C00211F
:106718002CFA01F2D2B208314240202904FB02F0DF
:10672800F6D1D3F860C0074900222CFA02F3DBB295
:1067380008324340202A01FB03F0F6D15DF8044BF0
:10674800704700BF93010001C59D1C8170B52DEDF8
:10675800028B82B0CDED010A0546002859D00C46BF
:10676800002956D0D1ED007ADFED498AB0EEE77AFC
:10677800B4EE687AF1EE10FA4BD8F5EEC07AF1EE85
:1067880010FA46D49FED437AF4EEC77AF1EE10FA88
:106798003FDCD1ED017AF0EEE76AF4EE686AF1EEDB
:1067A80010FA36D8F5EEC07AF1EE10FA31D4F4EEDC
:1067B800C77AF1EE10FA2CDC0846B0EE408AFEF7F4
:1067C800FFFA064630B3F0EEC87AF4EE687AF1EED6
:1067D80010FA1ED8B5EEC08AF1EE10FA19D4DFED22
:1067E8002E7AB4EEE78AF1EE10FA12DCDDED010A3A
:1067F800F0EEE06AF4EE686AF1EE10FA09D8F5EE08
:10680800C00AF1EE10FA04D9F4EEE70AF1EE10FA34
:1068180005DD0026304602B0BDEC028B70BD282293
:106828000021281D02F06BFDDDED010AD4ED056A9B
:1068380070EEC87AB1EE087AF0EEE77A27EE877A3A
:10684800B7EE086A87EE260A67EE867A94ED047A30
:1068580085ED058AB5EE400AF1EE10FA85ED028A5B
:1068680085ED008AC5ED060A87EE878A0BD4F1EE1E
:10687800C00AB0EE480A02F09FFD012385ED070A21
:1068880085F82830C6E702F075FDF0EE400AF0E71B
:10689800FFFF7F7F00007A440050C34770B504466D
:1068A8002DED048B002800F09A811546002A00F08F
:1068B800968190F82800002800F08E810846F0EEB6
:1068C800408AB0EE608A0E46FFF7E4FC002800F02C
:1068D8008381DFEDCB7AB0EEE87AB4EE677AF1EE39
:1068E80010FA00F27C81F5EEC08AF1EE10FA00F1A0
:1068F80076819FEDC47AF4EEC78AF1EE10FA00F3C0
:106908006E81B0EEC87AB4EE677AF1EE10FA00F252
:106918006681D6ED0D7A9FEDBC7A67EE877AF4EE44
:10692800C87AF1EE10FA00F35A81D6ED0E7A67EEC6
:10693800877AF4EEC87AF1EE10FA00F15081D4EDBE
:10694800007A9FEDAF7AF0EEE77AF4EE477AF1EE4F
:1069580010FA00F24481D4ED027AF0EEE77AF4EE10
:10696800477AF1EE10FA00F23A81D4ED037AF0EEAC
:10697800E77AF4EE477AF1EE10FA00F23081D4EDBE
:10698800047AF0EEE77AF4EE477AF1EE10FA00F2C4
:106998002681D4ED087AF0EEE77AF4EE477AF1EE44
:1069A80010FA00F21C81D4ED077AF0EEE77AF4EEE3
:1069B800477AF1EE10FA00F21281D4ED097AF0EE7E
:1069C800E77AF4EE477AF1EE10FA00F20881D4ED96
:1069D800057AF0EEE77AF4EE477AF1EE10FA00F273
:1069E800FE80D4ED067AF0EEE77AF4EE477AF1EE1F
:1069F80010FA00F2F48030220021281D02F07FFCFA
:106A080094ED079A94ED080A85ED008A38EE000A9D
:106A1800F0EE490A02F0F8FC94ED057AD4ED067A16
:106A280084ED080AB5EEC09AF1EE10FA77EEC77A4F
:106A380040F3E08080EE096AF1EE086A67EEA66A24
:106A4800F7EE005A75EEC65A66EE866AF0EE004A10
:106A580066EEA56AB0EE085AC6EE895AA6EE645AE2
:106A680066EE277A67EE867AA7EE857AD6ED0C7AF7
:106A780096ED036AD4ED026AD4ED039A96ED014AC5
:106A8800D6ED080A78EE277A38EE066A88EE275A95
:106A980038EEE60AC8EE063AB0EE666AA5EE006A77
:106AA800D6ED007A84ED007A76EE666AC4ED015A76
:106AB80086EE885A84ED026A75EE696A77EE464A70
:106AC800E3EEA69AB5EE404AC4ED039A85ED017A45
:106AD80096ED027AC5ED025AF1EE10FA14BFD4ED24
:106AE800046ADFED4A6A85ED036AB5EE407A64EE22
:106AF800A77AF1EE10FA14BF27EE697A9FED437A70
:106B0800C5ED057A77EEA68ADFED407AC5ED066A0F
:106B180078EE878A85ED077A78EEA78AC5ED087A38
:106B2800C5ED044AF1EE600AB0EE680AC5ED098ABF
:106B380002F042FCF0EE400A96ED070A02F064FC0F
:106B4800D4ED097A9FED317A67EE806AF4EE408AD7
:106B5800F1EE10FAB0EE409A18BF0123F4EEC76ABE
:106B680096ED060A18BF2B63F1EE10FAB4EEC79A39
:106B7800D8BFF0EE477AF1EE10FA28EE000AF0EEF0
:106B8800490A30DB37EE800A02F03EFCF0EE407A2C
:106B9800F4EE497AF1EE10FAC5ED0A7A03D02B6BC0
:106BA80043F002032B639FED167AF0EEE88AF4EEC9
:106BB800478AF1EE10FA12D8F0EEE77AF4EE477A47
:106BC800F1EE10FA0BD8F0EEE99AF4EE479AF1EEEE
:106BD80010FA94BF01200020BDEC048B70BDBDEC01
:106BE800048B002070BD37EEC00A02F0E5FBF0EE22
:106BF800407ACDE737EE277ADFED045A36E700BF53
:106C0800FFFF7F7F0050C3476F12833A00000000E8
:106C180040B52DED068B84B006460293002800F09F
:106C2800C580002A00F0C2800192002900F0BE80D1
:106C3800D1ED007A9FED637AF0EEE76AF4EE476AE9
:106C4800F1EE10FA00F2B280F5EEC07AF1EE10FA29
:106C580000F1AC80DFED5C6AF4EEE67AF1EE10FA52
:106C680000F3A48091ED01AAF0EECA7AF4EE477A17
:106C7800F1EE10FA00F29A80B5EEC0AAF1EE10FA21
:106C880000F19480B4EEE6AAF1EE10FA00F38E80DB
:106C980008460391FEF794F8002800F08880019ACE
:106CA800DFED487AD2ED098AB0EEE87AB4EE677A79
:106CB800F1EE10FA7AD8D2ED049AB0EEE97AB4EE91
:106CC800677AF1EE10FA71D892ED009AB0EEC97AAF
:106CD800B4EE677AF1EE10FA68D8B5EEC09AF1EE24
:106CE80010FA63D903999FED397AD1ED0E7A67EEE0
:106CF800877AB4EEE79AF1EE10FA57DC029B07EEBA
:106D0800903AB8EEE78AD1ED077AB4EEE78AF1EE69
:106D180010FA4BDCD1ED087AF1EE677AB4EEE78A27
:106D2800F1EE10FA42D4136B5B0744D192ED0A0AD4
:106D38000192CDE9020102F0F9FBB4EE408AF1EECE
:106D480010FADDE90120039935D1DFED218AB5EE8E
:106D580040AAF1EE10FA31D0D1ED0B7AD6ED040A43
:106D680068EEA78ADFED177AE9EE8A8AE9EE280A43
:106D7800B0EEE07AB4EE677AF1EE10FA16D891ED3B
:106D8800090A0191CDE9020202F016FB0199F0EE21
:106D9800400A91ED0A0A02F037FB039A86ED040ACD
:106DA800029882ED0B0A86ED098A00E0002004B003
:106DB800BDEC068B40BD78EE688AC8E7DFED040AB3
:106DC800DDE700BFFFFF7F7F00007A446F12833A40
:106DD800000000002DE9F0432DED028B00F5CE7583
:106DE80083B09FED6F8A026F8DED018A01AB044677
:106DF8000E46416E2846FFF793F980462846FEF76F
:106E0800D5FA8146EFF3108772B6BFF35F8FFDF7AF
:106E1800F7F9D4F85432D4ED737A94ED1E7AC4F8A5
:106E280058620133C4F85432D4F86832F31AC4F8FB
:106E38006C325C4B5B68C4F85032D4F80036C4F846
:106E48007432D4F8F435C4F87832D4F8F835C4F884
:106E58007C322378C4F880326378C4F88432A3780B
:106E6800C4F88832A36DC4F8E032E36DC4F8DC32AC
:106E7800636EC4F8E832B8EEC77A236EC4F8E43219
:106E8800FCEEE77A4FF2061384EDE27AC4EDB07AAD
:106E9800C4F84C32D4ED677A94ED687AC4F80C9350
:106EA800FCEEE77A0546C4EDC27AFCEEC77AC4ED7B
:106EB800C47AB8F1000F03D094F85336002B56D19A
:106EC800DFED377A0023B0EE678AC4F8383394F8D8
:106ED8004D36C4EDF17A84EDF28A23B1D4F8043644
:106EE800F31AC4F8283394F84E06EB68C4F89432C1
:106EF80018B195F8280000284ED195F82930AA8CA9
:106F0800C4F8A43295F82A30C4F89C22EA8CC4F854
:106F18009802C4F8A832C4F8A022BBBBD5ED017A08
:106F28006B78F8EE677AA3BBD4F8042694F8483651
:106F3800C4F8C422D4F84026C4EDED7AC4F8782306
:106F48000BB1B61AF30FD4F82426C4F87C33E378CF
:106F580094F84C16C4F8F412C4E9BE23BFF35F8F4B
:106F680087F3108803B0BDEC028BBDE8F083F7EE21
:106F7800006ADDED017AB4EE667A0123F1EE10FACB
:106F8800C4F8383308BFB0EE678AA0E7DFED047AAB
:106F9800CAE7F1EE677AC7E7FDF718F8ADE700BF73
:106FA80000000000F0980008F0B58DB004460E46C9
:106FB800FCF7BEFE18B1002528460DB0F0BDD4E997
:106FC80018310122C4E9AD3184F84E26C4F80836D8
:106FD800C4F89030226F0AAB04F5CE7004F59C75A6
:106FE800FFF79EF80028E6D0D4ED737A9DED0A0AE3
:106FF800F4EEC07AF1EE10FAD4ED1E7A94BF0123B4
:107008000023F8EEE70AC4F8AC32294604F5087004
:10701800FFF79CFB0028CED004F2FC50FDF700F9E6
:1070280007460028C7D1D4ED610A94ED7B0A02F027
:10703800EBF9F0EE400A94ED7A0A02F0E5F9D4EDA6
:10704800557AD4F8FC05BCEEC07AFDEEE77A17EE67
:10705800102A17EE903A3146FDF74CF905460028FC
:10706800A9D0D4ED5E6A94ED657AD4ED5D7A019687
:10707800FCEEE66ABCEEC77ACDED026A0DF1270296
:10708800FCEEE77A236E079205978DED047AD4F823
:10709800FC05CDED037A00930BA9D4E916230691DC
:1070A800FDF73EFC002886D1D4E91667D4F82832CB
:1070B800216E04F5C262C2E90067D4F82022C4F840
:1070C80084330D23C4F80C16C4F88C23237073E79B
:1070D800F8B504461D460F461646FCF729FED4F8B7
:1070E8002C3393B1D4F864339BB30023C4F82C3306
:1070F8000323C4E9D253D4F83C33D4F84023EB1A21
:10710800934228BF1346C4F8443394F84D3643B12C
:10711800D4F844362BB12B44C4F84036012384F804
:1071280048360023A4F84C36C4F82C3384F8483287
:107138000023C4F830322378092B4FF009031CBF11
:107148006770A670237029462046BDE8F840FFF70F
:1071580041BE0D2E14BF06230723C4F86433C4E7C9
:1071680090F84D26002A3DD030B5D0F82C3383B0A6
:1071780004460BB903B030BD002201928DF80320FC
:10718800D0F8FC050DF1030301AA0D46FDF7DEFA60
:1071980048BB019B002B03DDD4F850239A422DD322
:1071A80007EE903A9DF80330F8EEE77AC4ED917A4D
:1071B800002BDFD0D4F82C330122C4F86423002B31
:1071C800D8D0D4E9CF31EB1A00228B4228BF0B4626
:1071D800C4F82C230222C4E9D252C4F84433C4EDC3
:1071E800F67AC7E770470823C4F864330D222B46A4
:1071F80006212046FFF76CFF03B030BDC4F85033BA
:10720800FCF7FEFFC28C019BC4F86C23C8E700BFE3
:10721800002847D0F8B504461D460F461646FCF729
:1072280087FDD4F82C33C3B1D4F864332BB90D2EB1
:1072380014BF06230723C4F864330023D4F83C039F
:10724800C4F82C330323C4E9D253D4F84033281AA2
:10725800984228BF1846C4F8440394F84D3643B101
:10726800D4F844362BB12B44C4F84036012384F8B3
:1072780048360023C4F830322378092B4FF009032D
:107288004FF000001CBF6770A6702370A4F84C066E
:10729800C4F82C0384F8480229462046BDE8F84083
:1072A800FFF798BD704700BFD0B3F8B50D46174635
:1072B80000214FF4CB62044602F021F86DB1294653
:1072C8004C2204F1080002F047F8284615494C22E0
:1072D80001F0ECFFB0FA80F56D0904F59C7684F8AE
:1072E800955011496422304602F036F801250F49BD
:1072F800842204F5CE7002F02FF8C4F8F455304615
:10730800FFF7D4F8FA23C4F8F805A36784F8945073
:10731800FCF70EFD39462046BDE8F840FFF75ABD98
:10732800704700BFA4980008509B0008CC9A00083A
:1073380048B370B50378044663B9154611B190F89F
:10734800953043B901222B4620461146BDE87040CE
:10735800FFF7BEBE70BD00F59C7100F5CE70FEF75C
:10736800CDFF0028EED0FCF711FF0028EAD0FCF78B
:107378001DFF0028E6D00123237029462046BDE8DA
:107388007040FFF727BD70470346A8B190F8530631
:1073980090B193F8740078B193F8750060B1D3EDAB
:1073A8005D7A1B6EFCEEE77AC91A17EE900A8142E5
:1073B8008CBF002001207047704700BF2DE9F041C5
:1073C80082B0C0B10D46B1B10B78013B16460446F8
:1073D800092B06D8DFE803F01405051462054805F3
:1073E800054D06272046E7703146FFF7F3FC38467F
:1073F80002B0BDE8F0810127384602B0BDE8F0814F
:10740800D0F82C33002280F84C267BB1D0E9CF305D
:107418000521F31AC4F8641303218342C4E9D26135
:1074280028BF0346C4F84433C4F82C2394F84D36D7
:107438001BB1D4F84436002B35D10023002284F840
:107448004D36C4F82C3384F84832C4F8302284F816
:107458005436FCF76DFC00284FD12378092B01D056
:10746800012323700027BDE70778012F22D00327C7
:10747800B8E70378012BFAD1B0F84C36002BF6D1D7
:1074880090F8483623B1D0F84036F31A002B6ADB5F
:1074980094F89430002B45D10427A3E70378092BEF
:1074A80033D002279EE733440122C4F8403684F8DB
:1074B8004826C2E790F84C86B8F1000FD7D1FCF700
:1074C80065FE0028D3D094ED687AF7EE007AB4EE22
:1074D800677AD5ED017AF1EE10FAB8EEE70A0CBF3B
:1074E8000121002104F5CE70FEF790FDC4F81403C5
:1074F80000283CD084F8948074E733460A22062199
:107508002046FFF7E5FD07276CE7FCF73FFE00285C
:10751800C7D0FCF74BFE0028C3D0012200232280ED
:10752800A3709FE704F59C7704F5CE753946284685
:10753800FEF7E4FE0028AFD0FCF738FE0028ABD0F9
:10754800FCF724FE0028A7D0FCF75AFE90F8293053
:10755800002BA1D10023019394F8533663B901237A
:10756800C4F8143398E70C23C0F8143394E76B6815
:10757800A36784F8947075E7226F616E01AB2846A3
:10758800FEF7CEFD0028EAD0D4ED1E7A9DED010A63
:107598003946F8EEE70A284604F57372FEF7D0FE7E
:1075A8000746C4F8140300287FF476AF012384F853
:1075B8004C36C4F8246684F8540613E7002800F013
:1075C800938090F8483670B50D460446002B4BD191
:1075D80094F84C36002B53D194F84D36002B67D0D5
:1075E800D4ED7A0A94ED7B0A01F00EFFF0EE400A22
:1075F80094ED610A01F008FFBCEEC00AD4F8043625
:1076080010EE102AEB1A934266D294F84E36002BED
:1076180044D094F84F3653B9D4ED7D7AD4F808366F
:10762800FCEEE77AEB1A17EE902A93425DD2D4ED7E
:107638005C7A236EFCEEE77AEB1A17EE902A9342F7
:1076480042D8FDF7A7FB38B9FCF7DAFD8378042B9D
:1076580002D0FCF7BBFC58BB2B4620460D22BDE8E8
:1076680070400621FFF734BDD0F84036CB1A002B06
:10767800A4BF002380F8483694F84C36002BABD0D2
:10768800FCF784FD10B1FCF791FD90B92B4620461C
:107698000A22BDE870400621FFF71ABDD4ED5C7AD6
:1076A800236EFCEEE77AEB1A17EE902A93420BD87A
:1076B80070BDFCF7A5FD90F82830002BE6D1D4F872
:1076C8002436EB1AF92BF3D902222B462046114611
:1076D800BDE87040FFF7FCBC2B4620460F22BDE8F2
:1076E80070400521FFF7F4BC70472B46204608225E
:1076F800BDE870400521FFF7EBBC00BF002800F093
:107708004A832DE9F04F2DED048B0D46B5B00029C5
:1077180000F0FB820B7F16460446002B00F0F28235
:107728004B7F002B00F0EE828B69002BC0F2EA82BF
:1077380090F85336002B40F0F88231462046FFF788
:107748003DFFAE46BEE80F0004F1580C94F84D8694
:10775800ACE80F009EE80F004FF00109EF688CE8D5
:107768000F0084F85396B8F1000F04D094F87430E1
:10777800002B40F0458307EE907A94ED6B7AF8EE93
:10778800677A0023F4EEC77AF1EE10FA0C9380F2D0
:107798000383D4ED686AB7EE007AF4EE476AF1EE37
:1077A80010FA0DD194ED6C6A94ED6D7AD4ED716A8E
:1077B800A7EE867AB4EEE67AF1EE10FA80F2EC8261
:1077C80004F5CE78AA6939460CAB4046FEF7A8FC0A
:1077D800002800F09782D4F84C33012B40F2E38262
:1077E800D4F85C33002B40F0DE8294F85336002B3B
:1077F80000F0978394F87410002900F0F88394F847
:107808007500002840F0148394F84D36002B00F0E2
:10781800A98394F84C26002A40F04583002800F0FC
:10782800D182D4ED5D7A226EFCEEE77AB21A17EEB9
:10783800901A8A4200F2C68294F84E2672B19DEDE3
:107848000C7AD4ED737AD4F8AC22B4EEE77A002A35
:1078580000F0B283F1EE10FA00F17384D4F82C230F
:10786800002A6CD09DED0C7AD4EDF97AD4EDF76A44
:10787800B4EEE77A77EE666AD4ED877AF1EE10FA1D
:10788800F4EEE67AC8BF84EDF97AF1EE10FA40F228
:10789800B883D4ED1E7A94ED796AF8EEE77A77EE3C
:1078A800C77AF4EEC67AF1EE10FA40F29083D4ED7E
:1078B800887A77EEC77AF5EEC07AF1EE10FA40F2E0
:1078C800868322780E2A00F08283D4ED867AF4EE3D
:1078D800E76AF1EE10FAC0F23883D4F83C76FCF788
:1078E8008FFC4368BB4238BF1F460223D4F8FC050F
:1078F800C4F864333A463146FCF778FD002840F076
:10790800118407EE907AD4F82C33F8EEE77A002B3E
:1079180000F09B830223C4E9D263D4F83C33D4F843
:107928004023C4F82C03F31A934228BF1346C4F823
:10793800443394F84D36C4EDF67AC4ED917A002BB1
:1079480000F0E38194F84E36AA68002B00F00F830C
:10795800D4ED5B7AD4F80C76FCEEE77AD71B17EEF9
:10796800903A9F42C0F0E883D5ED067AEB68C4F8F8
:107978008C32D5E90031F8EEE77A04F59C79C4E950
:107988009813C4F86822C4EDEE7A642249461BA80D
:1079980001F0E2FC07EE907AB8EE678ADFEDD87A5C
:1079A8009DED0C0A28EE278AD4ED1E7A04F5087A94
:1079B800F8EEE77AF0EE480A49460EAA504637EE46
:1079C800C09AFEF76BFF002800F03883DDED187AC7
:1079D800D4F82C33FDEEE77A17EE907A002B00F0FE
:1079E8001A83002F40F33E8394F84B96B9F1000FA9
:1079F80000F04683D4F8FC053146FCF76BFE071E01
:107A080040F31C8307EE107ADDED187ADDED176A76
:107A18001A9BD4F8FC05B8EEC77A43F0100377EE4A
:107A2800677A8DED187A36EEA77A1A93D4F8D8319A
:107A3800CDED167A8DED177A22934FF00009D4ED2B
:107A4800656A94ED5D7AD4ED5E7A0597FCEEE66A98
:107A5800BCEEC77AFCEEE77A0196CDED046A8DEDAF
:107A6800037ACDED027AAB6800930DF12F030793EB
:107A78000DAB0693D5E90023FCF752FF002840F030
:107A88006F839DF82F301BB11A9B43F004031A93A0
:107A980007EE907AF8EEE78ADDED187AF4EE678A59
:107AA800F1EE10FA03D01A9B43F008031A930D9BCA
:107AB8000EAA1BA95046FFF7ABF8002800F0BE82BB
:107AC800D4F82C330D9AFBB1002A04DDD4F85033D6
:107AD8009342C0F00E82B9F1000F15D00023C4F80C
:107AE8002C330223C4E9D263D4F83C33D4F84013CE
:107AF80007EE902AF31AF8EEE77A8B4228BF0B4676
:107B0800C4EDF67AC4F84433AB68C4F80C3607EE13
:107B1800902A95ED006BD4F87032DDED119A9DED49
:107B2800127ADDF83CA0DDF84090DDF84C80DDF8F5
:107B380050E0DDF854C0169F179D18981999F8EE73
:107B4800E77A013304F5C26B8BED006B84EDE08AB4
:107B5800C4EDEF8AC4F87032C4F88CA3C4F89093CB
:107B6800C4F89883C4F89CE3C4F8A0C3C4F8A47309
:107B7800C4F8A853C4F85C62C4F8C003C4EDE19A21
:107B880084EDE57AC4EDEB7AC4F8B0131A9BD4ED12
:107B9800908A94ED8F8AC4F89032F4EEC88AF1EE98
:107BA80010FA03F00103C0F23F82D4ED637AB0EE1D
:107BB800C77AB4EEE77AF1EE10FA40F3358294F81A
:107BC8005106002B40F0698408B9C4F81C660021EE
:107BD800C4F8C812D4F81C1684F85036A6EB01086D
:107BE800012184F85116002AC4F8CC8240F332826D
:107BF800D4ED607AF4EEC97AF1EE10FA40F12A82F7
:107C080094F84A2652B904F234610C9AC4F82C66E6
:107C1800C4F828660A6004F5C7610A60D4ED7E7A64
:107C2800D4F82816FCEEE77A012284F84A2617EEE3
:107C3800902A711A914216D304F23461D1ED007A78
:107C48009DED0C7AD4ED7F6A77EE677AF4EEE67AEA
:107C5800F1EE10FAC4EDF47AA4BFC4F82C6681EDF5
:107C6800007AC4F82866D4F82C76F71BBA42C4F810
:107C78001C7340F28D8304F5C762DDED0C7AD2EDFA
:107C8800006A94ED7F7A77EEE67AF4EEC77AF1EE41
:107C980010FAC0F27D83002B0CBF03250125F4EEFA
:107CA800C88AF1EE10FAACBF01230023C4F82033D0
:107CB800D4ED800A94ED620AC4F8185301F0A4FBCD
:107CC800BCEEC00A10EE103ABB4240F27382F4EEEA
:107CD800C88AF1EE10FAC0F25B82D4ED647AFCEE49
:107CE800E77A17EE903A434500F26B82EB0700F112
:107CF80068823346112205212046FFF7E9F9F3E0AF
:107D08006F12833AB4F84C3623B935B0BDEC048B06
:107D1800BDE8F08F3346032202212046FFF7D8F949
:107D280035B0BDEC048BBDE8F08FD0E91623D1E95E
:107D38000001FEF7A5FA00284BD094F85336002B23
:107D48003FF4FBACAB68226E9B1A002BC0F2E380B9
:107D58000CD0D4F8EC220AB19A4201D9C4F8EC321A
:107D6800D4F8F0229A4238BFC4F8F032D5E900328C
:107D7800A16D013B42F1FF325B1AE16D62EB01023A
:107D8800002A4FF0FF31D4F8D02218BF0B461A440E
:107D9800C4F8D022D1E4704733460022032120469C
:107DA800FFF796F9B1E794F84D36002B00F0BE8046
:107DB80094F85326002A40F00F8194F84C36002B93
:107DC80040F092800222334611462046FFF780F9A0
:107DD8009BE7B4F84C36002B97D0D5E90002D4E9DC
:107DE80016139A4208BF88428FD0334604220221D4
:107DF800204635B0BDEC048BBDE8F04FFFF768B9FD
:107E080094F87530002B3FF4B6ACD4ED5D7A236E50
:107E1800FCEEE77AF31A17EE902A93423FF6ABACE2
:107E2800D4F80033BB423CBFAB68C4E9C073A2E4DA
:107E3800D4ED5D7A236EFCEEE77AF31A17EE902AFA
:107E480093420DD8AA68D4F84833D31A002B07DB1D
:107E58000C9BC4F8E0330123C4F85823C4F85C33FE
:107E680094F84D36002B7DD094F84C26002800F06D
:107E7800BA80D4ED5D7A216EFCEEE77A711A17EEBE
:107E8800907AB9423FF6C7ACDDED0C7A94EDF57AFD
:107E9800B4EEE77AF1EE10FA7FF5BDACC4EDF57AF1
:107EA800002A3FF4BBACF8B1D4ED5D7A236EFCEE4A
:107EB800E77AF31A17EE902A934215D8AB68D4F8EC
:107EC80024269B1A002B0FDB2378012B06D194F86C
:107ED80094301BB1A36F002B00F39881334609221D
:107EE80006212046FFF7F4F831462046FEF772FFD8
:107EF8000BE7C4F85023FCF783F9C38CC4F86C3340
:107F0800B9F1000F00F0DE82D4F82C330D9A002B63
:107F18007FF4E4ADF8E5B4F84C36002B3FF4F5AE49
:107F280063E794F84D36002B7FF447AF94F84C364E
:107F3800002BD9D094F85336002BD5D094F8741070
:107F48000029D1D094F87500ADE7D4F87423B21A9B
:107F5800002AFFF6F4AC31462046FFF701F994F801
:107F68004D36ECE494F84C36002BBDD0E8E7D5ED5F
:107F7800067AD4ED736A9DED0C7AEB68C4F88C32FE
:107F8800F8EEE77A2B686968C4F86012F4EEC76AFD
:107F9800F1EE10FAC4E99932C4EDEE7AA4D831466C
:107FA8002046FFF701F800289ED133460A22062111
:107FB8002046FFF78DF897E7F1EE10FAFFF64EAC82
:107FC800EA68C4F8B8220122C4F8AC2246E4FCF7F7
:107FD80017F90027032389E494F8741094F84C26C1
:107FE800002940F07E82002A3FF4ECAE7CE794F84A
:107FF8004D36002BB6D094F84C26002A3FF4E2AE5A
:1080080072E70423C4F8643313223346052120465B
:10801800FFF75EF879E694F84B96B9F1000F2FD088
:10802800D4F8FC0599460AE5002B40F0A080A4F896
:108038005036C4F8C8324FF00008D4E5334612224F
:1080480007212046FFF744F85FE694F84D36C4ED63
:10805800917A74E400231D4684F84A36C4F81C3328
:108068001F461CE60323D4F8FC05C4F86433FCF768
:1080780097F98146002873D094F84B36002BCFD15E
:108088004046FEF7B5F8002800F0BA8094F8493663
:10809800002B00F07781D4F8AC32002B00F072810D
:1080A800D4ED797AF4EEC97AF1EE10FA80F204820E
:1080B80094F84F36002B40F00882002F40F30B82D3
:1080C800DDED127AF5EEC07AF1EE10FA40F2038295
:1080D800D4ED917AF5EEC07AF1EE10FA40F2FB8118
:1080E80094ED777AD4ED787AD4F83423BCEEC77A55
:1080F800FCEEE77A17EE108A17EE903A08EB020BBF
:108108009B4540F250810623D4F8FC05C4F860333F
:10811800D4F82C33002B3FF492ACB9F1000F7FF464
:108128008EAC69E40823C4F864330D223346062173
:108138002046FEF7CDFFE8E531462046FFF710F868
:10814800E3E5D4F8B032EA68C4F8BC220133C4F8D5
:10815800B0320E22334602212046FEF7B9FFD4E59D
:1081680033460A2206212046FEF7B2FFCDE594F8F1
:10817800501621B90121C4F8186684F85016002158
:1081880084F85116D4F81816711AC4F8C81252E7B0
:10819800D4ED1E7AF8EEE77A77EEE97AF0EEE77A30
:1081A80023780E2B00F0F6800D2200232270C4F8ED
:1081B800243399E63346102205212046FEF788FF2E
:1081C80092E6D4ED1E7A94ED5F7AF8EEE77A77EED0
:1081D800E97AF0EEE77AB4EEE77AF1EE10FADFDB4F
:1081E80023780E2B18BFC4F83066D4F830360E2129
:1081F8000122F31A217084F84F26C4F8243373E659
:108208000223D4F8FC05C4F8603381E794ED687A5A
:10821800F7EE007AB4EE677A07EE903AF1EE10FACC
:10822800B8EEE70A0CBF012100214046FDF7EEFE3B
:10823800074600287FF452AE04F59C75294640464F
:10824800FEF75CF800283FF449AEFBF7AFFF0028C3
:108258003FF444AEFBF79AFF00283FF43FAEFBF72C
:10826800CFFF90F82930002B7FF438AED4ED1E7A7A
:108278009DED0C0A2946F8EEE70A04F573724046AC
:10828800FEF75EF80546C4F8140300287FF426AE0E
:1082980000231B934FF08073226F616E84F854069D
:1082A80084F85206C4F83006C4F84E06C4F84A36B4
:1082B80040461BABC4F80466C4F82866C4F82C66AC
:1082C800FDF72EFF9DED1B8A94ED737AD4ED857A28
:1082D800D4F8348304F2346383ED008AB4EEC78A99
:1082E800D4F80036F1EE10FAFCEEE77A03F1010358
:1082F800ACBF0122002204F5C76080ED008A012B83
:1083080084F8492617EE902A38BF01232946C4F875
:108318004426C4F800364FF4CE7204F51370D4F82E
:10832800CC5300F0ECFF626E236ED4ED1C7AC4F8D7
:108338008C22C4E9C023C4F86832D4E91623F8EEC5
:10834800E77AC4F860320C23C4F83483C4F8CC53F9
:1083580084EDF58AC4F86422237031462046C4EDC2
:10836800EE7AFEF721FE002800F0BE802378C4F8DC
:108378000866092B08BF0727C4F89060C4F8B462E0
:10838800E770B1E50323D4F8FC05C4F86033BFE611
:10839800022584E494ED607AB4EEE77AF1EE10FAFF
:1083A8007FF5A2AD00E70123D4F8FC05C4F86033DB
:1083B800D4ED7A0A94ED7B0A099001F025F8F0EEE5
:1083C800400A94ED610A01F01FF8D4F804360998C0
:1083D800BCEEC00AA8EB030310EE102A3344934204
:1083E800BFF496AE42464FF00108C4F834B3C4F85F
:1083F8003C7684F84B863146FBF7C0FF00283FF4F3
:10840800AFAED4ED767AD4ED846A94ED837A019791
:10841800FDEEE77A3146CDED007AFCEEE67AD4F847
:10842800FC0517EE903AFCEEC77A17EE902AFCF797
:10843800E7F800283FF494AEFBF7E2FED4ED776A44
:1084480094ED767AD4ED837AC269C4F83023FCEED1
:10845800E66A8269AB680C99C4F83C23BCEEC77A1B
:10846800FCEEE77A026AC4F82C83D4F8FC05C4ED64
:10847800D06AC4F84C83C4F8DC13C4F8E413C4F815
:10848800543384EDDA7AC4EDDC7AC4F87423B9F194
:10849800000F7FF4D4AAFFF7AFBA94F8501609B9C1
:1084A800C4F81866D4F81816711A00287FF490AB2F
:1084B800C4F81C66FFF78CBB0423D4F8FC05C4F889
:1084C800603325E60D9AFFF71FBB0823D4F8FC0597
:1084D800C4F860331CE60523D4F8FC05C4F86033FF
:1084E80016E694F87500C1E433460A2206212046B0
:1084F800FEF7EEFD3AE700BF80B338B590F84D3689
:10850800044603B938BD0D46FBF77AFE94F84E369B
:108518007BB18378042B22D02BB12B460A2206216B
:108528002046FEF7D5FD29462046BDE83840FEF72F
:1085380051BC90F82830002BF5D1D4F88820002AB7
:10854800F1D041698A4202D18278012A0ED02B46A5
:10855800062205212046FEF7BBFDE4E770472B46BF
:108568000D2206212046FEF7B3FDDCE705F13201B6
:10857800C4F8883084F85226C4F82016D3E700BF20
:10858800B0B130B5044683B00D46FFF717F8294659
:108598002046FEF7E5FD94F84D3613B194F84E36B3
:1085A8003BB12946204603B0BDE83040FEF712BC77
:1085B8007047FBF725FE90F82830002BF1D194F88E
:1085C800523643B1D4F82036EA1A002AE9DB226E83
:1085D800D21A002AE5DBD4E90A23616A0095002053
:1085E800FBF706FC30B12B46092206212046FEF790
:1085F8006FFDD6E7FBF704FE4369C4F88830D0E77F
:10860800052809D0062801D000207047A1F58073FD
:10861800042B07D801207047103901298CBF00208E
:1086280001207047A1F5887131298CBF00200120F5
:10863800704700BF2DE9F04FF7B038B105290D4656
:1086480016461F4600F02281062904D00625284632
:1086580077B0BDE8F08FA2F58073042B044600F2D2
:108668002381B2F5817F00F027812578012D40F024
:108678000881B4F84C36002B40F00381FBF786FDE7
:10868800002800F0FE80FBF7BBFD90F82830002B97
:1086980040F0F780B6F5827F00F0B58440F203120F
:1086A800964200F0F484B6F5807F00F0DE8494F8FA
:1086B8005436002B00F03385B6F5887F80F0FD84B2
:1086C8004CF201139F42C2D17A4BD4F8E815D4F882
:1086D800EC259A4208BFB1F1FF3FB8D1D4F8F02594
:1086E800D4F8F4359A42B2D1B4F88425B4F8863572
:1086F800B4F8881543EA02435D93B4F88A35B4F8B0
:108708008C2543EA01435E93B4F88E35B4F890158E
:1087180043EA02435F93B4F89235B4F8942543EAE8
:1087280001436093B4F89635B4F8981543EA0243C8
:108738006193B4F89A35B4F89C2543EA01436293EF
:10874800B4F89E35B4F8A01543EA02436393B4F82D
:10875800A235B4F8A42543EA01436493B4F8A635D6
:10876800B4F8A81543EA02436593B4F8AA35B4F8F7
:10877800AC2543EA01436693B4F8AE3543EA0243B5
:108788006793B4F8B025B4F8B23543EA0243689366
:10879800B4F8B425B4F8B63543EA02436993B4F89B
:1087A800B825B4F8BA3543EA02436A93B4F8BC254D
:1087B800B4F8BE3543EA02436B93B4F8C025B4F865
:1087C800C23543EA02436C93B4F8C425B4F8C635FD
:1087D80043EA02436D93B4F8C825B4F8CA3543EAAE
:1087E80002436E93B4F8CC25B4F8CE3543EA02437D
:1087F8006F93B4F8D025B4F8D23543EA02437093A6
:10880800B4F8D425B4F8D63543EA02437193B4F8E2
:10881800D825B4F8DA3543EA02437293B4F8DC2574
:10882800B4F8DE3543EA02437393B4F8E025B4F8AC
:10883800E23543EA02437493B4F8E425B4F8E63524
:108848005DA943EA024304F5CE70759304F59C775D
:10885800FDF754FD002800F06C84EFF3108672B623
:10886800BFF35F8F2378012B07D1B4F84C5625B995
:10887800FBF78CFC002840F06084BFF35F8F86F321
:1088880010880325284677B0BDE8F08FA2F11003C1
:10889800012B3FF6DBAEB7F57F4F00F0A68301252D
:1088A800284677B0BDE8F08FA2F58873312B7FF6A4
:1088B800DCAECCE6FFFF03004DF201139F42EED180
:1088C800EFF310835B9372B6BFF35F8FD4E99B23FA
:1088D8000093D4F874320193D4F878320293D4F820
:1088E8007C320393D4F880320493D4F8843205930D
:1088F800D4F888320693D4F88C320793D4F890329F
:108908000893D4F894320993D4F898320A93D4F897
:108918009C32D0E9938ED0E995C7D0E99765D0E924
:1089280099010B93D4F8A0320C93D4F8A4320D9388
:10893800D4F8A8320E93D4F8AC320F93D4F8B032EE
:108948001093D4F8B4321193D4F8B8321293D4F8FF
:10895800BC321393D4F8C0321493D4F8C4321593AC
:10896800D4F8C8321693D4F8CC321793D4F8D0324E
:108978001893D4F8D4321993D4F8D8321A93D4F877
:10898800DC321B93D4F8E0321C93D4F8E4321D9304
:10899800D4F8E8321E93D4F8EC321F93D4F8F032AE
:1089A8002093D4F8F4322193D4F8F8322293D4F8EF
:1089B800FC322393D4F800332493D4F8043325935A
:1089C800D4F808332693D4F80C332793D4F810330B
:1089D8002893D4F814332993D4F818332A93D4F865
:1089E8001C332B93D4F820332C93D4F824332D93B1
:1089F800D4F828332E93D4F82C332F93D4F830336B
:108A08003093D4F834333193D4F838333293D4F8DC
:108A18003C333393D4F840333493D4F84433359308
:108A2800D4F848333693D4F84C333793D4F85033CA
:108A38003893D4F854333993D4F858333A93D4F854
:108A48005C333B93D4F860333C93D4F864333D9360
:108A5800D4F868333E93D4F86C333F93D4F870332A
:108A68004093D4F874334193D4F878334293D4F8CC
:108A78007C334393D4F880334493D4F884334593B8
:108A8800D4F888334693D4F88C334793D4F890338A
:108A98004893D4F894334993D4F898334A93D4F844
:108AA8009C334B93D4F8A0334C93D4F8A4334D9310
:108AB800D4F8A8334E93D4F8AC334F93D4F8B033EA
:108AC8005093D4F8B4335193D4F8B8335293D4F8BC
:108AD800BC335393D4F8C0335493D4F8C433559368
:108AE800D4F8C8335693D4F8CC335793D4F8D0334A
:108AF8005893D4F8D4335993D4F8D8335A93D4E943
:108B0800F7A9D4F8E4B3BFF35F8F5B9B83F31088B6
:108B1800009BA4F80E341B0CA4F80C34019BA4F899
:108B280012341B0CA4F81034029BA4F816341B0C46
:108B3800A4F81434039BA4F81A341B0CA4F81834B2
:108B4800049BA4F8EA83A4F8EEE3A4F8F2C3A4F81B
:108B5800F673A4F8FA63A4F8FE53A4F80204A4F880
:108B68000614000C090CA4F80A24A4F81E34120CEC
:108B78001B0C4FEA18484FEA1E4E4FEA1C4C3F0C9C
:108B8800360C2D0CA4F80004A4F80414A4F8082446
:108B9800A4F8E883A4F8ECE3A4F8F0C3A4F8F47309
:108BA800A4F8F863A4F8FC53A4F81C34059BA4F8B3
:108BB80022341B0CA4F82034069BA4F826341B0C82
:108BC8000798A4F824344FEA1A4100231A4661F39F
:108BD8000F034FEA194161F30F02010CA4F828149E
:108BE8000899A4F82E14090CA4F82C140999A4F8CF
:108BF8003214090CA4F830140A99A4F83614090C94
:108C0800A4F834140B99A4F83A14090CA4F83814ED
:108C18000C99A4F83E14090CA4F83C140D99A4F876
:108C28004214090CA4F840140E99A4F84614090C2F
:108C3800A4F844140F99A4F84A14090CA4F82A04B7
:108C4800A4F848141099A4F84E14090CA4F84C146C
:108C58001199A4F85214090CA4F850141299A4F804
:108C68005614090CA4F854141399A4F85A14090CAE
:108C7800A4F858141499A4F85E14090CA4F85C1408
:108C88001599A4F86214090CA4F860141699179899
:108C9800A4F86614090CA4F86414010CA4F8681468
:108CA8001899A4F86E14090CA4F86C141999A4F86E
:108CB8007214090CA4F870141A99A4F87614090C03
:108CC800A4F86A04A4F874141B99A4F87A14090C7B
:108CD800A4F878141C99A4F87E14090CA4F87C1440
:108CE8001D99A4F88214090CA4F880141E99A4F8FC
:108CF8008614090CA4F884141F99A4F88A14090C82
:108D0800A4F888142099A4F88E14090CA4F88C14DB
:108D18002199A4F89214090CA4F890142299A4F8A3
:108D28009614090CA4F894142399A4F89A14090C1D
:108D3800A4F898142499A4F89E14090CA4F89C1477
:108D48002599A4F8A214090CA4F8A0142699A4F84B
:108D5800A614090CA4F8A41427992898A4F8AA140E
:108D6800090CA4F8A814010CA4F8AC142999A4F8C7
:108D7800B214090CA4F8B0142A99A4F8B614090C72
:108D8800A4F8B4142B99A4F8BA14090CA4F8B814CC
:108D98002C99A4F8BE14090CA4F8BC142D99A4F8B5
:108DA800C214090CA4F8C0142E99A4F8C614090C0E
:108DB800A4F8C4142F99A4F8CA14090CA4F8C81468
:108DC8003099A4F8CE14090CA4F8AE04A4F8CC1475
:108DD8003199A4F8D214090CA4F8D0143299A4F843
:108DE800D614090CA4F8D4143399A4F8DA14090C8D
:108DF800A4F8D8143499A4F8DE14090CA4F8DC14E7
:108E08003599A4F8E214090CA4F8E0143699A4F8EA
:108E1800E614090CA4F8E41437993898A4F8EA146D
:108E2800090CA4F8E814010CA4F8EC143999A4F876
:108E3800F214090CA4F8F0143A99A4F8F614090CE1
:108E4800A4F8F4143B99A4F8FA14090CA4F8EE0455
:108E5800A4F8F8143C99A4F8FE14090CA4F8FC141E
:108E68003D99A4F80215090CA4F800153E99A4F838
:108E78000615090CA4F804153F99A4F80A15090C5D
:108E8800A4F808154099A4F80E15090CA4F80C15B7
:108E98004199A4F81215090CA4F810154299A4F8E0
:108EA8001615090CA4F814154399A4F81A15090CF9
:108EB800A4F818154499A4F81E15090CA4F81C1553
:108EC8004599A4F82215090CA4F820154699A4F888
:108ED8002615090CA4F824154799A4F82A15090C95
:108EE800A4F8281548994998A4F82E15090CA4F84F
:108EF8002C15010CA4F830154A99A4F83615090C5C
:108F0800A4F834154B99A4F83A15090CA4F83815A7
:108F18004C99A4F83E15090CA4F83C154D99A4F8F1
:108F28004215090CA4F840154E99A4F84615090CE9
:108F3800A4F844154F99A4F84A15090CA4F8481543
:108F48005099A4F84E15090CA4F84C155199A4F899
:108F58005215090CA4F83205A4F850155299A4F832
:108F68005615090CA4F854155399A4F85A15090C68
:108F7800A4F858155499A4F85E15090CA4F85C15C2
:108F88005599A4F86215090CA4F860155699A4F827
:108F98006615090CA4F864155799A4F86A15090C04
:108FA800A4F8681558995998A4F86E156AF31F43E0
:108FB800090CC4F878355A9BA4F86C15010C69F3B0
:108FC8001F42A4F87015A4F876354FEA1B411B0C14
:108FD800A4F87205A4F87435C4F87C25A4F88015A3
:108FE800A4F882B50025FFF732BB102A08BF0A256E
:108FF8000023809A8DF874515DA95E93FEF7DEF91F
:109008000546FFF724BBD4ED677AFCEEE77A17EE46
:10901800903A9BB2BB4206D1D4ED817AF5EE407A04
:10902800F1EE10FADED13846FCF77EFB0546002843
:1090380078D0D0ED1A7AF5EE407AF1EE10FA64D0D5
:1090480004F59C71FDF75AF900283FF428AC29462D
:10905800842204F5CE7000F07FF90023809984F80B
:1090680054362046FFF78CFABCE74BF201139F42B7
:109078007FF415AC04F5BE630020002143E902012A
:10908800D4F8F435C4F8F03584F85456AAE707EE56
:10909800907A2946B8EE670A04F5CE700093FCF77B
:1090A800B5FFC4F8140320B3009B809984F894306A
:1090B8002046FFF765FAFFF7CABAA6F59873C6F512
:1090C800987225FA02F205FA03F3D4F8E815A6F522
:1090D80088701343D4F8EC2505FA00F004EB460633
:1090E80001431A43A6F86473C4F8E815C4F8EC25DC
:1090F80078E70723809A8DF874315DA920465E973A
:10910800FEF75CF90546FFF7A2BA0B220023809907
:10911800C4F8142384F894302046FFF731FA042564
:10912800FFF795BA0123C4F8143384F89400FFF7C5
:10913800B6BB84F85406FFF78ABA5DA9642238469C
:1091480000F00AF95DA8FDF7B1F9D4F8F435C4F8D0
:10915800F8050133012B38BF01232C22C4F8F4355C
:10916800294604F5087000F0CAF884F85456BFF38D
:109178005F8F86F3108880992046FFF701FAFFF782
:1091880066BA00BF58B35BB369B9A2F50071CD29BF
:1091980036D9A2F58072072A22D8DFE802F0615496
:1091A800514E4A46423FB2F5806F1BD2B2F5C07F9E
:1091B8006AD2B2F5827F29D040F203118A4253D095
:1091C800A2F5887131290BD85108883900EB810044
:1091D800D207D0F8381111D40A0C1A800120704730
:1091E8000020704740F2C5418A42F9D851102E48F4
:1091F800A1F50071D20750F82110EDD50A46ECE729
:1092080000EB420232F8182C1A80E7E7D0ED677AB3
:10921800FCEEE77A17EE902A1A80DFE7D0F8F825F7
:10922800DBE7B0F8FA251A80D8E7D0F8F4251A80D9
:10923800D4E7B0F8F6251A80D0E7CE221A80CDE719
:1092480032221A80CAE700B583B00193FAF7D8FF33
:10925800019B90F829201A80012003B05DF804FBD7
:109268004FF206121A80B9E790ED687AF7EE007AA5
:10927800B4EE677AF1EE10FA13D190F89420002A30
:10928800ABD0B0F87820A8E7B2F5E17FA8D25108B2
:10929800C03900EB8100D0F89C11D0079CD50A4654
:1092A8009BE7002299E700BF4099000810B50139F3
:1092B8000244904201D1002005E0037811F8014FE3
:1092C800A34201D0181B10BD0130F2E7884210B547
:1092D80001EB020402D98442234607D8431EA14267
:1092E80007D011F8012B03F8012FF8E70244824256
:1092F80000D110BD13F8011D02F8011DF7E7024463
:109308000346934200D1704703F8011BF9E70000B8
:1093180070B50D4B0D4D5B1B9C100026A64209D164
:1093280000F0A4FA0A4D0B4B5B1B9C100026A642CA
:1093380005D170BD55F8043B98470136EEE755F85E
:10934800043B98470136F2E7BC9B0008BC9B000829
:10935800BC9B0008C09B00080A44914200F1FF33FF
:1093680000D1704710B511F8014B03F8014F914235
:10937800F9D110BD08B52DED028BB0EE408A00F092
:1093880087F8B4EE488AF1EE10FA06D6DFED098ABE
:10939800B4EEE88AF1EE10FA02D4BDEC028B08BDF7
:1093A80000F0E2F888EEA80ABDEC028B21230360E6
:1093B80008BD00BF0000000008B52DED028BF0EEDF
:1093C800408AB0EE608A00F047F820B9B0EE480A4B
:1093D800BDEC028B08BDB0EE480A00F03DF858B16C
:1093E800F4EEC88AF1EE10FAC8BFB0EE688AB0EEA3
:1093F800480ABDEC028B08BDB0EE688AB0EE480A98
:10940800BDEC028B08BD00BF08B52DED028BF0EE58
:10941800408AB0EE608A00F01FF820B9B0EE480A22
:10942800BDEC028B08BDB0EE480A00F015F858B143
:10943800F4EEC88AF1EE10FA48BFB0EE688AB0EED2
:10944800480ABDEC028B08BDB0EE688AB0EE480A47
:10945800BDEC028B08BD00BF10EE103A33F000409F
:109468000ED0A0F50003B3F1FE4F0DD3074B421EFB
:109478009A4207D9A0F1FF40B0FA80F0400970473E
:10948800022070470320704704207047FEFF7F00CA
:10949800B1EEC00A704700BF10EE102AC2F3C753DE
:1094A8007F3B162B22F000411BDC002B10461EDBF5
:1094B8001A4919410A4223D0DFED197A70EE277A4A
:1094C800F5EEC07AF1EE10FA1ADD002A04DA4FF44C
:1094D800000242FA03F3184420EA010300EE103AAE
:1094E8007047B1F1FF4F0BD330EE000A7047DFED44
:1094F8000C7A70EE277AF5EEC07AF1EE10FA00DCFD
:109508007047002A02DB9FED070A704711B99FEDEB
:10951800060A7047BFEE000AF2E700BFFFFF7F00B0
:10952800CAF24971000000000000008010EE103AF5
:10953800C3F3C7527F3A162A19460BDC002A03F0F8
:10954800004309DB074840FA02F20A40134300EEE1
:10955800103A7047802A02D000EE103A704730EE79
:10956800000A7047000080FF014B1868704700BF71
:109578000C0000202DE9F047089D0F4604468C4654
:10958800002B48D18A42164661D9B2FA82F34BB110
:10959800C3F1200201FA03FC20FA02F29E4042EADB
:1095A8000C0C9C404FEA164EB7B2BCFBFEF1220CE5
:1095B8000EFB11CC42EA0C4201FB07F0904209D99C
:1095C800B21801F1FF3C80F0EE80904240F2EB804F
:1095D80002393244121AA4B2B2FBFEF00EFB10227A
:1095E80044EA024400FB07F7A74209D9341900F1FD
:1095F800FF3280F0DA80A74240F2D7803444023844
:1096080040EA0140E41B00211DB1DC400023C5E90C
:109618000043BDE8F0878B4206D90DB1C5E90001CA
:1096280000210846BDE8F087B3FA83F1002948D144
:10963800BB4202D3824200F20781841A67EB03021D
:1096480001209446002DE4D0C5E9004CE1E7002A4A
:1096580000F09280B2FA82F3002B40F0A8808A1AB8
:109668004FEA164E1FFA86FC0121200CB2FBFEF7CA
:109678000EFB172240EA02420CFB07F0904207D982
:10968800B21807F1FF3802D2904200F2E280474652
:10969800121AA4B2B2FBFEF00EFB102244EA0244F6
:1096A8000CFB00FCA44507D9341900F1FF3202D2A3
:1096B800A44500F2CB801046A4EB0C0440EA074016
:1096C800A2E7C1F120068B4022FA06FC4CEA030C03
:1096D80007FA01F420FA06F3F7404FEA1C4923433E
:1096E80000FA01F81FFA8CFEB7FBF9F01C0C09FB15
:1096F800107744EA074400FB0EF7A74202FA01F28A
:109708000AD91CEB040400F1FF3A80F09B80A742C1
:1097180040F2988002386444E41B9FB2B4FBF9F32A
:1097280009FB134447EA044403FB0EFEA64509D986
:109738001CEB040403F1FF3780F08280A6457FD933
:10974800023B644443EA0040A4EB0E04A0FB02E79A
:10975800BC427346B94663D360D05DB1B8EB03022F
:1097680064EB090404FA06F622FA01F31E43CC401E
:10977800C5E9006400214CE76208480842EAC17163
:109788000B0C43EA00438AB242EA0342B3FBF6F108
:10979800E407B4463746B6461F23B0FBF6F0D21BA3
:1097A80041EA004161E7614614E7104628E7C3F142
:1097B800200120FA01F29E4027FA01F19F403A4326
:1097C8004FEA164E1FFA86FCB1FBFEF70EFB171088
:1097D800110C41EA004107FB0CF8884504FA03F430
:1097E8003AD9711807F1FF3001D288451FD8A1EB8B
:1097F8000801B1FBFEF808FB0CF70EFB181192B23A
:1098080042EA0142BA422FD2B21808F1FF31C6D259
:10981800BA42C4D2A8F102013244C0E7F0459CD252
:10982800BEEB020367EB0C070138B94695E7A6EBD8
:1098380008084144B81EB1FBFEF808FB0CF7DCE74A
:109848003B467FE7504667E70846FBE63444023864
:1098580032E7023F32441BE7A1EB08013846B1FB6F
:10986800FEF808FB0CF7C8E7414698E7F8B500BFD3
:10987800F8BC08BC9E467047F8B500BFF8BC08BCE9
:049888009E46704741
:10988C0000000000010203040000000000000000C2
:10989C00010203040607080913010000140000006C
:1098AC00050000000A000000C800000032000000A3
:1098BC00FA00000010270000140000003200000025
:1098CC00102700000A000000280000008813000088
:1098DC000A000000280000003075000001010000A3
:1098EC004501000006F1000008015346010000008C
:1098FC0013010000450100008813000080250000C2
:10990C0064000000FA000000FA0000007D00000076
:10991C0082000000D0020000640000000100000082
:10992C0001000000D0020000D00200000000000086
:10993C00030000000000A041000000000000000037
:10994C00000000000080A2430000803F00000000E7
:10995C000000000000000000008089430080A2434A
:10996C00000000000000A041000016450000C842A5
:10997C000000964500000000000000000000000000
:10998C0000000000000000000000000000000000CB
:10999C000000FA430000004000409C45000000001D
:1099AC0000000000000000000000000000000000AB
:1099BC0000000000000000000000F041000000006A
:1099CC0000000000000000000080A2430000803F67
:1099DC00000000000000000000000000008089432F
:1099EC000080A243000000000000A04100001645CA
:1099FC000000C8420000E14500000000000000002B
:109A0C00000000000000000000000000000000004A
:109A1C00000000000000FA430000004000409C459C
:109A2C00000000000000000000000000000000002A
:109A3C0000000000000000000000000000002042B8
:109A4C000000000000000000000000000080A243A5
:109A5C000000803F0000000000000000000000003B
:109A6C00008089430080A243000000000000A04158
:109A7C00000016450000C842000016460000000019
:109A8C0000000000000000000000000000000000CA
:109A9C0000000000000000000000FA43000000403D
:109AAC0000409C4500000000000000000000000089
:109ABC00000000000000000000000000000000009A
:109ACC0000008040000000000000000000000000CA
:109ADC000080A2430000803F000000000000000056
:109AEC0000000000008089430080A24300000000B9
:109AFC000000A041000034440000C84200000000F7
:109B0C0000000000000000000000000000409C4528
:109B1C0000409C4500409C4500409C450000FA4399
:109B2C000000004000409C450000803F0000803F4A
:109B3C000000000000000000000000000000000019
:109B4C0000000000000020410000000000000000A8
:109B5C000AD7A33C0000484300007A4400007A4432
:109B6C00000034440000C84200007AC400007A446B
:109B7C000000A040000000000000A0400000FA42DD
:109B8C000000A041000002430000A0400000204162
:109B9C0000C82F4700409C450000484200401C462E
:089BAC00000000400000FA4334
:089BB400C8F9FF7F0100000069
:049BBC003502000866
:049BC0000D0200088A
:109BC40080969800010000001000000010000020A2
:109BD40000000000600A0020C80A0020300B0020AA
:109BE4000000000000000000000000000000000071
:109BF4000000000000000000000000000000000061
:109C04000000000000000000000000000000000050
:0C9C140000000000000000000000000044
:040000050800025994
:00000001FF
