:020000040800F2
:10000000000002205902000899030008A903000813
:10001000B1030008B9030008C10300080000000094
:10002000000000000000000000000000C9030008FC
:10003000CD03000800000000D1030008D50300082C
:10004000A9020008A9020008A9020008A9020008E4
:10005000A9020008A9020008A9020008A9020008D4
:10006000A9020008A9020008A9020008A9020008C4
:10007000A9020008A9020008A9020008A9020008B4
:10008000A9020008A9020008A90200080000000057
:10009000000000000000000000000000A9020008AD
:1000A000A9020008A9020008A9020008A902000884
:1000B000A9020008A9020008A9020008A902000874
:1000C000A9020008A9020008A9020008A902000864
:1000D000A9020008A9020008E103000800000000CE
:1000E000A9020008A9020008A902000800000000F7
:1000F000000000000000000000000000A90200084D
:1001000000000000A9020008D9030008A9020008A5
:1001100000000000000000000000000000000000DF
:10012000A9020008A9020008A9020008A902000803
:10013000A90200080000000000000000000000000C
:10014000000000000000000000000000A9020008FC
:10015000A9020008A9020008A9020008DD0300089E
:10016000A9020008A9020008000000000000000029
:10017000000000000000000000000000000000007F
:1001800000000000A90200080000000000000000BC
:08019000A9020008A902000801
:1001980053B94AB9002908BF00281CBF4FF0FF31E6
:1001A8004FF0FF3000F00CB8ADF1080C6DE904CE4B
:1001B80008F0CCFADDF804E0DDE9022304B070476A
:1001C800704700BF0348044B834202D0034B03B17E
:1001D800184770475C0000205C0000200000000009
:1001E8000548064B1B1AD90F01EBA301491002D091
:1001F800034B03B1184770475C0000205C000020E7
:100208000000000010B5064C237843B9FFF7DAFF69
:10021800044B13B10448AFF300800123237010BDD1
:1002280060000020000000004C8A000808B5054B5B
:100238001BB105490548AFF30080BDE80840FFF74A
:10024800CFBF00BF00000000640000204C8A0008F7
:10025800DFF834D000F0DCF80C480D490D4A0023D3
:1002680002E0D458C4500433C4188C42F9D30A4A63
:100278000A4C002301E013600432A242FBD308F0C9
:1002880033F900F00FF8704700000220000000204A
:100298005C000020E48B000860000020A80A002011
:1002A800FEE7000030B591B001F07CFC00F026F9C3
:1002B800042302221946602000F0B4F820B901F0A6
:1002C800D7FB03F0A7FC08B101F0D4FB00F038F924
:1002D8002D4902462D4801F0D9FB2C4801F060FC5D
:1002E800054601F07FFD0028EED04FF47A7000F04B
:1002F8002DF901F0F5FD0028E6D0284601F0DCFED6
:100308000028E1D000F01CF9012102461F4801F045
:10031800CFFB002DD8D02B78012BD5D115E01B4869
:10032800214601F01DFC03F091FE28BB01F056FFA9
:10033800204601F08FFF10B9204601F091FF1348C5
:10034800214601F029FC01F0A1FF00F0F9F804466C
:1003580001F044FF00F0F4F801F07CFF684601F07A
:10036800F3FD0028DBD000F0EBF8694604460246AE
:10037800064801F0A1FBD2E723460A2206212846B7
:1003880006F0F2F9D2E700BF7C8A0008800000205E
:1003980008B501F0C5FCBFF34F8F30BFFBE700BFC6
:1003A80008B5FFF7F5FF00BF08B5FFF7F1FF00BF7D
:1003B80008B5FFF7EDFF00BF08B5FFF7E9FF00BF7D
:1003C800704700BF704700BF704700BF00F0ACB86F
:1003D80003F020BA01F0B2BD01F0FABE10B5044630
:1003E80001F0D4FD00B110BD2046BDE8104001F079
:1003F80053BF00BF01F074BF10B5044601F0F4FD0F
:1004080000B110BD2046BDE8104001F093BF00BF09
:10041800034AD2F8883043F47003C2F88830704732
:1004280000ED00E0F0B595B01F4D204C0027019776
:100438002E6C46F080562E642D6C05F08055019583
:10044800019D0297256845F4404525602468119070
:1004580004F4404402944FF480350124CDE9084562
:1004680008A802244FF48005CDE90E45CDE91223F2
:10047800029C109100F006FA10B1012015B0F0BDF1
:1004880003460F240220CDE903404FF48052032194
:1004980003A8CDE90532079300F00EFCC01B18BF76
:1004A800012015B0F0BD00BF0038024000700040C8
:1004B800704700BF38B50E4A0E4B127805461868CB
:1004C8004FF47A73B3FBF2F3B0FBF3F000F0BEF82D
:1004D80008B90F2D01D9012038BD04460246294626
:1004E8004FF0FF3000F056F8034B20461D6038BD32
:1004F80004000020000000200800002008B5094B77
:100508001A6842F400721A601A6842F480621A602B
:10051800032000F02DF80F20FFF7CCFFFFF7C8FFEE
:10052800002008BD003C0240034A044B11681B78B8
:100538000B441360704700BF100600200400002021
:10054800014B1868704700BF1006002038B50446F4
:10055800FFF7F6FF631C054602D0044B1B781C44CA
:10056800FFF7EEFF401BA042FAD338BD040000207D
:100578000749CA6803024FF6FF0003F4E06302402C
:10058800134343F0BF6343F40033CB60704700BFAD
:1005980000ED00E01B4BDB68C3F3022300B5C3F199
:1005A800070EBEF1040F03F1040C28BF4FF0040E30
:1005B800BCF1060F1CD9A3F1030C4FF0FF3303FA6B
:1005C8000CF322EA03024FF0FF3303FA0EF321EA99
:1005D800030303FA0CF313431B010028DBB20ADB05
:1005E80000F1604000F5614080F800335DF804FBDD
:1005F80000229446E7E7044A00F00F00024413760D
:100608005DF804FB00ED00E0FCEC00E0002807DBEF
:10061800044A4109012300F01F00834042F82130B9
:10062800704700BF00E100E000280CDB43090649E1
:1006380000F01F0020330122824041F82320BFF33D
:100648004F8FBFF36F8F704700E100E00138B0F1C2
:10065800807F01D30120704710B44FF0E023074C8E
:1006680058614FF0F00C84F823C00022072110468F
:100678009A615DF8044B1961704700BF00ED00E016
:10068800002808DB4309044900F01F0001226033F9
:10069800824041F82320704700E100E02DE9F04F47
:1006A80000230C68DFF8C8A185B04FF0010B89461C
:1006B80003E00133102B00F087800BFA03F202EA03
:1006C8000408A243F5D1D9F8041001F0030C5A002C
:1006D80003250CF1FF379540012F6FEA050576D900
:1006E800BCF1030F08D0C76807EA050ED9F80870EF
:1006F800974047EA0E07C76007680CFA02F23D40C8
:100708002A4311F4403F0260D3D000220392DAF862
:10071800442042F48042CAF84420DAF8442002F423
:1007280080420392039A23F0030202F1804203F00D
:1007380003070F2602F59C32BF0006FA07FC494E54
:100748009568B04225EA0C0515D006F58066B042DA
:1007580075D0454EB04278D0DFF818C160457AD0E0
:10076800DFF814C160450CBF4FF0040C4FF0070CC4
:100778000CFA07F73D4395603C4A9268CE026FEA4F
:1007880008053A4E54BF2A4048EA0202B260F268AD
:10079800364E8F0254BF2A4048EA0202F26072685D
:1007A8008E03324E54BF2A4048EA02027260326811
:1007B800C90303F101032D4954BF2A4048EA020244
:1007C800102B0A607FF479AF05B0BDE8F08F876819
:1007D80007EA050ED9F80C70974047EA0E078760BC
:1007E800476827EA080EC1F300179F4047EA0E073B
:1007F8004760C76807EA050ED9F80870974047EAC6
:100808000E07BCF1020FC7607FF476AFDF0800EB7C
:10081800870700973E6AD9F81070019603F0070E13
:100828004FEA8E0E0F2607FA0EF706FA0EFE019E05
:1008380026EA0E0E009E47EA0E0737625CE74FF085
:10084800010C0CFA07F73D4395E74FF0020C0CFA40
:1008580007F73D438FE74FF0030C0CFA07F73D43CA
:1008680089E700BF0000024000080240003C014048
:1008780000380240000C02400010024002B909048E
:1008880081617047002800F06A812DE9F041036812
:10089800DD0782B004462FD59F498A6802F00C0212
:1008A800042A00F0EF808A6802F00C02082A00F09F
:1008B800E5806368B3F5803F00F0EE80B3F5A02FC4
:1008C80000F07981944D2A6822F480322A602A68DF
:1008D80022F480222A60002B40F0E380FFF730FEEC
:1008E800064605E0FFF72CFE801B642800F2038112
:1008F8002B689F03F6D423689D0728D5864A9168FC
:1009080011F00C0F00F09280916801F00C01082999
:1009180000F08880E368002B00F010817F4B7E4E4A
:1009280001221A60FFF70CFE054605E0FFF708FEF6
:10093800401B022800F2DF8033689F07F6D5336832
:10094800226923F0F80343EAC203336023681A07D5
:1009580053D45D0730D5704A136C13F0805300F000
:10096800818000256E4E3368D80540F1B480A368B5
:10097800012B00F0C480052B00F02D81664E326FEC
:1009880022F001023267326F22F004023267002B34
:1009980040F0BA80FFF7D4FD41F28838074605E0F9
:1009A800FFF7CEFDC01B404500F2A580336F9B07C3
:1009B800F6D4002D40F00981A369D3B1564DAA6839
:1009C80002F00C02082A00F0CC80022B534B4FF0A7
:1009D80000021A6600F00981FFF7B2FD044605E03F
:1009E800FFF7AEFD001B022800F285802B689B01F3
:1009F800F6D4002002B0BDE8F08163690BB3474B21
:100A0800454E0122C3F8802EFFF79AFD054604E003
:100A1800FFF796FD401B02286DD8736F9B07F7D52B
:100A2800236896E7526851023FF574AF3A4A126854
:100A3800920744D5E268012A41D0012002B0BDE8FE
:100A4800F081364A344EC2F8803EFFF779FD0546FC
:100A580004E0FFF775FD401B02284CD8736F9F0711
:100A6800F7D4DDE70193136C43F080531364136CE0
:100A780003F080530193019B012573E74A685102F3
:100A88007FF517AF244A126892037FF535AF626885
:100A9800002A7FF431AFD0E71F4A136843F480334C
:100AA8001360FFF74DFD1C4E054604E0FFF748FDB7
:100AB800401B64281FD833689B03F7D51BE71649EA
:100AC80020690A6822F0F80242EAC0020A601A079E
:100AD8007FF53FAF91E7336843F480733360FFF7E6
:100AE8002FFD07463368D9053FF541AFFFF728FDCD
:100AF800C01B0228F6D9032002B0BDE8F081064ADF
:100B0800136F43F001031367FFF71AFD024F064600
:100B180041F288380BE000BF00380240000047422D
:100B280000700040FFF70CFD801B4045E3D83B6F89
:100B38009A07F7D5002D3FF43FAF46E0424A434EAF
:100B48001360FFF7FDFC054604E0FFF7F9FC401BC6
:100B58000228D0D833689907F7D42368F7E601202C
:100B68007047012B3FF469AF6B68E26903F48001B9
:100B780091427FF462AF226A03F03F0191427FF411
:100B88005CAF616A47F6C0721A40B2EB811F7FF40E
:100B980054AFA26A520803F44031013AB1EB024F54
:100BA8007FF44BAFE26A03F07063B3EB026F14BFDC
:100BB800012000201EE7254B1A6842F480221A60A3
:100BC8001A6842F480321A606BE7204A136C23F0EB
:100BD80080531364F0E61D4B1A6F42F004021A6743
:100BE8001A6F42F001021A678EE7FFF7A9FC064662
:100BF80005E0FFF7A5FC801B02283FF67CAF2B68B9
:100C08009901F6D4D4E90731626A0B4343EA8213A7
:100C1800D4E90A2052080C4943EA0063013A43EA3E
:100C2800024301226B600A66FFF78AFC074D0446FF
:100C380005E0FFF785FC001B02283FF65CAF2B6838
:100C48009A01F6D5D5E600BF0000474200380240B9
:100C5800164908B58B6803F00C03042B1BD0082B2E
:100C680001D0134808BD4A684B68496813F48003EB
:100C780002F03F0211D10E48C1F38811A1FB000117
:100C8800FFF786FA094B5B68C3F3014301335B0046
:100C9800B0FBF3F008BD074808BD0648C1F388114A
:100CA8000023A1FB0001FFF773FAEBE700380240CD
:100CB8000024F40000127A00002800F08780484AD7
:100CC800136803F007038B422DE9F0410D460446F3
:100CD80009D2CBB21370136803F007038B4202D01A
:100CE8000120BDE8F0812368980714D5590704D579
:100CF8003C498A6842F4E0528A601A0704D53949A7
:100D08008A6842F460428A603649A0688A6822F09C
:100D1800F00202438A60DF0721D56268012A57D0B2
:100D2800931E012B2F4B1B684DD99907D8D52D4EF3
:100D3800B36823F003031343B360FFF701FC41F2E8
:100D48008838074604E0FFF7FBFBC01B404544D842
:100D5800B368626803F00C03B3EB820FF3D1204A47
:100D6800136803F00703AB4206D9EBB2137013689C
:100D780003F00703AB42B3D123685A0706D51949D4
:100D8800E0688A6822F4E05202438A601B0707D5AC
:100D9800144A2169936823F4604343EAC1039360CA
:100DA800FFF756FF0F4A104C92681049C2F303121E
:100DB8000346A25C0E48D34000680B60FFF77AFB3D
:100DC8000020BDE8F0819801B1D489E7012070477F
:100DD800044B1B689E03AAD482E7032081E700BF67
:100DE800003C0240003802406C8A000800000020E5
:100DF80008000020044B05499B68054A0868C3F3AE
:100E08008223D35CD840704700380240000000209D
:100E1800648A0008044B05499B68054A0868C3F3BF
:100E28004233D35CD84070470038024000000020AD
:100E3800648A0008026802F10C0353E8003F23F4B7
:100E4800907302F10C0C4CE800310029F3D102F147
:100E5800140353E8003F23F0010302F1140C4CE89B
:100E680000310029F3D1036B012B05D02022002388
:100E780080F842200363704702F10C0353E8003FF7
:100E880023F0100302F10C0C4CE800310029F3D1D7
:100E9800ECE700BF0268116938B50446C068A3686A
:100EA80021F4405101432069116103436069D1680D
:100EB8000343E06921F4164121F00C0103430B437D
:100EC800D3605369A069234923F4407303438A42DA
:100ED800536105D0204B9A4202D0FFF78BFF01E007
:100EE800FFF798FFE2691921B2F5004FD4E90053E2
:100EF800A0FB010113D09A009B0FFFF749F9174A8D
:100F0800A2FB00135B09642101FB130000013230CE
:100F1800A2FB00201B0103EB5013AB6038BDDA18AD
:100F28004FF000035B41FFF733F90C4AA2FB003195
:100F38004909642303FB1103DB003233A2FB0323BB
:100F4800C3F342121B0902EB011203F4F8731344B2
:100F5800AB6038BD00100140001401401F85EB5103
:100F6800704700BF70B310B590F84130044603F0E5
:100F7800FF0213B32268242384F84130D36823F492
:100F880000532046D360FFF785FF2368196921F4D1
:100F980090411961596921F02A015961D9680022E3
:100FA8004FF0200C41F40051D960626484F841C0CC
:100FB80084F842C01046626310BD80F84020FFF7F5
:100FC800CFFFD7E701207047704700BFB8B102686C
:100FD800242310B580F84130D36823F40053044625
:100FE800D360FFF7F1FF0023636484F8403084F88E
:100FF800413084F8423018462363636310BD0120F2
:10100800704700BF90F84130202B15D101B10AB9C3
:101018000120704710B40023046801622121C284B2
:10102800436480F84110E168828441F08001E16006
:1010380018465DF8044B70470220704790F842301C
:10104800202B03D101B11AB9012070470220704743
:1010580010B4046981620023222103638285C2855A
:101068004364036880F842101CB1DA6842F4807265
:10107800DA605A695DF8044B42F001025A61DA6895
:1010880042F020020020DA60704700BF036810B504
:10109800044603F10C0252E8002F22F4907203F187
:1010A8000C0040E800210029F3D103F1140252E8B2
:1010B800002F22F0010203F1140040E8002100296A
:1010C800F3D1226B012A28D05A69520607D400238B
:1010D8002022E38584F842201846236310BD03F1DB
:1010E800140252E8002F22F0400203F1140040E8F5
:1010F80000210029F3D1E06B0028E8D00023036524
:1011080000F058FC0028E2D0E06B00F0AFFC20288B
:10111800DDD110236364032010BD03F10C0252E8F3
:10112800002F22F0100203F10C0040E800210029F2
:10113800F3D1C9E708B5806B0023C385FFF75CF9D5
:1011480008BD00BF704700BF90F84230222B49D13C
:1011580083680168826AB3F5805F44D0002B4BD165
:101168000369002B48D14B68DBB21370826A0132E5
:10117800C38D8262013B9BB2C385002B32D100B57F
:101188000268D16821F0200183B0D160D16821F4D0
:101198008071D16051694FF0200C21F0010151613B
:1011A80080F842C04363016B012929D1036302F12E
:1011B8000C0353E8003F23F0100302F10C0C4CE839
:1011C80000310029F3D11368DB0605D501911368B6
:1011D800019353680193019B818DFFF7B3FF03B01F
:1011E8005DF804FB70470369002BBCD14B68C3F35F
:1011F800080322F8023BBBE74B6803F07F03B4E720
:10120800FFF7ECF803B05DF804FB00BF70B50568A4
:101218002B68EE68696913F00F0F82B004462A46FE
:1012280013D19D0602D5B10600F1E080216B01299A
:101238003DD0180602D5310600F1AE805B0602D516
:10124800750600F1C88002B070BD11F0010140F0D0
:101258008D8016F4907FE9D0DA070BD5F00540F1C0
:101268005381626C580742F00102626440F1CD80FC
:1012780000297FD1980740F1CA80190700F103813E
:10128800626C002ADFD09A0602D5B30600F14081CD
:101298006B69626C03F0400302F0080253EA02062D
:1012A800204640F0C080FFF7A7F86664CBE7D80671
:1012B800BFD5F106BDD50023019313680193536888
:1012C8000193019B5169A38D4D0640F1E380E06BCA
:1012D8000168496889B2002900F01F81994280F0AD
:1012E8001C81E185C169B1F5807F36D002F10C031C
:1012F80053E8003F23F4807302F10C0545E8003100
:101308000029F3D102F1140353E8003F23F001034D
:1013180002F1140545E800310029F3D102F1140364
:1013280053E8003F23F0400302F1140545E800317B
:101338000029F3D1202384F84230216302F10C0301
:1013480053E8003F23F0100302F10C0545E8003193
:101358000029F3D100F02EFBA38D02226263E18DF8
:10136800591A204689B2FFF7EDFE6CE7DA0747D431
:10137800580740D5626C990742F0020262643CD576
:10138800626C42F0040262641A077FF579AF626CFE
:1013980042F00802626473E794F84130212B7FF42D
:1013A80052AFA168236AB1F5805F00F0BF80591C75
:1013B80021621B785360E38C013B9BB2E384002BD2
:1013C8007FF441AFD36823F08003D360D36843F040
:1013D8004003D36037E7D368202123F04003D3606C
:1013E800204684F84110FFF705F82CE702B0BDE865
:1013F8007040FFF7A9BE9907C2D41A07C7D43FE7C0
:10140800F0053FF52EAF5A07B4D498073ED4180715
:101418007FF536AF06F020020A43B8D1636C002B83
:101428007FF436AF0FE7FFF705FD6B695E0626D53B
:1014380005F1140353E8003F23F0400305F11401BC
:1014480041E8003262B1226802F1140353E8003F18
:1014580023F0400302F1140040E800310029F3D1E1
:10146800E06B60B1374B036500F0EEFA00283FF4FB
:10147800EAAEE06B036D02B0BDE870401847204645
:10148800FEF7BAFFDFE6B20681D4C7E700293FF4CA
:10149800F4AE75E7E08DE18D89B280B200293FF4A2
:1014A800D2AE1B1A99B200293FF4CDAE02F10C035B
:1014B80053E8003F23F4907302F10C0545E800302F
:1014C8000028F3D102F1140353E8003F23F001038D
:1014D80002F1140545E800300028F3D1202384F8F0
:1014E8004230206302F10C0353E8003F23F010035D
:1014F80002F10C0545E800300028F3D102236363AC
:101508002046FFF71FFE9EE65A073FF5B3AE7CE77D
:101518002046FFF719FE2568BAE699427FF493AE94
:10152800C369B3F5807F7FF48EAEE7E721690029B0
:101538007FF43DAF33F8021BC1F308015160236209
:1015480039E700BF3D110008036A026A22F0010270
:1015580070B40262446882690D6822F073022A43FB
:101568008D6823F002032B430B4DA84206D049682F
:101578004460826170BC416303627047CD6823F0A8
:1015880008032B43D1E9055624F44074354323F06E
:1015980004032C43EBE700BF00000140036A026A22
:1015A80022F4807270B402624468C2690D6822F045
:1015B80073022A438D6823F4007343EA05230C4D14
:1015C800A84206D049684460C26170BCC163036226
:1015D8007047CD6823F4006343EA0523D1E9055633
:1015E80024F44054354323F4806344EA0514E9E7BE
:1015F80000000140036A026A22F4805230B4026299
:101608004468C2690D6822F4E64242EA05228D6800
:1016180023F4005343EA0533074DA84206D049682E
:101628004460C26130BC0164036270474D6924F4B0
:10163800804444EA8514F2E70000014091BB90F829
:101648003E30012B3AD1022380F83E30036801F086
:101658001F01186A01228A4020EA02001862186AEB
:10166800224902438B421A6232D0B3F1804F0ED026
:101678001F4A93420BD002F58062934207D002F5CD
:101688008062934203D002F59A32934204D19A6859
:1016980002F00702062A03D01A6842F001021A6013
:1016A8000020704704290BD0082916D090F8413043
:1016B800012B03D1022380F84130C7E7012070478E
:1016C80090F83F30012BF9D1022380F83F30BDE775
:1016D8005A6C42F400425A64D9E790F84030012B22
:1016E800ECD1022380F84030B0E700BF0000014091
:1016F80000040040036810B41A6A01F01F044FF098
:10170800010C0CFA04FC22EA0C021A621E4A1C6A3A
:101718001C62934222D01C6A41F21112144204D175
:101728001C6A40F24442144213D0012329B980F8BC
:101738003E305DF8044B0020704704291DD008296D
:101748000CBF80F8403080F841305DF8044B002031
:1017580070471A6822F001021A60E6E71C6A41F233
:1017680011121442D7D11C6A40F244421442D2D119
:101778005A6C22F400425A64CDE780F83F305DF895
:10178800044B0020704700BF00000140704700BFB5
:10179800FFF754BFFFF7AEBF70B4264E4A6903681F
:1017A8008D680C68B04235D0B0F1804F1CD0A6F5DA
:1017B8007C46B04218D006F58066B04214D006F5D3
:1017C8008066B04210D01C4EB04211D006F580663B
:1017D800B0420DD006F58066B04209D023F08003F0
:1017E800C5621A4384620CE04E6823F070033343E9
:1017F800C968C56223F440730B4323F080031A437E
:1018080084620368012143F00403036070BC4161F2
:10181800026070474E6823F070033343CE68C56298
:1018280023F44073846233430969016323F080031E
:101838001A43E6E7000001400040014050B310B5EC
:1018480090F83D30044603F0FF02F3B1214602232D
:1018580084F83D3051F8040BFFF79EFF012384F80C
:10186800463084F83E3084F83F3084F8403084F8BD
:10187800413084F8423084F8433084F8443084F8A6
:10188800453084F83D30002010BD80F83C20FFF73B
:101898007DFFDBE701207047036A026A22F010022D
:1018A80070B40262446882690D6822F4E64242EA32
:1018B80005228D6823F0200343EA05130C4DA84246
:1018C80006D049684460826170BC816303627047D6
:1018D800CD6823F0800343EA0513D1E9055624F4C3
:1018E8004064354323F0400344EA8504E9E700BF38
:1018F8000000014038B590F83C30012B57D0012347
:1019080004460D4680F83C300C2A08D8DFE802F07F
:101918001E0707072E0707073F0707070C000120C8
:10192800002384F83C3038BD0068FFF763FEC369C4
:101938002A6943F40063C361C36923F48063C36104
:10194800C36943EA0223C3610020E9E70068FFF79F
:10195800FBFD83692A6943F008038361836923F0E7
:1019680004038361836913438361EDE70068FFF72C
:1019780093FF83692A6943F400638361836923F4CD
:1019880080638361836943EA02238361DCE700683B
:10199800FFF704FEC3692A6943F00803C361C369FA
:1019A80023F00403C361C3691343C361CCE7022076
:1019B80038BD00BF70B50446866DFEF7C1FD94F8CA
:1019C8003530022B06D080236365002384F8343039
:1019D800012070BD23681A6822F016021A605A693D
:1019E80022F080025A61226C054642B31A6822F03E
:1019F80008021A601A6822F001021A6005E0FEF770
:101A08009FFD431B052B10D823681B6813F00103A7
:101A1800F5D1E16D3F228A40184601210023B260CA
:101A280084F8351084F8343070BD032320226265B1
:101A3800184684F83530002384F8343070BDA26C21
:101A4800002AD3D1D6E700BF90F83530022B03D057
:101A580080234365012070470268052380F83530EC
:101A6800136823F00103002013607047406D70472E
:101A780000F0F8B808B500F093F930BFFDE700BFF3
:101A880011B10860012070470846704778B170B5F9
:101A98000D46164604464FF4B262002106F01BFDBF
:101AA800324629462046BDE8704004F07FBE7047A4
:101AB80008B104F0BFBE70472DE9F04188B0064672
:101AC80017460C4620220021684606F004FD002E29
:101AD80041D0002C3FD096F88505D4E90423A0B363
:101AE800D6F88805D6F88C15994208BF904206F5B5
:101AF800B26830D0CDE90023D4E90D212346C6E9E8
:101B0800AE2133F8022BD4F8020003920490104659
:101B1800A269029201259A889B79ADF8142006A93A
:101B28008DF816308DF81C50FFF7AAFF3A468DF84D
:101B38001D003046D4E90467694648E9026705F0A4
:101B48008BF8284608B0BDE8F08152EA0301F9D0C5
:101B580006F5B268CEE7002008B0BDE8F08100BF06
:101B6800C0B170B50D46044604F098FF284602F04F
:101B780025F928B929462046BDE8704005F070BE11
:101B880002F0BAF82B4620460A22BDE8704006212A
:101B980004F0EABD704700BF08B105F0D3BE704736
:101BA800704700BF1C4A1D4B116B41F0020182B007
:101BB8001163116B01914FF4C02001999861D968A4
:101BC800174821F03C0141F02801D960596821F0FB
:101BD80006015960196821F03C0141F014011960AF
:101BE800136C43F003031364136C01934FF0804CA0
:101BF8000021019BCCF83C10C163DCF8203023F4B1
:101C08008073CCF82030036A23F480730362BFF337
:101C18004F8F02B0704700BF0038024000040240F6
:101C28000004004010B59AB004464422002109A8D7
:101C380006F051FC002341F2BF21602208A8CDE93B
:101C48000333CDE9053302930B910192079308946E
:101C5800FFF7F4FD082201A908A8FFF74BFE1AB008
:101C680010BD00BF70B58AB02A4B002401941A6BCE
:101C780042F002021A631A6B02F002020192019A00
:101C880002941A6C42F001021A641A6C02F0010202
:101C98000292029A03941A6C42F002021A641B6CB4
:101CA80003F002030393039B00F03AF81A490894DF
:101CB8004FF4C0228A6102250623012604A916488A
:101CC8000493CDE905650795FEF7E8FC04A94FF4F0
:101CD8008062022310480896CDE90423CDE9064521
:101CE800FEF7DCFC0122022304A90B480694CDE987
:101CF8000423CDE90755FEF7D1FC4FF08040FFF7EC
:101D080091FF0648FFF78EFF0AB0BDE8704000F06B
:101D180047B800BF003802400004024000040040F9
:101D28001C4A1D4B116B41F0020182B01163116B0B
:101D380001914FF4C02001999861D968174821F0A2
:101D48003C0141F02801D960596821F00601596029
:101D5800196821F03C0141F014011960136C43F03B
:101D680003031364136C01934FF0804C0021019B13
:101D7800CCF83C10C163DCF8203023F48073CCF835
:101D88002030036A23F480730362BFF34F8F02B0DD
:101D9800704700BF003802400004024000040040C1
:101DA800FFF7BEBF08B568B90B490C480122FFF719
:101DB80045F908B9012008BD094AD3690133002053
:101DC800D36108BD0548FFF761F90028ECD0044A43
:101DD800936901339361E7E7900600209806002095
:101DE80014060020F0B5282287B000213548364D6A
:101DF800002406F070FB354800F0C6FACDE901442E
:101E0800CDE90344009405942B6B314843F0040357
:101E18002B632B6B03F00403224600934FF480716D
:101E28000227009B0126FEF729FD4FF480732848FE
:101E3800039401A9CDE901360497FEF72FFCC023CE
:101E48002348019301A908230593CDE90347029785
:101E5800FEF724FC01946B6C43F020036B646B6CFD
:101E680003F020030193019A1A4A1B4B13604FF4A5
:101E7800E133536010460C23C2E90244C2E904432B
:101E8800C2E90644FFF76EF810B1002007B0F0BDB4
:101E9800024605214720FEF77DFB4720FEF7B6FBEB
:101EA8000E490C483246FFF7C9F810B9304607B05A
:101EB800F0BD044AD36947203344D361FEF7B4FB2D
:101EC800E3E700BF14060020003802404006002067
:101ED80000080240980600200014014090060020E7
:101EE80008B54720FEF7A0FB1048FFF7CFF80F48CA
:101EF800FFF76CF808B1002008BD0C48FFF732F86E
:101F08000028F8D10A4800F03FFA4720FEF77EFB88
:101F1800084906480122FFF791F808B9012008BDD1
:101F2800054AD3690133D361E5E700BF980600206D
:101F38004006002090060020140600200148FFF704
:101F480065B900BF9806002038B50446D0B1EFF354
:101F5800108572B60C4800F0ABFA8646BEE80F0052
:101F6800A446ACE80F00BEE80F00ACE80F00BEE8DE
:101F78000F00ACE80F009EE80F008CE80F0005B9D1
:101F880062B6012038BD00BF4006002028B1114BC1
:101F980002689A4202D000207047704710B50E4C74
:101FA800236801332360FEF7CBFA0C49034601226C
:101FB8000B4800F0EFF909490A480122FFF73EF8FB
:101FC80008B9012010BDE36901200344E361FFF76C
:101FD800E9FEF6E7001401401406002090060020F0
:101FE800400600209806002028B1174B02689A4244
:101FF80002D000207047704710B5144B446C5A68E3
:1020080090F842101C6201325A60426C5962120701
:1020180002D59A6801329A60426C540702D5DA6890
:102028000132DA60426C910702D51A6901321A61ED
:10203800426CD20702D55A6901325A610120FFF772
:10204800B1FE012010BD00BF00140140140600209D
:10205800B0B170B50D4649B116464FF6FE73013A58
:102068009A4203D80446FFF711F808B1002070BD62
:10207800B2B229462046FEF7C5FF18B9012070BD47
:1020880000207047054906480122FEF7D7FFB0FA3D
:1020980080F14909034800F0C7FEE7E7200800205F
:1020A80028080020E00600200A4602480221FEF720
:1020B800E5BB00BF0000024000286ED02DE9F041CA
:1020C800014688B03848394E002400F0C5FB38482E
:1020D80000F050FECDE90344CDE90544029407948D
:1020E800336B344843F001033363336B03F001036C
:1020F8002246029302210225029B0127FEF7BEFB1E
:102108002C4803A9CDE90357CDE905454FF00C0844
:10211800FEF7C4FA07232748049503A90695264D18
:1021280007930594CDF80C80FEF7B8FA234B244AA0
:102138001D492448009500F0B5FDC5E90244C5E9EC
:1021480006440394C5F814802C61336C1E4A43F48A
:1021580000333364336C03F40033039328464FF49D
:10216800E133C5E900230399FEF7FCFE18B100200E
:1021780008B0BDE8F081024605212620FEF70AFADC
:102188002620FEF743FA11493A462846FEF756FF3D
:1021980028B9384608B0BDE8F081002070472620ED
:1021A800FEF742FAE3E700BF4C0700200038024080
:1021B800E0060020000002402808002059200008FE
:1021C800B120000838070020004400402008002003
:1021D8000148FFF71BB800BF2808002070B5194B4D
:1021E80090B026205E68FEF71FFABFF35F8F3F228C
:1021F8006946154800F0ECFD0546134800F036FE28
:102208000446BFF35F8F710606D455B9A2070FD4F1
:10221800E30712D410B070BD2620FEF7F7F9002DA1
:10222800F4D02A460948694600F022FBA207EFD5F8
:10223800074800F08BFD10B070BD054800F072FD36
:1022480010B070BD00E100E0E00600204C0700205F
:10225800380700200146014800F04CBB4C0700201D
:1022680010B50446084800F033FB08B9002010BD3B
:10227800054800F037FB0028F8D121460248BDE8A0
:10228800104000F0B7BB00BF4C070020014800F029
:102298001BBD00BF3807002028B10D4B02689A42C9
:1022A80002D000207047704710B50A4C0A482178C0
:1022B80000F070FD012221460848FEF7BFFEB0FA83
:1022C80080F14909044800F0AFFD012010BD00BFAE
:1022D8000044004020080020E006002028080020D4
:1022E800E0B108B502680E4B9A4201D0002008BD43
:1022F80000220C480221FEF7C1FA0B48012100F028
:10230800A9FD012209490A48FEF798FEB0FA80F1B2
:102318004909054800F088FD012008BD704700BF45
:102328000044004000000240E00600202008002091
:1023380028080020E0B108B502680E4B9A4201D087
:10234800002008BD00220C480221FEF797FA0B482E
:10235800022100F07FFD012209490A48FEF76EFEBE
:10236800B0FA80F14909054800F05EFD012008BD7A
:10237800704700BF0044004000000240E006002013
:10238800200800202808002018B15022002106F05B
:10239800A2B87047002800F08A80002900F08780E2
:1023A800002A00F084802DE9F041013A82B01F46EE
:1023B80004464D1E8E184FF0000809E0FD2820D075
:1023C800226BE36B013201332263E363B5421DD014
:1023D800A26815F8010F002AF0D0511C0729A05453
:1023E800A160F3D101AA2046ADF8048000F05EFD9B
:1023F80090B304280DD005280ED1A36B0133A36335
:102408000AE00123B5422070A360E1D102B0BDE823
:10241800F081636B01336363A268D4F83CC0012A7E
:1024280041D92346012102E0013191420FD013F82E
:10243800010FFD28F8D10CEB01038A42E36308D9A8
:10244800521AA2602144204606F02CF8BEE76144E7
:10245800E1630023A360B9E72346A28853F8121B5F
:10246800C4F81210A17999719A80E36ABDF8040042
:1024780053B1226C616CBA1A09B18A4200D2626403
:10248800A16C8A4288BFA2640133C4E90A73236A33
:10249800208201332362636A276443F10003636285
:1024A8000023A36092E70CF10103E363D1E77047CF
:1024B80000B11030704700BF2DE9F0410C4684B0E0
:1024C80015460127064600222946204698468DF8DB
:1024D8000870039205F086FAA8B95EB1062C0DD0F3
:1024E800052C0CD1012D19D0AB1E012B07D8B8F53E
:1024F8007F4F2FD0384604B0BDE8F081EDB10620FB
:1025080004B0BDE8F0810A9B00932A464346214661
:10251800304605F081FA04B0BDE8F081B8F57F4F88
:102528001DD0B8F1000F13D12B460A9A8DF8083048
:1025380002A9304604F0D2F9E2E707230A9A8DF897
:10254800083002A93046CDF80C8004F0C7F9D7E767
:102558002846D5E7032D14BF09230823E5E70346DA
:10256800E3E700BF70B513460C4615460A4601213D
:10257800064605F007FF30B936B12DB124B996F8F3
:10258800943013B92C80012070BDB6F87840F9E773
:102598002DE9F8430C4617460A46002180461E4698
:1025A80005F0F0FE60BB0546B8F1000F29D046B330
:1025B80001F0E0FD814620B3A4F10B03062B1AD9E4
:1025C800A4F11403032B1FD9242C1AD8DFE804F034
:1025D800BCB0ACA8A4A09D95928F731919191919AC
:1025E8001919706C19191919686460574E4A4642CE
:1025F8003E3734312F0008EB040090F85D3033800B
:1026080001252846BDE8F883C4F11704D8F85C1002
:10261800D8F858302401C4F12002E34001FA02F24C
:10262800203C134321FA04F423433380E8E737803E
:10263800E6E73A0C3280E3E700233380E0E798F8D6
:102648009430002BDBD0B8F87830D8E7D8F8A4302D
:102658003380D5E7B8F8A6303380D1E7D8F8A03072
:102668003380CDE7B8F8A2303380C9E7D8F8AC207A
:102678004FF6FF73934228BF13463380C0E7D8F85C
:10268800A8204FF6FF73934228BF13463380B7E75D
:10269800B8F8B0303380B3E7D8F860303380AFE7AC
:1026A800B8F862303380ABE790F820303380A7E782
:1026B800C37F3380A4E73946404604F0F5F899F81B
:1026C8001C3099F81D1099F81E209B0043EAC1039D
:1026D80098F8941043EA410343EA021398F84C200F
:1026E80003439BB2002A3DD143F0200387E7438B85
:1026F800338085E7038B338082E742684FF6FF73A8
:10270800934228BF134633807AE70378338077E70C
:1027180098F80330338073E798F8023033806FE716
:1027280098F8013033806BE798F80030338067E71A
:1027380098F874309BB1D8F864204FF6FF73934231
:1027480028BF13469BB25AE798F874303BB198F803
:10275800753023B1D8F87030B3F5803FF2D34FF617
:10276800FF734CE743F0600349E700BF436A072B58
:1027780071D970B50446051D461D0621284600F08E
:10278800B9FB62892379824211D0012B04D1D4F894
:10279800B4300133C4F8B430D4F8BC30626A0133C1
:1027A800012AC4F8BC302CD80023636270BD012B09
:1027B80013D0D4E92E13626A01310833082AC4E918
:1027C8002E13F1D9083A626204F10C01284605F08B
:1027D80069FE636A072BD0D870BDD4F8B020617940
:1027E80001320529C4F8B02012D0A36C032B1FD9DD
:1027F800D4F8C4300133C4F8C430626A082AD3D983
:10280800E0E7013A62623146284605F04BFEE0E710
:10281800E288B2F5807FE8D12289002AE5D194F8D0
:1028280054208AB1D4F8C8300133C4F8C830E4E77A
:1028380005332868696844F8330004EBC302516023
:10284800A36C0133A364D8E72A6869682165E26448
:1028580084F85430D1E7704748B138B504460D467E
:10286800D0220021043005F036FE256038BD7047BF
:1028780068B361B35AB3013A2DE9F04705464E1ED5
:102888008F184FF01F0A00F1050900F104080AE04B
:10289800621C2C4416F8013F237128466A62FFF730
:1028A80065FFBE4211D06C6A202CF1D1D5F8BC303E
:1028B800C5F824A001331F22C5F8BC30494640465C
:1028C80005F0F0FD22461F24E3E7BDE8F0877047D6
:1028D80010B5044628B1FFF749FFA06C003818BFAF
:1028E800012010BD10B5044618B1FFF73FFF94F85A
:1028F800540010BD2DE9F04184B040B1036804468E
:102908002BB10D46FFF732FF94F8546026B9002624
:10291800304604B0BDE8F0810095E06C216DB4F854
:102928004E2002AB03C3B4F8503094F84D10206821
:10293800002552BA5BBA9BB292B284F85450FFF7A2
:10294800BBFDD4F8CC30A26CA5641344C4F8CC30D9
:1029580094F8AC30002B39D100283DD048F201530F
:102968000128A4F8853004F1850841D006280CBF59
:102978000223042384F887300321404600F0BAFA82
:10298800030A84F88930D4F8C03084F88800052216
:102998000133C4F8A820C4F8C03094F88450012743
:1029A80084F8AC70002DB3D1D4F8A820414604F1C6
:1029B8005D0005F0BDFDD4F8A830C4F8803084F877
:1029C8008470C4F8A85084F8AC50A1E7D4F8D0308B
:1029D8000133C4F8D0309BE702AB03CB082304F1E2
:1029E8008508C4F88500C4F88910C4F8A830D4E76D
:1029F8000323BFE700285FD02DE9F047036884B0C0
:102A0800044643B10D46FFF7B1FE94F8543013B9AC
:102A180094F884301BB1002004B0BDE8F08720464C
:102A2800FFF7A4FEA16C0029F5D0A26AC4F85520CE
:102A38000129E26AC4F8592004F1550604F1280373
:102A48000CD00122194653F8080FD3F804C0C1F876
:102A580004C00860A16C01329142F3D894F8568002
:102A6800A8F103030139012BA16464D9A8F1050376
:102A7800012B23D9012568F07F0884F85D5084F87C
:102A88005E8084F85F50032104F15D0000F032FAA3
:102A9800D4F8C03084F86000010A05222B4484F879
:102AA8006110C4F8802084F88450C4F8C0302046EF
:102AB800FFF75CFE0120AFE700207047B4F857A08D
:102AC800B4F859309AFA9AF7BFB25BBA3946404619
:102AD8001FFA83F904F086FF98B9B8F1060F0DD0F4
:102AE8007B1E022B0DD9012568F07F08022384F88C
:102AF8005D5084F85E8084F85F30C4E7BAF1000F57
:102B0800F1D1009520684B463A464146FFF7D4FC80
:102B180000285FD0012800F0908006280CBF02230F
:102B28000423012568F07F0884F85D5084F85E80EE
:102B380084F85F30A7E7B4F85990B4F8577099FA59
:102B480099F91FFA89F909F1FF337FBA0A2BBFB245
:102B580068D84FEA490A264604EB490913E00DF103
:102B68000E032A46FFF714FD0137B0B1BDF80E3049
:102B780086F861301B0A86F860300236B14537D0D6
:102B8800B7F5803F09D0B8F1030F2068B9B2E6D194
:102B98000DF10E02FFF7E6FCE6E7012568F07F0875
:102BA800022384F85D5084F85E8084F85F30032146
:102BB80004F15D0000F09EF9D4F8C03084F860009C
:102BC800010A052284F86110C4F8802084F8845032
:102BD8002B446AE77168D4F85500C4F85D000822F0
:102BE8000123C4F86110C4F8802084F884305EE7BB
:102BF80004F15D0501260AF105030AF103072846D9
:102C080084F85D6084F85E8084F85FA0C4F8803042
:102C1800394600F06FF9E8555544000A287184F8E0
:102C2800846044E70321012568F07F0884F85D503B
:102C380084F85E8084F85F10BAE7032371E700BF69
:102C480048B149B190F8843023B1D0F880300B6096
:102C58005D307047184670470846704770B138B500
:102C680090F8AC300025044680F88450C0F88050B5
:102C78002BB92046BDE83840FFF778BD7047D0F83B
:102C8800A82000F185015D3005F052FCD4F8A82099
:102C9800C4F88020012384F88430C4F8A85084F84C
:102CA800AC50E6E710B4019C50B1C0E90012002115
:102CB800C0E9023401611AB120465DF8044B10479F
:102CC8005DF8044B704700BF40B330B50446006858
:102CD80083B028B163681BB1A3680BB1237C1BB117
:102CE8000021084603B030BD01A9FFF7A9FF05463A
:102CF8000028F5D06368E068012198472946A36851
:102D0800019AE0689847014620B1012308462374D8
:102D180003B030BD6368E0689847E1E700210846E2
:102D2800704700BF80B1436810B5044623B1C0683E
:102D380000219847237C03B910BD00232068237421
:102D4800BDE81040FFF78ABF704700BF80B14368F5
:102D580010B5044623B1C06800219847237C03B905
:102D680010BD002320682374BDE81040FFF776BF2C
:102D7800704700BF68B110B540220021044605F035
:102D8800AAFB002323646364A364E3642365636587
:102D980010BD7047C8B1026CBFF35B8F531C03F0C2
:102DA8003F03D0F844C0BFF35B8F634505D081541F
:102DB800BFF35B8F036401207047483050E8003F41
:102DC800013340E80032002AF8D10020704700BFE4
:102DD80070B5864610B111B30AB9104670BD436C80
:102DE800BFF35B8F056CBFF35B8F9D4219D0013A2F
:102DF8008E1801F1FF3C5C1C1EF80300624604F0CB
:102E08003F030232AB420CF8010FA2EB010001D0E4
:102E1800B445F0D1BFF35B8FCEF8443070BD08469F
:102E280070BD0020F6E700BF50B100F14C0353E835
:102E380000CF0CF1010C43E800C2002AF7D101B120
:102E48007047503050E8003F013340E80032002A14
:102E5800F8D1704748B1BFF35B8F543050E8003F5A
:102E68000B4340E80032002AF8D1704760B1BFF345
:102E78005B8F00F15403002253E8000F43E8002160
:102E88000029F9D1BFF35B8F704700BF60B151B122
:102E98000139431E4218002013F8011F934280EAAB
:102EA8000100F9D170470846704700BFE0B170B51E
:102EB8001546DAB1072911D10378FD2B04460FD145
:102EC80005214679FFF7E2FF86420BD1A379FE2B55
:102ED8000ED1B4F801302B80002070BD022070BDE7
:102EE800032070BD042070BD01207047012070BD13
:102EF800052070BD8446E0B1C9B100B500EB010EF4
:102F08004FF6FF701CF8013B0822584000F00103FF
:102F180003EB830103EB413383EA5000531E13F0A4
:102F2800FF0280B2F2D1E645ECD15DF804FB084619
:102F3800704770470120704748B91D4B5B6903F023
:102F48000603062B0A46014609D000207047184B95
:102F58005B6903F00603062B4FF00002F5D14FF032
:102F68008043186A10F4807014D010B4114C206A91
:102F780010F480700BD0186810F0010007D020689A
:102F880010F0010003D0D86B904204D000205DF807
:102F9800044B70477047E26B8A42F7D1DB6B23B171
:102FA800E06BB0FA80F04009F1E70120EFE700BFDD
:102FB8000004024000040040F0B5044689B00D4604
:102FC800164600214822CDE90211CDE90411CDE9C8
:102FD80006111F4605F07FFA41F2BF22E260256024
:102FE800602220460192FEF729FC20B1084B1E7092
:102FF800002009B0F0BD082201A92046FEF77AFC9E
:1030080010B9012009B0F0BD014B1F70F0E700BFF7
:103018007008002010B5FDF7EDFE1B4B9B6813F4FC
:10302800E05F1A4B18BF4000984201D0002010BD45
:103038004FF08042906A0028F8D1154CA16A002907
:10304800F5D1D36A41F2BF208342EFD1E06A9842BA
:10305800ECD1D36903F07003602BE7D1E36903F087
:103068007003602BE2D1136A13F40073DED1216A76
:103078008905DBD4D3695B07D8D4E069C0F3800045
:1030880080F00100C0B210BD0038024000D8B80579
:10309800000400402DE9F0474FF08044A44FA54DAF
:1030A8000026814688463E70FEF73AFE236823F0E4
:1030B800010323602B6823F001032B6026612E6136
:1030C800BFF34F8F9C4B93F800A0BAF1000F41D08B
:1030D80008F1FF339BB241F2BE22934227D8FFF793
:1030E80029FF0646002848D008219448FEF752FBDD
:1030F800082106469248FEF74DFB002E40F0D98085
:1031080000283CD00B233B70FEF70AFE4FF08042AC
:10311800884B116821F0010111601968002021F025
:103128000101196010611861BFF34F8F0FE0082388
:103138003B70FEF7F5FD236823F0010323602B683D
:1031480023F001032B6026612E61BFF34F8F00200F
:10315800BDE8F08707233B70FEF7E2FD236823F004
:10316800010323602B6823F001032B60C4F810A02F
:10317800C5F810A0BFF34F8FE9E70923D8E76F4BD5
:103188001B68D8636E4B1B68D86301236062686252
:1031980063616B6120612861BFF34F8F694B5B6985
:1031A80013F0060F40F08380E36B002B7FD1EB6BAD
:1031B800002B7CD1636A002B79D16B6A002B76D106
:1031C8004FF080452B6ADA0571D45A4E336ADB0515
:1031D8006DD42B68DC076AD4336813F0010A66D112
:1031E80056480821FEF7D4FA0446002865D1544809
:1031F8000821FEF7CDFA002872D1BFF34F8F514B4B
:103208005B6913F0060F56D1EB6B002B53D1F36BB0
:10321800002B50D12B6AD8054DD5464D2B6AD905C0
:1032280049D54FF080463368DA0744D52B68DB0769
:1032380041D5DFF810A16FF0010300247462012268
:103248006C620621336150462B61FDF717FBBFF313
:103258004F8FDAF8143003F00603062B56D1374B9C
:103268001A68374B1B68B9F1000F4AD0D463C3F80A
:103278003C80BFF34F8F41464846FFF75DFE04464A
:1032880000287FF465AF32233B70FEF749FD4FF00D
:103298008042284B116821F001011160196821F062
:1032A8000101196014611C61BFF34F8F4FE72D2393
:1032B80029E70A2327E7302325E72E233B70FEF76B
:1032C8002FFD2B6823F001032B60336823F00103E3
:1032D8003360C5F810A0C6F810A0BFF34F8F36E7CB
:1032E8002F233B70FEF71CFD2B6823F001032B6096
:1032F800336823F0010333602C613461BFF34F8FCF
:1033080025E7C2F83C80C3F83C90B2E731233B7014
:10331800FEF706FD336823F0010333602B6823F0C2
:1033280001032B6034612C61BFF34F8F0FE700BF9F
:10333800700800200004004004090020BC08002098
:10334800740800200004024008B5FEF7E9FC4FF0BD
:103358008042074B116821F00101116019680020B3
:1033680021F00101196010611861BFF34F8F08BD8A
:10337800000400400F4B586910F0060018D14FF0B8
:103388008043DA6B9AB90C49C86B88B91A6A12F487
:1033980080720CD1086A10F4807007D11B68DB07B3
:1033A80005D40868C04300F0010070471046704714
:1033B8000020704700040240000400402DE9F0435B
:1033C8006C4E6D4B6D4D6E4F4FF0000885B086F812
:1033D80000801A6B85F8008042F002021A631A6CAA
:1033E80042F003021A641A6B03921A6C039B4FF0A3
:1033F800804453400393039BFEF792FC236823F019
:10340800010323603B6823F001033B60C4F810808C
:10341800C7F81080BFF34F8F5A4B5B484FF4C02258
:103428009A615A6822F006025A609A6842F03C0291
:103438009A60DA6822F03C0242F02802DA601A68E0
:1034480022F03C0242F014021A601A6822F4401278
:1034580042F400121A605A6822F480625A609A682C
:1034680042F440129A60DA6822F44012DA605A6A2A
:1034780022F4706242F480725A621A6822F00302DF
:1034880042F002021A605A6822F001025A609A68F1
:1034980042F003029A60DA6822F00302DA601A6ADC
:1034A80022F00F0242F002021A6221460223012290
:1034B800FFF782FD18B33548042303223946FFF786
:1034C8007BFD8146E0B1FEF72BFC236823F0010366
:1034D80023603B6823F001033B60C4F81080C7F801
:1034E8001080BFF34F8FFFF795FD8046E0B1FFF7DF
:1034F80041FF60B301232B7005B0BDE8F08381461E
:10350800FEF70EFC236823F0010323603B6823F0D9
:1035180001033B60C4F81090C7F81090BFF34F8FB9
:10352800002005B0BDE8F08305233370FEF7F8FBF3
:10353800236823F0010323603B6823F001033B6009
:10354800C4F81080C7F81080BFF34F8FE8E7062350
:1035580001903370FEF7E4FB2368019823F0010320
:1035680023603B6823F001033B6020613861BFF3AF
:103578004F8FD5E77008002000380240040900206A
:103588000004004000040240BC0800207408002029
:1035980001460120FFF77EBD01460020FFF77ABDF6
:1035A800014B1878704700BF7008002070B50E46B0
:1035B800044648B32C4BDD6B2C4B1B786BB1FFF7E3
:1035C800B9FC50B1ADB245B1731E9BB241F2BE22F7
:1035D800934202D8FFF71EFDD0B9254B32221A704C
:1035E800FEF79EFB4FF080421F4B116821F001014E
:1035F80011601968002021F001011960106118613B
:10360800BFF34F8F002070BD4FF08043DD6BD3E7D1
:1036180029462046FFF790FC0028DED0FCB1124B6B
:10362800DE63BFF34F8F20463146FFF785FC044623
:103638000028E8D10E4B32221A70FEF771FB4FF0CA
:103648008042094B116821F001011160196821F0CD
:103658000101196014611C61BFF34F8FD2E74FF06D
:103668008043DE63DDE700BF00040040040900205A
:103678007008002038B50C4640B9A9B1FFF7CAFC5C
:1036880080B12146BDE83840FFF756BC51B9054620
:10369800FFF7C0FC30B12C4621460020BDE8384079
:1036A800FFF74ABC002038BDBDE83840FFF762BECE
:1036B8000A4B002210B5DA601968094C21F00101A3
:1036C800196032201A615A622270FCF7ADFF32206D
:1036D800FCF7D6FFBFF34F8F10BD00BF000C0040B2
:1036E80007090020F0B53149314E324C324A334D8A
:1036F800002383B008603370237013702B70002888
:1037080051D02F4F2F49386C40F008003864386C7E
:1037180001900198CB60086820F0010008600B61F7
:1037280032204B621370FCF77FFF3220FCF7A8FFB2
:10373800BFF34F8FFDF75EFBBB68234A13F4E05FCE
:1037480018BF4000A0F51C53103B934226D81F4BCE
:103758001F4A00FB03F3B2EB331F1FD31D4A194B5B
:10376800A2FB0020400B1C4A013810600C221A6092
:10377800012600224FF0FF315A609A609A611A625E
:103788009862D96232205A6304215E611A61FCF79B
:1037980001FF304626702E7003B0F0BD122333703F
:1037A800002003B0F0BD11233370F9E710090020A1
:1037B8000509002008090020070900200609002043
:1037C80000380240000C0040FFFF0F27917EFB3AB3
:1037D800B88D06005917B7D10C090020034B18788B
:1037E80018B1034B186800F0010070470709002062
:1037F800000C0040024B187808B1024B187870474B
:103808000809002006090020014B1878704700BFFE
:1038180005090020314B70B51B68314C2269002B1B
:1038280045D0304E357845B391051AD52E492F4AE3
:10383800192008700021117002209847284B002297
:10384800DA60196821F00101196032201A615A62A0
:103858003270FCF7E9FE3220FCF712FFBFF34F8FFE
:1038680070BD12F0010020D112F00202E5D11E490C
:103878001A2008701D490A70DEE71C491A4A0D70A3
:103888000220182111709847E560236823F001038E
:1038980023603220256165623570FCF7C5FE322051
:1038A800FCF7EEFEBFF34F8F70BD0120C5E70E4950
:1038B8000E4A1B2008701370E3602268094922F041
:1038C800010222603220236163620B70FCF7ACFEB8
:1038D8003220FCF7D5FEBFF34F8F70BD10090020D2
:1038E800000C0040070900200509002006090020F7
:1038F80038B5104B104D1B7800222A707BB10F4B46
:103908001C7864B10E4A126940F203231A420BD1A3
:103918003220FCF77BFEBFF34F8F204638BD1623BD
:103928002B700024204638BD17242C70FFF772FF37
:103938002C70F6E707090020050900200609002079
:10394800000C0040F8B51F4B1C78002C38D01E4BDB
:103958001C78002C34D01D4F3C78002C30D1831EAD
:10396800802B05462CD81A4EF460336823F00103E7
:1039780033603220346174623C70FCF755FE3220AB
:10398800FCF77EFEBFF34F8F04233360114B05EB2A
:1039980085001B68B36240004FF0FF33F3620A38BA
:1039A800012303227063746273613461F2603B70B7
:1039B800336843F001033360BDE8F840FFF798BF70
:1039C8000020F8BD0809002006090020070900208A
:1039D800000C00400C09002070B51E4D1E4C2B78C1
:1039E800616A626B23B32368DB0721D51B4B1B7805
:1039F800F3B1831E802B1BD8266940F203231E4097
:103A080024D18A1A002A15DB154B30461B689847C3
:103A1800E660236823F00103236032202661666292
:103A28002E70FCF701FE3220FCF72AFEBFF34F8F01
:103A3800002070BD00EB80000A3901EB4001616392
:103A4800BFF34F8FBDE87040FFF752BFFFF7E2FEAC
:103A5800EEE700BF07090020000C0040060900201F
:103A68001009002010B50446FFF76EFCFFF720FE92
:103A7800044A0549054B0020107001220C701A7089
:103A880010BD00BF6C090020150900201409002092
:103A980010B5FFF759FCFFF70BFEFFF74BFA0E4C7A
:103AA80080F001006077FFF765FCA07718B1FFF799
:103AB80095FE40B910BDE37F1BB942F60403A4F894
:103AC8001F30042010BDE37F1BB942F60313A4F88E
:103AD8001F30032010BD00BF1809002038B5054667
:103AE800FFF728FA2F4C80F001006077FFF742FCBF
:103AF800A077C0B1022D42D02378052B0AD08DB310
:103B0800012D4FF0000034D003220023A270A361DE
:103B1800237738BD002DF3D104220023A270284654
:103B2800A361237738BDFFF70FFCFFF703FA80F096
:103B380001006077FFF71EFCA077FFF731FDE37FF8
:103B480073B900284FF0040508BF22200322002380
:103B580084F82000E577A2702846A361237738BD52
:103B68000420D1E701220023A2702846A36123770D
:103B780038BD02220023A270A361237738BDFFF766
:103B880043FEE27F03464AB900284FF0030208BF0C
:103B98002C231046E27784F82030B6E7032002464B
:103BA800B3E700BF1809002070B515461C46B0B928
:103BB8004B1EB3F5347F2BD252B34CB3108045F66D
:103BC800BF53024641F2BF20E1FB003218461146BE
:103BD800002345F6C052FCF7DBFA208016E00128E6
:103BE80016D14B1E632B12D88AB184B1002641F23C
:103BF800BF2245F6BF503346E1FB0203194645F69E
:103C0800C0520023FCF7C4FA28802680002070BD2B
:103C1800012070BD70B5324C324EFFF795FB24225F
:103C28000021204604F057FC2F49304A304B00252C
:103C38000D70157002221A703570FFF77BF980F04D
:103C480001006077FFF796FBA077FFF7B7FB80B11D
:103C58002848FFF747FD58B301233370FFF76AF987
:103C680080F001006077FFF785FBA077C0B1284698
:103C780070BDFFF769FBFFF75DF980F00100607721
:103C8800FFF778FBA077FFF78BFCE37F33B9A842F7
:103C980008BF2C200423E37784F82000042070BD9B
:103CA800E37F002BFAD141F60443A4F81F30F5E76F
:103CB800FFF74AFBFFF73EF980F001006077FFF756
:103CC80059FBA077FFF7A0FDE37F33B9002808BFB1
:103CD8002C200323E37784F82000032070BD00BF65
:103CE80018090020160900206C090020140900207A
:103CF800150900206D3A000870B5EFF3108672B60A
:103D0800BFF35F8F254B264C00251D70FFF71CFB6A
:103D1800FFF7CEFC234A244B15700222C4E9015553
:103D2800C4E903552570A56125771A70FFF702F9D4
:103D380080F001006077FFF71DFB0546A077FFF7CD
:103D48004DFD2DB1D8B9BFF35F8F86F3108870BDD4
:103D5800E37F1BB942F60423A4F81F30FFF7F4FAF7
:103D6800FFF7E8F880F001006077FFF703FB0346F0
:103D7800A3770420BFF35F8F86F3108870BDE37FBD
:103D88001BB942F60333A4F81F30FFF791FC032058
:103D9800BFF35F8F86F3108870BD00BF6C090020E9
:103DA800180900201409002015090020024B187872
:103DB8000130C0B2704700BF6C0900202DE9F04106
:103DC800654C23783BB1654A002310782370BDE821
:103DD800F041FFF783BE03F0FF070546FFF7AAF897
:103DE8005F4E80F001007077FFF7C4FA2378B07750
:103DF80003F0FF0833B1594B18782770BDE8F0413C
:103E0800FFF76CBE337F13BB002841D0FFF7E6FCF9
:103E180070B9FFF7EFFC0346002837D12278002A53
:103E28005BD04E4A10782370BDE8F041FFF756BECC
:103E3800FFF78AFAFFF73CFCF37F0322B2701BB945
:103E480042F60313A6F81F300320BDE8F081FFF700
:103E5800D1FC034690BB2278002AE2D1FFF7D4FCBC
:103E6800F37F33B9002808BF23200323F37786F8AC
:103E78002000FFF769FAFFF71BFCBDE8F0410220BC
:103E8800FFF72CBE374B1B68002B4AD10020DCE71C
:103E9800FFF75AFAFFF70CFCFFF74CF880F0010027
:103EA8007077FFF767FAF37FB0770322B2701BB918
:103EB80042F60403A6F81F300420C6E7FFF78EFC7D
:103EC8000346B8B92278002AABD1F37F002BD0D1B2
:103ED80042F20343A6F81F30CBE7FFF795FCF37FC8
:103EE800002BB1D1002808BF23200323F37786F8DD
:103EF8002000A9E73369E81A002809DB237813B3FF
:103F0800164B187884F80080BDE8F041FFF7E6BD4D
:103F1800B37F002BBAD0144B1B7813B13378052B21
:103F2800B0D02378002B7FF44EAFF37F1BB942F259
:103F38000463A6F81F30FFF707FAFFF7B9FB022062
:103F4800FFF7CCFDB8E7F37F002B92D142F2035381
:103F5800A6F81F308DE700BF1409002015090020BE
:103F680018090020540900206C090020F8B5334CCA
:103F78002378052B04D1324E337803F0FF05A3B123
:103F8800FEF7D8FF80F001006077FFF7F3F9237F91
:103F9800A0773BB12A4E337813B9637F03B9F0B1E8
:103FA80033785BB900252846F8BD264F3B780BB11E
:103FB800237F0BBB3378002BE2D1F4E7FEF7BAFF7F
:103FC80080F001006077FFF7D5F90546A077002853
:103FD800E9D0FFF703FC80F00105EDB2E3E7FFF756
:103FE800FDFB0028DCD0FFF705FC05460028D7D0EC
:103FF8003378002BD4D1D6E7FFF7FCFB0028D9D0C3
:10400800FFF7ECFB0028D5D0FEF794FF0028D1D0AD
:10401800FFF7B0F90C4B1B68B3FA83F35B098342D3
:10402800C8D1618B208BFFF725FB33780028C2D0DD
:10403800002BA5D13D78EDB2B5E700BF18090020E7
:10404800140900206C09002054090020F8B52D4DF2
:104058002B7843BBFEF76EFF2B4C80F00100607796
:10406800FFF788F92B78A0770646E3B9237FF3B1E9
:10407800FFF77CFF2B78A8B9ABB9FFF765F9FFF715
:1040880017FBFEF757FF80F001006077FFF772F922
:104098002B78A0773BB9E37F4BBB42F20473A4F8BB
:1040A8001F3024E0C3B1BDE8F840FFF7F1BCFFF7CB
:1040B80095FB0746FFF748F9237F7BB1FEF73AFFE8
:1040C80080F001036377FFF755F92B78A077002B71
:1040D800E9D130B12EB167B90020F8BDFFF7E8FA91
:1040E800ECE7E37F1BB942F60403A4F81F30042071
:1040F800F8BDE37F1BB942F60313A4F81F30032071
:10410800F8BD00BF140900201809002010B5FEF7FB
:1041180011FF044C80F001006077FFF72BF9A077BE
:1041280010BD00BF1809002010B5FEF703FF0F4CA3
:1041380080F001006077FFF71DF90D4BA0771B7821
:104148000BB9002010BDFFF755FB0028F9D0237FDD
:1041580043B9A07F0028F5D0FFF740FB80F00100AD
:10416800C0B210BDBDE81040FFF700BF180900201D
:104178001609002010B5FEF7DDFE044C80F00100A2
:104188006077FFF7F7F8A077204610BD18090020E0
:10419800F8B5EFF3108572B6BFF35F8F10B1224BFD
:1041A8001B782BB90120BFF35F8F85F31088F8BD0A
:1041B8001E4E3378002BF5D11D4F3B7F002BF1D1DC
:1041C8001C4B1B78002BEDD10446FFF7D3F80028D1
:1041D800E8D0FFF703FB0028E4D1FFF70BFB00282A
:1041E800E0D0FEF7A7FE0028DCD013490B680133A6
:1041F80012BF1A46012213460A60104A23600020A3
:1042080010700F4BB870012232700E4A18600E4BB6
:1042180010600E4A18700E4B10700E4A1870052365
:1042280010703B70BFE700BF160900206C09002022
:1042380018090020140900206809002058090020E6
:1042480054090020500900204B0900204A09002089
:104258004909002048090020F8B5044615461E46BD
:10426800EFF3108772B6BFF35F8FFCF769F9164B4F
:104278001B78024603F0FF0023B1144B1B68A342CE
:1042880005D00020BFF35F8F87F31088F8BD104971
:104298000B78002BF5D10F4C2478002CF1D1A5F127
:1042A800030C4EF65D239C450BD8731EB3F5347F83
:1042B80007D2094B15441D60084B1E6001230B7083
:1042C800E0E72046DEE700BF6C090020680900200F
:1042D8004B09002058090020440900203C0900200F
:1042E800F8B505461646EFF3108772B6BFF35F8F31
:1042F800FCF726F9154B1B781BB1154B1B68AB4215
:1043080005D00020BFF35F8F87F31088F8BD114BED
:104318001B78002BF5D0104D2B78002BF1D1F21E15
:104328004EF65D239A42ECD80C4B1B681B1AB3421D
:104338000446E6DDFFF71AFE0028E2D0084B0949DB
:1043480034441C6001230B702B70DBE76C090020E0
:10435800680900204B090020490900204409002071
:10436800400900204A0900200346EFF3108172B685
:10437800BFF35F8F0B4A127802F0FF0022B10A4A9E
:1043880012689A4205D00020BFF35F8F81F310882E
:104398007047064B18780028F6D0054B01221A7092
:1043A800F2E700BF6C090020680900204A090020D4
:1043B800480900202DE9F04F074689B014461E46EB
:1043C800EFF3108972B6BFF35F8FDFF8FC8200232A
:1043D800ADF81C30ADF81E30FCF7B2F898F8003094
:1043E800002B00F01D81AB4B1B68BB4240F01881CD
:1043F800189B002B00F01481199B002B00F01081F2
:10440800DFF8C8B29BF800300546002B40F0FD806D
:10441800A14B1A7882B1A14A1268AA1A002A80F21E
:104428002A819F4A1278002A00F01F819D4A12684B
:10443800AA1A002A80F21F81179A6432B2F54D7FBA
:1044480000F21981149A822A00F21581159A142A09
:1044580000F21181169ADFF878A2012A40F2F28060
:104468009AF80020002A40F0ED80149A022A40F2BF
:10447800E980DDE914218A4240F2E480129A159914
:10448800AA1A8A4200F2DE8014990139914240F258
:10449800D980169A642A00F2D580FEF74BFD7E4B30
:1044A800002800F0CF809BF80020002A40F01281FD
:1044B8007D4F199900220A70179A002A40F31A8131
:1044C8007A4A1168002940F0348101227849096844
:1044D800002940F06A8114991A78129B0B44591BE1
:1044E800019132B16D4B1B685B1B994228BF19467D
:1044F80001916B4B1B78002B00F0C7806D4B1B782C
:10450800002B00F018816C4B179A1B689342B4BFBC
:10451800002301230393634B019A1B685B1B93429F
:1045280028BF134602939BF800300298002B00F036
:10453800A680FFF751FA80F00103DBB2002B40F0B0
:10454800828098F80030002B7DD09AF80030002B3C
:1045580079D1179B002B40F0F080544A13680BB1B7
:10456800564B1D600492FEF7EFFEFEF703FF049A18
:10457800002868D00492FFF7BBF9002863D098F8A8
:104588000030002B5FD09AF8003003F0FF0205924C
:10459800002B58D1DDE903327BB101980392FFF774
:1045A8001BFA00284FD0FFF7A3F900284BD03C4B4B
:1045B800059A1A70019B039A0293029B2B441D468D
:1045C800179B13607B69BDF81C203A8301337B611C
:1045D8003B4BC3E9004601233B778BF80030BDF81D
:1045E8001E307B83179B05213970DA0F194683EA41
:1045F800E373A3EBE1737B60189B7A700024C7E92F
:104608000355BC70BC6019600CE02D4BD3E9002346
:10461800A21A66EB0303012A73F10003BFF6F8AE92
:10462800214F0124FEF786FC80F001007877FEF721
:10463800A1FEB877BFF35F8F89F31088204609B0D1
:10464800BDE8F08F184F002388F80030FEF77CFE95
:10465800FFF72EF89AF800302BB91A4B02221A707D
:1046680001238AF800300424DCE7134A17991268FA
:104678008A42BFF6E1AEDFF858A00B4FE3E7FFF739
:1046880061F980F00103DBB258E70393019B0293C1
:1046980049E700BF680900204B09002044090020B1
:1046A8004A09002040090020180900205409002068
:1046B80050090020480900203C0900204C0900202E
:1046C80060090020150900206C0900205809002005
:1046D80014090020FFF782F80028B3D0FFF746FC42
:1046E800414F424B0028AED0FA68AA1A002AFFF6BA
:1046F800E0AEA8E71AD03E4A1168002952D04FF020
:10470800FF313C480192006888423FF4E4AEFEF76E
:104718001BFEFEF72FFE002895D03749019A199BFA
:104728000D600021116001221A70304B002217928F
:10473800D1E60121E5E70393EDE6179880EAE071F9
:104748000028A1EBE0710DF11E03CCBF0020012071
:1047580007AAFFF729FA00287FF475AF244A1368DF
:10476800002B30D0179B0492002BCBBFBDF81E1036
:10477800BDF81C1001200020FEF718FF049A0492CF
:1047880000283FF460AFFEF7F5FD00287FF45BAF2B
:10479800179B049A002B174BD4BF4FF0FF31012110
:1047A8001960E7E64FF0FF3290E691423FF493AE8E
:1047B800114A16991268AA1A8A42BFF48CAE19993E
:1047C80001220A70B2E7179B0492002B05DDBDF8A1
:1047D8001E00FEF7DDFE049AD1E7BDF81C00FEF7C7
:1047E800DBFE049ACBE700BF180900204B09002024
:1047F80054090020500900204C090020074B1B7861
:10480800052B01D000207047054B1B780BB9012000
:104818007047044B1878C0B2704700BF18090020D1
:104828006C09002014090020D0ED027A9FEDE37A8C
:10483800F0EEE76AF4EE476AF1EE10FA00F28982C8
:10484800F5EEC07AF1EE10FA00F18382DFEDDC6A52
:10485800F4EEE67AF1EE10FA00F37B82D0ED037AFB
:10486800F0EEE76AF4EE476AF1EE10FA00F27182B0
:10487800DFEDD46AF4EEE67AF1EE10FA00F169821F
:10488800F7EE006AF4EEE67AF1EE10FA00F36182D0
:10489800D0ED047AF0EEE76AF4EE476AF1EE10FA2A
:1048A80000F25782DFEDC86AF4EEE67AF1EE10FA0C
:1048B80000F14F82DFEDC56AF4EEE67AF1EE10FA08
:1048C80000F34782D0ED057AF0EEE76AF4EE476A26
:1048D800F1EE10FA00F23D829FEDBB7AF4EEC77A52
:1048E800F1EE10FA00F135829FEDB97AF4EEC77A4D
:1048F800F1EE10FA00F32D82D0ED067A9FEDAF7A33
:10490800F0EEE76AF4EE476AF1EE10FA00F221825F
:10491800F7EE006AF4EEE67AF1EE10FA00F1198289
:104928009FEDAC6AF4EEC67AF1EE10FA00F311824C
:10493800D0ED077AB0EEE76AB4EE476AF1EE10FA06
:1049480000F20782F4EEE67AF1EE10FA00F1018245
:104958009FEDA16AF4EEC67AF1EE10FA00F3F98140
:10496800D0ED087AB0EEE76AB4EE476AF1EE10FAD5
:1049780000F2EF81F4EEE67AF1EE10FA00F1E98147
:10498800DFED8F6AF4EEE67AF1EE10FA00F3E181DA
:10499800D0ED095AF0EEE57AF4EE477AF1EE10FA26
:1049A80000F2D781DFED8D7AF4EEE75AF1EE10FAD6
:1049B80000F1CF81F5EEC05AF1EE10FA00F3C9818B
:1049C80090ED0A6AF0EEC67AF4EE477AF1EE10FA44
:1049D80000F2BF81B5EEC06AF1EE10FA00F1B981BC
:1049E800DFED7F7AB4EEE76AF1EE10FA00F3B181F9
:1049F800D0ED0B7AB0EEE75AB4EE475AF1EE10FA62
:104A080000F2A7819FED777AF4EEC77AF1EE10FAFB
:104A180000F19F81F4EEE67AF1EE10FA00F3998145
:104A2800D0ED0C6A9FED657AB0EEE65AB4EE475ABF
:104A3800F1EE10FA00F28D81F5EEC06AF1EE10FA8F
:104A480000F18781B7EE005AF4EEC56AF1EE10FA6C
:104A580000F37F8108B52DED0A8B90ED0DBAF0EECD
:104A6800CB6AF4EE476AF1EE10FA00F26E81B4EE0A
:104A7800C5BAF1EE10FA00F16881DFED5B6AB4EEB9
:104A8800E6BAF1EE10FA00F3608190ED0E8AF0EECE
:104A9800C86AF4EE476AF1EE10FA00F25681F0EEB9
:104AA800006AB4EEE68AF1EE10FA00F14E81DFED0D
:104AB8004F6AB4EEE68AF1EE10FA00F34681D0EDC3
:104AC8000FAAF0EEEA6AF4EE476AF1EE10FA00F285
:104AD8003C81F4EEC5AAF1EE10FA00F13681B3EE8E
:104AE800047AF4EEC7AAF1EE10FA00F32E8190EDE5
:104AF800109A9FED325AF0EEC96AF4EE456AF1EE6B
:104B080010FA00F22281F0EE086AB4EEE69AF1EEAD
:104B180010FA00F11A81DFED366AB4EEE69AF1EE8A
:104B280010FA00F31281D0ED116AF0EEE64AF4EEC5
:104B3800454AF1EE10FA00F20881DFED234AF4EE5F
:104B4800E46AF1EE10FA00F10081F4EEC76AF1EEC2
:104B580010FA00F3FA8090ED127AF0EEC74AF4EEFC
:104B6800454AF1EE10FA00F2F0809FED225AB4EEB9
:104B7800C57AF1EE10FA00F1E8809FED1F5AB4EE05
:104B8800C57AF1EE10FA00F3E080D0ED138ADFED7C
:104B98000B4AB0EEE85AB4EE645AF1EE10FA00F29D
:104BA800D4809FED0B5AF4EEC58AF1EE10FA00F1AD
:104BB800CC809FED125AF4EEC58A2BE0FFFF7F7F71
:104BC8000000C8426F12833ACDCCCC3D0000484368
:104BD80000007A440050C3470000344400409CC59C
:104BE80000409C450AD7233C000048420000FA4296
:104BF80000000243CDCC4C3E0000204200606A47D2
:104C080000808943FFFF7F7F0000C8420060EA46BA
:104C18006F12833AF1EE10FA00F3978090ED14AA20
:104C2800B0EECA5AB4EE645AF1EE10FA00F28D8072
:104C38001FED0B5AB4EEC5AAF1EE10FA00F185800B
:104C48001FED0E5AB4EEC5AAF1EE10FA7DDC90ED18
:104C5800155AB0EEC54AB4EE644AF1EE10FA74D8AB
:104C6800F7EE004AB4EEE45AF1EE10FA6DD45FEDB7
:104C78001C4AB4EEE45AF1EE10FA66DCD0ED169A4E
:104C88001FED205AF0EEE94AF4EE454AF1EE10FA2B
:104C98005BD81FED234AF4EEC49AF1EE10FA54D40F
:104CA8005FED264AF4EEE49AF1EE10FA4DDCD0ED11
:104CB80017BAF0EEEB3AF4EE453AF1EE10FA44D8B2
:104CC800F0EE003AF4EEE3BAF1EE10FA3DD4F4EE69
:104CD800C4BAF1EE10FA38DC90ED18CAB0EECC4A3E
:104CE800B4EE454AF1EE10FA2FD8B5EEC0CAF1EE8F
:104CF80010FA2AD4B4EEE4CAF1EE10FA25DCF4EE88
:104D0800C65AF1EE10FA20D5F4EEC76AF1EE10FAA1
:104D18001BD5B4EEC8BAF1EE10FA16D5B4EEC98AAE
:104D2800F1EE10FA11D5F4EEC9AAF1EE10FA0CD58D
:104D380067EE887A5FED4A6A67EEA67AB7EE007A80
:104D4800F4EEC77AF1EE10FA05D90020BDEC0A8B13
:104D580008BD00207047F4EECA8AF1EE10FAF4DBC1
:104D6800F4EEE98AF1EE10FAEFDBB0EE4B0A03F04D
:104D78007FFCB4EE40BAF1EE10FAE6D1B0EE480A84
:104D880003F076FCB4EE408AF1EE10FADDD1B0EE15
:104D98006A0A03F06DFCF4EE40AAF1EE10FAD4D1E1
:104DA800B0EE490A03F064FCB4EE409AF1EE10FA52
:104DB800CBD1B0EE680A03F05BFCF4EE408AF1EE6A
:104DC80010FAC2D1B0EE4A0A03F052FCB4EE40AA7F
:104DD800F1EE10FAB9D1B0EE4C0A03F049FCB4EE8A
:104DE80040CAF1EE10FAB0D1B0EE690A03F040FC07
:104DF800F4EE409AF1EE10FAA7D1B0EE6B0A03F088
:104E080037FCF4EE40BAF1EE10FA0CBF0120002096
:104E18009CE700BF0346002800F0578110B4AB4C54
:104E2800D0F800C0AA4800212CFA01F2D2B2083109
:104E38004240202904FB02F0F6D1D3F804C0A34C69
:104E480000212CFA01F2D2B208314240202904FB99
:104E580002F0F6D1D3F808C09C4C00212CFA01F2DC
:104E6800D2B208314240202904FB02F0F6D1D3F82F
:104E78000CC0964C00212CFA01F2D2B20831424003
:104E8800202904FB02F0F6D1D3F810C08F4C002182
:104E98002CFA01F2D2B208314240202904FB02F078
:104EA800F6D1D3F814C0894C00212CFA01F2D2B201
:104EB80008314240202904FB02F0F6D1D3F818C08B
:104EC800824C00212CFA01F2D2B20831424020294A
:104ED80004FB02F0F6D1D3F81CC07C4C00212CFA5C
:104EE80001F2D2B208314240202904FB02F0F6D187
:104EF800D3F820C0754C00212CFA01F2D2B2083147
:104F08004240202904FB02F0F6D1D3F824C06F4CAC
:104F180000212CFA01F2D2B208314240202904FBC8
:104F280002F0F6D1D3F828C0684C00212CFA01F21F
:104F3800D2B208314240202904FB02F0F6D1D3F85E
:104F48002CC0624C00212CFA01F2D2B20831424046
:104F5800202904FB02F0F6D1D3F830C05B4C0021C5
:104F68002CFA01F2D2B208314240202904FB02F0A7
:104F7800F6D1D3F834C0554C00212CFA01F2D2B244
:104F880008314240202904FB02F0F6D1D3F838C09A
:104F98004E4C00212CFA01F2D2B2083142402029AD
:104FA80004FB02F0F6D1D3F83CC0484C00212CFA9F
:104FB80001F2D2B208314240202904FB02F0F6D1B6
:104FC800D3F840C0414C00212CFA01F2D2B208318A
:104FD8004240202904FB02F0F6D1D3F844C03B4CF0
:104FE80000212CFA01F2D2B208314240202904FBF8
:104FF80002F0F6D1D3F848C0344C00212CFA01F263
:10500800D2B208314240202904FB02F0F6D1D3F88D
:105018004CC02E4C00212CFA01F2D2B20831424089
:10502800202904FB02F0F6D1D3F850C0274C002108
:105038002CFA01F2D2B208314240202904FB02F0D6
:10504800F6D1D3F854C0214C00212CFA01F2D2B287
:1050580008314240202904FB02F0F6D1D3F858C0A9
:105068001A4C00212CFA01F2D2B208314240202910
:1050780004FB02F0F6D1D3F85CC0144C00212CFAE2
:1050880001F2D2B208314240202904FB02F0F6D1E5
:10509800D3F860C00D4C00212CFA01F2D2B20831CD
:1050A8004240202904FB02F0F6D1D3F864C0074936
:1050B80000222CFA02F3DBB208324340202A01FB1B
:1050C80003F0F6D15DF8044B704770479301000177
:1050D800C59D1C81002800F0C58230B52DED108BD0
:1050E80090ED008ADFEDE37AB0EEC87AB4EE677A25
:1050F800F1EE10FA93B000F2B082D0ED018AB0EE72
:10510800E87AB4EE677AF1EE10FA00F2A68290ED32
:10511800029AB0EEC97AB4EE677AF1EE10FA00F2AC
:105128009C82D0ED039AB0EEE97AB4EE677AF1EE9C
:1051380010FA00F2928290ED04AAB0EECA7AB4EEA8
:10514800677AF1EE10FA00F28882D0ED05CAF0EE27
:10515800EC6AF4EE676AF1EE10FA00F27E82D0EDA6
:1051680006FAB0EEEF6AB4EE676AF1EE10FA00F2F2
:10517800748290ED07DAF0EECD5AF4EE675AF1EE4C
:1051880010FA00F26A82D0ED08DAB0EEED5AB4EE09
:10519800675AF1EE10FA00F2608290ED09EAF0EE3B
:1051A800CE4AF4EE674AF1EE10FA00F2568290ED1C
:1051B8000AFAB0EECF4AB4EE674AF1EE10FA00F2FE
:1051C8004C82D0ED0BEAF0EEEE3AF4EE673AF1EEEF
:1051D80010FA00F24282D0ED0CBAB0EEEB3AB4EE1F
:1051E800673AF1EE10FA00F2388290ED0DBAF0EE5F
:1051F800CB2AF4EE672AF1EE10FA00F22E8290ED37
:105208000ECAF0EECC2AF4EE672AF1EE10FA00F29C
:10521800248290ED0F7AF0EEC72AF4EE672AF1EEB9
:1052280010FA8DED007A00F2188290ED107AF0EE07
:10523800C72AF4EE672AF1EE10FA8DED017A00F232
:105248000C8290ED117AF0EEC72AF4EE672AF1EE9F
:1052580010FA8DED027A00F2008290ED127AF0EEEB
:10526800C72AF4EE672AF1EE10FA8DED037A00F200
:10527800F481D0ED13AAB0EEEA2AB4EE672AF1EE73
:1052880010FAF0EE672A00F2E881D0ED147AB0EE59
:10529800E72AB4EE622AF1EE10FACDED047A00F2B4
:1052A800DC81D0ED157AB0EEE72AB4EE622AF1EE91
:1052B80010FACDED057A00F2D081D0ED167AB0EE75
:1052C800E72AB4EE622AF1EE10FACDED067A00F282
:1052D800C481D0ED177AB0EEE72AB4EE622AF1EE77
:1052E80010FACDED077A00F2B881D0ED187AB0EE59
:1052F800E72AB4EE622AF1EE10FACDED087A00F250
:10530800AC81D0ED197AB0EEE72AB4EE622AF1EE5C
:1053180010FACDED097A00F2A081F7EE002AB4EE7A
:10532800E28AF1EE10FA00F19881DFED532AB4EE2B
:10533800E28AF1EE10FA00F39081B0EE480A03F029
:1053480097F9B4EE408AF1EE10FA40F08681F5EE56
:10535800408AF1EE10FA07D0F7EE002AF4EE628ADE
:10536800F1EE10FA40F07981B5EEC09AF1EE10FA3C
:1053780000F17381F2EE0E2AB4EEE29AF1EE10FA21
:1053880000F36B81B0EE490A03F072F9B4EE409A6B
:10539800F1EE10FA40F06181F5EEC09AF1EE10FAE4
:1053A80000F15B81DFED342AB4EEE2AAF1EE10FAE7
:1053B80000F35381F4EECA9AF1EE10FA80F24D81AF
:1053C800B0EE690A03F054F9F4EE409AF1EE10FADF
:1053D80040F04381B0EE4A0A03F04AF9B4EE40AA1D
:1053E800F1EE10FA40F03981F5EEC0CAF1EE10FA8C
:1053F80040F23381B5EEC0EAF1EE10FA40F22D81A9
:10540800B4EECFEAF1EE10FA80F22781DFED1F2A21
:10541800B4EEE2FAF1EE10FA00F31F81F5EEC0BA2D
:10542800F1EE10FA00F11981B4EEEBEAF1EE10FAA0
:1054380040F21381F7EE003AB4EEE3BAF1EE10FA57
:1054480000F10B81DFED0D2AB4EEE2BAF1EE10FAAD
:1054580000F30381B4EEE3CAF1EE10FA00F1FD8027
:10546800DFED073AB4EEE3CAF1EE10FA00F3F58087
:105478000EE000BFFFFF7F7F00FF7F47000034443E
:105488000000C8420080BB4500606A470050C3471F
:10549800DDED007AF5EEC07AF1EE10FA00F1DD806C
:1054A8005FED083AF4EEE37AF1EE10FA00F3D580F6
:1054B800DDED017AF5EEC07AF1EE10FA00F1CD805B
:1054C8009DED027AB5EEC07AF1EE10FA00F1C580D2
:1054D800DDED036AF5EEC06AF1EE10FA00F1BD8069
:1054E800F7EE003AF4EEE3AAF1EE10FA00F1B58017
:1054F8001FED1B3AF4EEC3AAF1EE10FA00F3AD80EB
:10550800DDED046AF4EEE6AAF1EE10FA00F3A580E8
:10551800F4EEC36AF1EE10FA00F39F809DED056A80
:10552800B4EEE36AF1EE10FA00F19780F4EEC6AA41
:10553800F1EE10FA00F19180DDED065AF4EEE35A2F
:10554800F1EE10FA00F18980F4EEE5AAF1EE10FA16
:1055580000F183809DED075AB4EEE35AF1EE10FA9C
:105568007BD4DDED094AB4EEE45AF1EE10FA74DCAE
:105578009DED084AB5EEC04AF1EE10FA6DD9F4EE89
:10558800E46AF1EE10FA68D4F4EEEA7AF1EE10FA71
:1055980063DCB4EEC37AF1EE10FA5EDCF4EEC77A9F
:1055A800F1EE10FA59DCCDED0AAACDED0B6A8DEDBE
:1055B8000C6ACDED0D5A8DED0E5ACDED0F4ACDED9D
:1055C800107A8DED117A0AAD0824B5EC018AB0EE97
:1055D800480A03F04DF8B4EE408AF1EE10FA3CD1D7
:1055E800013CF2D1F5EE408AF1EE10FA3CD0B4EE6F
:1055F800EEFAF1EE10FA2ED55FED5C7AF4EEE7EAFA
:10560800F1EE10FA27D8B5EEC0DAF1EE10FA22DB87
:10561800B4EECEDAF1EE10FA1DD5F4EECFDAF1EEF3
:1056280010FA18DBF4EEE7DAF1EE10FA13D8F0EE20
:105638006F7AE9EEAC7AB4EEE7DAF1EE10FA2ADB2B
:10564800F0EE6F6AEAEE2C6AB4EEE6FAF1EE10FAC2
:1056580094BF01240024204600E0002013B0BDECD4
:10566800108B30BD00207047F7EE007AF4EE67CA61
:10567800F1EE10FAEFD1F5EE40FAF1EE10FAEAD1B8
:10568800DDED007AF5EE407AF1EE10FA0CBF012458
:1056980000242046E2E700242046DFE7002874D0F3
:1056A80038B5D0ED027A9FED417AF0EEE76AF4EE74
:1056B800476AF1EE10FA2DED028B05463AD8F5EE61
:1056C800C07AF1EE10FA35D4B2EE0E7AF4EEC77A5B
:1056D800F1EE10FA2EDCB0EE408A0C46F1B1FCEE89
:1056E800E77A17EE903AD80753D5990753D55A0752
:1056F80053D51B0753D52846FFF7ECFCD0B195EDE1
:10570800017AF7EE007AB4EE677AF1EE10FA0CBF80
:1057180001230023A34211D00A200CE0D0ED016A36
:10572800B7EE007AF4EE476AF1EE10FAD7D0FFF739
:10573800D1FC18B90120BDEC028B38BDDFED1B7A16
:10574800B0EEC87AB4EE677AF1EE10FA1FD8B5EE6B
:10575800C08AF1EE10FA1AD9D5ED097AF4EEC87AB2
:10576800F1EE10FA13D4E4B1D5ED077AF4EEC87A65
:10577800F1EE10FA17DCD5ED087AF4EEC87AF1EEFE
:1057880010FA4CBF07200020D5E7012070470620FB
:10579800D1E70220CFE70320CDE70420CBE705209F
:1057A800C9E72046C7E70720C5E700BFFFFF7F7F9F
:1057B80070B582B01D460191002B55D0044616469F
:1057C800FFF788FC002850D0DDED017AB8EE677A43
:1057D800D4ED037AB4EEE77AF1EE10FA44D4D4EDBE
:1057E800047AB4EEE77AF1EE10FA3DDAD4ED016A04
:1057F800F7EE007AF4EE676AF1EE10FA37D007EEAA
:10580800906AF8EEE77ADFED1D6AC5ED007AB0EE32
:10581800E77AB4EE667AF1EE10FA25D8F5EEC07A9A
:10582800F1EE10FA20DB94ED0A7AB4EEE77AF1EEA5
:1058380010FA19DDD4ED016AB7EE007AF4EE476A82
:10584800F1EE10FA11D194ED077AB4EEE77AF1EEA1
:1058580010FA09D894ED087AB4EEE77AF1EE10FA66
:10586800ACBF0120002000E0002002B070BDD4EDE4
:10587800056AD4ED067AE7EE267AC4E7FFFF7F7F54
:1058880010B50446FFF726FCC0B394ED017AF7EE95
:10589800007AB4EE677AF1EE10FA30D194ED027A1C
:1058A800F2EE0E7AB4EE677AF1EE10FA27D1D4ED63
:1058B8000F7A94ED0D7AF4EEC77AF1EE10FA1EDD48
:1058C8009FED107AF4EEC77AF1EE10FA17D8D4EDFE
:1058D800107AF5EEC07AF1EE10FA10DD94ED117A37
:1058E800F4EEC77AF1EE10FA09D8D4ED127AF5EE93
:1058F800C07AF1EE10FACCBF0120002010BD0020C4
:1059080010BD00BF00003444801A61EB0301012878
:1059180071F10001ACBF01200020704758B3D0EDF1
:10592800007A9FED167AF0EEE76AF4EE476AF1EE38
:1059380010FA20D8F5EEC07AF1EE10FA1BD4DFED9C
:10594800106AF4EEE67AF1EE10FA14DCD0ED017A82
:10595800B0EEE76AB4EE476AF1EE10FA0BD8F5EE4E
:10596800C07AF1EE10FA06D4F4EEE67AF1EE10FA07
:1059780001DCFEF759BF0020704700BFFFFF7F7FA3
:1059880000007A4438B505460C46FFF7A3FBB8B1CA
:105998002046FFF7C3FF98B194ED077AD5ED0D7A4D
:1059A800B4EEE77AF1EE10FA0BD894ED087AD5ED5B
:1059B8000E7AB4EEE77AF1EE10FA94BF01200020D7
:1059C80038BD002038BD00BF002A00F0988070B5AF
:1059D8002DED028B82B0B0EE408AF0EE608A04466C
:1059E8000E461546FFF776FB002800F08380304608
:1059F800FFF794FF00287DD096ED077AD4ED0D7A55
:105A0800B4EEE77AF1EE10FA74D896ED087AD4ED90
:105A18000E7AB4EEE77AF1EE10FA6BD8DFED3E7A43
:105A2800B0EEC87AB4EE677AF1EE10FA62D8B5EE45
:105A3800C08AF1EE10FA5DD4D4ED0A7AF4EEC87A91
:105A4800F1EE10FA56D994ED017AF7EE007AB4EE39
:105A5800677AF1EE10FA0CBF01210021B0EE680A56
:105A68002046FFF71BFE002845D178EEC80AF1EE64
:105A7800087AF0EEE00A60EEA77A96ED056A87EEFE
:105A8800867AF7EE086A60EEA68AD6ED047AB5EE55
:105A9800407AF1EE10FAC8EEA70A34D4B1EEC70A7C
:105AA80002F076FD85ED000AD6ED130AB0EE408AC5
:105AB80094ED140A02F094FDF0EE400A94ED130AF6
:105AC80002F08EFD9FED157AD6ED187A28EE078A3A
:105AD80078EE277AF4EEC07AF1EE10FA11DCD4ED04
:105AE800167AB4EEE78AF1EE10FACCBF0120002056
:105AF800C00000E0012002B0BDEC028B70BD0120A7
:105B080070470820F7E7B0EE470ACDED010A02F02A
:105B18001DFDDDED010AC3E7FFFF7F7F00007A442A
:105B280010B40346A44CA548D3F800C000212CFAB1
:105B380001F2D2B208314240202904FB02F0F6D12A
:105B4800D3F804C09C4C00212CFA01F2D2B20831DF
:105B58004240202904FB02F0F6D1D3F808C0964C45
:105B680000212CFA01F2D2B208314240202904FB6C
:105B780002F0F6D1D3F80CC08F4C00212CFA01F2B8
:105B8800D2B208314240202904FB02F0F6D1D3F802
:105B980010C0894C00212CFA01F2D2B208314240DF
:105BA800202904FB02F0F6D1D3F814C0824C00215E
:105BB8002CFA01F2D2B208314240202904FB02F04B
:105BC800F6D1D3F818C07C4C00212CFA01F2D2B2DD
:105BD80008314240202904FB02F0F6D1D3F81CC05A
:105BE800754C00212CFA01F2D2B20831424020292A
:105BF80004FB02F0F6D1D3F820C06F4C00212CFA38
:105C080001F2D2B208314240202904FB02F0F6D159
:105C1800D3F824C0684C00212CFA01F2D2B2083122
:105C28004240202904FB02F0F6D1D3F828C0624C88
:105C380000212CFA01F2D2B208314240202904FB9B
:105C480002F0F6D1D3F82CC05B4C00212CFA01F2FB
:105C5800D2B208314240202904FB02F0F6D1D3F831
:105C680030C0554C00212CFA01F2D2B20831424022
:105C7800202904FB02F0F6D1D3F834C04E4C0021A1
:105C88002CFA01F2D2B208314240202904FB02F07A
:105C9800F6D1D3F838C0484C00212CFA01F2D2B220
:105CA80008314240202904FB02F0F6D1D3F83CC069
:105CB800414C00212CFA01F2D2B20831424020298D
:105CC80004FB02F0F6D1D3F840C03B4C00212CFA7B
:105CD80001F2D2B208314240202904FB02F0F6D189
:105CE800D3F844C0344C00212CFA01F2D2B2083166
:105CF8004240202904FB02F0F6D1D3F848C02E4CCC
:105D080000212CFA01F2D2B208314240202904FBCA
:105D180002F0F6D1D3F84CC0274C00212CFA01F23E
:105D2800D2B208314240202904FB02F0F6D1D3F860
:105D380050C0214C00212CFA01F2D2B20831424065
:105D4800202904FB02F0F6D1D3F854C01A4C0021E4
:105D58002CFA01F2D2B208314240202904FB02F0A9
:105D6800F6D1D3F858C0144C00212CFA01F2D2B263
:105D780008314240202904FB02F0F6D1D3F85CC078
:105D88000D4C00212CFA01F2D2B2083142402029F0
:105D980004FB02F0F6D1D3F860C0074900222CFAC0
:105DA80002F3DBB208324340202A01FB03F0F6D1AC
:105DB8005DF8044B704700BF93010001C59D1C812D
:105DC80070B52DED028B82B0CDED010A0546002895
:105DD80059D00C46002956D0D1ED007ADFED498A1A
:105DE800B0EEE77AB4EE687AF1EE10FA4BD8F5EE39
:105DF800C07AF1EE10FA46D49FED437AF4EEC77AF2
:105E0800F1EE10FA3FDCD1ED017AF0EEE76AF4EE3C
:105E1800686AF1EE10FA36D8F5EEC07AF1EE10FAAB
:105E280031D4F4EEC77AF1EE10FA2CDC0846B0EE65
:105E3800408AFEF7F9FC064630B3F0EEC87AF4EE75
:105E4800687AF1EE10FA1ED8B5EEC08AF1EE10FAB3
:105E580019D4DFED2E7AB4EEE78AF1EE10FA12DCEF
:105E6800DDED010AF0EEE06AF4EE686AF1EE10FA90
:105E780009D8F5EEC00AF1EE10FA04D9F4EEE70AF3
:105E8800F1EE10FA05DD0026304602B0BDEC028BBB
:105E980070BD28220021281D02F01DFBDDED010A3E
:105EA800D4ED056A70EEC87AB1EE087AF0EEE77ABA
:105EB80027EE877AB7EE086A87EE260A67EE867AB3
:105EC80094ED047A85ED058AB5EE400AF1EE10FAF4
:105ED80085ED028A85ED008AC5ED060A87EE878A78
:105EE8000BD4F1EEC00AB0EE480A02F051FB0123D0
:105EF80085ED070A85F82830C6E702F027FBF0EEA3
:105F0800400AF0E7FFFF7F7F00007A440050C34754
:105F180070B504462DED048B002800F09A811546D3
:105F2800002A00F0968190F82800002800F08E8161
:105F38000846F0EE408AB0EE608A0E46FFF7EEFCA7
:105F4800002800F08381DFEDCB7AB0EEE87AB4EE7A
:105F5800677AF1EE10FA00F27C81F5EEC08AF1EE74
:105F680010FA00F176819FEDC47AF4EEC78AF1EE5B
:105F780010FA00F36E81B0EEC87AB4EE677AF1EEEB
:105F880010FA00F26681D6ED0D7A9FEDBC7A67EEC5
:105F9800877AF4EEC87AF1EE10FA00F35A81D6ED5A
:105FA8000E7A67EE877AF4EEC87AF1EE10FA00F10D
:105FB8005081D4ED007A9FEDAF7AF0EEE77AF4EEF7
:105FC800477AF1EE10FA00F24481D4ED027AF0EE4D
:105FD800E77AF4EE477AF1EE10FA00F23A81D4ED5E
:105FE800037AF0EEE77AF4EE477AF1EE10FA00F26F
:105FF8003081D4ED047AF0EEE77AF4EE477AF1EEE8
:1060080010FA00F22681D4ED087AF0EEE77AF4EE81
:10601800477AF1EE10FA00F21C81D4ED077AF0EE1F
:10602800E77AF4EE477AF1EE10FA00F21281D4ED35
:10603800097AF0EEE77AF4EE477AF1EE10FA00F218
:106048000881D4ED057AF0EEE77AF4EE477AF1EEBE
:1060580010FA00F2FE80D4ED067AF0EEE77AF4EE5C
:10606800477AF1EE10FA00F2F48030220021281D60
:1060780002F031FA94ED079A94ED080A85ED008A4A
:1060880038EE000AF0EE490A02F0AAFA94ED057A11
:10609800D4ED067A84ED080AB5EEC09AF1EE10FA4E
:1060A80077EEC77A40F3E08080EE096AF1EE086A7D
:1060B80067EEA66AF7EE005A75EEC65A66EE866A6D
:1060C800F0EE004A66EEA56AB0EE085AC6EE895AA6
:1060D800A6EE645A66EE277A67EE867AA7EE857A88
:1060E800D6ED0C7A96ED036AD4ED026AD4ED039AE4
:1060F80096ED014AD6ED080A78EE277A38EE066A58
:1061080088EE275A38EEE60AC8EE063AB0EE666A16
:10611800A5EE006AD6ED007A84ED007A76EE666A1E
:10612800C4ED015A86EE885A84ED026A75EE696AF2
:1061380077EE464AE3EEA69AB5EE404AC4ED039AD6
:1061480085ED017A96ED027AC5ED025AF1EE10FA64
:1061580014BFD4ED046ADFED4A6A85ED036AB5EE33
:10616800407A64EEA77AF1EE10FA14BF27EE697A46
:106178009FED437AC5ED057A77EEA68ADFED407A82
:10618800C5ED066A78EE878A85ED077A78EEA78AE4
:10619800C5ED087AC5ED044AF1EE600AB0EE680A6A
:1061A800C5ED098A02F0F4F9F0EE400A96ED070A07
:1061B80002F016FAD4ED097A9FED317A67EE806A1B
:1061C800F4EE408AF1EE10FAB0EE409A18BF0123BF
:1061D800F4EEC76A96ED060A18BF2B63F1EE10FAC3
:1061E800B4EEC79AD8BFF0EE477AF1EE10FA28EE6F
:1061F800000AF0EE490A30DB37EE800A02F0F0F9C7
:10620800F0EE407AF4EE497AF1EE10FAC5ED0A7A2A
:1062180003D02B6B43F002032B639FED167AF0EE4D
:10622800E88AF4EE478AF1EE10FA12D8F0EEE77A2F
:10623800F4EE477AF1EE10FA0BD8F0EEE99AF4EEA4
:10624800479AF1EE10FA94BF01200020BDEC048BB0
:1062580070BDBDEC048B002070BD37EEC00A02F0A3
:1062680097F9F0EE407ACDE737EE277ADFED045A5A
:1062780036E700BFFFFF7F7F0050C3476F12833AA6
:106288000000000040B52DED068B84B00646029351
:10629800002800F0C580002A00F0C2800192002981
:1062A80000F0BE80D1ED007A9FED637AF0EEE76AE8
:1062B800F4EE476AF1EE10FA00F2B280F5EEC07A19
:1062C800F1EE10FA00F1AC80DFED5C6AF4EEE67AEC
:1062D800F1EE10FA00F3A48091ED01AAF0EECA7A6B
:1062E800F4EE477AF1EE10FA00F29A80B5EEC0AA01
:1062F800F1EE10FA00F19480B4EEE6AAF1EE10FA8D
:1063080000F38E8008460391FEF78EFA002800F00D
:106318008880019ADFED487AD2ED098AB0EEE87AF2
:10632800B4EE677AF1EE10FA7AD8D2ED049AB0EEAC
:10633800E97AB4EE677AF1EE10FA71D892ED009A24
:10634800B0EEC97AB4EE677AF1EE10FA68D8B5EE15
:10635800C09AF1EE10FA63D903999FED397AD1ED1D
:106368000E7A67EE877AB4EEE79AF1EE10FA57DC08
:10637800029B07EE903AB8EEE78AD1ED077AB4EEC1
:10638800E78AF1EE10FA4BDCD1ED087AF1EE677A84
:10639800B4EEE78AF1EE10FA42D4136B5B0744D1EE
:1063A80092ED0A0A0192CDE9020102F0ABF9B4EECE
:1063B800408AF1EE10FADDE90120039935D1DFEDCD
:1063C800218AB5EE40AAF1EE10FA31D0D1ED0B7A60
:1063D800D6ED040A68EEA78ADFED177AE9EE8A8A15
:1063E800E9EE280AB0EEE07AB4EE677AF1EE10FA38
:1063F80016D891ED090A0191CDE9020202F0C8F818
:106408000199F0EE400A91ED0A0A02F0E9F8039AC0
:1064180086ED040A029882ED0B0A86ED098A00E0EF
:10642800002004B0BDEC068B40BD78EE688AC8E752
:10643800DFED040ADDE700BFFFFF7F7F00007A443D
:106448006F12833A000000002DE9F0432DED028B16
:1064580000F5CE7583B09FED688A026F8DED018AD5
:1064680001AB04460E46416E2846FFF7A1F9804667
:106478002846FEF7CFFC8146EFF3108772B6BFF3CC
:106488005F8FFDF777FED4F83832D4ED737A94ED48
:106498001E7AC4F83C620133C4F83832D4F84C325E
:1064A800F31AC4F85032554B5B68C4F83432D4F848
:1064B8004035C4F85832D4F83435C4F85C32D4F8CE
:1064C8003835C4F860322378C4F864326378C4F885
:1064D8006832A378C4F86C32A36DC4F8C432E36D93
:1064E800C4F8C032636EC4F8CC32B8EEC77A236EF3
:1064F800C4F8C832FCEEE77A4FF2041384EDCA7A86
:10650800C4EDA97AC4F83032D4ED677A94ED687A8C
:10651800C4F8F092FCEEE77A0546C4EDBB7AFCEECF
:10652800C77AC4EDBD7AB8F1000F03D094F8853569
:10653800002B48D1DFED307A0023B0EE678AC4F82B
:106548001C3394F87F35C4EDD97A84EDDA8A23B107
:10655800D4F84435F61AC4F80C6394F88005EB684F
:10656800C4F8783210B1287F002841D16A7FAB7F08
:10657800C4F888222A8BC4F880226A8BC4F87C026B
:10658800C4F88C32C4F8842263BBD5ED017A6B78E9
:10659800F8EE677A4BBBD4F8443594F87E15D4F8F6
:1065A8006425C4F8A832E378C4EDD57AC4E9B612F4
:1065B800C4F8E032BFF35F8F87F3108803B0BDECF7
:1065C800028BBDE8F083F7EE006ADDED017AB4EEE8
:1065D800667A0123F1EE10FAC4F81C3308BFB0EE56
:1065E800678AAEE7DFED047AD5E7F1EE677AD2E79E
:1065F800FDF7BCFCBAE700BF00000000C88A00082D
:10660800F8B504460F461D461646FDF775FB0023F0
:10661800A4F87E35C4F8103384F82C320023C4F86B
:1066280014322378092B4FF009031CBF6770A6703A
:10663800237029462046BDE8F840FFF705BF00BF94
:10664800F0B58DB004460E46FDF756FB18B100258F
:1066580028460DB0F0BDD4E918310122C4E9A631AD
:1066680084F88025C4F84835C4F89030226F0AAB06
:1066780004F5CE7004F59C75FFF79AF80028E6D06B
:10668800D4ED737A9DED0A0AF4EEC07AF1EE10FAB1
:10669800D4ED1E7A94BF01230023F8EEE70AC4F86C
:1066A8009032294604F50170FFF78AFB0028CED006
:1066B80004F23C50FDF76CFD07460028C7D1D4ED25
:1066C800610A94ED7B0A01F08BFFF0EE400A94ED2D
:1066D8007A0A01F085FFD4ED557AD4F83C05BCEE72
:1066E800C07AFDEEE77A17EE102A17EE903A314697
:1066F800FDF7B2FD05460028A9D0D4ED5E6A94EDF9
:10670800657AD4ED5D7A0196FCEEE66ABCEEC77A4E
:10671800CDED026A0DF12702FCEEE77A236E0792AF
:1067280005978DED047AD4F83C05CDED037A0093F6
:106738000BA9D4E916230691FDF73CFE002886D163
:10674800D4E91667D4F80C32216E04F5AA62C2E9BE
:106758000067D4F80422C4F824330D23C4F84C1578
:10676800C4F82C23237073E7F0B1F8B504460F463C
:106778001D461646FDF7C0FA0023A4F87E35C4F876
:10678800103384F82C320023C4F814322378092BF0
:106798004FF009031CBF6770A67023702946204676
:1067A800BDE8F840FFF750BE704700BFD0B3F8B55A
:1067B8000D46174600214FF4B162044601F08BFEE6
:1067C8006DB129464C2204F1080001F0B1FE2846BB
:1067D80015494C2201F056FEB0FA80F56D0904F512
:1067E8009C7684F8955011496422304601F0A0FE49
:1067F80001250F49682204F5CE7001F099FEC4F80E
:1068080034553046FFF78CF9FA23C4F83805A367E6
:1068180084F89450FDF770FA39462046BDE8F840F0
:10682800FFF712BE704700BF7C8A0008708B000813
:10683800088B0008B0B338B503780446FBB9154691
:1068480011B190F89530DBB9FDF756FA227800239C
:106858000021092AA4F87E35C4F8103384F82C32B4
:10686800C4F8141203D040F20113A4F8013009232C
:10687800237029462046BDE83840FFF7E5BD38BDFE
:1068880000F59C7100F5CE70FFF77CF80028DBD08E
:10689800FDF73CFC0028D7D0FDF746FC0028D3D0F4
:1068A8000123E5E7704700BF0346A8B190F88505C6
:1068B80090B193F8740078B193F8750060B1D3ED96
:1068C8005D7A1B6EFCEEE77AC91A17EE900A8142D0
:1068D8008CBF002001207047704700BF2DE9F041B0
:1068E80082B0C0B10D46B1B10B78013B17460446E2
:1068F800092B06D8DFE803F0140505143D052B0520
:10690800053006262046E6703946FFF79DFD3046DD
:1069180002B0BDE8F0810126304602B0BDE8F08142
:1069280000250026A0F87E55C0F8105380F82C5298
:10693800C0F8146280F88655FDF7DEF9002840D1CA
:106948002378092B01D0012323700026DAE7067883
:10695800012E13D00326D5E70378012BFAD1B0F81E
:106968007E35002BF6D190F89430002B4FD10426B9
:10697800C8E70378092B3DD00226C3E790F87E8547
:10698800B8F1000FE6D1FDF7C1FB0028E2D094ED85
:10699800687AF7EE007AB4EE677AD5ED017AF1EE0F
:1069A80010FAB8EEE70A0CBF0121002104F5CE70F9
:1069B800FEF774FEC4F8F802002848D084F89480E2
:1069C800A0E7FDF799F92378C4F81462092B1CBFD6
:1069D80040F60623A4F801300923A4F87E55C4F82C
:1069E800105384F82C52237039462046FFF72CFDAB
:1069F800072687E7FDF78AFB0028BDD0FDF794FB43
:106A08000028B9D0012200232280A3709DE700F559
:106A18009C7600F5CE7531462846FEF7B3FF002870
:106A2800A5D0FDF781FB0028A1D0FDF76FFB00285A
:106A38009DD0FDF79FFB437F002B98D10023019346
:106A480094F8853543B90123C4F8F8328FE76B68A9
:106A5800A36784F8946078E7226F616E01AB2846DB
:106A6800FEF7A6FE0028EED0D4ED1E7A9DED010AB1
:106A7800F8EEE70A3146284604F55B72FEF7A4FFF4
:106A8800C4F8F80200287FF472AF0026012384F8C6
:106A98007E35C4F8647584F8866533E7002800F00D
:106AA800AD8070B590F87E550E460446002D78D11D
:106AB80090F87F35002B58D0D0ED7A0A90ED7B0AFC
:106AC80001F08EFDF0EE400A94ED610A01F088FDB8
:106AD800BCEEC00AD4F8443510EE102AF31A9342DB
:106AE80079D294F88035B3B394F8815555B9D4ED7B
:106AF8007D7AD4F84835FCEEE77AF31A17EE902A37
:106B080093427CD2D4ED5C7A236EFCEEE77AF31ADA
:106B180017EE902A934229D8FDF770FE38B9FDF791
:106B280029FB8378042B02D0FDF720FAE8B9FDF79A
:106B3800E3F8227800230021092AA4F87E35C4F856
:106B4800103384F82C32C4F8141222D040F60653BD
:106B5800A4F801301DE0D4ED5C7A236EFCEEE77AF0
:106B6800F31A17EE902A9A4200D370BDFDF7C4F8C5
:106B7800227800230021092AA4F87E35C4F81033AE
:106B880084F82C32C4F8141203D040F20223A4F87B
:106B980001300923237031462046BDE87040FFF7D5
:106BA80053BCFDF7B3FA10B1FDF7BEFAD0BBFDF741
:106BB800A3F8227800230021092AA4F87E35C4F816
:106BC800103384F82C32C4F81412E2D040F60623AD
:106BD800A4F80130DDE7FDF78FF82378A4F87E5597
:106BE8000022092BC4F8105384F82C52C4F814223C
:106BF800CFD040F60573A4F80130CAE77047FDF717
:106C08007BF82378A4F87E550022092BC4F810538A
:106C180084F82C52C4F81422BBD040F60503A4F81B
:106C28000130B6E7FDF7A6FA057F002DBFD1D4F8ED
:106C38006435F31AF92B98D9FDF75EF82378A4F890
:106C48007E550022092BC4F8105384F82C52C4F83E
:106C580014229AD19DE700BF002800F032812DE967
:106C6800F0472DED048B0D46B2B0002900F0CF801F
:106C78000B7F16460446002B00F0C6804B7F002B86
:106C880000F0C2808B69002BC0F2BE8090F8853579
:106C9800002B40F0DF8031462046FFF7FFFEAE466E
:106CA800BEE80F0004F1580C94F87F85ACE80F009B
:106CB8009EE80F004FF00109EF688CE80F0084F898
:106CC8008595B8F1000F04D094F87430002B40F08B
:106CD800348107EE907A94ED6B7AF8EE677A0023A8
:106CE800F4EEC77AF1EE10FA0A9380F2EB80D4ED55
:106CF800686AB7EE007AF4EE476AF1EE10FA0DD141
:106D080094ED6C6A94ED6D7AD4ED716AA7EE867A8B
:106D1800B4EEE67AF1EE10FA80F2D48004F5CE787B
:106D28003946AA690AAB4046FEF742FD07460028E5
:106D380000F0698194F87F2594F87E35002A00F0E8
:106D4800D48094F88525002A00F0728194F8742084
:106D5800002A00F06D8194F87520002A00F06881FF
:106D6800D4ED5D7A216EFCEEE77A711A17EE900A7F
:106D7800814200F2FA80DDED0A7A94EDDD7AB4EE14
:106D8800E77AF1EE10FA40F1F080C4EDDD7A002BDD
:106D980040F0EE80002A00F04E81D4ED5D7A236E3B
:106DA800FCEEE77AF31A17EE902A934200F2438139
:106DB80094F880359DED0A8AD4ED737A002B40F063
:106DC8004F81EB6895ED067A2A68C4F87032D5E9E8
:106DD8000113B8EEC77AB4EEE78AF1EE10FAC4E907
:106DE8009223C4F8441284EDD67AC0F281803146E9
:106DF8002046FFF725FC00287AD133460A220621CF
:106E08002046FFF7FDFB73E0B4F87E3523B932B0B6
:106E1800BDEC048BBDE8F087FCF76EFF22780023F9
:106E28000021092AA4F87E35C4F8103384F82C32DE
:106E3800C4F8141203D040F20233A4F80130092335
:106E4800237031462046FFF7FFFA32B0BDEC048BC1
:106E5800BDE8F087D0E91623D1E90001FEF754FD1B
:106E68000746002849D094F88535002B3FF413AF26
:106E7800AB68226E9B1A002BC0F2B0800CD0D4F8FD
:106E8800D0220AB19A4201D9C4F8D032D4F8D42217
:106E98009A4238BFC4F8D432D5E90032A16D013B1B
:106EA80042F1FF325B1AE16D62EB0102002A4FF0FA
:106EB800FF31D4F8B42218BF0B461A44C4F8B422E0
:106EC800E9E67047FCF718FF227800230021092A19
:106ED800A4F87E35C4F8103384F82C32C4F81412A0
:106EE800ADD00323A4F80130A9E7002B40F0C882F5
:106EF80031462046FFF7A8FA89E7B4F87E35002B1B
:106F080085D0D5E90002D4E916139A4208BF884211
:106F18003FF47DAFFCF7F0FE2378A4F87E750022DD
:106F2800092BC4F8107384F82C72C4F8142286D084
:106F380040F20243A4F8013081E794F87530002B41
:106F48003FF4C7AED4ED5D7A236EFCEEE77AF31A10
:106F580017EE902A93423FF6BCAED4F8E432BB4217
:106F68003CBFAB68C4E9B973B3E6002B3FF412AF7A
:106F7800002ABDD0D4ED5D7A236EFCEEE77AF31AD1
:106F880017EE902A9342B3D8AB68D4F864259B1ABD
:106F9800002BADDB2378012B06D194F894301BB17C
:106FA800A36F002B00F34583FCF7A6FE227800238D
:106FB8000021092AA4F87E35C4F8103384F82C324D
:106FC800C4F8141203D040F60613A4F801300923BC
:106FD800237031462046FFF737FA89E7B4F87E3543
:106FE800002B3FF414AFFCF787FE22780023002122
:106FF800092AA4F87E35C4F8103384F82C32C4F872
:10700800141295D11BE7B4F87E35002B3FF4FFAE80
:10701800FCF772FE2378A4F87E750022092BC4F8C9
:10702800107384F82C72C4F814227FF404AF06E7B6
:10703800002B7FF45DAFFCF75FFE22780023002170
:10704800092AA4F87E35C4F8103384F82C32C4F821
:1070580014123FF4F4AE40F20223A4F80130EEE635
:10706800D4F89032B4EEE78A002B00F0DC81F1EE20
:1070780010FA00F17E82D4ED5B7AAA68D4F84C3518
:10708800FCEEE77AD31A17EE901A8B42FFF4BFAEE4
:10709800D5ED067AEB68C4F87032D5E90031F8EE20
:1070A800E77AC4F84C226422C4E99113C4EDD67A75
:1070B80004F59C710DEB020001F03AFAD4ED1E7A4A
:1070C800D4F81033F8EEE77A77EEC88A002B00F090
:1070D8009F81D4ED797AF4EEE87AF1EE10FA80F235
:1070E8008A8194ED817A37EE487AF4EEC77AF1EE28
:1070F80010FA80F2808123780E2B00F07C8194F8BE
:107108007D35CBB994F88135B3B9D4F8903283B1D1
:1071180094ED797AB4EEE87AF1EE10FA09D5D4ED67
:10712800817A77EEC87AB4EEE77AF1EE10FA00F1D8
:10713800C682D4F8103313B1D4F8D8312093D4F8D8
:107148004C25AB68DFEDD57A9B1AB0EE480A08EEFD
:10715800103AB8EE488A04F5017828EE278A0CAA76
:10716800F0EE480A19A94046FEF7D2FE0746002865
:1071780000F06481D4ED656A94ED5D7AD4ED5E7AB1
:107188009DED169A0196BDEEC99AFCEEE66ABCEE34
:10719800C77AFCEEE77A8DED059ACDED046A8DEDA0
:1071A800037ACDED027AAB6800930DF127030793BC
:1071B8000BAB0693D5E90023D4F83C05FDF7FAF8A4
:1071C800002840F0A2819DF827301BB1189B43F09E
:1071D80004031893B8EEC99ADDED167AB4EE679AEF
:1071E800F1EE10FA03D0189B43F0080318930B9B99
:1071F8000CAA19A94046FFF745F80746002800F0F1
:107208001D810B9AAB68C4F84C3507EE102A95ED32
:10721800005BD4F85432DDED0F9ADDED0D6ADDED3B
:10722800107ADDF83890DDF84480DDF848E0DDF8C4
:107238004CC0149F159D16981799B8EEC77A01335C
:1072480004F5AA6A8AED005BC4F8543284EDC88A52
:1072580084EDD79AC4EDCB6AC4F83093C4F8388368
:10726800C4F83CE3C4F840C3C4F84473C4F84853B2
:10727800C4F84062C4F86003C4EDC99AC4EDCD7A7D
:1072880084EDD37AC4F8501394ED899A94ED888AE2
:10729800189BC4F87432B4EEC89AF1EE10FA03F0F1
:1072A8000103C0F2DF8094ED637AF0EEE77AF4EE42
:1072B800C77AF1EE10FA40F3D58094F88305002BD5
:1072C80040F09D814FF48071002840F09081C4F80F
:1072D8005C65A4F88215C4F8AC320027002AC4F80B
:1072E800B07240F3C580D4ED607AF4EEE87AF1EE3E
:1072F80010FA40F1BD8094F87C2552B904F274511B
:107308000A9AC4F86C65C4F868650A6004F5AF6148
:107318000A60D4ED7E7A0122FCEEE77A84F87C25B7
:10732800D4F8682517EE901AB21A8A4216D304F2D6
:107338007452D2ED007A9DED0A7AD4ED7F6A77EE29
:10734800677AF4EEE67AF1EE10FAC4EDDC7AA4BFBF
:10735800C4F86C6582ED007AC4F86865D4F86C25C9
:10736800A6EB02084145C4F8008340F21F8104F5EA
:10737800AF62DDED0A7AD2ED006A94ED7F7A77EE9E
:10738800E67AF4EEC77AF1EE10FAC0F20F81002B1C
:107398000CBF03250125B4EEC89AF1EE10FAACBF74
:1073A80001230023C4F80433D4ED800A94ED620A63
:1073B800C4F8FC5201F014F9BCEEC00A10EE103A01
:1073C800434540F28C80B4EEC89AF1EE10FA74DBB3
:1073D800D4ED647AFCEEE77A17EE903ABB4200F2FD
:1073E800A980EB0700F1A68033461122052120462B
:1073F800FFF706F97CE5D4F83C05FCF7B5FF07462E
:10740800002800F0D58000239DED0A8AC4F81033C7
:1074180094F87D35002B7FF492AE94F88135002BDB
:107428007FF487AE71E6F1EE10FAFFF624AE012381
:10743800C4F89032EB68C4F89C321CE6FCF75CFC9C
:107448002378A4F87E750022092BC4F8107384F8F9
:107458002C72C4F814223FF4F2AC41F20723A4F8CA
:107468000130ECE4E3B9A4F88235C4F8AC3234E76F
:1074780000231D4684F87C35C4F8003398468AE713
:1074880094F88535002B3FF433AD94F87430002B15
:107498003FF42EAD94F875206AE500BF6F12833A69
:1074A80094F88215002940F092800120C4F85865AC
:1074B800A4F88205C4F8AC120FE7D4ED1E7AF8EEF2
:1074C800E77A77EEE97AF0EEE77A23780E2B00F088
:1074D80085800D2200232270C4F8083308E5FCF7E4
:1074E8000BFC22780023092A4FF00001A4F87E350E
:1074F800C4F8103384F82C3218BF41F20503C4F8DD
:10750800141218BFA4F8013061E5FCF7F5FB2278E6
:1075180000230021092AA4F87E35C4F8103384F822
:107528002C32C4F814123FF48AAC40F60623A4F8AF
:10753800013084E4D4ED1E7A94ED5F7AF8EEE77AB0
:1075480077EEE97AF0EEE77AB4EEE77AF1EE10FA40
:10755800BBDB23780E2B18BFC4F87065D4F87035E0
:107568000E210122F31A217084F88125C4F808330A
:10757800BEE4D4F89432EA68C4F8A0220133C4F80F
:107588009432FCF7B9FB227800230021092AA4F8D9
:107598007E35C4F8103384F82C32C4F814123FF442
:1075A8004EAC40F60263A4F8013048E40225F2E646
:1075B800FCF7A2FB2378A4F87E750022092BC4F8F7
:1075C800107384F82C72C4F81422AED137E4002169
:1075D80084F88315D4F85815711A6BE794ED607A1E
:1075E800B4EEE77AF1EE10FA7FF582AC71E7D4F8E1
:1075F8005C75A4F88215C4F8AC32F71B6EE694F8F3
:10760800821509B9C4F85865D4F85815711AC4F820
:10761800AC1230B940F20111C4F85C65A4F88215C7
:107628005BE6D4F85C7540F20111F71BA4F88215EB
:1076380054E694ED687AF7EE007AB4EE677A07EECE
:10764800903AF1EE10FAB8EEE70A0CBF01210021DA
:107658004046FEF723F8074600287FF4A5AC04F55A
:107668009C7529464046FEF78DF900283FF49CACEE
:10767800FCF75AFD00283FF497ACFCF747FD0028BB
:107688003FF492ACFCF776FD437F002B7FF48CAC83
:10769800D4ED1E7A9DED0A0A2946F8EEE70A04F5AC
:1076A8005B724046FEF790F90546C4F8F802A8B3A5
:1076B8003346092206212046FEF7A2FF18E4404679
:1076C800FEF7DEF838B3D4ED777A94ED787AD4F80B
:1076D8001833FCEEE77ABCEEC77A17EE907A07EB20
:1076E800030817EE103A984515D8D4ED7A0A94EDA8
:1076F8007B0A00F075FFF0EE400A94ED610A00F095
:107708006FFFD4F84435BCEEC00AFB1A10EE102AFD
:107718003344934269D39DED0A8A0AE54FF080739A
:10772800226F616E84F8860584F88405C4F87005B4
:10773800C4F88005C4F87C35404619ABC4F84465E4
:10774800C4F86865C4F86C654FF00008CDF864802B
:10775800FEF72EF8D4F84035D4F818A3D4F86C9373
:1077680004F2745201332946199D1560012B04F562
:10777800AF6238BF0123156004F50C70C4F84035BA
:107788004FF4A47200F0A7FE636ED4ED1C7AC4F81F
:107798007032C4F8E432236EC4F8E832C4F84C32CC
:1077A800A36DC4F84832F8EEE77A0C232370E36D32
:1077B800C4F87453C4F818A3C4F86C933146C4EDE4
:1077C800D67AC4F844322046FEF73AFF054630B36D
:1077D8002378C4F84865092B08BF0727C4F89060C8
:1077E800C4F89862E770FFF783BB3A460127D4F8DC
:1077F8003C05C4F8188384F87D753146FCF770FDA4
:1078080028B3D4ED777A9DED0A8AC4F81073FCEE9C
:10781800E77A17EE903A3344C4F814338CE4FCF753
:107828006BFA2378A4F87E55092B1CBF40F6062373
:10783800A4F801300923C4F8105384F82C52C4F872
:107848001482237031462046FEF7FEFDC0E733461A
:107858000A2206212046FEF7D3FEFFF7D8BA00BF5A
:1078680000284FD038B590F87F35044603B938BDA5
:107878000D46FCF77FFC94F8803513B38378042B0E
:1078880041D0C3B1FCF738FA227800230021092A35
:10789800A4F87E35C4F8103384F82C32C4F81412D6
:1078A80003D040F60623A4F80130092323702946A3
:1078B8002046FEF7C9FD29462046BDE83840FEF7B8
:1078C800C3BD037F002BF6D1D4F88820002AF2D05C
:1078D80041698A4202D18278012A2AD0FCF70CFA3F
:1078E800227800230021092AA4F87E35C4F8103331
:1078F80084F82C32C4F81412D7D040F20563A4F8E7
:107908000130D2E77047FCF7F7F922780023092AFB
:107918004FF00001A4F87E35C4F8103384F82C32F7
:1079280018BF40F60653C4F8141218BFA4F8013063
:10793800BBE705F13201C4F8883084F88425C4F81F
:107948006015B8E790B130B5044683B00D46FFF72F
:10795800A5F894F87F3513B194F880353BB12946E2
:10796800204603B0BDE83040FEF76EBD7047FCF717
:1079780001FC037F002BF2D194F8843543B1D4F88D
:107988006035EA1A002AEADB226ED21A002AE6DB00
:10799800D4E90A23616A00950020FCF707FAD8B1F8
:1079A800FCF7AAF922780023092AA4F87E35C4F83E
:1079B800103384F82C3218BF40F606134FF000013C
:1079C80018BFA4F801300923C4F8141223702946FB
:1079D8002046FEF739FDC2E7FCF7CCFB4369C4F843
:1079E8008830BCE7052809D0062801D00020704758
:1079F800A1F58073042B07D801207047103901299D
:107A08008CBF002001207047A1F5887131298CBFF7
:107A180000200120704700BF2DE9F04FE3B038B1D6
:107A280005290D4616461F4600F02181062904D077
:107A38000625284663B0BDE8F08FA2F58073042BB5
:107A4800044600F22281B2F5817F00F02781257873
:107A5800012D40F00781B4F87E35002B40F00281FB
:107A6800FCF754FB002800F0FD80FCF783FB037F44
:107A7800002B40F0F780B6F5827F00F0F98340F2E2
:107A88000312964200F01484B6F5807F00F0FE835E
:107A980094F88635002B00F03D84B6F5887F80F099
:107AA8001D844CF201139F42C3D17B4BD4F8281597
:107AB800D4F82C259A4208BFB1F1FF3FB9D1D4F8C8
:107AC8003025D4F834359A42B3D1B4F8C024B4F888
:107AD800C234B4F8C41443EA02434993B4F8C63430
:107AE800B4F8C82443EA01434A93B4F8CA34B4F852
:107AF800CC1443EA02434B93B4F8CE34B4F8D02400
:107B080043EA01434C93B4F8D234B4F8D41443EAAA
:107B180002434D93B4F8D634B4F8D82443EA014369
:107B28004E93B4F8DA34B4F8DC1443EA02434F93C2
:107B3800B4F8DE34B4F8E02443EA01435093B4F8CF
:107B4800E234B4F8E41443EA02435193B4F8E63457
:107B5800B4F8E82443EA01435293B4F8EA3443EA18
:107B680002435393B4F8EC24B4F8EE3443EA0243E6
:107B78005493B4F8F024B4F8F23443EA024355932A
:107B8800B4F8F424B4F8F63443EA02435693B4F84C
:107B9800F824B4F8FA3443EA02435793B4F8FC24BF
:107BA800B4F8FE3443EA02435893B4F80025B4F815
:107BB800023543EA02435993B4F80425B4F806356C
:107BC80043EA02435A93B4F80825B4F80A3543EA5D
:107BD80002435B93B4F80C25B4F80E3543EA02432C
:107BE8005C93B4F81025B4F8123543EA02435D9368
:107BF800B4F81425B4F8163543EA02435E93B4F892
:107C08001825B4F81A3543EA02435F93B4F81C25E3
:107C1800B4F81E3543EA02436093B4F82025B4F85B
:107C2800223549A943EA024304F5CE70619304F56D
:107C38009C77FDF7A7FE002800F07B83EFF3108602
:107C480072B6BFF35F8F2378012B07D1B4F87E5546
:107C580025B9FCF75BFA002840F06F83BFF35F8F0C
:107C680086F310880325284663B0BDE8F08FA2F19B
:107C78001003012B3FF6DCAEB7F57F4F00F0EA8228
:107C88000125284663B0BDE8F08FA2F58873312B33
:107C98007FF6DDAECDE600BFFFFF03004DF2011316
:107CA8009F42EDD1EFF31083479372B6BFF35F8F16
:107CB800D4E994230193D4F858320293D4F85C326F
:107CC8000393D4F860320493D4F864320593D4F85B
:107CD80068320693D4F86C320793D4F8703208935C
:107CE800D4F874320993D4F878320A93D4F87C32F1
:107CF8000B93D4F88032D0E98C8ED0E98EC7D0E9C6
:107D08009065D0E992010C93D4F884320D93D4F89D
:107D180088320E93D4F88C320F93D4F890321093A3
:107D2800D4F894321193D4F898321293D4F89C3240
:107D38001393D4F8A0321493D4F8A4321593D4F83A
:107D4800A8321693D4F8AC321793D4F8B0321893FB
:107D5800D4F8B4321993D4F8B8321A93D4F8BC32A0
:107D68001B93D4F8C0321C93D4F8C4321D93D4F8B2
:107D7800C8321E93D4F8CC321F93D4F8D032209353
:107D8800D4F8D4322193D4F8D8322293D4F8DC3200
:107D98002393D4F8E0322493D4F8E4322593D4F82A
:107DA800E8322693D4F8EC322793D4F8F0322893AB
:107DB800D4F8F4322993D4F8F8322A93D4F8FC3260
:107DC8002B93D4F800332C93D4F804332D93D4F8A0
:107DD80008332E93D4F80C332F93D4F81033309300
:107DE800D4F814333193D4F818333293D4F81C33BD
:107DF8003393D4F820333493D4F824333593D4F818
:107E080028333693D4F82C333793D4F83033389357
:107E1800D4F834333993D4F838333A93D4F83C331C
:107E28003B93D4F840333C93D4F844333D93D4F88F
:107E380048333E93D4F84C333F93D4F850334093AF
:107E4800D4F854334193D4F858334293D4F85C337C
:107E58004393D4F860334493D4F864334593D4F807
:107E680068334693D4E9DBBAD4F87493BFF35F8FD1
:107E7800479B83F31088019BA4F89E331B0CA4F83E
:107E88009C33029BA4F8A2331B0CA4F8A033039BD9
:107E9800A4F8A6331B0CA4F8A433049BA4F8AA33B3
:107EA8001B0CA4F8A833059BA4F87A83A4F87EE3F6
:107EB800A4F882C3A4F88673A4F88A63A4F88E533E
:107EC800A4F89203A4F89613000C090CA4F89A23BA
:107ED800A4F8AE33120C1B0C4FEA18484FEA1E4E9A
:107EE8004FEA1C4C3F0C360C2D0CA4F89003A4F858
:107EF8009413A4F89823A4F87883A4F87CE3A4F84E
:107F080080C3A4F88473A4F88863A4F88C53A4F8F5
:107F1800AC33069BA4F8B2331B0CA4F8B033079B10
:107F2800A4F8B6331B0C0898A4F8B4334FEA1A41E6
:107F380000231A4661F30F034FEA194161F30F0258
:107F4800010CA4F8B8130999A4F8BE13090CA4F8F5
:107F5800BC130A99A4F8C213090CA4F8C0130B990E
:107F6800A4F8C613090CA4F8C4130C99A4F8CA13EE
:107F7800090CA4F8C8130D99A4F8CE13090CA4F899
:107F8800CC130E99A4F8D213090CA4F8D0130F99A6
:107F9800A4F8D613090CA4F8D4131099A4F8DA138A
:107FA800090CA4F8BA03A4F8D8131199A4F8DE139D
:107FB800090CA4F8DC131299A4F8E213090CA4F82C
:107FC800E0131399A4F8E613090CA4F8E413149920
:107FD800A4F8EA13090CA4F8E8131599A4F8EE1309
:107FE800090CA4F8EC131699A4F8F213090CA4F8D8
:107FF800F01317991898A4F8F613090CA4F8F413B9
:10800800010CA4F8F8131999A4F8FE13090CA4F8A4
:10801800FC131A99A4F80214090CA4F800141B996B
:10802800A4F80614090CA4F8FA03A4F804141C997B
:10803800A4F80A14090CA4F808141D99A4F80E143D
:10804800090CA4F80C141E99A4F81214090CA4F82D
:1080580010141F99A4F81614090CA4F814142099E4
:10806800A4F81A14090CA4F818142199A4F81E14D9
:10807800090CA4F81C142299A4F82214090CA4F8D9
:1080880020142399A4F82614090CA4F8241424997C
:10809800A4F82A14090CA4F828142599A4F82E1475
:1080A800090CA4F82C142699A4F83214090CA4F885
:1080B80030142799A4F83614090CA4F83414289914
:1080C8002998A4F83A14090CA4F83814010CA4F857
:1080D8003C142A99A4F84214090CA4F840142B99CA
:1080E800A4F84614090CA4F844142C99A4F84A14CA
:1080F800090CA4F848142D99A4F84E14090CA4F8F6
:108108004C142E99A4F85214090CA4F850142F9961
:10811800A4F85614090CA4F854143099A4F85A1465
:10812800090CA4F858143199A4F85E14090CA4F8A1
:108138003E04A4F85C143299A4F86214090CA4F85B
:1081480060143399A4F86614090CA4F864143499DB
:10815800A4F86A14090CA4F868143599A4F86E14E4
:10816800090CA4F86C143699A4F87214090C6AF373
:108178001F43A4F870143799C4F8B8343A9BA4F88C
:108188007614090CA4F87414A4F882343899399830
:10819800A4F87A141B0CA4F880343B9BA4F886340A
:1081A800090C69F31F42A4F878141B0C010CA4F8FD
:1081B8007C14C4F8BC24A4F87E04A4F884343C9B42
:1081C800A4F88A341B0CA4F888343D9BA4F88E3498
:1081D8001B0CA4F88C343E9BA4F892341B0CA4F816
:1081E80090343F9BA4F896341B0CA4F89434409B1D
:1081F800A4F89A341B0CA4F89834419BA4F89E3434
:108208001B0CA4F89C34429BA4F8A2341B0CA4F8C1
:10821800A034439BA4F8A6341B0CA4F8A434449BB4
:10822800459A4699A4F8AA341B0CA4F8A834130C50
:10823800A4F8AC340B0CA4F8B0344FEA1B43A4F8F0
:10824800AE24A4F8B214A4F8B434A4F8B6B4002543
:10825800FFF7EFBB102A08BF0A2500236C9A8DF898
:10826800245149A94A93FEF739FB0546FFF7E1BBBC
:10827800D4ED677AFCEEE77A17EE902A92B2BA420A
:10828800E5D0C4F8F85284F89430F9E44BF20113BD
:108298009F427FF4F5AC04F5A6630020002143E972
:1082A8000201D4F83435C4F8303584F88655CEE761
:1082B80007EE907A2946B8EE670A04F5CE70019366
:1082C800FDF7ECF9C4F8F80238B3019B6C9984F80F
:1082D80094302046FFF736FBFFF7ABBBA6F5987343
:1082E800C6F5987225FA02F205FA03F3D4F82815B0
:1082F800A6F588701343D4F82C2505FA00F004EB92
:10830800460601431A43A6F8A072C4F82815C4F813
:108318002C259CE70425FFF78CBB07236C9A8DF866
:10832800243149A920464A97FEF7D8FA0546FFF7AF
:1083380080BB84F88605FFF77CBB49A964223846D0
:1083480000F0F6F849A8FDF7EBFBD4F83435C4F88B
:1083580038050133012B38BF01232C22C4F83435EA
:10836800294604F5017000F0B6F884F88655BFF385
:108378005F8F86F310886C992046FFF7E3FAFFF7C2
:1083880058BB00BFD0B143B3C9B1B2F5C07F26D244
:10839800B2F5827F37D040F203118A423AD0A2F573
:1083A8008871312919D85108883900EB8100D20722
:1083B800D0F838111ED40A0C1A8001207047A2F593
:1083C8000071A32918D9A2F58072072A05D8DFE819
:1083D80002F0544845423E3A363300207047B2F521
:1083E800DA7FFAD25108C03900EB8100D0F89C112D
:1083F800D007E0D50A46DFE700EB420232F8882CC6
:108408001A8001207047D0ED677AFCEEE77A17EE04
:10841800902AD1E790ED687AF7EE007AB4EE677AA1
:10842800F1EE10FA06D190F89420002AC4D0B0F8E2
:108438007820C1E70022BFE7D0F83825BCE7B0F8BC
:108448003A251A80DDE7D0F834251A80D9E7B0F844
:1084580036251A80D5E7A4221A80D2E732221A805C
:10846800CFE700B583B00193FBF784FE019B427F01
:108478001A80012003B05DF804FB4FF204121A8041
:10848800BFE700BF10B501390244904201D1002076
:1084980005E0037811F8014FA34201D0181B10BD65
:1084A8000130F2E7884210B501EB020402D9844298
:1084B800234607D8431EA14207D011F8012B03F821
:1084C800012FF8E70244824200D110BD13F8011DC4
:1084D80002F8011DF7E702440346934200D17047B2
:1084E80003F8011BF9E7000070B50D4B0D4D5B1B40
:1084F8009C100026A64209D100F0A4FA0A4D0B4BA5
:108508005B1B9C100026A64205D170BD55F8043BA4
:1085180098470136EEE755F8043B98470136F2E7ED
:10852800DC8B0008DC8B0008DC8B0008E08B000883
:108538000A44914200F1FF3300D1704710B511F899
:10854800014B03F8014F9142F9D110BD08B52DED4B
:10855800028BB0EE408A00F087F8B4EE488AF1EE5C
:1085680010FA06D6DFED098AB4EEE88AF1EE10FAC1
:1085780002D4BDEC028B08BD00F0E2F888EEA80A30
:10858800BDEC028B2123036008BD00BF0000000082
:1085980008B52DED028BF0EE408AB0EE608A00F04F
:1085A80047F820B9B0EE480ABDEC028B08BDB0EE22
:1085B800480A00F03DF858B1F4EEC88AF1EE10FA16
:1085C800C8BFB0EE688AB0EE480ABDEC028B08BDA1
:1085D800B0EE688AB0EE480ABDEC028B08BD00BF59
:1085E80008B52DED028BF0EE408AB0EE608A00F0FF
:1085F8001FF820B9B0EE480ABDEC028B08BDB0EEFA
:10860800480A00F015F858B1F4EEC88AF1EE10FAED
:1086180048BFB0EE688AB0EE480ABDEC028B08BDD0
:10862800B0EE688AB0EE480ABDEC028B08BD00BF08
:1086380010EE103A33F000400ED0A0F50003B3F16D
:10864800FE4F0DD3074B421E9A4207D9A0F1FF40B7
:10865800B0FA80F040097047022070470320704745
:1086680004207047FEFF7F00B1EEC00A704700BFCC
:1086780010EE102AC2F3C7537F3B162B22F000419D
:108688001BDC002B10461EDB1A4919410A4223D075
:10869800DFED197A70EE277AF5EEC07AF1EE10FA6E
:1086A8001ADD002A04DA4FF4000242FA03F31844F0
:1086B80020EA010300EE103A7047B1F1FF4F0BD3E7
:1086C80030EE000A7047DFED0C7A70EE277AF5EE8F
:1086D800C07AF1EE10FA00DC7047002A02DB9FED49
:1086E800070A704711B99FED060A7047BFEE000AE6
:1086F800F2E700BFFFFF7F00CAF2497100000000E7
:108708000000008010EE103AC3F3C7527F3A162AD1
:1087180019460BDC002A03F0004309DB074840FA3E
:1087280002F20A40134300EE103A7047802A02D042
:1087380000EE103A704730EE000A7047000080FFE4
:10874800014B1868704700BF0C0000202DE9F04766
:10875800089D0F4604468C46002B48D18A4216468F
:1087680061D9B2FA82F34BB1C3F1200201FA03FCDA
:1087780020FA02F29E4042EA0C0C9C404FEA164E48
:10878800B7B2BCFBFEF1220C0EFB11CC42EA0C4244
:1087980001FB07F0904209D9B21801F1FF3C80F0C3
:1087A800EE80904240F2EB8002393244121AA4B2B1
:1087B800B2FBFEF00EFB102244EA024400FB07F76E
:1087C800A74209D9341900F1FF3280F0DA80A742B4
:1087D80040F2D7803444023840EA0140E41B0021CB
:1087E8001DB1DC400023C5E90043BDE8F0878B429A
:1087F80006D90DB1C5E9000100210846BDE8F0879A
:10880800B3FA83F1002948D1BB4202D3824200F275
:108818000781841A67EB030201209446002DE4D0F7
:10882800C5E9004CE1E7002A00F09280B2FA82F331
:10883800002B40F0A8808A1A4FEA164E1FFA86FCD1
:108848000121200CB2FBFEF70EFB172240EA024280
:108858000CFB07F0904207D9B21807F1FF3802D293
:10886800904200F2E2804746121AA4B2B2FBFEF030
:108878000EFB102244EA02440CFB00FCA44507D975
:10888800341900F1FF3202D2A44500F2CB80104621
:10889800A4EB0C0440EA0740A2E7C1F120068B4094
:1088A80022FA06FC4CEA030C07FA01F420FA06F354
:1088B800F7404FEA1C49234300FA01F81FFA8CFEDF
:1088C800B7FBF9F01C0C09FB107744EA074400FBDE
:1088D8000EF7A74202FA01F20AD91CEB040400F1D0
:1088E800FF3A80F09B80A74240F2988002386444A7
:1088F800E41B9FB2B4FBF9F309FB134447EA0444B1
:1089080003FB0EFEA64509D91CEB040403F1FF374F
:1089180080F08280A6457FD9023B644443EA004048
:10892800A4EB0E04A0FB02E7BC427346B94663D32E
:1089380060D05DB1B8EB030264EB090404FA06F6F3
:1089480022FA01F31E43CC40C5E9006400214CE73C
:108958006208480842EAC1710B0C43EA00438AB234
:1089680042EA0342B3FBF6F1E407B4463746B6469B
:108978001F23B0FBF6F0D21B41EA004161E76146D4
:1089880014E7104628E7C3F1200120FA01F29E40BF
:1089980027FA01F19F403A434FEA164E1FFA86FC28
:1089A800B1FBFEF70EFB1710110C41EA004107FB63
:1089B8000CF8884504FA03F43AD9711807F1FF3026
:1089C80001D288451FD8A1EB0801B1FBFEF808FBCE
:1089D8000CF70EFB181192B242EA0142BA422FD2AA
:1089E800B21808F1FF31C6D2BA42C4D2A8F10201C6
:1089F8003244C0E7F0459CD2BEEB020367EB0C079C
:108A08000138B94695E7A6EB08084144B81EB1FB02
:108A1800FEF808FB0CF7DCE73B467FE7504667E7C4
:108A28000846FBE63444023832E7023F32441BE78B
:108A3800A1EB08013846B1FBFEF808FB0CF7C8E7C4
:108A4800414698E7F8B500BFF8BC08BC9E46704799
:0C8A5800F8B500BFF8BC08BC9E46704793
:108A640000000000010203040000000000000000F8
:108A740001020304060708091301000014000000A2
:108A8400050000000A000000C800000032000000D9
:108A9400FA0000001027000014000000320000005B
:108AA400102700000A0000002800000088130000BE
:108AB4000A000000280000003075000001010000D9
:108AC4004501000004F100000601534601000000C6
:108AD400130100004501000088130000D0020000CB
:108AE40064000000FA000000FA0000007D000000AD
:108AF40082000000D00200006400000001000000B9
:108B0400010000000000803F0000000000000000A1
:108B1400000000000080A2430000803F000000002D
:108B24000000000000000000008089430080A24390
:108B3400000000000000A041000034440000C842CE
:108B44000000000000000000000000000000000021
:108B540000409C4500409C4500409C4500409C458D
:108B64000000FA430000004000409C450000204102
:108B740000000000000000000AD7A33C00004843A6
:108B840000007A4400007A44000034440000C842E3
:108B940000007AC400007A440000A04000000000F5
:108BA4000000A0400000FA420000A041000002437F
:108BB4000000A0400000204100C82F4700409C4511
:108BC4000000484200401C46000000400000FA43F8
:088BD40080FBFF7F010000009F
:048BDC003502000856
:048BE0000D0200087A
:108BE4008096980001000000100000001000002092
:108BF4000000000070090020D8090020400A00206D
:108C04000000000000000000000000000000000060
:108C14000000000000000000000000000000000050
:108C24000000000000000000000000000000000040
:0C8C340000000000000000000000000034
:040000050800025994
:00000001FF
