:020000040800F2
:10000000000002205902000899030008A903000813
:10001000B1030008B9030008C10300080000000094
:10002000000000000000000000000000C9030008FC
:10003000CD03000800000000D1030008D50300082C
:10004000A9020008A9020008A9020008A9020008E4
:10005000A9020008A9020008A9020008A9020008D4
:10006000A9020008A9020008A9020008A9020008C4
:10007000A9020008A9020008A9020008A9020008B4
:10008000A9020008A9020008A90200080000000057
:10009000000000000000000000000000A9020008AD
:1000A000A9020008A9020008A9020008A902000884
:1000B000A9020008A9020008A9020008A902000874
:1000C000A9020008A9020008A9020008A902000864
:1000D000A9020008A9020008E103000800000000CE
:1000E000A9020008A9020008A902000800000000F7
:1000F000000000000000000000000000A90200084D
:1001000000000000A9020008D9030008A9020008A5
:1001100000000000000000000000000000000000DF
:10012000A9020008A9020008A9020008A902000803
:10013000A90200080000000000000000000000000C
:10014000000000000000000000000000A9020008FC
:10015000A9020008A9020008A9020008DD0300089E
:10016000A9020008A9020008000000000000000029
:10017000000000000000000000000000000000007F
:1001800000000000A90200080000000000000000BC
:08019000A9020008A902000801
:1001980053B94AB9002908BF00281CBF4FF0FF31E6
:1001A8004FF0FF3000F00CB8ADF1080C6DE904CE4B
:1001B80009F052FDDDF804E0DDE9022304B07047E0
:1001C800704700BF0348044B834202D0034B03B17E
:1001D800184770475C0000205C0000200000000009
:1001E8000548064B1B1AD90F01EBA301491002D091
:1001F800034B03B1184770475C0000205C000020E7
:100208000000000010B5064C237843B9FFF7DAFF69
:10021800044B13B10448AFF300800123237010BDD1
:100228006000002000000000589F000808B5054B3A
:100238001BB105490548AFF30080BDE80840FFF74A
:10024800CFBF00BF0000000064000020589F0008D6
:10025800DFF834D000F0DCF80C480D490D4A0023D3
:1002680002E0D458C4500433C4188C42F9D30A4A63
:100278000A4C002301E013600432A242FBD309F0C8
:10028800B9FB00F00FF870470000022000000020C2
:100298005C000020E8A2000860000020380C002064
:1002A800FEE7000030B591B001F07CFC00F026F9C3
:1002B800042302221946602000F0B4F820B901F0A6
:1002C800D7FB03F0B7FC08B101F0D4FB00F038F914
:1002D8002D4902462D4801F0D9FB2C4801F060FC5D
:1002E800054601F07FFD0028EED04FF47A7000F04B
:1002F8002DF901F0F5FD0028E6D0284601F0DCFED6
:100308000028E1D000F01CF9012102461F4801F045
:10031800CFFB002DD8D02B78012BD5D115E01B4869
:10032800214601F01DFC03F0C7FE28BB01F056FF73
:10033800204601F08FFF10B9204601F091FF1348C5
:10034800214601F029FC01F0A1FF00F0F9F804466C
:1003580001F044FF00F0F4F801F07CFF684601F07A
:10036800F3FD0028DBD000F0EBF8694604460246AE
:10037800064801F0A1FBD2E723460A2206212846B7
:1003880007F060FAD2E700BF889F000880000020CD
:1003980008B501F0C5FCBFF34F8F30BFFBE700BFC6
:1003A80008B5FFF7F5FF00BF08B5FFF7F1FF00BF7D
:1003B80008B5FFF7EDFF00BF08B5FFF7E9FF00BF7D
:1003C800704700BF704700BF704700BF00F0ACB86F
:1003D80003F020BA01F0B2BD01F0FABE10B5044630
:1003E80001F0D4FD00B110BD2046BDE8104001F079
:1003F80053BF00BF01F074BF10B5044601F0F4FD0F
:1004080000B110BD2046BDE8104001F093BF00BF09
:10041800034AD2F8883043F47003C2F88830704732
:1004280000ED00E0F0B595B01F4D204C0027019776
:100438002E6C46F080562E642D6C05F08055019583
:10044800019D0297256845F4404525602468119070
:1004580004F4404402944FF480350124CDE9084562
:1004680008A802244FF48005CDE90E45CDE91223F2
:10047800029C109100F006FA10B1012015B0F0BDF1
:1004880003460F240220CDE903404FF48052032194
:1004980003A8CDE90532079300F00EFCC01B18BF76
:1004A800012015B0F0BD00BF0038024000700040C8
:1004B800704700BF38B50E4A0E4B127805461868CB
:1004C8004FF47A73B3FBF2F3B0FBF3F000F0BEF82D
:1004D80008B90F2D01D9012038BD04460246294626
:1004E8004FF0FF3000F056F8034B20461D6038BD32
:1004F80004000020000000200800002008B5094B77
:100508001A6842F400721A601A6842F480621A602B
:10051800032000F02DF80F20FFF7CCFFFFF7C8FFEE
:10052800002008BD003C0240034A044B11681B78B8
:100538000B441360704700BF7807002004000020B8
:10054800014B1868704700BF7807002038B504468B
:10055800FFF7F6FF631C054602D0044B1B781C44CA
:10056800FFF7EEFF401BA042FAD338BD040000207D
:100578000749CA6803024FF6FF0003F4E06302402C
:10058800134343F0BF6343F40033CB60704700BFAD
:1005980000ED00E01B4BDB68C3F3022300B5C3F199
:1005A800070EBEF1040F03F1040C28BF4FF0040E30
:1005B800BCF1060F1CD9A3F1030C4FF0FF3303FA6B
:1005C8000CF322EA03024FF0FF3303FA0EF321EA99
:1005D800030303FA0CF313431B010028DBB20ADB05
:1005E80000F1604000F5614080F800335DF804FBDD
:1005F80000229446E7E7044A00F00F00024413760D
:100608005DF804FB00ED00E0FCEC00E0002807DBEF
:10061800044A4109012300F01F00834042F82130B9
:10062800704700BF00E100E000280CDB43090649E1
:1006380000F01F0020330122824041F82320BFF33D
:100648004F8FBFF36F8F704700E100E00138B0F1C2
:10065800807F01D30120704710B44FF0E023074C8E
:1006680058614FF0F00C84F823C00022072110468F
:100678009A615DF8044B1961704700BF00ED00E016
:10068800002808DB4309044900F01F0001226033F9
:10069800824041F82320704700E100E02DE9F04F47
:1006A80000230C68DFF8C8A185B04FF0010B89461C
:1006B80003E00133102B00F087800BFA03F202EA03
:1006C8000408A243F5D1D9F8041001F0030C5A002C
:1006D80003250CF1FF379540012F6FEA050576D900
:1006E800BCF1030F08D0C76807EA050ED9F80870EF
:1006F800974047EA0E07C76007680CFA02F23D40C8
:100708002A4311F4403F0260D3D000220392DAF862
:10071800442042F48042CAF84420DAF8442002F423
:1007280080420392039A23F0030202F1804203F00D
:1007380003070F2602F59C32BF0006FA07FC494E54
:100748009568B04225EA0C0515D006F58066B042DA
:1007580075D0454EB04278D0DFF818C160457AD0E0
:10076800DFF814C160450CBF4FF0040C4FF0070CC4
:100778000CFA07F73D4395603C4A9268CE026FEA4F
:1007880008053A4E54BF2A4048EA0202B260F268AD
:10079800364E8F0254BF2A4048EA0202F26072685D
:1007A8008E03324E54BF2A4048EA02027260326811
:1007B800C90303F101032D4954BF2A4048EA020244
:1007C800102B0A607FF479AF05B0BDE8F08F876819
:1007D80007EA050ED9F80C70974047EA0E078760BC
:1007E800476827EA080EC1F300179F4047EA0E073B
:1007F8004760C76807EA050ED9F80870974047EAC6
:100808000E07BCF1020FC7607FF476AFDF0800EB7C
:10081800870700973E6AD9F81070019603F0070E13
:100828004FEA8E0E0F2607FA0EF706FA0EFE019E05
:1008380026EA0E0E009E47EA0E0737625CE74FF085
:10084800010C0CFA07F73D4395E74FF0020C0CFA40
:1008580007F73D438FE74FF0030C0CFA07F73D43CA
:1008680089E700BF0000024000080240003C014048
:1008780000380240000C02400010024002B909048E
:1008880081617047002800F06A812DE9F041036812
:10089800DD0782B004462FD59F498A6802F00C0212
:1008A800042A00F0EF808A6802F00C02082A00F09F
:1008B800E5806368B3F5803F00F0EE80B3F5A02FC4
:1008C80000F07981944D2A6822F480322A602A68DF
:1008D80022F480222A60002B40F0E380FFF730FEEC
:1008E800064605E0FFF72CFE801B642800F2038112
:1008F8002B689F03F6D423689D0728D5864A9168FC
:1009080011F00C0F00F09280916801F00C01082999
:1009180000F08880E368002B00F010817F4B7E4E4A
:1009280001221A60FFF70CFE054605E0FFF708FEF6
:10093800401B022800F2DF8033689F07F6D5336832
:10094800226923F0F80343EAC203336023681A07D5
:1009580053D45D0730D5704A136C13F0805300F000
:10096800818000256E4E3368D80540F1B480A368B5
:10097800012B00F0C480052B00F02D81664E326FEC
:1009880022F001023267326F22F004023267002B34
:1009980040F0BA80FFF7D4FD41F28838074605E0F9
:1009A800FFF7CEFDC01B404500F2A580336F9B07C3
:1009B800F6D4002D40F00981A369D3B1564DAA6839
:1009C80002F00C02082A00F0CC80022B534B4FF0A7
:1009D80000021A6600F00981FFF7B2FD044605E03F
:1009E800FFF7AEFD001B022800F285802B689B01F3
:1009F800F6D4002002B0BDE8F08163690BB3474B21
:100A0800454E0122C3F8802EFFF79AFD054604E003
:100A1800FFF796FD401B02286DD8736F9B07F7D52B
:100A2800236896E7526851023FF574AF3A4A126854
:100A3800920744D5E268012A41D0012002B0BDE8FE
:100A4800F081364A344EC2F8803EFFF779FD0546FC
:100A580004E0FFF775FD401B02284CD8736F9F0711
:100A6800F7D4DDE70193136C43F080531364136CE0
:100A780003F080530193019B012573E74A685102F3
:100A88007FF517AF244A126892037FF535AF626885
:100A9800002A7FF431AFD0E71F4A136843F480334C
:100AA8001360FFF74DFD1C4E054604E0FFF748FDB7
:100AB800401B64281FD833689B03F7D51BE71649EA
:100AC80020690A6822F0F80242EAC0020A601A079E
:100AD8007FF53FAF91E7336843F480733360FFF7E6
:100AE8002FFD07463368D9053FF541AFFFF728FDCD
:100AF800C01B0228F6D9032002B0BDE8F081064ADF
:100B0800136F43F001031367FFF71AFD024F064600
:100B180041F288380BE000BF00380240000047422D
:100B280000700040FFF70CFD801B4045E3D83B6F89
:100B38009A07F7D5002D3FF43FAF46E0424A434EAF
:100B48001360FFF7FDFC054604E0FFF7F9FC401BC6
:100B58000228D0D833689907F7D42368F7E601202C
:100B68007047012B3FF469AF6B68E26903F48001B9
:100B780091427FF462AF226A03F03F0191427FF411
:100B88005CAF616A47F6C0721A40B2EB811F7FF40E
:100B980054AFA26A520803F44031013AB1EB024F54
:100BA8007FF44BAFE26A03F07063B3EB026F14BFDC
:100BB800012000201EE7254B1A6842F480221A60A3
:100BC8001A6842F480321A606BE7204A136C23F0EB
:100BD80080531364F0E61D4B1A6F42F004021A6743
:100BE8001A6F42F001021A678EE7FFF7A9FC064662
:100BF80005E0FFF7A5FC801B02283FF67CAF2B68B9
:100C08009901F6D4D4E90731626A0B4343EA8213A7
:100C1800D4E90A2052080C4943EA0063013A43EA3E
:100C2800024301226B600A66FFF78AFC074D0446FF
:100C380005E0FFF785FC001B02283FF65CAF2B6838
:100C48009A01F6D5D5E600BF0000474200380240B9
:100C5800164908B58B6803F00C03042B1BD0082B2E
:100C680001D0134808BD4A684B68496813F48003EB
:100C780002F03F0211D10E48C1F38811A1FB000117
:100C8800FFF786FA094B5B68C3F3014301335B0046
:100C9800B0FBF3F008BD074808BD0648C1F388114A
:100CA8000023A1FB0001FFF773FAEBE700380240CD
:100CB8000024F40000127A00002800F08780484AD7
:100CC800136803F007038B422DE9F0410D460446F3
:100CD80009D2CBB21370136803F007038B4202D01A
:100CE8000120BDE8F0812368980714D5590704D579
:100CF8003C498A6842F4E0528A601A0704D53949A7
:100D08008A6842F460428A603649A0688A6822F09C
:100D1800F00202438A60DF0721D56268012A57D0B2
:100D2800931E012B2F4B1B684DD99907D8D52D4EF3
:100D3800B36823F003031343B360FFF701FC41F2E8
:100D48008838074604E0FFF7FBFBC01B404544D842
:100D5800B368626803F00C03B3EB820FF3D1204A47
:100D6800136803F00703AB4206D9EBB2137013689C
:100D780003F00703AB42B3D123685A0706D51949D4
:100D8800E0688A6822F4E05202438A601B0707D5AC
:100D9800144A2169936823F4604343EAC1039360CA
:100DA800FFF756FF0F4A104C92681049C2F303121E
:100DB8000346A25C0E48D34000680B60FFF77AFB3D
:100DC8000020BDE8F0819801B1D489E7012070477F
:100DD800044B1B689E03AAD482E7032081E700BF67
:100DE800003C024000380240789F000800000020C4
:100DF80008000020044B05499B68054A0868C3F3AE
:100E08008223D35CD840704700380240000000209D
:100E1800709F0008044B05499B68054A0868C3F39E
:100E28004233D35CD84070470038024000000020AD
:100E3800709F0008026802F10C0353E8003F23F496
:100E4800907302F10C0C4CE800310029F3D102F147
:100E5800140353E8003F23F0010302F1140C4CE89B
:100E680000310029F3D1036B012B05D02022002388
:100E780080F842200363704702F10C0353E8003FF7
:100E880023F0100302F10C0C4CE800310029F3D1D7
:100E9800ECE700BF0268116938B50446C068A3686A
:100EA80021F4405101432069116103436069D1680D
:100EB8000343E06921F4164121F00C0103430B437D
:100EC800D3605369A069234923F4407303438A42DA
:100ED800536105D0204B9A4202D0FFF78BFF01E007
:100EE800FFF798FFE2691921B2F5004FD4E90053E2
:100EF800A0FB010113D09A009B0FFFF749F9174A8D
:100F0800A2FB00135B09642101FB130000013230CE
:100F1800A2FB00201B0103EB5013AB6038BDDA18AD
:100F28004FF000035B41FFF733F90C4AA2FB003195
:100F38004909642303FB1103DB003233A2FB0323BB
:100F4800C3F342121B0902EB011203F4F8731344B2
:100F5800AB6038BD00100140001401401F85EB5103
:100F6800704700BF70B310B590F84130044603F0E5
:100F7800FF0213B32268242384F84130D36823F492
:100F880000532046D360FFF785FF2368196921F4D1
:100F980090411961596921F02A015961D9680022E3
:100FA8004FF0200C41F40051D960626484F841C0CC
:100FB80084F842C01046626310BD80F84020FFF7F5
:100FC800CFFFD7E701207047704700BFB8B102686C
:100FD800242310B580F84130D36823F40053044625
:100FE800D360FFF7F1FF0023636484F8403084F88E
:100FF800413084F8423018462363636310BD0120F2
:10100800704700BF90F84130202B15D101B10AB9C3
:101018000120704710B40023046801622121C284B2
:10102800436480F84110E168828441F08001E16006
:1010380018465DF8044B70470220704790F842301C
:10104800202B03D101B11AB9012070470220704743
:1010580010B4046981620023222103638285C2855A
:101068004364036880F842101CB1DA6842F4807265
:10107800DA605A695DF8044B42F001025A61DA6895
:1010880042F020020020DA60704700BF036810B504
:10109800044603F10C0252E8002F22F4907203F187
:1010A8000C0040E800210029F3D103F1140252E8B2
:1010B800002F22F0010203F1140040E8002100296A
:1010C800F3D1226B012A28D05A69520607D400238B
:1010D8002022E38584F842201846236310BD03F1DB
:1010E800140252E8002F22F0400203F1140040E8F5
:1010F80000210029F3D1E06B0028E8D00023036524
:1011080000F058FC0028E2D0E06B00F0AFFC20288B
:10111800DDD110236364032010BD03F10C0252E8F3
:10112800002F22F0100203F10C0040E800210029F2
:10113800F3D1C9E708B5806B0023C385FFF75CF9D5
:1011480008BD00BF704700BF90F84230222B49D13C
:1011580083680168826AB3F5805F44D0002B4BD165
:101168000369002B48D14B68DBB21370826A0132E5
:10117800C38D8262013B9BB2C385002B32D100B57F
:101188000268D16821F0200183B0D160D16821F4D0
:101198008071D16051694FF0200C21F0010151613B
:1011A80080F842C04363016B012929D1036302F12E
:1011B8000C0353E8003F23F0100302F10C0C4CE839
:1011C80000310029F3D11368DB0605D501911368B6
:1011D800019353680193019B818DFFF7B3FF03B01F
:1011E8005DF804FB70470369002BBCD14B68C3F35F
:1011F800080322F8023BBBE74B6803F07F03B4E720
:10120800FFF7ECF803B05DF804FB00BF70B50568A4
:101218002B68EE68696913F00F0F82B004462A46FE
:1012280013D19D0602D5B10600F1E080216B01299A
:101238003DD0180602D5310600F1AE805B0602D516
:10124800750600F1C88002B070BD11F0010140F0D0
:101258008D8016F4907FE9D0DA070BD5F00540F1C0
:101268005381626C580742F00102626440F1CD80FC
:1012780000297FD1980740F1CA80190700F103813E
:10128800626C002ADFD09A0602D5B30600F14081CD
:101298006B69626C03F0400302F0080253EA02062D
:1012A800204640F0C080FFF7A7F86664CBE7D80671
:1012B800BFD5F106BDD50023019313680193536888
:1012C8000193019B5169A38D4D0640F1E380E06BCA
:1012D8000168496889B2002900F01F81994280F0AD
:1012E8001C81E185C169B1F5807F36D002F10C031C
:1012F80053E8003F23F4807302F10C0545E8003100
:101308000029F3D102F1140353E8003F23F001034D
:1013180002F1140545E800310029F3D102F1140364
:1013280053E8003F23F0400302F1140545E800317B
:101338000029F3D1202384F84230216302F10C0301
:1013480053E8003F23F0100302F10C0545E8003193
:101358000029F3D100F02EFBA38D02226263E18DF8
:10136800591A204689B2FFF7EDFE6CE7DA0747D431
:10137800580740D5626C990742F0020262643CD576
:10138800626C42F0040262641A077FF579AF626CFE
:1013980042F00802626473E794F84130212B7FF42D
:1013A80052AFA168236AB1F5805F00F0BF80591C75
:1013B80021621B785360E38C013B9BB2E384002BD2
:1013C8007FF441AFD36823F08003D360D36843F040
:1013D8004003D36037E7D368202123F04003D3606C
:1013E800204684F84110FFF705F82CE702B0BDE865
:1013F8007040FFF7A9BE9907C2D41A07C7D43FE7C0
:10140800F0053FF52EAF5A07B4D498073ED4180715
:101418007FF536AF06F020020A43B8D1636C002B83
:101428007FF436AF0FE7FFF705FD6B695E0626D53B
:1014380005F1140353E8003F23F0400305F11401BC
:1014480041E8003262B1226802F1140353E8003F18
:1014580023F0400302F1140040E800310029F3D1E1
:10146800E06B60B1374B036500F0EEFA00283FF4FB
:10147800EAAEE06B036D02B0BDE870401847204645
:10148800FEF7BAFFDFE6B20681D4C7E700293FF4CA
:10149800F4AE75E7E08DE18D89B280B200293FF4A2
:1014A800D2AE1B1A99B200293FF4CDAE02F10C035B
:1014B80053E8003F23F4907302F10C0545E800302F
:1014C8000028F3D102F1140353E8003F23F001038D
:1014D80002F1140545E800300028F3D1202384F8F0
:1014E8004230206302F10C0353E8003F23F010035D
:1014F80002F10C0545E800300028F3D102236363AC
:101508002046FFF71FFE9EE65A073FF5B3AE7CE77D
:101518002046FFF719FE2568BAE699427FF493AE94
:10152800C369B3F5807F7FF48EAEE7E721690029B0
:101538007FF43DAF33F8021BC1F308015160236209
:1015480039E700BF3D110008036A026A22F0010270
:1015580070B40262446882690D6822F073022A43FB
:101568008D6823F002032B430B4DA84206D049682F
:101578004460826170BC416303627047CD6823F0A8
:1015880008032B43D1E9055624F44074354323F06E
:1015980004032C43EBE700BF00000140036A026A22
:1015A80022F4807270B402624468C2690D6822F045
:1015B80073022A438D6823F4007343EA05230C4D14
:1015C800A84206D049684460C26170BCC163036226
:1015D8007047CD6823F4006343EA0523D1E9055633
:1015E80024F44054354323F4806344EA0514E9E7BE
:1015F80000000140036A026A22F4805230B4026299
:101608004468C2690D6822F4E64242EA05228D6800
:1016180023F4005343EA0533074DA84206D049682E
:101628004460C26130BC0164036270474D6924F4B0
:10163800804444EA8514F2E70000014091BB90F829
:101648003E30012B3AD1022380F83E30036801F086
:101658001F01186A01228A4020EA02001862186AEB
:10166800224902438B421A6232D0B3F1804F0ED026
:101678001F4A93420BD002F58062934207D002F5CD
:101688008062934203D002F59A32934204D19A6859
:1016980002F00702062A03D01A6842F001021A6013
:1016A8000020704704290BD0082916D090F8413043
:1016B800012B03D1022380F84130C7E7012070478E
:1016C80090F83F30012BF9D1022380F83F30BDE775
:1016D8005A6C42F400425A64D9E790F84030012B22
:1016E800ECD1022380F84030B0E700BF0000014091
:1016F80000040040036810B41A6A01F01F044FF098
:10170800010C0CFA04FC22EA0C021A621E4A1C6A3A
:101718001C62934222D01C6A41F21112144204D175
:101728001C6A40F24442144213D0012329B980F8BC
:101738003E305DF8044B0020704704291DD008296D
:101748000CBF80F8403080F841305DF8044B002031
:1017580070471A6822F001021A60E6E71C6A41F233
:1017680011121442D7D11C6A40F244421442D2D119
:101778005A6C22F400425A64CDE780F83F305DF895
:10178800044B0020704700BF00000140704700BFB5
:10179800FFF754BFFFF7AEBF70B4264E4A6903681F
:1017A8008D680C68B04235D0B0F1804F1CD0A6F5DA
:1017B8007C46B04218D006F58066B04214D006F5D3
:1017C8008066B04210D01C4EB04211D006F580663B
:1017D800B0420DD006F58066B04209D023F08003F0
:1017E800C5621A4384620CE04E6823F070033343E9
:1017F800C968C56223F440730B4323F080031A437E
:1018080084620368012143F00403036070BC4161F2
:10181800026070474E6823F070033343CE68C56298
:1018280023F44073846233430969016323F080031E
:101838001A43E6E7000001400040014050B310B5EC
:1018480090F83D30044603F0FF02F3B1214602232D
:1018580084F83D3051F8040BFFF79EFF012384F80C
:10186800463084F83E3084F83F3084F8403084F8BD
:10187800413084F8423084F8433084F8443084F8A6
:10188800453084F83D30002010BD80F83C20FFF73B
:101898007DFFDBE701207047036A026A22F010022D
:1018A80070B40262446882690D6822F4E64242EA32
:1018B80005228D6823F0200343EA05130C4DA84246
:1018C80006D049684460826170BC816303627047D6
:1018D800CD6823F0800343EA0513D1E9055624F4C3
:1018E8004064354323F0400344EA8504E9E700BF38
:1018F8000000014038B590F83C30012B57D0012347
:1019080004460D4680F83C300C2A08D8DFE802F07F
:101918001E0707072E0707073F0707070C000120C8
:10192800002384F83C3038BD0068FFF763FEC369C4
:101938002A6943F40063C361C36923F48063C36104
:10194800C36943EA0223C3610020E9E70068FFF79F
:10195800FBFD83692A6943F008038361836923F0E7
:1019680004038361836913438361EDE70068FFF72C
:1019780093FF83692A6943F400638361836923F4CD
:1019880080638361836943EA02238361DCE700683B
:10199800FFF704FEC3692A6943F00803C361C369FA
:1019A80023F00403C361C3691343C361CCE7022076
:1019B80038BD00BF70B50446866DFEF7C1FD94F8CA
:1019C8003530022B06D080236365002384F8343039
:1019D800012070BD23681A6822F016021A605A693D
:1019E80022F080025A61226C054642B31A6822F03E
:1019F80008021A601A6822F001021A6005E0FEF770
:101A08009FFD431B052B10D823681B6813F00103A7
:101A1800F5D1E16D3F228A40184601210023B260CA
:101A280084F8351084F8343070BD032320226265B1
:101A3800184684F83530002384F8343070BDA26C21
:101A4800002AD3D1D6E700BF90F83530022B03D057
:101A580080234365012070470268052380F83530EC
:101A6800136823F00103002013607047406D70472E
:101A780000F0F8B808B500F093F930BFFDE700BFF3
:101A880011B10860012070470846704778B170B5F9
:101A98000D46164604464FF4DF62002107F0A1FF09
:101AA800324629462046BDE8704005F0CFBE704753
:101AB80008B105F015BF70472DE9F04188B006461A
:101AC80017460C4620220021684607F08AFF002EA0
:101AD80041D0002C3FD096F8EB06D4E90423A0B3FC
:101AE800D6F8F006D6F8F416994208BF904206F5E3
:101AF800DE6830D0CDE90023D4E90D212346C6E9BC
:101B0800C42133F8022BD4F8020003920490104643
:101B1800A269029201259A889B79ADF8142006A93A
:101B28008DF816308DF81C50FFF7AAFF3A468DF84D
:101B38001D003046D4E904676946C8E9006705F026
:101B4800D9FF284608B0BDE8F08152EA0301F9D070
:101B580006F5DE68CEE7002008B0BDE8F08100BFDA
:101B6800C0B170B50D46044605F008FF284602F0DE
:101B780047F928B929462046BDE8704006F0E4BF79
:101B880002F0D6F82B4620460A22BDE8704006210E
:101B980005F058BE704700BF08B107F02DB8704770
:101BA800704700BF1C4A1D4B116B41F0020182B007
:101BB8001163116B01914FF4C02001999861D968A4
:101BC800174821F03C0141F02801D960596821F0FB
:101BD80006015960196821F03C0141F014011960AF
:101BE800136C43F003031364136C01934FF0804CA0
:101BF8000021019BCCF83C10C163DCF8203023F4B1
:101C08008073CCF82030036A23F480730362BFF337
:101C18004F8F02B0704700BF0038024000040240F6
:101C28000004004010B59AB004464422002109A8D7
:101C380007F0D7FE002341F2BF21602208A8CDE9B2
:101C48000333CDE9053302930B910192079308946E
:101C5800FFF7F4FD082201A908A8FFF74BFE1AB008
:101C680010BD00BF70B58AB02A4B002401941A6BCE
:101C780042F002021A631A6B02F002020192019A00
:101C880002941A6C42F001021A641A6C02F0010202
:101C98000292029A03941A6C42F002021A641B6CB4
:101CA80003F002030393039B00F03AF81A490894DF
:101CB8004FF4C0228A6102250623012604A916488A
:101CC8000493CDE905650795FEF7E8FC04A94FF4F0
:101CD8008062022310480896CDE90423CDE9064521
:101CE800FEF7DCFC0122022304A90B480694CDE987
:101CF8000423CDE90755FEF7D1FC4FF08040FFF7EC
:101D080091FF0648FFF78EFF0AB0BDE8704000F06B
:101D180047B800BF003802400004024000040040F9
:101D28001C4A1D4B116B41F0020182B01163116B0B
:101D380001914FF4C02001999861D968174821F0A2
:101D48003C0141F02801D960596821F00601596029
:101D5800196821F03C0141F014011960136C43F03B
:101D680003031364136C01934FF0804C0021019B13
:101D7800CCF83C10C163DCF8203023F48073CCF835
:101D88002030036A23F480730362BFF34F8F02B0DD
:101D9800704700BF003802400004024000040040C1
:101DA800FFF7BEBF08B568B90B490C480122FFF719
:101DB80045F908B9012008BD094AD3690133002053
:101DC800D36108BD0548FFF761F90028ECD0044A43
:101DD800936901339361E7E7F807002000080020C2
:101DE8007C070020F0B5282287B000213548364D01
:101DF800002407F0F6FD354800F0C6FACDE90144A5
:101E0800CDE90344009405942B6B314843F0040357
:101E18002B632B6B03F00403224600934FF480716D
:101E28000227009B0126FEF729FD4FF480732848FE
:101E3800039401A9CDE901360497FEF72FFCC023CE
:101E48002348019301A908230593CDE90347029785
:101E5800FEF724FC01946B6C43F020036B646B6CFD
:101E680003F020030193019A1A4A1B4B13604FF4A5
:101E7800E133536010460C23C2E90244C2E904432B
:101E8800C2E90644FFF76EF810B1002007B0F0BDB4
:101E9800024605214720FEF77DFB4720FEF7B6FBEB
:101EA8000E490C483246FFF7C9F810B9304607B05A
:101EB800F0BD044AD36947203344D361FEF7B4FB2D
:101EC800E3E700BF7C07002000380240A807002095
:101ED800000802400008002000140140F807002014
:101EE80008B54720FEF7A0FB1048FFF7CFF80F48CA
:101EF800FFF76CF808B1002008BD0C48FFF732F86E
:101F08000028F8D10A4800F03FFA4720FEF77EFB88
:101F1800084906480122FFF791F808B9012008BDD1
:101F2800054AD3690133D361E5E700BF0008002003
:101F3800A8070020F80700207C0700200148FFF7C9
:101F480065B900BF0008002038B50446D0B1EFF3EA
:101F5800108572B60C4800F0ABFA8646BEE80F0052
:101F6800A446ACE80F00BEE80F00ACE80F00BEE8DE
:101F78000F00ACE80F009EE80F008CE80F0005B9D1
:101F880062B6012038BD00BFA807002028B1114B58
:101F980002689A4202D000207047704710B50E4C74
:101FA800236801332360FEF7CBFA0C49034601226C
:101FB8000B4800F0EFF909490A480122FFF73EF8FB
:101FC80008B9012010BDE36901200344E361FFF76C
:101FD800E9FEF6E7001401407C070020F80700201E
:101FE800A80700200008002028B1174B02689A4271
:101FF80002D000207047704710B5144B446C5A68E3
:1020080090F842101C6201325A60426C5962120701
:1020180002D59A6801329A60426C540702D5DA6890
:102028000132DA60426C910702D51A6901321A61ED
:10203800426CD20702D55A6901325A610120FFF772
:10204800B1FE012010BD00BF001401407C07002034
:10205800B0B170B50D4649B116464FF6FE73013A58
:102068009A4203D80446FFF711F808B1002070BD62
:10207800B2B229462046FEF7C5FF18B9012070BD47
:1020880000207047054906480122FEF7D7FFB0FA3D
:1020980080F14909034800F0C7FEE7E788090020F6
:1020A80090090020480800200A4602480221FEF74D
:1020B800E5BB00BF0000024000286ED02DE9F041CA
:1020C800014688B03848394E002400F0C5FB38482E
:1020D80000F050FECDE90344CDE90544029407948D
:1020E800336B344843F001033363336B03F001036C
:1020F8002246029302210225029B0127FEF7BEFB1E
:102108002C4803A9CDE90357CDE905454FF00C0844
:10211800FEF7C4FA07232748049503A90695264D18
:1021280007930594CDF80C80FEF7B8FA234B244AA0
:102138001D492448009500F0B5FDC5E90244C5E9EC
:1021480006440394C5F814802C61336C1E4A43F48A
:1021580000333364336C03F40033039328464FF49D
:10216800E133C5E900230399FEF7FCFE18B100200E
:1021780008B0BDE8F081024605212620FEF70AFADC
:102188002620FEF743FA11493A462846FEF756FF3D
:1021980028B9384608B0BDE8F081002070472620ED
:1021A800FEF742FAE3E700BFB40800200038024017
:1021B800480800200000024090090020592000082B
:1021C800B1200008A0080020004400408809002031
:1021D8000148FFF71BB800BF9009002070B5194BE4
:1021E80090B026205E68FEF71FFABFF35F8F3F228C
:1021F8006946154800F0ECFD0546134800F036FE28
:102208000446BFF35F8F710606D455B9A2070FD4F1
:10221800E30712D410B070BD2620FEF7F7F9002DA1
:10222800F4D02A460948694600F022FBA207EFD5F8
:10223800074800F08BFD10B070BD054800F072FD36
:1022480010B070BD00E100E048080020B40800208C
:10225800A00800200146014800F04CBBB40800204B
:1022680010B50446084800F033FB08B9002010BD3B
:10227800054800F037FB0028F8D121460248BDE8A0
:10228800104000F0B7BB00BFB4080020014800F0C0
:102298001BBD00BFA008002028B10D4B02689A4260
:1022A80002D000207047704710B50A4C0A482178C0
:1022B80000F070FD012221460848FEF7BFFEB0FA83
:1022C80080F14909044800F0AFFD012010BD00BFAE
:1022D8000044004088090020480800209009002098
:1022E800E0B108B502680E4B9A4201D0002008BD43
:1022F80000220C480221FEF7C1FA0B48012100F028
:10230800A9FD012209490A48FEF798FEB0FA80F1B2
:102318004909054800F088FD012008BD704700BF45
:1023280000440040000002404808002088090020BE
:1023380090090020E0B108B502680E4B9A4201D01E
:10234800002008BD00220C480221FEF797FA0B482E
:10235800022100F07FFD012209490A48FEF76EFEBE
:10236800B0FA80F14909054800F05EFD012008BD7A
:10237800704700BF004400400000024048080020A9
:10238800880900209009002018B15022002107F088
:1023980028BB7047002800F08A80002900F0878059
:1023A800002A00F084802DE9F041013A82B01F46EE
:1023B80004464D1E8E184FF0000809E0FD2820D075
:1023C800226BE36B013201332263E363B5421DD014
:1023D800A26815F8010F002AF0D0511C0729A05453
:1023E800A160F3D101AA2046ADF8048000F05EFD9B
:1023F80090B304280DD005280ED1A36B0133A36335
:102408000AE00123B5422070A360E1D102B0BDE823
:10241800F081636B01336363A268D4F83CC0012A7E
:1024280041D92346012102E0013191420FD013F82E
:10243800010FFD28F8D10CEB01038A42E36308D9A8
:10244800521AA2602144204607F0B2FABEE761445E
:10245800E1630023A360B9E72346A28853F8121B5F
:10246800C4F81210A17999719A80E36ABDF8040042
:1024780053B1226C616CBA1A09B18A4200D2626403
:10248800A16C8A4288BFA2640133C4E90A73236A33
:10249800208201332362636A276443F10003636285
:1024A8000023A36092E70CF10103E363D1E77047CF
:1024B80000B11030704700BF2DE9F0410C4684B0E0
:1024C80015460127064600222946204698468DF8DB
:1024D8000870039206F0D0FBA8B95EB1062C0DD0A7
:1024E800052C0CD1012D19D0AB1E012B07D8B8F53E
:1024F8007F4F2FD0384604B0BDE8F081EDB10620FB
:1025080004B0BDE8F0810A9B00932A464346214661
:10251800304606F0D7FB04B0BDE8F081B8F57F4F30
:102528001DD0B8F1000F13D12B460A9A8DF8083048
:1025380002A9304605F01AFAE2E707230A9A8DF84D
:10254800083002A93046CDF80C8005F00FFAD7E71D
:102558002846D5E7032D14BF09230823E5E70346DA
:10256800E3E700BF70B513460C4615460A4601213D
:10257800064607F03BF930B936B12DB124B996F8C3
:10258800943013B92C80012070BDB6F87840F9E773
:102598002DE9F8430C4617460A46002180461E4698
:1025A80007F024F960BB0546B8F1000F29D046B3FF
:1025B80001F026FE814620B3A4F10B03062B1AD99D
:1025C800A4F11403032B1FD9242C1AD8DFE804F034
:1025D800BDB1ADA9A5A19E969390741919191919A1
:1025E8001919706C19191919686460574E4A4642CE
:1025F8003E3734312F0008EB040090F85D3033800B
:1026080001252846BDE8F883C4F11704D8F85C1002
:10261800D8F858302401C4F12002E34001FA02F24C
:10262800203C134321FA04F423433380E8E737803E
:10263800E6E73A0C3280E3E700233380E0E798F8D6
:102648009430002BDBD0B8F87830D8E7D8F8A4302D
:102658003380D5E7B8F8A6303380D1E7D8F8A03072
:102668003380CDE7B8F8A2303380C9E7D8F8AC207A
:102678004FF6FF73934228BF13463380C0E7D8F85C
:10268800A8204FF6FF73934228BF13463380B7E75D
:10269800B8F8B0303380B3E7D8F860303380AFE7AC
:1026A800B8F862303380ABE790F82C303380A7E776
:1026B80090F82B303380A3E73946404605F03CF9C3
:1026C80099F8283099F8291099F82A209B0043EAAC
:1026D800C10398F8941043EA410343EA021398F8B7
:1026E8004C2003439BB2002A3DD143F0200386E7E8
:1026F800C38C338084E7838C338081E742684FF64C
:10270800FF73934228BF1346338079E703783380F9
:1027180076E798F80330338072E798F80230338010
:102728006EE798F8013033806AE798F80030338014
:1027380066E798F874309BB1D8F864204FF6FF73B9
:10274800934228BF13469BB259E798F874303BB1BF
:1027580098F8753023B1D8F87030B3F5803FF2D3CC
:102768004FF6FF734BE743F0600348E7436A072BD4
:1027780071D970B50446051D461D0621284600F08E
:10278800B9FB62892379824211D0012B04D1D4F894
:10279800B4300133C4F8B430D4F8BC30626A0133C1
:1027A800012AC4F8BC302CD80023636270BD012B09
:1027B80013D0D4E92E13626A01310833082AC4E918
:1027C8002E13F1D9083A626204F10C01284607F089
:1027D800EFF8636A072BD0D870BDD4F8B0206179C0
:1027E80001320529C4F8B02012D0A36C032B1FD9DD
:1027F800D4F8C4300133C4F8C430626A082AD3D983
:10280800E0E7013A62623146284607F0D1F8E0E78E
:10281800E288B2F5807FE8D12289002AE5D194F8D0
:1028280054208AB1D4F8C8300133C4F8C830E4E77A
:1028380005332868696844F8330004EBC302516023
:10284800A36C0133A364D8E72A6869682165E26448
:1028580084F85430D1E7704748B138B504460D467E
:10286800D0220021043007F0BCF8256038BD70473D
:1028780068B361B35AB3013A2DE9F04705464E1ED5
:102888008F184FF01F0A00F1050900F104080AE04B
:10289800621C2C4416F8013F237128466A62FFF730
:1028A80065FFBE4211D06C6A202CF1D1D5F8BC303E
:1028B800C5F824A001331F22C5F8BC30494640465C
:1028C80007F076F822461F24E3E7BDE8F087704753
:1028D80010B5044628B1FFF749FFA06C003818BFAF
:1028E800012010BD10B5044618B1FFF73FFF94F85A
:1028F800540010BD2DE9F04184B040B1036804468E
:102908002BB10D46FFF732FF94F8546026B9002624
:10291800304604B0BDE8F0810095E06C216DB4F854
:102928004E2002AB03C3B4F8503094F84D10206821
:10293800002552BA5BBA9BB292B284F85450FFF7A2
:10294800BBFDD4F8CC30A26CA5641344C4F8CC30D9
:1029580094F8AC30002B39D100283DD048F201530F
:102968000128A4F8853004F1850841D006280CBF59
:102978000223042384F887300321404600F0BAFA82
:10298800030A84F88930D4F8C03084F88800052216
:102998000133C4F8A820C4F8C03094F88450012743
:1029A80084F8AC70002DB3D1D4F8A820414604F1C6
:1029B8005D0007F043F8D4F8A830C4F8803084F8F4
:1029C8008470C4F8A85084F8AC50A1E7D4F8D0308B
:1029D8000133C4F8D0309BE702AB03CB082304F1E2
:1029E8008508C4F88500C4F88910C4F8A830D4E76D
:1029F8000323BFE700285FD02DE9F047036884B0C0
:102A0800044643B10D46FFF7B1FE94F8543013B9AC
:102A180094F884301BB1002004B0BDE8F08720464C
:102A2800FFF7A4FEA16C0029F5D0A26AC4F85520CE
:102A38000129E26AC4F8592004F1550604F1280373
:102A48000CD00122194653F8080FD3F804C0C1F876
:102A580004C00860A16C01329142F3D894F8568002
:102A6800A8F103030139012BA16464D9A8F1050376
:102A7800012B23D9012568F07F0884F85D5084F87C
:102A88005E8084F85F50032104F15D0000F032FAA3
:102A9800D4F8C03084F86000010A05222B4484F879
:102AA8006110C4F8802084F88450C4F8C0302046EF
:102AB800FFF75CFE0120AFE700207047B4F857A08D
:102AC800B4F859309AFA9AF7BFB25BBA3946404619
:102AD8001FFA83F906F0D0F898B9B8F1060F0DD0AF
:102AE8007B1E022B0DD9012568F07F08022384F88C
:102AF8005D5084F85E8084F85F30C4E7BAF1000F57
:102B0800F1D1009520684B463A464146FFF7D4FC80
:102B180000285FD0012800F0908006280CBF02230F
:102B28000423012568F07F0884F85D5084F85E80EE
:102B380084F85F30A7E7B4F85990B4F8577099FA59
:102B480099F91FFA89F909F1FF337FBA0A2BBFB245
:102B580068D84FEA490A264604EB490913E00DF103
:102B68000E032A46FFF714FD0137B0B1BDF80E3049
:102B780086F861301B0A86F860300236B14537D0D6
:102B8800B7F5803F09D0B8F1030F2068B9B2E6D194
:102B98000DF10E02FFF7E6FCE6E7012568F07F0875
:102BA800022384F85D5084F85E8084F85F30032146
:102BB80004F15D0000F09EF9D4F8C03084F860009C
:102BC800010A052284F86110C4F8802084F8845032
:102BD8002B446AE77168D4F85500C4F85D000822F0
:102BE8000123C4F86110C4F8802084F884305EE7BB
:102BF80004F15D0501260AF105030AF103072846D9
:102C080084F85D6084F85E8084F85FA0C4F8803042
:102C1800394600F06FF9E8555544000A287184F8E0
:102C2800846044E70321012568F07F0884F85D503B
:102C380084F85E8084F85F10BAE7032371E700BF69
:102C480048B149B190F8843023B1D0F880300B6096
:102C58005D307047184670470846704770B138B500
:102C680090F8AC300025044680F88450C0F88050B5
:102C78002BB92046BDE83840FFF778BD7047D0F83B
:102C8800A82000F185015D3006F0D8FED4F8A82010
:102C9800C4F88020012384F88430C4F8A85084F84C
:102CA800AC50E6E710B4019C50B1C0E90012002115
:102CB800C0E9023401611AB120465DF8044B10479F
:102CC8005DF8044B704700BF40B330B50446006858
:102CD80083B028B163681BB1A3680BB1237C1BB117
:102CE8000021084603B030BD01A9FFF7A9FF05463A
:102CF8000028F5D06368E068012198472946A36851
:102D0800019AE0689847014620B1012308462374D8
:102D180003B030BD6368E0689847E1E700210846E2
:102D2800704700BF80B1436810B5044623B1C0683E
:102D380000219847237C03B910BD00232068237421
:102D4800BDE81040FFF78ABF704700BF80B14368F5
:102D580010B5044623B1C06800219847237C03B905
:102D680010BD002320682374BDE81040FFF776BF2C
:102D7800704700BF68B110B540220021044606F034
:102D880030FE002323646364A364E36423656365FE
:102D980010BD7047C8B1026CBFF35B8F531C03F0C2
:102DA8003F03D0F844C0BFF35B8F634505D081541F
:102DB800BFF35B8F036401207047483050E8003F41
:102DC800013340E80032002AF8D10020704700BFE4
:102DD80070B5864610B111B30AB9104670BD436C80
:102DE800BFF35B8F056CBFF35B8F9D4219D0013A2F
:102DF8008E1801F1FF3C5C1C1EF80300624604F0CB
:102E08003F030232AB420CF8010FA2EB010001D0E4
:102E1800B445F0D1BFF35B8FCEF8443070BD08469F
:102E280070BD0020F6E700BF50B100F14C0353E835
:102E380000CF0CF1010C43E800C2002AF7D101B120
:102E48007047503050E8003F013340E80032002A14
:102E5800F8D1704748B1BFF35B8F543050E8003F5A
:102E68000B4340E80032002AF8D1704760B1BFF345
:102E78005B8F00F15403002253E8000F43E8002160
:102E88000029F9D1BFF35B8F704700BF60B151B122
:102E98000139431E4218002013F8011F934280EAAB
:102EA8000100F9D170470846704700BFE0B170B51E
:102EB8001546DAB1072911D10378FD2B04460FD145
:102EC80005214679FFF7E2FF86420BD1A379FE2B55
:102ED8000ED1B4F801302B80002070BD022070BDE7
:102EE800032070BD042070BD01207047012070BD13
:102EF800052070BD8446E0B1C9B100B500EB010EF4
:102F08004FF6FF701CF8013B0822584000F00103FF
:102F180003EB830103EB413383EA5000531E13F0A4
:102F2800FF0280B2F2D1E645ECD15DF804FB084619
:102F3800704770470120704748B91D4B5B6903F023
:102F48000603062B0A46014609D000207047184B95
:102F58005B6903F00603062B4FF00002F5D14FF032
:102F68008043186A10F4807014D010B4114C206A91
:102F780010F480700BD0186810F0010007D020689A
:102F880010F0010003D0D86B904204D000205DF807
:102F9800044B70477047E26B8A42F7D1DB6B23B171
:102FA800E06BB0FA80F04009F1E70120EFE700BFDD
:102FB8000004024000040040F0B5044689B00D4604
:102FC800164600214822CDE90211CDE90411CDE9C8
:102FD80006111F4606F005FD41F2BF22E26025609A
:102FE800602220460192FEF729FC20B1084B1E7092
:102FF800002009B0F0BD082201A92046FEF77AFC9E
:1030080010B9012009B0F0BD014B1F70F0E700BFF7
:10301800D809002010B5FDF7EDFE1B4B9B6813F493
:10302800E05F1A4B18BF4000984201D0002010BD45
:103038004FF08042906A0028F8D1154CA16A002907
:10304800F5D1D36A41F2BF208342EFD1E06A9842BA
:10305800ECD1D36903F07003602BE7D1E36903F087
:103068007003602BE2D1136A13F40073DED1216A76
:103078008905DBD4D3695B07D8D4E069C0F3800045
:1030880080F00100C0B210BD0038024000D8B80579
:10309800000400402DE9F0474FF08044A44FA54DAF
:1030A8000026814688463E70FEF73AFE236823F0E4
:1030B800010323602B6823F001032B6026612E6136
:1030C800BFF34F8F9C4B93F800A0BAF1000F41D08B
:1030D80008F1FF339BB241F2BE22934227D8FFF793
:1030E80029FF0646002848D008219448FEF752FBDD
:1030F800082106469248FEF74DFB002E40F0D98085
:1031080000283CD00B233B70FEF70AFE4FF08042AC
:10311800884B116821F0010111601968002021F025
:103128000101196010611861BFF34F8F0FE0082388
:103138003B70FEF7F5FD236823F0010323602B683D
:1031480023F001032B6026612E61BFF34F8F00200F
:10315800BDE8F08707233B70FEF7E2FD236823F004
:10316800010323602B6823F001032B60C4F810A02F
:10317800C5F810A0BFF34F8FE9E70923D8E76F4BD5
:103188001B68D8636E4B1B68D86301236062686252
:1031980063616B6120612861BFF34F8F694B5B6985
:1031A80013F0060F40F08380E36B002B7FD1EB6BAD
:1031B800002B7CD1636A002B79D16B6A002B76D106
:1031C8004FF080452B6ADA0571D45A4E336ADB0515
:1031D8006DD42B68DC076AD4336813F0010A66D112
:1031E80056480821FEF7D4FA0446002865D1544809
:1031F8000821FEF7CDFA002872D1BFF34F8F514B4B
:103208005B6913F0060F56D1EB6B002B53D1F36BB0
:10321800002B50D12B6AD8054DD5464D2B6AD905C0
:1032280049D54FF080463368DA0744D52B68DB0769
:1032380041D5DFF810A16FF0010300247462012268
:103248006C620621336150462B61FDF717FBBFF313
:103258004F8FDAF8143003F00603062B56D1374B9C
:103268001A68374B1B68B9F1000F4AD0D463C3F80A
:103278003C80BFF34F8F41464846FFF75DFE04464A
:1032880000287FF465AF32233B70FEF749FD4FF00D
:103298008042284B116821F001011160196821F062
:1032A8000101196014611C61BFF34F8F4FE72D2393
:1032B80029E70A2327E7302325E72E233B70FEF76B
:1032C8002FFD2B6823F001032B60336823F00103E3
:1032D8003360C5F810A0C6F810A0BFF34F8F36E7CB
:1032E8002F233B70FEF71CFD2B6823F001032B6096
:1032F800336823F0010333602C613461BFF34F8FCF
:1033080025E7C2F83C80C3F83C90B2E731233B7014
:10331800FEF706FD336823F0010333602B6823F0C2
:1033280001032B6034612C61BFF34F8F0FE700BF9F
:10333800D8090020000400406C0A0020240A00205C
:10334800DC0900200004024008B5FEF7E9FC4FF054
:103358008042074B116821F00101116019680020B3
:1033680021F00101196010611861BFF34F8F08BD8A
:10337800000400400F4B586910F0060018D14FF0B8
:103388008043DA6B9AB90C49C86B88B91A6A12F487
:1033980080720CD1086A10F4807007D11B68DB07B3
:1033A80005D40868C04300F0010070471046704714
:1033B8000020704700040240000400402DE9F0435B
:1033C8006C4E6D4B6D4D6E4F4FF0000885B086F812
:1033D80000801A6B85F8008042F002021A631A6CAA
:1033E80042F003021A641A6B03921A6C039B4FF0A3
:1033F800804453400393039BFEF792FC236823F019
:10340800010323603B6823F001033B60C4F810808C
:10341800C7F81080BFF34F8F5A4B5B484FF4C02258
:103428009A615A6822F006025A609A6842F03C0291
:103438009A60DA6822F03C0242F02802DA601A68E0
:1034480022F03C0242F014021A601A6822F4401278
:1034580042F400121A605A6822F480625A609A682C
:1034680042F440129A60DA6822F44012DA605A6A2A
:1034780022F4706242F480725A621A6822F00302DF
:1034880042F002021A605A6822F001025A609A68F1
:1034980042F003029A60DA6822F00302DA601A6ADC
:1034A80022F00F0242F002021A6221460223012290
:1034B800FFF782FD18B33548042303223946FFF786
:1034C8007BFD8146E0B1FEF72BFC236823F0010366
:1034D80023603B6823F001033B60C4F81080C7F801
:1034E8001080BFF34F8FFFF795FD8046E0B1FFF7DF
:1034F80041FF60B301232B7005B0BDE8F08381461E
:10350800FEF70EFC236823F0010323603B6823F0D9
:1035180001033B60C4F81090C7F81090BFF34F8FB9
:10352800002005B0BDE8F08305233370FEF7F8FBF3
:10353800236823F0010323603B6823F001033B6009
:10354800C4F81080C7F81080BFF34F8FE8E7062350
:1035580001903370FEF7E4FB2368019823F0010320
:1035680023603B6823F001033B6020613861BFF3AF
:103578004F8FD5E7D8090020003802406C0A002098
:103588000004004000040240240A0020DC09002056
:1035980001460120FFF77EBD01460020FFF77ABDF6
:1035A800014B1878704700BFD809002070B50E4647
:1035B800044648B32C4BDD6B2C4B1B786BB1FFF7E3
:1035C800B9FC50B1ADB245B1731E9BB241F2BE22F7
:1035D800934202D8FFF71EFDD0B9254B32221A704C
:1035E800FEF79EFB4FF080421F4B116821F001014E
:1035F80011601968002021F001011960106118613B
:10360800BFF34F8F002070BD4FF08043DD6BD3E7D1
:1036180029462046FFF790FC0028DED0FCB1124B6B
:10362800DE63BFF34F8F20463146FFF785FC044623
:103638000028E8D10E4B32221A70FEF771FB4FF0CA
:103648008042094B116821F001011160196821F0CD
:103658000101196014611C61BFF34F8FD2E74FF06D
:103668008043DE63DDE700BF000400406C0A0020F1
:10367800D809002038B50C4640B9A9B1FFF7CAFCF3
:1036880080B12146BDE83840FFF756BC51B9054620
:10369800FFF7C0FC30B12C4621460020BDE8384079
:1036A800FFF74ABC002038BDBDE83840FFF762BECE
:1036B8000A4B002210B5DA601968094C21F00101A3
:1036C800196032201A615A622270FCF7ADFF32206D
:1036D800FCF7D6FFBFF34F8F10BD00BF000C0040B2
:1036E8006F0A0020F0B53149314E324C324A334D21
:1036F800002383B008603370237013702B70002888
:1037080051D02F4F2F49386C40F008003864386C7E
:1037180001900198CB60086820F0010008600B61F7
:1037280032204B621370FCF77FFF3220FCF7A8FFB2
:10373800BFF34F8FFDF75EFBBB68234A13F4E05FCE
:1037480018BF4000A0F51C53103B934226D81F4BCE
:103758001F4A00FB03F3B2EB331F1FD31D4A194B5B
:10376800A2FB0020400B1C4A013810600C221A6092
:10377800012600224FF0FF315A609A609A611A625E
:103788009862D96232205A6304215E611A61FCF79B
:1037980001FF304626702E7003B0F0BD122333703F
:1037A800002003B0F0BD11233370F9E7780A002038
:1037B8006D0A0020700A00206F0A00206E0A00209F
:1037C80000380240000C0040FFFF0F27917EFB3AB3
:1037D800B88D06005917B7D1740A0020034B187822
:1037E80018B1034B186800F0010070476F0A0020F9
:1037F800000C0040024B187808B1024B187870474B
:10380800700A00206E0A0020014B1878704700BF2C
:103818006D0A0020314B70B51B68314C2269002BB2
:1038280045D0304E357845B391051AD52E492F4AE3
:10383800192008700021117002209847284B002297
:10384800DA60196821F00101196032201A615A62A0
:103858003270FCF7E9FE3220FCF712FFBFF34F8FFE
:1038680070BD12F0010020D112F00202E5D11E490C
:103878001A2008701D490A70DEE71C491A4A0D70A3
:103888000220182111709847E560236823F001038E
:1038980023603220256165623570FCF7C5FE322051
:1038A800FCF7EEFEBFF34F8F70BD0120C5E70E4950
:1038B8000E4A1B2008701370E3602268094922F041
:1038C800010222603220236163620B70FCF7ACFEB8
:1038D8003220FCF7D5FEBFF34F8F70BD780A002069
:1038E800000C00406F0A00206D0A00206E0A0020BC
:1038F80038B5104B104D1B7800222A707BB10F4B46
:103908001C7864B10E4A126940F203231A420BD1A3
:103918003220FCF77BFEBFF34F8F204638BD1623BD
:103928002B700024204638BD17242C70FFF772FF37
:103938002C70F6E76F0A00206D0A00206E0A00203E
:10394800000C0040F8B51F4B1C78002C38D01E4BDB
:103958001C78002C34D01D4F3C78002C30D1831EAD
:10396800802B05462CD81A4EF460336823F00103E7
:1039780033603220346174623C70FCF755FE3220AB
:10398800FCF77EFEBFF34F8F04233360114B05EB2A
:1039980085001B68B36240004FF0FF33F3620A38BA
:1039A800012303227063746273613461F2603B70B7
:1039B800336843F001033360BDE8F840FFF798BF70
:1039C8000020F8BD700A00206E0A00206F0A00204F
:1039D800000C0040740A002070B51E4D1E4C2B7858
:1039E800616A626B23B32368DB0721D51B4B1B7805
:1039F800F3B1831E802B1BD8266940F203231E4097
:103A080024D18A1A002A15DB154B30461B689847C3
:103A1800E660236823F00103236032202661666292
:103A28002E70FCF701FE3220FCF72AFEBFF34F8F01
:103A3800002070BD00EB80000A3901EB4001616392
:103A4800BFF34F8FBDE87040FFF752BFFFF7E2FEAC
:103A5800EEE700BF6F0A0020000C00406E0A00204D
:103A6800780A002010B50446FFF76EFCFFF720FE29
:103A7800044A0549054B0020107001220C701A7089
:103A880010BD00BFFC0A00207D0A00207C0A00202F
:103A980010B5FFF759FCFFF70BFEFFF74BFA104C78
:103AA80080F0010084F82900FFF764FC84F82A00FC
:103AB80018B1FFF793FE48B910BD94F82B301BB925
:103AC80042F60403A4F82B30042010BD94F82B30E0
:103AD8001BB942F60313A4F82B30032010BD00BF16
:103AE800800A002038B50546FFF724FA354C80F0E7
:103AF800010084F82900FFF73DFC84F82A00D0B1C2
:103B0800022D4BD02378052B0BD0C5B3012D4FF0D8
:103B180000003CD003220023A270636284F828309E
:103B280038BD002DF2D104220023A270284663621A
:103B380084F8283038BDFFF707FCFFF7FBF980F061
:103B4800010084F82900FFF715FC84F82A00FFF724
:103B580027FD94F82B3083B900284FF0040508BFDF
:103B680022200322002384F82C0084F82B50A27012
:103B78002846636284F8283038BD0420CAE7012249
:103B88000023A2702846636284F8283038BD0222D8
:103B98000023A270636284F8283038BDFFF734FE32
:103BA80094F82B20034652B900284FF0030208BFAF
:103BB8002C23104684F82B2084F82C30ABE7032004
:103BC8000246A8E7800A002070B515461C46B0B921
:103BD8004B1EB3F5165F2BD252B34CB3108045F68B
:103BE800BF53024641F2BF20E1FB0032184611469E
:103BF800002345F6C052FCF7CBFA208016E00128D6
:103C080016D14B1E632B12D88AB184B1002641F21B
:103C1800BF2245F6BF503346E1FB0203194645F67D
:103C2800C0520023FCF7B4FA28802680002070BD1B
:103C3800012070BD70B5384C384EFFF785FB302237
:103C48000021204605F0CDFE3549364A364B002581
:103C58000D70157002221A703570FFF76BF980F03D
:103C6800010084F82900FFF785FB84F82A00FFF794
:103C7800A5FB90B12D48FFF735FD90B301233370B4
:103C8800FFF758F980F0010084F82900FFF772FB6C
:103C980084F82A00E0B1284670BDFFF755FBFFF70E
:103CA80049F980F0010084F82900FFF763FB84F8E4
:103CB8002A00FFF775FC94F82B303BB9A84208BFDF
:103CC8002C20042384F82B3084F82C00042070BDA9
:103CD80094F82B30002BF9D141F60443A4F82B308B
:103CE800F4E7FFF731FBFFF725F980F0010084F8CE
:103CF8002900FFF73FFB84F82A00FFF785FD94F8B9
:103D08002B303BB9002808BF2C20032384F82B3024
:103D180084F82C00032070BD800A00207E0A002051
:103D2800FC0A00207C0A00207D0A00206D3A000869
:103D380070B5EFF3108672B6BFF35F8F284B294C2E
:103D480000251D70FFF700FBFFF7B2FC264A274B42
:103D580015700222C4E90155C4E90355257065624E
:103D680084F828501A70FFF7E5F880F0010084F80D
:103D78002900FFF7FFFA054684F82A00FFF72EFD11
:103D88002DB1F0B9BFF35F8F86F3108870BD94F83A
:103D98002B301BB942F60423A4F82B30FFF7D4FAD2
:103DA800FFF7C8F880F0010084F82900FFF7E2FA6D
:103DB800034684F82A300420BFF35F8F86F3108807
:103DC80070BD94F82B301BB942F60333A4F82B309E
:103DD800FFF76EFC0320BFF35F8F86F3108870BD7A
:103DE800FC0A0020800A00207C0A00207D0A0020AE
:103DF800024B18780130C0B2704700BFFC0A00209F
:103E08002DE9F0416C4C23783BB16C4A00231078C3
:103E18002370BDE8F041FFF765BE03F0FF070546D4
:103E2800FFF788F8664E80F0010086F82900FFF752
:103E3800A1FA237886F82A0003F0FF0833B15F4B14
:103E480018782770BDE8F041FFF74CBE96F8283087
:103E58001BBB002844D0FFF7C1FC70B9FFF7CAFCB0
:103E6800034600283AD12278002A62D0534A1078B3
:103E78002370BDE8F041FFF735BEFFF765FAFFF79D
:103E880017FC96F82B300322B2701BB942F60313C5
:103E9800A6F82B300320BDE8F081FFF7ABFC034602
:103EA800B8BB2278002AE1D1FFF7AEFC96F82B3098
:103EB8003BB9002808BF2320032386F82B3086F857
:103EC8002C00FFF741FAFFF7F3FBBDE8F0410220B1
:103ED800FFF708BE3B4B1B68002B51D10020DAE7E7
:103EE800FFF732FAFFF7E4FBFFF724F880F0010050
:103EF80086F82900FFF73EFA96F82B3086F82A0054
:103F08000322B2701BB942F60403A6F82B30042032
:103F1800C1E7FFF763FC0346D0B92278002AA5D190
:103F280096F82B30002BCCD142F20343A6F82B3065
:103F3800C7E7FFF769FC96F82B30002BAAD10028B9
:103F480008BF2320032386F82B3086F82C00A1E72E
:103F58003369E81A002809DB237823B3174B18784C
:103F680084F80080BDE8F041FFF7BCBD96F82A3020
:103F7800002BB3D0144B1B7813B13378052BA9D081
:103F88002378002B7FF441AF96F82B301BB942F20F
:103F98000463A6F82B30FFF7D7F9FFF789FB022057
:103FA800FFF7A0FDB3E796F82B30002B89D142F23A
:103FB8000353A6F82B3084E77C0A00207D0A0020F2
:103FC800800A0020E80A0020FC0A0020F8B5364CD8
:103FD8002378052B04D1354E337803F0FF05C3B1A0
:103FE800FEF7A8FF80F0010084F82900FFF7C2F966
:103FF80094F8283084F82A0043B12C4E33781BB942
:1040080094F8293003B908B3337863B900252846F2
:10401800F8BD274F3B7813B194F828301BBB337891
:10402800002BDDD1F3E7FEF785FF80F0010084F86F
:104038002900FFF79FF9054684F82A000028E6D0F2
:10404800FFF7CCFB80F00105EDB2E0E7FFF7C6FB18
:104058000028D9D0FFF7CEFB05460028D4D0337806
:10406800002BD1D1D3E7FFF7C5FB0028D7D0FFF746
:10407800B5FB0028D3D0FEF75DFF0028CFD0FFF7AF
:1040880079F90C4B1B68B3FA83F35B098342C6D1F9
:10409800E18CA08CFFF7EEFA33780028C0D0002B13
:1040A8009ED13D78EDB2B2E7800A00207C0A00205C
:1040B800FC0A0020E80A0020F8B5324D2B7873BBC3
:1040C800FEF738FF304C80F0010084F82900FFF734
:1040D80051F92B7884F82A00064603BB94F8283057
:1040E8000BB3FFF773FF2B78C0B9C3B9FFF72CF9EF
:1040F800FFF7DEFAFEF71EFF80F0010084F82900C2
:10410800FFF738F92B7884F82A0043B994F82B3054
:104118006BBB42F20473A4F82B3028E0DBB1BDE896
:10412800F840FFF7B5BCFFF759FB0746FFF70CF956
:1041380094F828308BB1FEF7FDFE80F0010384F877
:104148002930FFF717F92B7884F82A00002BE6D1DD
:1041580030B12EB16FB90020F8BDFFF7A9FAEAE730
:1041680094F82B301BB942F60403A4F82B30042032
:10417800F8BD94F82B301BB942F60313A4F82B3082
:104188000320F8BD7C0A0020800A002010B5FEF745
:10419800D1FE054C80F0010084F82900FFF7EAF809
:1041A80084F82A0010BD00BF800A002010B5FEF771
:1041B800C1FE114C80F0010084F82900FFF7DAF8FD
:1041C8000E4B84F82A001B780BB9002010BDFFF7AE
:1041D80011FB0028F9D094F828304BB994F82A003C
:1041E8000028F3D0FFF7FAFA80F00100C0B210BD42
:1041F800BDE81040FFF7EABE800A00207E0A0020D2
:1042080010B5FEF797FE054C80F0010084F82900F0
:10421800FFF7B0F884F82A00204610BD800A002075
:10422800F8B5EFF3108572B6BFF35F8F10B1264B68
:104238001B782BB90120BFF35F8F85F31088F8BD79
:10424800224E3378002BF5D1214F97F82830002BD8
:10425800F0D1204B1B78002BECD10446FFF78AF8ED
:104268000028E7D0FFF7BAFA0028E3D1FFF7C2FA2F
:104278000028DFD0FEF75EFE0028DBD016490B6869
:10428800013312BF1A46012213460A60134A2360FB
:104298000020134B1070012218603270114B124A23
:1042A80018701060114B124A18701070114B124A96
:1042B8001870107000230022C7E90623052338620E
:1042C8003B70B870B7E700BF7E0A0020FC0A0020E8
:1042D800800A00207C0A0020F80A0020EC0A00204E
:1042E800E80A0020DF0A0020E40A0020DD0A002096
:1042F800DE0A0020C80A0020DC0A0020F8B50446BF
:1043080015461E46EFF3108772B6BFF35F8FFCF7B2
:1043180017F9154B1B78024603F0FF0023B1134B26
:104328001B68A34205D00020BFF35F8F87F3108876
:10433800F8BD0F490B78002BF5D10E4C2478002CD2
:10434800F1D1A5F1030C4EF65D239C450AD8B6F5CC
:10435800166F07D8084B15441D60084B1E600123D3
:104368000B70E1E72046DFE7FC0A0020F80A00208E
:10437800DF0A0020EC0A0020D80A0020CC0A00201E
:10438800F8B505461646EFF3108772B6BFF35F8F90
:10439800FCF7D6F8174B1B781BB1174B1B68AB42C1
:1043A80005D00020BFF35F8F87F31088F8BD134B4B
:1043B8001B78002BF5D0124D2B78002BF1D1F31E72
:1043C800012BEED80F4B1B681B1AB3420446E8DDDD
:1043D800FFF7FCFD0028E4D00B4B0C492644C3E949
:1043E80006460B4B1E600B4B1C6001230B702B7099
:1043F800D8E700BFFC0A0020F80A0020DF0A0020E6
:10440800DD0A0020D80A0020800A0020DE0A0020E9
:10441800D40A0020C40A00200346EFF3108172B6C4
:10442800BFF35F8F0B4A127802F0FF0022B10A4AED
:1044380012689A4205D00020BFF35F8F81F310887D
:104448007047064B18780028F6D0054B01221A70E1
:10445800F2E700BFFC0A0020F80A0020DE0A00206C
:10446800DC0A00202DE9F04F074683B01446EFF32D
:10447800108672B6BFF35F8F704DFCF761F82B782A
:10448800002B00F0AA806E4B1B68BB4240F0A58051
:104498006C4B1B78002B00F0B480DFF8D08198F8C3
:1044A8000030002B00F0AD80674B1B78002B00F02C
:1044B800A880002CC0F2A580644B1B68A342C0F200
:1044C800A080DFF8AC91624FD9F80030A342C0F267
:1044D80099803B78002B40F095805E4B1B681B1A37
:1044E800012B40F38F80DFF88CA1DAF800301B1A1B
:1044F800012B40F38780DFF880B10090DBF80030B3
:104508001B1A012B7EDDFFF761FD00287AD0FFF72B
:10451800EFF9002876D0002C00F08480B4F5165FFF
:1045280070D841F2BF2345F6BF500021E4FB0301D8
:1045380045F6C0520023FBF72BFE83B21946012033
:104548000093FFF733F800285CD0FEF713FF00282C
:1045580058D100990020FFF78DF8002852D0FFF7B6
:10456800C7F900284ED02B78002B4BD03B78002B76
:1045780048D1FBF7E5FFDAF800A0AAEB000ABAF188
:10458800010F3FDDDBF800200190121A012A39DD06
:10459800924528BF92465046FFF71EFA002831D0B0
:1045A800FFF7A6F970B32A7862B33A7852BB2A4D5E
:1045B800009A019BEA846A69C9F8004053440132B1
:1045C800C5E90432EB60254A254B6C60002488F865
:1045D800004014701C70AC8401E01F4D0124FEF7EC
:1045E800A9FC80F0010085F82900FEF7C3FE85F8D4
:1045F8002A00BFF35F8F86F31088204603B0BDE81A
:10460800F08F134F00232B70FEF79EFEFFF750F834
:104618003B7823B9134A0221012311703B700E4DD8
:104628000424DCE7FEF790FEFEF7A4FE0028E9D09C
:104638000D4B009A1A6000948BE700BFFC0A00201B
:10464800F80A0020DF0A0020EC0A0020CC0A00202B
:104658007C0A0020D40A0020800A0020DC0A0020FE
:10466800C80A00207D0A0020E00A0020DE0A002097
:10467800E80A0020D00A0020D80A0020F8B504462D
:1046880015461E46EFF3108772B6BFF35F8FFBF730
:1046980057FF2E4B1B781BB12D4B1B68A34205D02F
:1046A8000020BFF35F8F87F31088F8BD294B1B7874
:1046B800002BF5D0284C2378002BF1D1002DEFD01A
:1046C800B542EDD2254B26491B680A68023B9B1A66
:1046D800B342E5D33244801A0028E1DA214B1A6844
:1046E800002A2DDD204A06981268824201DB002844
:1046F800D6DD0698B0F5165FD2DC07980028CFDB28
:104708008242CDDBFFF762FC0028C9D01449154B63
:104718000A681B681644069A9A42A8BF1A46134BA1
:104728001A60134B069A1A60124B079A1A60124BBA
:104738001D60124B1E60124B1E6201232370B0E7EE
:10474800AED1104A1268002ACCDAA9E7FC0A002088
:10475800F80A0020DE0A0020C80A0020D40A002037
:10476800C40A0020E80A0020CC0A0020B80A002069
:10477800B40A0020B00A0020C00A0020BC0A0020A9
:10478800800A0020E40A0020184B1A78034602F039
:10479800FF004AB3164A12689A4223D1154B18787B
:1047A80010B3154B1878F8B1144B154A18681268ED
:1047B800144B091A21EAE1719142186814D2124B7C
:1047C80010B51C68CB17001B4FEAE07C00FB03F315
:1047D80001FB0C33A0FB010119440023FBF7D8FCB3
:1047E800204410BD00207047704700BFFC0A00201D
:1047F800F80A0020C80A0020DE0A0020C40A0020A7
:10480800C00A0020B40A0020B80A00202DE9F04FA1
:10481800044683B090461D46EFF3108672B6BFF388
:104828005F8FDFF8E091FBF78BFE99F80030002BE3
:1048380000F08A80674B1B68A34240F08580B8F17E
:10484800000F00F08180002D7ED0634B1B78002282
:104858002A70002B00F08C80604BDFF8ACA11B782D
:10486800002B00F087809AF80030002B40F08280FF
:104878005B4B1B681B1A012B07467BDD594B1B68DA
:104888001B1A012B76DD584B1B681B1A012B71DD97
:10489800FFF79CFB00286DD0544BDFF870B11B6804
:1048A800DBF80020FB1A002B77DA39462046019204
:1048B800FFF76AFF019A824205465BDC4C4B1B6896
:1048C800834257DB002855DBFFF712F8002851D048
:1048D800DBF80040AC4274D06B1EB3F5165F49D2CA
:1048E80041F2BF2345F6BF500021E5FB030145F621
:1048F800C0520023FBF74CFC87B2002C63D039462A
:104908000120FEF753FEA8B339460020FEF7B2FE99
:1049180080B3FEF7EDFF68B399F8003053B39AF807
:10492800003003F0FF022BBB324CCBF80050636918
:10493800A28401336361304B65600122E7841A6009
:10494800C8F80050002701E02A4C0127FEF7F2FAC8
:1049580080F0010084F82900FEF70CFD84F82A0095
:10496800BFF35F8F86F31088384603B0BDE8F08F39
:10497800DFF894A0002389F80030FEF7E5FCFEF785
:1049880097FE9AF800302BB91C4A022101231170B6
:104998008AF80030174C0427D8E7194B20461C68C2
:1049A8009442A8BF144639462246FFF75BFD0746E6
:1049B80008B1104CCAE70123C8F800400D4C2B7011
:1049C800C4E70C4CBCE73846FEF7E2FD00289BD153
:1049D800D0E700BFF80A0020C80A0020DE0A00203D
:1049E800D40A0020D00A0020D80A0020BC0A0020DF
:1049F800B40A0020800A0020E40A00207D0A002072
:104A0800B00A0020FC0A00207C0A0020E80A0020E6
:104A18002DE9F04F074689B014461E46EFF310897A
:104A280072B6BFF35F8FDFF8F0820023ADF81C3059
:104A3800ADF81E30FBF784FD98F80030002B00F02D
:104A48003A81A74B1B68BB4240F03581189B002B6D
:104A580000F03181199B002B00F02D81DFF8BCB2EA
:104A68009BF800300546002B40F01A819D4B1A78C0
:104A7800002A00F079819C4A1268AA1A002A80F25A
:104A88005E819A4A1278002A00F04C81984A12688E
:104A9800AA1A002A80F25381179AB2F5166F40F3CA
:104AA8004A81179AB2F5165F00F34981149A822A4F
:104AB80000F24581159A142A00F24181169A012ABA
:104AC80040F23D818B4A127822B18B4A1278002A33
:104AD80000F05481DFF848A29AF80020002A40F03C
:104AE8003081149A022A40F22C81DDE914218A428D
:104AF80040F22781129A1599AA1A8A4200F2218156
:104B080014990139914240F21C81169A642A00F2E4
:104B18001881FEF70FFA734B002800F012819BF8FA
:104B28000020002A40F03D81744F199900220A7034
:104B3800179A002A40F34581714A1168002940F00C
:104B48005F8101226F490968002940F09181129A1A
:104B580014991B780A440292521B009233B1624B9B
:104B68001B685B1B9A4228BF1A4600925F4B1B7852
:104B7800002B00F01281604B1B78002B00F0428163
:104B8800614B179A1B689342B4BF00230123039318
:104B9800574B009A1B685B1B934228BF134601932F
:104BA8009BF800300198002B00F0F180FEF714FF0D
:104BB80080F00103DBB2002B40F0C48098F800308D
:104BC800002B00F0BF809AF80030002B40F0BA802C
:104BD800179B002B40F01881494A13680BB14B4BC7
:104BE8001D600492FEF7B0FBFEF7C4FB049A002890
:104BF80000F0A8800592FEF77BFE002800F0A28056
:104C080098F80030002B00F09D809AF8003003F0EF
:104C1800FF020492002B40F095800399059A99B100
:104C280000980392FEF7D8FE002800F08B80FEF76C
:104C38005FFE002800F086802E4A2C49049B1370E2
:104C48000B70039A009B0193019B2B441D46179BF5
:104C580013607B69179A01337B612D4BC3E90046CA
:104C6800012387F828308BF8003005233B70179B09
:104C7800DB0F7B7082EAE273A3EBE2737B60BDF823
:104C88001C30BB84BDF81E30FB84189B0024C7E988
:104C98000355BC70BC601A601E4B029A1A600CE087
:104CA8001B4BD3E90023A21A66EB0303012A73F115
:104CB8000003BFF6DBAE114F0124FEF73BF980F08D
:104CC800010087F82900FEF755FB87F82A00BFF393
:104CD8005F8F89F31088204609B0BDE8F08F00BFC8
:104CE800F80A0020DF0A0020D80A0020DE0A002087
:104CF800D40A0020C80A0020DC0A0020800A00200C
:104D0800E80A0020E40A0020CC0A0020E00A00207B
:104D1800F00A0020D00A0020FC0A0020EC0A00203B
:104D28007C0A0020634A179912688A4207DB179A9F
:104D3800B2F5166F03DC179A6432BFF6B7AEDFF828
:104D480094A15D4F002388F80030FEF7FDFAFEF7C6
:104D5800AFFC9AF800302BB9584B02221A70012385
:104D68008AF800300424A8E7179AB2F5166FE2DD36
:104D7800534A1278002A7FF494AEE0E73846294671
:104D8800FFF702FD179B9842BFF6A4AED7E7FEF7E0
:104D9800D9FD80F00103DBB20DE70393009B01937B
:104DA800FEE6FEF71BFD0028CBD0FFF70FF9424FB8
:104DB800444B0028C6D0FA68AA1A002AFFF6B5AEF6
:104DC800C0E71AD0404A116800295FD04FF0FF3180
:104DD8003E480092006888423FF4B9AEFEF7B4FA44
:104DE800FEF7C8FA0028ADD03949009A199B0D6022
:104DF8000021116001221A70324B00221792A6E698
:104E08000121E5E70393C3E6179880EAE0710028DB
:104E1800A1EBE0710DF11E03CCBF0020012007AA11
:104E2800FEF7D2FE00288DD1274A1368002B30D018
:104E3800179B0492002BCBBFBDF81E10BDF81C10A9
:104E480001200020FEF7B2FB049A049200283FF4E8
:104E580079AFFEF78FFA00287FF474AF179B049A96
:104E6800002B1A4BD4BF4FF0FF3101211960C1E666
:104E780091423FF46CAE164A16991268AA1A8A42F1
:104E8800BFF465AE199901220A70B6E74FF0FF32F8
:104E980058E6179B0492002B05DDBDF81E00FEF7AF
:104EA80077FB049AD1E7BDF81C00FEF775FB049A5E
:104EB800CBE700BFCC0A0020800A00207D0A002032
:104EC800DE0A0020DF0A0020E80A0020E40A0020A9
:104ED800E00A00207C0A0020074B1B78052B01D034
:104EE80000207047054B1B780BB901207047044B15
:104EF8001878C0B2704700BF800A0020FC0A002062
:104F08007C0A0020D0ED027A9FEDE37AF0EEE76AA2
:104F1800F4EE476AF1EE10FA00F28982F5EEC07AF3
:104F2800F1EE10FA00F18382DFEDDC6AF4EEE67A46
:104F3800F1EE10FA00F37B82D0ED037AF0EEE76A27
:104F4800F4EE476AF1EE10FA00F27182DFEDD46AEE
:104F5800F4EEE67AF1EE10FA00F16982F7EE006AF3
:104F6800F4EEE67AF1EE10FA00F36182D0ED047AFD
:104F7800F0EEE76AF4EE476AF1EE10FA00F25782B3
:104F8800DFEDC86AF4EEE67AF1EE10FA00F14F822E
:104F9800DFEDC56AF4EEE67AF1EE10FA00F3478227
:104FA800D0ED057AF0EEE76AF4EE476AF1EE10FA12
:104FB80000F23D829FEDBB7AF4EEC77AF1EE10FA6B
:104FC80000F135829FEDB97AF4EEC77AF1EE10FA66
:104FD80000F32D82D0ED067A9FEDAF7AF0EEE76A06
:104FE800F4EE476AF1EE10FA00F22182F7EE006A59
:104FF800F4EEE67AF1EE10FA00F119829FEDAC6A50
:10500800F4EEC67AF1EE10FA00F31182D0ED077AC9
:10501800B0EEE76AB4EE476AF1EE10FA00F20782E2
:10502800F5EEC07AF1EE10FA00F101829FEDA16A67
:10503800F4EEC67AF1EE10FA00F3F981D0ED087AB1
:10504800B0EEE76AB4EE476AF1EE10FA00F2EF81CB
:10505800F4EEE67AF1EE10FA00F1E981DFED8F6AFD
:10506800F4EEE67AF1EE10FA00F3E181D0ED095A98
:10507800F0EEE57AF4EE477AF1EE10FA00F2D78115
:10508800DFED8D7AF4EEE75AF1EE10FA00F1CF81F8
:10509800F5EEC05AF1EE10FA00F3C98190ED0A6AF4
:1050A800F0EEC67AF4EE477AF1EE10FA00F2BF811C
:1050B800B5EEC06AF1EE10FA00F1B981DFED7F7A42
:1050C800B4EEE76AF1EE10FA00F3B181D0ED0B7A95
:1050D800B0EEE75AB4EE475AF1EE10FA00F2A781A3
:1050E8009FED777AF4EEC77AF1EE10FA00F19F811E
:1050F800F4EEE67AF1EE10FA00F39981D0ED0C6A3D
:105108009FED657AB0EEE65AB4EE475AF1EE10FA22
:1051180000F28D81F5EEC06AF1EE10FA00F1878198
:10512800B7EE005AF4EEC56AF1EE10FA00F37F818B
:1051380008B52DED0A8B90ED0DBAF0EECB6AF4EEC2
:10514800476AF1EE10FA00F26E81B4EEC5BAF1EEDC
:1051580010FA00F16881DFED5B6AB4EEE6BAF1EEB1
:1051680010FA00F3608190ED0E8AF0EEC86AF4EE52
:10517800476AF1EE10FA00F25681F0EE006AB4EEDA
:10518800E68AF1EE10FA00F14E81DFED4F6AB4EED7
:10519800E68AF1EE10FA00F34681D0ED0FAAF0EEA0
:1051A800EA6AF4EE476AF1EE10FA00F23C81F4EE96
:1051B800C5AAF1EE10FA00F13681B3EE047AF4EEE6
:1051C800C7AAF1EE10FA00F32E8190ED109A9FED28
:1051D800325AF0EEC96AF4EE456AF1EE10FA00F2BE
:1051E8002281F0EE086AB4EEE69AF1EE10FA00F1C8
:1051F8001A81DFED366AB4EEE69AF1EE10FA00F3A2
:105208001281D0ED116AF0EEE64AF4EE454AF1EE6D
:1052180010FA00F20881DFED234AF4EEE46AF1EEB9
:1052280010FA00F10081F4EEC76AF1EE10FA00F30B
:10523800FA8090ED127AF0EEC74AF4EE454AF1EEA4
:1052480010FA00F2F0809FED225AB4EEC57AF1EE22
:1052580010FA00F1E8809FED1F5AB4EEC57AF1EE1E
:1052680010FA00F3E080D0ED138ADFED0B4AB0EEC0
:10527800E85AB4EE645AF1EE10FA00F2D4809FEDC9
:105288000B5AF4EEC58AF1EE10FA00F1CC809FEDCE
:10529800125AF4EEC58A2BE0FFFF7F7F0000C84258
:1052A8006F12833ACDCCCC3D0000484300007A44CD
:1052B8000050C3470000164600409CC500409C456E
:1052C8000AD7233C000048420000FA42000002438B
:1052D800CDCC4C3E0000204200606A4700808943E4
:1052E800FFFF7F7F0000C8420060EA466F12833AE2
:1052F800F1EE10FA00F3978090ED14AAB0EECA5AB6
:10530800B4EE645AF1EE10FA00F28D801FED0B5ADC
:10531800B4EEC5AAF1EE10FA00F185801FED0E5A21
:10532800B4EEC5AAF1EE10FA7DDC90ED155AB0EE98
:10533800C54AB4EE644AF1EE10FA74D8F7EE004AA2
:10534800B4EEE45AF1EE10FA6DD45FED1C4AB4EEF7
:10535800E45AF1EE10FA66DCD0ED169A1FED205AE9
:10536800F0EEE94AF4EE454AF1EE10FA5BD81FED8B
:10537800234AF4EEC49AF1EE10FA54D45FED264AAB
:10538800F4EEE49AF1EE10FA4DDCD0ED17BAF0EE37
:10539800EB3AF4EE453AF1EE10FA44D8F0EE003A62
:1053A800F4EEE3BAF1EE10FA3DD4F4EEC4BAF1EE3D
:1053B80010FA38DC90ED18CAB0EECC4AB4EE454A83
:1053C800F1EE10FA2FD8B5EEC0CAF1EE10FA2AD4D1
:1053D800B4EEE4CAF1EE10FA25DCF4EEC65AF1EEAA
:1053E80010FA20D5F4EEC76AF1EE10FA1BD5B4EE28
:1053F800C8BAF1EE10FA16D5B4EEC98AF1EE10FA71
:1054080011D5F4EEC9AAF1EE10FA0CD567EE887A38
:105418005FED4A6A67EEA67AB7EE007AF4EEC77ACD
:10542800F1EE10FA05D90020BDEC0A8B08BD00206A
:105438007047F4EECA8AF1EE10FAF4DBF4EEE98A6A
:10544800F1EE10FAEFDBB0EE4B0A04F097FBB4EE86
:1054580040BAF1EE10FAE6D1B0EE480A04F08EFB3D
:10546800B4EE408AF1EE10FADDD1B0EE6A0A04F02B
:1054780085FBF4EE40AAF1EE10FAD4D1B0EE490A59
:1054880004F07CFBB4EE409AF1EE10FACBD1B0EE0A
:10549800680A04F073FBF4EE408AF1EE10FAC2D108
:1054A800B0EE4A0A04F06AFBB4EE40AAF1EE10FA34
:1054B800B9D1B0EE4C0A04F061FBB4EE40CAF1EE8B
:1054C80010FAB0D1B0EE690A04F058FBF4EE409A35
:1054D800F1EE10FAA7D1B0EE6B0A04F04FFBF4EE30
:1054E80040BAF1EE10FA0CBF012000209CE700BF83
:1054F8000346002800F0B78110B4BF4CD0F800C0B4
:10550800BE4800212CFA01F2D2B2083142402029CB
:1055180004FB02F0F6D1D3F804C0B74C00212CFAF2
:1055280001F2D2B208314240202904FB02F0F6D140
:10553800D3F808C0B04C00212CFA01F2D2B20831DD
:105548004240202904FB02F0F6D1D3F80CC0AA4C43
:1055580000212CFA01F2D2B208314240202904FB82
:1055680002F0F6D1D3F810C0A34C00212CFA01F2B6
:10557800D2B208314240202904FB02F0F6D1D3F818
:1055880014C09D4C00212CFA01F2D2B208314240DD
:10559800202904FB02F0F6D1D3F818C0964C00215C
:1055A8002CFA01F2D2B208314240202904FB02F061
:1055B800F6D1D3F81CC0904C00212CFA01F2D2B2DB
:1055C80008314240202904FB02F0F6D1D3F820C06C
:1055D800894C00212CFA01F2D2B20831424020292C
:1055E80004FB02F0F6D1D3F824C0834C00212CFA36
:1055F80001F2D2B208314240202904FB02F0F6D170
:10560800D3F828C07C4C00212CFA01F2D2B2083120
:105618004240202904FB02F0F6D1D3F82CC0764C86
:1056280000212CFA01F2D2B208314240202904FBB1
:1056380002F0F6D1D3F830C06F4C00212CFA01F2F9
:10564800D2B208314240202904FB02F0F6D1D3F847
:1056580034C0694C00212CFA01F2D2B20831424020
:10566800202904FB02F0F6D1D3F838C0624C00219F
:105678002CFA01F2D2B208314240202904FB02F090
:10568800F6D1D3F83CC05C4C00212CFA01F2D2B21E
:1056980008314240202904FB02F0F6D1D3F840C07B
:1056A800554C00212CFA01F2D2B20831424020298F
:1056B80004FB02F0F6D1D3F844C04F4C00212CFA79
:1056C80001F2D2B208314240202904FB02F0F6D19F
:1056D800D3F848C0484C00212CFA01F2D2B2083164
:1056E8004240202904FB02F0F6D1D3F84CC0424CCA
:1056F80000212CFA01F2D2B208314240202904FBE1
:1057080002F0F6D1D3F850C03B4C00212CFA01F23C
:10571800D2B208314240202904FB02F0F6D1D3F876
:1057280054C0354C00212CFA01F2D2B20831424063
:10573800202904FB02F0F6D1D3F858C02E4C0021E2
:105748002CFA01F2D2B208314240202904FB02F0BF
:10575800F6D1D3F85CC0284C00212CFA01F2D2B261
:1057680008314240202904FB02F0F6D1D3F860C08A
:10577800214C00212CFA01F2D2B2083142402029F2
:1057880004FB02F0F6D1D3F864C01B4C00212CFABC
:1057980001F2D2B208314240202904FB02F0F6D1CE
:1057A800D3F868C0144C00212CFA01F2D2B20831A7
:1057B8004240202904FB02F0F6D1D3F86CC00E4C0D
:1057C80000212CFA01F2D2B208314240202904FB10
:1057D80002F0F6D1D3F870C0074C00212CFA01F280
:1057E800D2B208314240202904FB02F0F6D1D3F8A6
:1057F80074C0014C002103E093010001C59D1C8188
:105808002CFA01F2D2B208314240202904FB02F0FE
:10581800F6D1D3F878C0144C00212CFA01F2D2B298
:1058280008314240202904FB02F0F6D1D3F87CC0AD
:105838000D4C00212CFA01F2D2B208314240202945
:1058480004FB02F0F6D1D3F880C0074900222CFAF5
:1058580002F3DBB208324340202A01FB03F0F6D101
:105868005DF8044B70477047930100019FED077A7C
:10587800F6EE007AE0EE077A08B5B0EE670A04F0B3
:105888007DF9FDEEC07A17EE900A08BD000070435E
:1058980000285AD000B52DED028B90ED008ADFED7F
:1058A8002B8AF0EEC87A83B0F4EE687AF1EE10FA3B
:1058B800019044D8F7EE007AB4EEE78AF1EE10FAD8
:1058C8003DDBDFED237AB4EEE78AF1EE10FA36D845
:1058D800B0EE480A04F052F9B4EE408AF1EE10FA3C
:1058E8002DD10198D0ED017AB0EEE77AB4EE687A5E
:1058F800F1EE10FA23D8F5EEC07AF1EE10FA1EDBBD
:105908009FED147AF4EEC77AF1EE10FA17D8D0EDBD
:10591800027AB0EEE77AB4EE687AF1EE10FA0ED8B1
:10592800F5EEC07AF1EE10FA09DBB2EE047AF4EE85
:10593800C77AF1EE10FA94BF0120002000E00020A1
:1059480003B0BDEC028B5DF804FB7047FFFF7F7F5F
:1059580000803B450000204210B485B001684268D1
:1059680083680D4C0D480191029203930DF1040CCC
:105978005CF8041B002321FA03F2D2B2083350402A
:10598800202B04FB00F0F6D104AB6345F0D105B041
:105998005DF8044B704700BF93010001C59D1C8151
:1059A800002800F0ED8390ED007ADFEDE87AF0EE64
:1059B800C76AF4EE676AF1EE10FA00F2E18330B5D7
:1059C8002DED108B90ED01BAB0EECB6AB4EE676A9C
:1059D800F1EE10FAB5B000F2CE8390ED026AF0EE67
:1059E800C65AF4EE675AF1EE10FA00F2C48390ED4D
:1059F80003DAB0EECD5AB4EE675AF1EE10FA00F2BF
:105A0800BA83D0ED04FAF0EEEF4AF4EE674AF1EE0D
:105A180010FA00F2B08390ED05FAB0EECF4AB4EE7A
:105A2800674AF1EE10FA00F2A683D0ED06EAF0EE2E
:105A3800EE3AF4EE673AF1EE10FA00F29C83D0EDFC
:105A480007CAB0EEEC3AB4EE673AF1EE10FA00F29B
:105A58009283D0ED08DAF0EEED2AF4EE672AF1EE43
:105A680010FA00F2888390ED09AAB0EECA2AB4EEC3
:105A7800672AF1EE10FA00F27E8390ED0AEAF0EE62
:105A8800CE1AF4EE671AF1EE10FA00F27483D0ED34
:105A98000BAAB0EEEA1AB4EE671AF1EE10FA00F2A9
:105AA8006A8390ED0CCAF0EECC0AF4EE670AF1EEC8
:105AB80010FA00F2608390ED0D8AF0EEC80AF4EE59
:105AC800670AF1EE10FA00F25683D0ED0E6AF0EE96
:105AD800E60AF4EE670AF1EE10FACDED046A00F278
:105AE8004A83D0ED0F8AF0EEE80AF4EE670AF1EE89
:105AF80010FA00F2408390ED109AF0EEC90AF4EE25
:105B0800670AF1EE10FA00F23683D0ED116AF0EE72
:105B1800E60AF4EE670AF1EE10FACDED036A00F238
:105B28002A83D0ED126AF0EEE60AF4EE670AF1EE87
:105B380010FACDED056A00F21E83D0ED13BAB0EE6F
:105B4800EB0AB4EE670AF1EE10FA00F21483D0ED16
:105B5800146AB0EEE60AB4EE670AF1EE10FACDED7B
:105B6800066A00F20883D0ED156AB0EEE60AB4EED4
:105B7800670AF1EE10FACDED076A00F2FC82D0ED6B
:105B8800166AB0EEE60AB4EE670AF1EE10FACDED49
:105B9800086A00F2F082D0ED176AB0EEE60AB4EEB9
:105BA800670AF1EE10FACDED0C6A00F2E482D0ED4E
:105BB800186AB0EEE60AB4EE670AF1EE10FACDED17
:105BC8000D6A00F2D882D0ED196AB0EEE60AB4EE9A
:105BD800670AF1EE10FACDED0E6A00F2CC82D0ED34
:105BE8001A6AB0EEE60AB4EE670AF1EE10FACDEDE5
:105BF800096A00F2C082D0ED1B9AB0EEE90AB4EE51
:105C0800670AF1EE10FA00F2B682D0ED1C6AB0EE27
:105C1800E60AB4EE670AF1EE10FACDED006A00F27A
:105C2800AA82D0ED1D7AF0EE676ACDED017ADFED3C
:105C3800477AB0EEE60AB4EE670AF1EE10FA00F21F
:105C48009A82D0ED1E6AB0EEE60AB4EE670AF1EE6B
:105C580010FACDED026A00F28E82D0ED1F6AB0EE26
:105C6800E60AB4EE670AF1EE10FACDED0A6A00F220
:105C78008282D0ED206AB0EEE60AB4EE670AF1EE51
:105C880010FACDED0B6A00F27682F0EE007AB4EEEF
:105C980067BAF1EE10FA00F0CA82F7EE007AB4EEB5
:105CA800E77AF1EE10FA8DED116ACDED107A00F178
:105CB80062829FED270AB4EEC07AF1EE10FA00F383
:105CC8005A82B0EE470A8DED0F7A03F057FF9DED2B
:105CD8000F7AB4EE407AF1EE10FA40F04C82B5EE4D
:105CE80040BAF1EE10FA9DED116A07D0DDED107A99
:105CF800B4EE67BAF1EE10FA40F03D82B5EEC06A34
:105D0800F1EE10FA00F13782F2EE0E7AB4EEE76A9D
:105D1800F1EE10FA00F32F82B0EE460A8DED0F6A0D
:105D280003F02CFF9DED0F6AB4EE406AF1EE10FA15
:105D380040F02182B5EEC0DAF1EE10FA00F11B82D4
:105D4800DFED037AF4EEE7FA0EE000BFFFFF7F7F96
:105D580000FF7F470050C347000016450000C842B7
:105D68000000164600606A47F1EE10FA00F303825D
:105D7800B4EEEFDAF1EE10FA80F2FD81B0EE4D0AE2
:105D880003F0FCFEB4EE40DAF1EE10FA40F0F381D5
:105D9800B0EE6F0A03F0F2FEF4EE40FAF1EE10FAFC
:105DA80040F0E981B5EEC0FAF1EE10FA40F2E38175
:105DB800B5EEC0AAF1EE10FA40F2DD81B4EECEAA3B
:105DC800F1EE10FA80F2D7815FED1E7AB4EEE7EAC1
:105DD800F1EE10FA00F3CF81B5EEC0CAF1EE10FA79
:105DE80000F1C981B4EECCAAF1EE10FA40F2C381F9
:105DF800F7EE007AB4EEE78AF1EE10FA00F1BB8113
:105E08001FED2B7AB4EEC78AF1EE10FA00F3B381D6
:105E18009DED047AB4EEE77AF1EE10FA00F1AB8169
:105E28005FED327AB4EEE77AF1EE10FA00F3A3816F
:105E3800F5EEC08AF1EE10FA00F19D815FED387A37
:105E4800F4EEE78AF1EE10FA00F39581B5EEC09A08
:105E5800F1EE10FA00F18F81DDED037AF5EEC07AEC
:105E6800F1EE10FA00F18781DDED057AF5EEC07AE2
:105E7800F1EE10FA00F17F819DED097AB5EE407AD6
:105E8800F1EE10FA07D0F7EE007AB4EE677AF1EE89
:105E980010FA40F07081F5EEC09AF1EE10FA00F1B8
:105EA8006A81F0EE007AF4EEE79AF1EE10FA00F368
:105EB8006281B0EE690A03F061FEF4EE409AF1EEF9
:105EC80010FA40F05881DDED007AF5EEC07AF1EE77
:105ED80010FA00F15081DDED017AF5EEC07AF1EEAD
:105EE80010FA00F148819DED027AB5EEC07AF1EE24
:105EF80010FA00F140815FED657AB4EEE77AF1EED1
:105F080010FA00F33881DDED0A7AF5EEC07AF1EE89
:105F180010FA00F13081DDED0B7AF5EEC07AF1EE82
:105F280010FA00F12881DDED097AF5EE407AF1EEFC
:105F380010FAF5EE409A00F02581F1EE10FA00F023
:105F48001A81F5EEC08AF1EE10FA43DDF1EE007A1F
:105F5800B4EEE79AF1EE10FA00F10D81DDED007A6A
:105F6800B7EE007AF4EEC77AF1EE10FA00F1038189
:105F7800DDED016AF4EEE67AF1EE10FA80F2FB80CC
:105F8800F0EE007A79EE677AF4EEE76AF1EE10FA4D
:105F980000F3F180DDED027AF4EEC77AF1EE10FA43
:105FA80000F1E980DDED057AF5EEC07AF1EE10FA40
:105FB80040F2E180DDED0A7AF5EEC07AF1EE10FAF2
:105FC80040F2D9809DED0B7AF4EEC77AF1EE10FA23
:105FD80080F2D180F7EE007AF4EEE7BAF1EE10FA2B
:105FE80000F1C9801FEDA17AF4EEC7BAF1EE10FAFC
:105FF80000F3C180DDED066AF4EEE6BAF1EE10FAC0
:1060080000F3B980F4EEC76AF1EE10FA00F3B3803A
:106018009DED077AB4EEE77AF1EE10FA00F1AB8065
:10602800F4EEC7BAF1EE10FA00F1A5809DED086A0A
:10603800B4EEE76AF1EE10FA00F19D80F4EEC6BA0C
:10604800F1EE10FA00F19780DDED0C5AF4EEE75A04
:10605800F1EE10FA00F18F809DED0E5AF4EEC55A5C
:10606800F1EE10FA00F38780DDED0D7AF5EEC07AD7
:10607800F1EE10FA7FD9F4EEC56AF1EE10FA7AD48F
:10608800B4EEEB9AF1EE10FA75DC5FEDCA7ADDED4D
:10609800034AF4EEE74AF1EE10FA6CDCB4EEE49A47
:1060A800F1EE10FA67DCDDED007ACDED13BACDED37
:1060B8001B7ADDED017ACDED146ACDED1C7ADDEDAC
:1060C800027A8DED157A8DED166ACDED175A8DEDA4
:1060D800185A8DED199ACDED1A4ACDED1D7A13ADEA
:1060E8000B24B5EC018AB0EE480A03F047FDB4EE84
:1060F800408AF1EE10FA3ED1013CF2D1B5EE40BA39
:10610800F1EE10FA00F0D380B4EEEAEAF1EE10FAFC
:106118002FD5DFED717AF4EEE7AAF1EE10FA28D860
:10612800F5EEC0CAF1EE10FA23DBF4EECACAF1EEBE
:1061380010FA1ED5F4EECEDAF1EE10FA19DBF4EE11
:10614800E7DAF1EE10FA14D8F0EE6E7AEDEE0F7A87
:10615800F4EEE7CAF1EE10FAC0F2BB80B0EE6E4A78
:10616800AFEE8F4AB4EEC4EAF1EE10FA94BF012400
:106178000024204600E0002035B0BDEC108B30BD77
:1061880000207047F1EE10FAF5D1B5EE40BAF1EE05
:1061980010FAF0D1F7EE007AB4EE67FAF1EE10FAE1
:1061A800E9D1F5EE40EAF1EE10FAE4D1B4EEE88A6E
:1061B800F1EE10FADFD5F5EE40BAF1EE10FADAD1C9
:1061C800DDED067AF5EE407AF1EE10FAD3D1DDED89
:1061D800077AF5EE407AF1EE10FACCD1DDED087AC7
:1061E800F5EE407AF1EE10FAC5D1B5EE409AF1EE2F
:1061F80010FAC0D1DDED037AF5EE407AF1EE10FA2F
:10620800B9D1DDED007AF5EE407AF1EE10FAB2D1AF
:10621800DDED017AF5EE407AF1EE10FAABD1B5EE8C
:10622800407AF1EE10FA0CBF01200020A4E70146E5
:10623800842213A803F002FC002328492293842215
:1062480013A8209303F0A4FB044670BBB5EEC08AE4
:10625800F1EE10FA26DBDFED227AB4EEE78AF1EEF2
:1062680010FA1FD8B0EE480A03F088FCB4EE408A52
:10627800F1EE10FA16D1F5EEC08AF1EE10FA11DB44
:10628800DFED187AF4EEE78AF1EE10FA0AD8B0EEEC
:10629800680A03F073FCF4EE408AF1EE10FA0CBFC2
:1062A8000124002404F0010066E70024FAE7F5EE73
:1062B80040EAF7EE007AF1EE10FAB4EE67FA0CBF96
:1062C80001200020F1EE10FA00F0010018BF0020B4
:1062D80052E7002420464FE70050C347F0A10008CA
:1062E8000000164500001646002800F0A58038B5C5
:1062F800D0ED027A2DED048BDFED568AB0EEE77A09
:10630800B4EE687AF1EE10FA05463DD8F5EEC07A9B
:10631800F1EE10FA38D4B2EE0E7AF4EEC77AF1EE56
:1063280010FA31DC90ED019AB0EE007AB4EE479A9B
:10633800F1EE10FAB0EE408A0C4629D1FFF730FB97
:1063480010B3002C74D0F0EEC87AF4EE687AF1EE4F
:1063580010FA6FD8F7EE007AB4EEE78AF1EE10FA89
:1063680068DBDFED3D7AB4EEE78AF1EE10FA61D82A
:10637800B0EE480A03F002FCB4EE480AF1EE10FA57
:106388000CBF0020062000E00120BDEC048B38BDC6
:1063980091BBB7EE007AB4EE479AF1EE10FA2BD023
:1063A800FFF7FEFA0028EFD0DFED2A7AB0EEC87AC0
:1063B800B4EE677AF1EE10FA3CD8B5EEC08AF1EE89
:1063C80010FA37D9D5ED097AF4EEC87AF1EE10FA59
:1063D80030D4002C3AD0D5ED077AF4EEC87AF1EE35
:1063E80010FA35DCD5ED087AF4EEC87AF1EE10FA39
:1063F8004CBF07200020C8E7FCEEE77A17EE903A7A
:10640800D8071DD599071DD55A0717D51B071BD5C2
:106418002846FFF7C5FA0028B6D0F7EE007AB4EEA2
:10642800679AF1EE10FA0CBF01230023A342BBD0F8
:106438000A20AAE70620A8E7012070470420A4E75D
:106448000220A2E70320A0E705209EE720469CE75C
:1064580007209AE7FFFF7F7F00803B45F8B50D4690
:1064680017461E460446A0B190ED017AF0EE007A78
:10647800B4EE677AF1EE10FA0BD143B1FFF790FA58
:1064880030B140F6B8339D4201D8BD425FD00020FC
:10649800F8BD002EFBD02046FFF782FA0028F7D07F
:1064A80007EE905A94ED037AF8EE677AF4EEC77A1D
:1064B800F1EE10FAEBD494ED047AF4EEC77AF1EE2B
:1064C80010FAE4DAD4ED016AB7EE007AF4EE476A1E
:1064D800F1EE10FA36D1D4ED056A94ED067AA7EEFE
:1064E800A67ADFED1E6A86ED007AF0EEC77AF4EE42
:1064F800667AF1EE10FACAD8B5EEC07AF1EE10FA63
:10650800C5DBD4ED0A7AF4EEC77AF1EE10FABEDDF7
:10651800D4ED016AF7EE007AF4EE676AF1EE10FA4C
:10652800B6D1D4ED077AF4EEC77AF1EE10FAAED808
:10653800D4ED087AF4EEC77AF1EE10FAACBF012078
:106548000020F8BD07EE907AB8EEE77AC9E707EEC3
:10655800905AF8EEE77AC6ED007AF8BDFFFF7F7F24
:1065680010B50446FFF71CFA44B194ED017AF0EE39
:10657800007AB4EE677AF1EE10FA40D000283DD0E8
:10658800D4ED1A7AF5EE407AF1EE10FA43D0D4ED54
:10659800017AF5EE407AF1EE10FA08D094ED027A1D
:1065A800F2EE0E7AB4EE677AF1EE10FA33D1D4ED4A
:1065B8000F7A94ED0D7AF4EEC77AF1EE10FA2ADD2F
:1065C8009FED167AF4EEC77AF1EE10FA23D8D4EDDF
:1065D800107AF5EEC07AF1EE10FA1CDD94ED117A1E
:1065E800F4EEC77AF1EE10FA15D8D4ED127AF5EE7A
:1065F800C07AF1EE10FACCBF0120002010BD0028AF
:10660800FCD0D4ED0F7AF5EEC07AF1EE10FACCBFDB
:106618000120002010BD002010BD00BF000016465C
:10662800801A61EB0301012871F10001ACBF012060
:106638000020704758B3D0ED007A9FED167AF0EE3F
:10664800E76AF4EE476AF1EE10FA20D8F5EEC07A60
:10665800F1EE10FA1BD4DFED106AF4EEE67AF1EEF3
:1066680010FA14DCD0ED017AB0EEE76AB4EE476AAE
:10667800F1EE10FA0BD8F5EEC07AF1EE10FA06D466
:10668800F4EEE67AF1EE10FA01DCFEF73BBC0020EE
:10669800704700BFFFFF7F7F00007A4430B50D468A
:1066A8009BB0044648B141B190ED017AF0EE007A12
:1066B800B4EE677AF1EE10FA1DD02046FFF770F9B4
:1066C800B8B12846FFF7B6FF98B195ED077AD4ED33
:1066D8000D7AB4EEE77AF1EE10FA2ED895ED087A35
:1066E800D4ED0E7AB4EEE77AF1EE10FA94BF0120F9
:1066F80000201BB030BD642201A803F09FF90023DD
:1067080020460893FFF74CF90028F2D02846FFF7F7
:1067180091FF0028EDD00A49642201A803F038F956
:1067280058B995ED077AD4ED0D7AB4EE677AF1EEA3
:1067380010FA0CBF01200020DBE700201BB030BDA1
:1067480074A2000870B52DED028B0D4682B0B0EE34
:10675800408AF0EE608A1646044638B1D0ED1A7ABF
:10676800F5EE407AF1EE10FA00F08480002E7CD02D
:1067780029462046FFF792FF002876D0DFED447ABD
:10678800B0EEC87AB4EE677AF1EE10FA6DD8B5EECD
:10679800C08AF1EE10FA68D4D4ED0A7AF4EEC87A19
:1067A800F1EE10FA61D9D4ED017AF5EE407AF1EE06
:1067B80010FA14BF01210021B0EE680A2046FFF745
:1067C80093FD002852D178EEC80AF1EE087AF0EE6F
:1067D800E00A60EEA77AD5ED056A87EEA60AB7EE5D
:1067E800087A60EE870AD5ED047AB5EE400AF1EE34
:1067F80010FA80EEA78A44D4F1EEC00A0190B0EEF8
:10680800480A03F04BF986ED000A94ED017A0198E5
:10681800F0EE007AB4EE677AF1EE10FAB0EE408A44
:1068280024D0D5ED130A94ED140A03F05FF9F0EEC5
:10683800400A94ED130A03F059F99FED167AD5ED45
:10684800187A28EE078A78EE277AF4EEC07AF1EE05
:1068580010FA14DCD4ED167AB4EEE78AF1EE10FAE9
:10686800CCBF01200020C00000E0012002B0BDEC38
:10687800028B70BD0B2002B0BDEC028B70BD0820EE
:10688800F4E7019003F0E8F80198F0EE400AB5E764
:10689800FFFF7F7F00007A4410B40346A44CA5484C
:1068A800D3F800C000212CFA01F2D2B208314240DC
:1068B800202904FB02F0F6D1D3F804C09C4C002137
:1068C8002CFA01F2D2B208314240202904FB02F02E
:1068D800F6D1D3F808C0964C00212CFA01F2D2B2B6
:1068E80008314240202904FB02F0F6D1D3F80CC04D
:1068F8008F4C00212CFA01F2D2B2083142402029F3
:1069080004FB02F0F6D1D3F810C0894C00212CFA10
:1069180001F2D2B208314240202904FB02F0F6D13C
:10692800D3F814C0824C00212CFA01F2D2B20831FB
:106938004240202904FB02F0F6D1D3F818C07C4C61
:1069480000212CFA01F2D2B208314240202904FB7E
:1069580002F0F6D1D3F81CC0754C00212CFA01F2D4
:10696800D2B208314240202904FB02F0F6D1D3F814
:1069780020C06F4C00212CFA01F2D2B208314240FB
:10698800202904FB02F0F6D1D3F824C0684C00217A
:106998002CFA01F2D2B208314240202904FB02F05D
:1069A800F6D1D3F828C0624C00212CFA01F2D2B2F9
:1069B80008314240202904FB02F0F6D1D3F82CC05C
:1069C8005B4C00212CFA01F2D2B208314240202956
:1069D80004FB02F0F6D1D3F830C0554C00212CFA54
:1069E80001F2D2B208314240202904FB02F0F6D16C
:1069F800D3F834C04E4C00212CFA01F2D2B208313F
:106A08004240202904FB02F0F6D1D3F838C0484CA4
:106A180000212CFA01F2D2B208314240202904FBAD
:106A280002F0F6D1D3F83CC0414C00212CFA01F217
:106A3800D2B208314240202904FB02F0F6D1D3F843
:106A480040C03B4C00212CFA01F2D2B2083142403E
:106A5800202904FB02F0F6D1D3F844C0344C0021BD
:106A68002CFA01F2D2B208314240202904FB02F08C
:106A7800F6D1D3F848C02E4C00212CFA01F2D2B23C
:106A880008314240202904FB02F0F6D1D3F84CC06B
:106A9800274C00212CFA01F2D2B2083142402029B9
:106AA80004FB02F0F6D1D3F850C0214C00212CFA97
:106AB80001F2D2B208314240202904FB02F0F6D19B
:106AC800D3F854C01A4C00212CFA01F2D2B2083182
:106AD8004240202904FB02F0F6D1D3F858C0144CE8
:106AE80000212CFA01F2D2B208314240202904FBDD
:106AF80002F0F6D1D3F85CC00D4C00212CFA01F25B
:106B0800D2B208314240202904FB02F0F6D1D3F872
:106B180060C0074900222CFA02F3DBB20832434076
:106B2800202A01FB03F0F6D15DF8044B704700BF43
:106B380093010001C59D1C8170B52DED028B82B0BB
:106B4800CDED010A0546002859D00C46002956D03B
:106B5800D1ED007ADFED498AB0EEE77AB4EE687AD3
:106B6800F1EE10FA4BD8F5EEC07AF1EE10FA46D4F1
:106B78009FED437AF4EEC77AF1EE10FA3FDCD1EDDF
:106B8800017AF0EEE76AF4EE686AF1EE10FA36D8A8
:106B9800F5EEC07AF1EE10FA31D4F4EEC77AF1EEE0
:106BA80010FA2CDC0846B0EE408AFEF7ABF9064630
:106BB80030B3F0EEC87AF4EE687AF1EE10FA1ED827
:106BC800B5EEC08AF1EE10FA19D4DFED2E7AB4EEE4
:106BD800E78AF1EE10FA12DCDDED010AF0EEE06A68
:106BE800F4EE686AF1EE10FA09D8F5EEC00AF1EE93
:106BF80010FA04D9F4EEE70AF1EE10FA05DD0026E2
:106C0800304602B0BDEC028B70BD28220021281D41
:106C180002F0E7FEDDED010AD4ED056A70EEC87AF0
:106C2800B1EE087AF0EEE77A27EE877AB7EE086ACF
:106C380087EE260A67EE867A94ED047A85ED058A52
:106C4800B5EE400AF1EE10FA85ED028A85ED008A6C
:106C5800C5ED060A87EE878A0BD4F1EEC00AB0EEBE
:106C6800480A02F01BFF012385ED070A85F8283042
:106C7800C6E702F0F1FEF0EE400AF0E7FFFF7F7F83
:106C880000007A440050C34770B504462DED048BCC
:106C9800002800F09A811546002A00F0968190F8A5
:106CA8002800002800F08E810846F0EE408AB0EEF9
:106CB800608A0E46FFF7BEFC002800F08381DFEDF6
:106CC800CB7AB0EEE87AB4EE677AF1EE10FA00F219
:106CD8007C81F5EEC08AF1EE10FA00F176819FED25
:106CE800C47AF4EEC78AF1EE10FA00F36E81B0EEC2
:106CF800C87AB4EE677AF1EE10FA00F26681D6ED42
:106D08000D7A9FEDBC7A67EE877AF4EEC87AF1EED9
:106D180010FA00F35A81D6ED0E7A67EE877AF4EE10
:106D2800C87AF1EE10FA00F15081D4ED007A9FEDA7
:106D3800AF7AF0EEE77AF4EE477AF1EE10FA00F265
:106D48004481D4ED027AF0EEE77AF4EE477AF1EE78
:106D580010FA00F23A81D4ED037AF0EEE77AF4EE15
:106D6800477AF1EE10FA00F23081D4ED047AF0EEB1
:106D7800E77AF4EE477AF1EE10FA00F22681D4EDC4
:106D8800087AF0EEE77AF4EE477AF1EE10FA00F2BC
:106D98001C81D4ED077AF0EEE77AF4EE477AF1EE4B
:106DA80010FA00F21281D4ED097AF0EEE77AF4EEE7
:106DB800477AF1EE10FA00F20881D4ED057AF0EE88
:106DC800E77AF4EE477AF1EE10FA00F2FE80D4ED9D
:106DD800067AF0EEE77AF4EE477AF1EE10FA00F26E
:106DE800F48030220021281D02F0FBFD94ED079A63
:106DF80094ED080A85ED008A38EE000AF0EE490A9B
:106E080002F074FE94ED057AD4ED067A84ED080A52
:106E1800B5EEC09AF1EE10FA77EEC77A40F3E0804B
:106E280080EE096AF1EE086A67EEA66AF7EE005A84
:106E380075EEC65A66EE866AF0EE004A66EEA56AF8
:106E4800B0EE085AC6EE895AA6EE645A66EE277A5C
:106E580067EE867AA7EE857AD6ED0C7A96ED036A08
:106E6800D4ED026AD4ED039A96ED014AD6ED080AEC
:106E780078EE277A38EE066A88EE275A38EEE60A60
:106E8800C8EE063AB0EE666AA5EE006AD6ED007A5C
:106E980084ED007A76EE666AC4ED015A86EE885A69
:106EA80084ED026A75EE696A77EE464AE3EEA69AC1
:106EB800B5EE404AC4ED039A85ED017A96ED027A63
:106EC800C5ED025AF1EE10FA14BFD4ED046ADFEDF5
:106ED8004A6A85ED036AB5EE407A64EEA77AF1EE68
:106EE80010FA14BF27EE697A9FED437AC5ED057A4B
:106EF80077EEA68ADFED407AC5ED066A78EE878AD6
:106F080085ED077A78EEA78AC5ED087AC5ED044ABB
:106F1800F1EE600AB0EE680AC5ED098A02F0BEFD1E
:106F2800F0EE400A96ED070A02F0E0FDD4ED097A8A
:106F38009FED317A67EE806AF4EE408AF1EE10FA3E
:106F4800B0EE409A18BF0123F4EEC76A96ED060A20
:106F580018BF2B63F1EE10FAB4EEC79AD8BFF0EE63
:106F6800477AF1EE10FA28EE000AF0EE490A30DB13
:106F780037EE800A02F0BAFDF0EE407AF4EE497A74
:106F8800F1EE10FAC5ED0A7A03D02B6B43F0020339
:106F98002B639FED167AF0EEE88AF4EE478AF1EE5D
:106FA80010FA12D8F0EEE77AF4EE477AF1EE10FA1A
:106FB8000BD8F0EEE99AF4EE479AF1EE10FA94BF86
:106FC80001200020BDEC048B70BDBDEC048B0020BB
:106FD80070BD37EEC00A02F061FDF0EE407ACDE7F1
:106FE80037EE277ADFED045A36E700BFFFFF7F7FD1
:106FF8000050C3476F12833A0000000040B52DEDE2
:10700800068B84B006460293002800F0C580002A4B
:1070180000F0C2800192002900F0BE80D1ED007A14
:107028009FED637AF0EEE76AF4EE476AF1EE10FA44
:1070380000F2B280F5EEC07AF1EE10FA00F1AC8001
:10704800DFED5C6AF4EEE67AF1EE10FA00F3A48064
:1070580091ED01AAF0EECA7AF4EE477AF1EE10FA51
:1070680000F29A80B5EEC0AAF1EE10FA00F1948011
:10707800B4EEE6AAF1EE10FA00F38E80084603910A
:10708800FDF740FF002800F08880019ADFED487A7C
:10709800D2ED098AB0EEE87AB4EE677AF1EE10FA2A
:1070A8007AD8D2ED049AB0EEE97AB4EE677AF1EEC6
:1070B80010FA71D892ED009AB0EEC97AB4EE677AF8
:1070C800F1EE10FA68D8B5EEC09AF1EE10FA63D96D
:1070D80003999FED397AD1ED0E7A67EE877AB4EE8F
:1070E800E79AF1EE10FA57DC029B07EE903AB8EEF9
:1070F800E78AD1ED077AB4EEE78AF1EE10FA4BDCB5
:10710800D1ED087AF1EE677AB4EEE78AF1EE10FA7B
:1071180042D4136B5B0744D192ED0A0A0192CDE980
:10712800020102F075FDB4EE408AF1EE10FADDE9D5
:107138000120039935D1DFED218AB5EE40AAF1EEA1
:1071480010FA31D0D1ED0B7AD6ED040A68EEA78A91
:10715800DFED177AE9EE8A8AE9EE280AB0EEE07ADE
:10716800B4EE677AF1EE10FA16D891ED090A01919A
:10717800CDE9020202F092FC0199F0EE400A91ED8D
:107188000A0A02F0B3FC039A86ED040A029882ED1B
:107198000B0A86ED098A00E0002004B0BDEC068BDE
:1071A80040BD78EE688AC8E7DFED040ADDE700BF76
:1071B800FFFF7F7F00007A446F12833A00000000CF
:1071C8002DE9F0432DED028B00F5EC7583B09FEDB2
:1071D800758A026F8DED018A01AB04460E46416E39
:1071E8002846FFF73BF980462846FEF781F9814695
:1071F800EFF3108772B6BFF35F8FFDF701F8D4F88D
:107208009032D4ED827A94ED1E7AC4F894620133F8
:10721800C4F89032D4F8A432F31AC4F8A832624BF6
:107228005B68C4F88C32D4F89036C4F8B032D4F81D
:107238008436C4F8B432D4F88836C4F8B83223781F
:10724800C4F8BC326378C4F8C032A378C4F8C43236
:10725800A36DC4F81C33E36DC4F81833636EC4F827
:107268002433B8EEC77A236EC4F82033FCEEE77AED
:107278004FF2081384EDFA7AC4F88832C4EDBF7A65
:10728800D4ED767A94ED777AD4F86C31C4F8DC339F
:10729800FCEEE77AD4F86831C4EDD17AFCEEC77A0F
:1072A8000546C4F84893C4EDD37AC4F8D833B8F186
:1072B800000F03D094F8EB36002B5CD1DFED397A60
:1072C8000023B0EE678AC4F8743304F22443C3ED94
:1072D800007A04F5856383ED008A94F8E53623B1D6
:1072E800D4F89436F31AC4F8643394F8E606EB68D5
:1072F800C4F8D03218B195F8280000284ED195F876
:107308002930AA8CC4F8E03295F82A30C4F8D8227B
:10731800EA8CC4F8D402C4F8E432C4F8DC22BBBB5B
:10732800D5ED017A6B78F8EE677AA3BBD4F894268A
:1073380094F8E03604F21441C1ED007AC4F8002351
:10734800D4F8D826C4F8B4230BB1B61AF30FD4F87E
:10735800BC26C4F8B833E37894F8E416C4F83013BC
:10736800C4E9CD23BFF35F8F87F3108803B0BDEC6A
:10737800028BBDE8F083B4EE487ADDED017A012393
:10738800F1EE10FAC4F8743318BFB0EE678A9CE7C0
:10739800DFED047ACAE7F1EE677AC7E7FCF716FE75
:1073A800ADE700BF00000000D49F0008F0B58DB025
:1073B80004460E46FCF7BCFC18B1002528460DB063
:1073C800F0BDD4E91831012284F8E626C4F89836CD
:1073D800C4F89030C4F8F032226FC4F8F4120AAB43
:1073E80004F5EC70FFF73AF80028E6D0D4ED827A7D
:1073F8009DED0A0AF4EEC07AF1EE10FAD4ED1E7A89
:1074080094BF01230023F8EEE70AC4F8E83204F534
:10741800BA7104F51770FFF78FFB0028CDD004F27E
:107428008C60FCF7FDFE07460028C6D1D4ED700A33
:1074380094ED8A0A02F05AFBF0EE400A94ED890AAC
:1074480002F054FBD4ED647AD4F88C06BCEEC07A12
:10745800FDEEE77A17EE102A17EE903A3146FCF760
:107468004DFF05460028A8D0D4ED6D6A94ED747AD6
:10747800D4ED6C7A0196FCEEE66ABCEEC77ACDEDE7
:10748800026A0DF12702FCEEE77A236E0792059750
:107498008DED047AD4F88C06CDED037A00930BA910
:1074A800D4E916230691FDF7B3FA002885D1D4E96B
:1074B8001667D4F86432216E04F5D462C2E9006715
:1074C800D4F85C22C4F8E4330D23C4F89C16C4F83D
:1074D800EC23237072E700BFF8B5044616461D4634
:1074E8000F46FCF725FCD4F8CC230023A4F871310F
:1074F800D4F8683322B90F2E45D00222C4F8CC2321
:10750800EBB1D4F8A03323B90D2E49D00623C4F823
:10751800A0330023C4F868330323C4E9E153D4F843
:107528007833D4F87C23EB1A9342D4E9160128BFA8
:107538001346C4F8803304F5D66343E9020194F88E
:10754800E53643B1D4F8DC362BB12B44C4F8D83631
:10755800012384F8E0360023A4F8E436C4F868333D
:1075680084F884320023C4F86C322378092B4FF056
:1075780009031CBF6770A670237029462046BDE822
:10758800F840FFF71DBED4F8D0235AB90322C4F837
:10759800CC23002BD3D0D4F8A033002BB9D1B5E736
:1075A8000723B4E70422C4F8CC23002BC7D0F2E7A2
:1075B800F0B501F1FF3C83B004461546BCF1090F54
:1075C80006D8DFE80CF00E05050E55055F05055ACF
:1075D80006262046E6702946FFF7F2FD304603B03E
:1075E800F0BDD0F8CC23002380F8E436A0F8713140
:1075F80012B90123C0F8CC33D4F86833B3B1D4E955
:10760800DE320521C4F8A0130021C4F86813032151
:10761800EB1AC4E9E151D4E91601934228BF134695
:1076280004F5D662C4F8803342E9020194F8E536DD
:1076380043B1D4F8DC362BB12B440122C4F8D83638
:1076480084F8E0260023002284F8E536C4F868337D
:1076580084F88432C4F86C2284F8EC36FCF768FBB2
:1076680040BB2378092B1CBF012323700026B0E7F9
:107678000378092B26D00226ABE70378012B08D024
:107688000326A6E70023A0F8713180F8943002267B
:107698009FE7B0F8E436002BF2D190F8E03623B13A
:1076A800D0F8D836D31A002B42DB94F89430B3B90B
:1076B80004268EE72B460A2206212046FFF70CFFF8
:1076C800072686E7FCF762FD0028D4D0FCF76EFD9C
:1076D8000028D0D0012200232280A370C6E794F8A6
:1076E8007231002BE4D094F87131002BE0D004F50E
:1076F800EC7604F5BA7739463046FEF7CFFF002816
:10770800D6D0FCF753FD0028D2D0FCF73FFD002867
:10771800CED0FCF775FD90F82930002BC8D1002396
:10772800019394F8EB363BB90123C4F85033BFE713
:107738000C23C0F85033BBE7226F616E01AB3046B3
:10774800FEF78CFE0028EFD0D4ED1E7A9DED010ADD
:10775800F8EEE70A3946304604F22C42FEF7F2FF0B
:10776800C4F850030028A3D100260123A4F87161AE
:1077780084F8E436C4F8BC5684F8EC6629E700BF00
:1077880090F8E526002A47D030B5D0F8683383B0A2
:1077980004460BB903B030BD002201928DF80320D6
:1077A800D0F88C060DF1030301AA0D46FDF72EF85B
:1077B80098BB019B002B03DDD4F88C239A4237D366
:1077C80007EE903A9DF80330F8EEE77AC4EDA07A18
:1077D800002BDFD0D4F868330122C4F8A023002B93
:1077E800D8D0D4E9DE30EB1A834294ED166B28BF6B
:1077F80003460021C4F86813C4F88033022004F556
:10780800D66104F58763C4E9E15001ED026BC3ED6D
:10781800007AC4F8BC23BDE770470823C4F8A03336
:107828000D222B4606212046FFF756FE03B030BD39
:10783800C4F88C33FCF7E4FCC28C019BC4F8A82381
:10784800BEE700BF08B1FFF747BE704700283DD02C
:1078580070B50D46164600214FF4DE62044602F06C
:10786800C0F88DB34C22294604F1080002F0E6F86E
:1078780017494C22284602F08BF828BB154B1B6889
:10788800A3F10103B3FA83F35B0904F5BA7584F82D
:10789800953011496422284602F0D0F80F49842215
:1078A80004F5EC7002F0CAF80123C4F884362846BF
:1078B800FEF7F2FFC4F88806FCF73AFA314620468C
:1078C800BDE87040FFF77CBC0023DEE7704700BFCF
:1078D800889F000824A0000874A20008F0A10008EE
:1078E80048B370B50378044663B9154611B190F8EA
:1078F800953043B901222B4620461146BDE8704019
:10790800FFF7EABD70BD00F5BA7100F5EC70FEF73F
:10791800C5FE0028EED0FCF739FC0028EAD0FCF7B9
:1079280045FC0028E6D00123237029462046BDE8FF
:107938007040FFF745BC70470346A8B190F8EB06C6
:1079480090B193F8740078B193F8750060B1D3EDF5
:107958006C7A1B6EFCEEE77AC91A17EE900A814220
:107968008CBF002001207047704700BF18B111B1CB
:107978000978FFF71DBE0120704700BF002800F0FE
:10798800998090F8E03670B50D460446002B51D129
:1079980094F8E436002B59D194F8E536002B6DD0D5
:1079A800D4ED890A94ED8A0A02F0A0F8F0EE400AB4
:1079B80094ED700A02F09AF8FCEEC07AD4F8942696
:1079C80017EE903AAA1A9A426CD2D4F8681311B9F1
:1079D800013B9A426FD094F8E636002B44D094F8D5
:1079E800E73653B9D4ED8C7AD4F89836FCEEE77ABA
:1079F800EB1A17EE902A934274D2D4ED6B7A236E69
:107A0800FCEEE77AEB1A17EE902A934242D8FDF77C
:107A180063FA38B9FCF7F4FB8378042B02D0FCF73F
:107A2800D5FA58BB2B4620460D22BDE870400621EA
:107A3800FFF752BDD0F8D836CB1A002BA4BF0023CD
:107A480080F8E03694F8E436002BA5D0FCF79EFBCE
:107A580010B1FCF7ABFB90B92B4620460A22BDE8D3
:107A680070400621FFF738BDD4ED6B7A236EFCEE2B
:107A7800E77AEB1A17EE902A93420BD870BDFCF701
:107A8800BFFB90F82830002BE6D1D4F8BC36EB1AAF
:107A9800F92BF3D902222B4620461146BDE8704047
:107AA800FFF71ABD2B4620460F22BDE8704005217E
:107AB800FFF712BD7047FDF70FFA00288BD0D4ED01
:107AC8006B7A236EFCEEE77AEB1A17EE902A934254
:107AD800E8D994F8E636002BDCD094F8E736002B8A
:107AE800D8D17FE72B4620460822BDE87040052103
:107AF800FFF7F2BC002800F0C4802DE9F04F2DED0F
:107B0800048B0D46B5B0002900F0A7800B7F164600
:107B18000446002B00F0A6804B7F002B00F0A280CB
:107B28008B69002BC0F29E80CA68B2F5803F80F056
:107B38009980934240F0968090F8EB36002B40F005
:107B4800138131462046FFF719FFAE46BEE80F0005
:107B580004F1580C94F8E586B4F8E4A6ACE80F00F4
:107B68009EE80F004FF00109EF688CE80F0084F8D9
:107B7800EB96B8F1000F40F0858000230C93BAF122
:107B8800000F04D094F87430002B40F03F8507EEC6
:107B9800907A94ED7A7AF8EE677AF4EEC77AF1EE95
:107BA80010FA80F21781D4ED776AB7EE007AF4EE16
:107BB800476AF1EE10FA0DD194ED7B6A94ED7C7A68
:107BC800D4ED806AA7EE867AB4EEE67AF1EE10FA82
:107BD80080F2008104F5EC78AA6939460CAB40467E
:107BE800FEF73CFC00283DD0D4F88833012B40F246
:107BF8001481D4F89833002B40F00F8194F8EB36B9
:107C0800002B00F00A8194F87430002B00F00D85E9
:107C180094F8751051B1D4ED6C7A226EFCEEE77AC7
:107C2800B21A17EE900A824240F2DB8094F8E526F9
:107C3800002A00F0FF841F46002940F0688194F86C
:107C4800E426002A40F01481002F40F09E81022291
:107C5800334611462046FFF73FFC35B0BDEC048B98
:107C6800BDE8F08FB4F8E436002BF6D03346032293
:107C780002212046FFF730FC35B0BDEC048BBDE88F
:107C8800F08F704794F87430002B00F0278194F837
:107C98007530002B00F02281D4ED6C7A226EBCEE98
:107CA800E77AB11A17EE103A994208D8D4F83C335B
:107CB800BB4204D2AB68C4F83C73C4F84033002319
:107CC8000C93BAF1000F3FF462AFFCEEE77AB21AF8
:107CD80017EE903A9A423FF65AAF94F8E436002BE2
:107CE80000F0FF80D4F8BC26AB689B1A002BFFF687
:107CF8004EAFA16F40F6B83399427FF448AF40F6D3
:107D0800B7339F427FF643AFD4F89036C4F8942631
:107D18000133012B38BF0123C4F890364FF4E272C7
:107D2800002104F5227001F05CFED5E9023706F562
:107D38009C520832C4E9CF73C4F8D826012284F8CB
:107D4800E02607EE907A0121F8EE677AC4E9F41389
:107D580004F234400523C0ED007A3246C4F8CC332F
:107D68002046FFF725FC78E7D0E91623D1E9000182
:107D7800FEF756FC002800F0A28094F8EB36002BA2
:107D88003FF4DFAEAB68226E9B1A002B56DB0CD09B
:107D9800D4F828230AB19A4201D9C4F82833D4F870
:107DA8002C239A4238BFC4F82C33D5E90032A16D90
:107DB800013B42F1FF325B1AE16D62EB0102002ADE
:107DC8004FF0FF31D4F80C2318BF0B461A44C4F8FF
:107DD8000C23B6E63346002203212046FFF77CFB3E
:107DE8003BE704F5D66353E90223D5E90001FEF722
:107DF80017FC90B1AA68D4F88433D31A002B0CDB93
:107E0800D5E9003104F588600C9F0760C4E9F113D7
:107E18000123C4F89423C4F8983394F8E536EBB1F9
:107E280094F8EB36002B69D194F8E436002B3FF434
:107E38000EAF31462046FFF7C3F90EE7B4F8E43633
:107E4800002B3FF40AAF334604220221204635B006
:107E5800BDEC048BBDE8F04FFFF73EBB94F8E43669
:107E6800002BE6D094F8EB36002BE2D094F874306F
:107E7800002BDED094F875100029DAD0D4ED6C7A96
:107E8800236EFCEEE77AF31A17EE902A9342D0D8C5
:107E9800AB68D4F8BC269B1A002BCADB2378012BCD
:107EA80006D194F894301BB1A36F002B00F3DF8444
:107EB8003346092206212046FFF70EFBB9E7B4F83E
:107EC800E436002B3FF4C9AED5E90002D4E9161315
:107ED8009A4208BF88423FF4C0AEB4E700230C932F
:107EE80055E6A26F40F6B8339A427FF450AE40F69A
:107EF800B7339F427FF64BAEAB6822E794F87430F5
:107F0800002B91D094F875100F4600298CD0D4ED31
:107F18006C7A226EBCEEE77AB01A17EE103A9842E5
:107F28000CD9FCEEE77AB21A17EE903A9A4294F816
:107F3800E40619D900283FF487AE9DE7D4F8D0337A
:107F4800002BEED194ED1E7ADDED0C6AB8EEC77AFF
:107F5800B4EEE67AF1EE10FAE3D8AB68C4F8D4339D
:107F68000123C4F8D033DCE704F23443DDED0C7AA6
:107F780093ED007AB4EEE77AF1EE10FA40F10E8351
:107F8800C3ED007A00287FF477AF00293FF45FAE95
:107F9800D4ED6C7A236EFCEEE77AF31A17EE902A8A
:107FA80093423FF654AE94F8E63673B19DED0C7AE1
:107FB800D4ED827AD4F8E832B4EEE77A002B00F0F8
:107FC800F182F1EE10FA00F1DD83D4F8BC33002B16
:107FD80040F0B182D4F86833002B00F0858004F2B9
:107FE8003C4393ED007ADDED0C7A04F24443D3ED83
:107FF800006AF4EEE67AF1EE10FAC8BFC3ED007A33
:1080080004F58963D3ED006A37EEC77AF4EEE67AB1
:10801800D4ED966AF1EE10FAF4EEC76AC8BFC3ED64
:10802800007AF1EE10FA40F21683D4ED1E6A94ED50
:10803800886AF8EEE66A76EEE76AF4EEC66AF1EE6A
:1080480010FA40F2ED82D4ED976A76EEE77AF5EE13
:10805800C07AF1EE10FA40F2E38223780E2B00F09A
:10806800DF82D4ED957AB4EEE77AF1EE10FAC0F239
:108078005782D4F8D476FCF7C3F84368BB4238BFBC
:108088001F460223D4F88C06C4F8A0333A4631467A
:10809800FCF7E8F9002840F0858307EE907AD4F8D9
:1080A8006833F8EEE77A002B00F043830223C4E933
:1080B800E163D4F87833D4F87C23C4F86803F31A5E
:1080C8009342D4E916AB28BF1346C4F8803304F5AD
:1080D800D66204F58763012142E902ABC3ED007A59
:1080E800C4F8BC13C4EDA07A94F8E536002B3FF42D
:1080F800B4AD94F8E626AB68002A00F05E82D4EDB1
:108108006A7AD4F89C76FCEEE77ADF1B17EE902AA1
:108118009742C0F03183EA68D5ED067AC4F8C822E0
:10812800D5E90021F8EEE77AC4F89C1204F5BA798B
:1081380004F58361C1ED007A1BA8C4E9A823494668
:10814800642201F07BFC07EE907AB8EE678ADFEDD7
:10815800537A9DED0C0A28EE278AD4ED1E7A04F591
:10816800177AF8EEE78AF0EE480A49460EAA504612
:1081780078EEC08AFEF788FD002800F0CA82DDED9F
:10818800187AD4F86833FDEEE77A17EE907A002B68
:1081980000F06C82DDED127AF5EEC07AF1EE10FA9D
:1081A80040F21B8394F8E396B9F1000F00F0648263
:1081B800D4F88C063146FCF7E7FA071EC0F2A9820C
:1081C80007EE107ADDED187ADDED176A1A9BB8EE26
:1081D800C77A43F0100377EE677A8DED187A36EE9A
:1081E800A77A1A93D4F81432CDED167A8DED177A52
:1081F80022934FF00009D4ED746A94ED6C7AD4EDB3
:108208006D7A0597FCEEE66ABCEEC77AFCEEE77A73
:108218000196CDED046A8DED037ACDED027AAB6857
:1082280000930DF12F0307930DAB0693D5E90023B7
:10823800D4F88C06FCF7ECFB002840F0C6829DF8C9
:108248002F301BB11A9B43F004031A9307EE907A60
:10825800F8EEE79ADDED187AF4EE679AF1EE10FA87
:1082680003D01A9B43F008031A930D9B0EAA1BA96F
:108278005046FEF7C3FE002800F04B82D4F868335E
:108288000D9A73B3002A04DDD4F88C339342C0F0FE
:108298003581B9F1000F24D002E000BF6F12833A94
:1082A8000023C4F868330223C4E9E163D4F87833BF
:1082B800D4F87C13F31A07EE902A8B42D4E9168976
:1082C80028BF0B46F8EEE77AC4F8803304F5D66188
:1082D80004F58763012041E90289C3ED007AC4F8F7
:1082E800BC03AB68C4F89C3695ED006BD4F8AC328F
:1082F8009DED119ADDED127ADDF83CA0DDF8409095
:10830800DDF84C80DDF850E0DDF854C0169F179D6D
:1083180018981999013304F5D46B8BED006BC4F8E8
:10832800AC3204F5806384EDF88AC4F8ECA3C4F891
:10833800F093C4F8F883C4F8FCE3C4F8986284EDB9
:10834800F99AC4EDFD7AC3F800C004F2044307EEBD
:10835800102A1F6004F58163B8EEC77A1D6004F225
:108368000C4383ED007A04F21C43C3ED009A04F534
:108378008463186004F5826319601A9B94ED9F8AE0
:10838800D4ED9E9AC4F8CC32B4EEE98AF1EE10FA34
:1083980003F00103C0F2ED8194ED727AF0EEE77A12
:1083A800F4EEC77AF1EE10FACCBF0121002108469D
:1083B800002B00F0D58194F8E8560DB9C4F8B066E2
:1083C800002840F0B98184F8E916D4F8B016711A7B
:1083D800C4F80413012184F8E8164FF00008002AB5
:1083E800C4F8088340F39D81D4ED6F7AF4EEE87AFF
:1083F800F1EE10FA40F1958194F8E22652B904F2B0
:10840800CC610C9AC4F8C466C4F8C0660A6004F566
:10841800DA610A60D4ED8D7AD4F8C016FCEEE77AFA
:10842800012284F8E22617EE902A711A914218D395
:1084380004F2CC61D1ED007A9DED0C7AD4ED8E6A10
:1084480077EE677A04F58660F4EEE67AF1EE10FAD4
:10845800C0ED007AA4BFC4F8C46681ED007AC4F800
:10846800C066D4F8C476F71BBA42C4F8587340F211
:10847800C58104F5DA62DDED0C7AD2ED006A94ED7F
:108488008E7A77EEE67AF4EEC77AF1EE10FAC0F259
:10849800B581002B0CBF03250125B4EEE98AF1EE66
:1084A80010FAACBF01230023C4F85C33D4ED8F0A63
:1084B80094ED710AC4F8545301F018FBBCEEC00ADD
:1084C80010EE103ABB4240F27881B4EEE98AF1EE40
:1084D80010FAC0F2B581D4ED737AFCEEE77A17EEA4
:1084E800903A434500F28C81EB0700F189813346CD
:1084F800112205212046FEF7EFFF9AE4C4F88C23E9
:10850800FBF77EFEC38CC4F8A833B9F1000F00F066
:108518001883D4F868330D9A002B7FF4C1AEE0E6D7
:10852800D4F8B033F31A002BFFF6DEAD31462046FF
:10853800FFF726F9D8E504F5D66353E90223D5E910
:108548000001FEF76DF800283FF473ACAB68D4F86F
:1085580084239B1A002BFFF66CAC04F5896393ED1A
:10856800007ADDED0C7AB4EEE77AF1EE10FA48BF46
:10857800C3ED007A0023C4F8BC3304F23C43D3EDC6
:10858800006A94ED967A77EEE67AF4EEC77AF1EE21
:1085980010FA55DA0123C4F8C0331BE500283FF46C
:1085A800F4AC69E4F1EE10FAFFF60FAD0123C4F85C
:1085B800E832EB68C4F8F43207E5D5ED067AD4ED75
:1085C800826A9DED0C7AEA686968C4F8C822F8EEF8
:1085D800E77A2A68C4F89C12F4EEC76A04F5836146
:1085E800F1EE10FAC1ED007AC4E9A8233FF621ACF8
:1085F80031462046FEF7DAFE00287FF41AAC3346EF
:108608000A2206212046FEF767FF12E494F8753027
:10861800002B3FF4BCAA226ED4ED6C7AFFF755BB51
:10862800FBF7EEFD002703232CE594F8E526002A46
:108638007FF4FAAB94F8E426002A3FF4FAAB17E487
:108648000223C4F8C0331422334605212046FEF71E
:1086580043FFFFF702BB0423C4F8A03313223346B9
:1086680005212046FEF738FFFFF7F7BA94F8E3969E
:10867800B9F1000F7FF4BDAD4046FDF771FF00284A
:1086880000F0C18194F8E136002B00F0B881D4F8ED
:10869800E832002B00F0B381D4ED887AF4EEE87A62
:1086A800F1EE10FA80F2428294F8E736002B40F09F
:1086B8003982DDED127AF5EEC07AF1EE10FA40F269
:1086C8002D82D4EDA07AF5EEC07AF1EE10FA00F121
:1086D800258294ED867AD4ED877AD4F87023BCEE9F
:1086E800C77AFCEEE77A17EE108A17EE903A424402
:1086F8009A42099240F294810623C4F89C33D4F834
:108708006833002B3FF477ADB9F1000F7FF473ADF8
:108718004EE53346122207212046FEF7DDFEFFF71D
:108728009CBA00231D4684F8E236C4F858331F4625
:10873800B3E6C4EDA07AD7E494F8E90608B9C4F81A
:10874800B46684F8E83684F8E916002B40F08B808C
:108758001946C4F80413D4F8B416A6EB01083EE68B
:108768000028E9D184F8E83684F8E916C4F8043317
:1087780033E6002108461BE631462046FFF700F89D
:10878800FFF76BBAD4F8EC32EA68C4F8F822013380
:10879800C4F8EC320E22334602212046FEF79CFE36
:1087A800FFF75BBA0823C4F8A0330D22334606212D
:1087B8002046FEF791FEFFF750BA334610220521F6
:1087C8002046FEF789FEFFF734BB33460A2206210E
:1087D8002046FEF781FEFFF740BA0323D4F88C0643
:1087E800C4F8A033FBF718FE81460028EDD094F8B2
:1087F800E336002B3FF440AF9946FCE402254CE6F3
:10880800D4ED1E7A94ED6E7AF8EEE77A77EEC97AAF
:10881800F0EEE77AB4EEE77AF1EE10FA18DB237897
:108828000E2B18BFC4F8C866D4F8C8360E2101222A
:10883800F31A217084F8E726C4F86033FFF7F9BA11
:10884800D4ED1E7AF8EEE77A77EEC97AF0EEE77A99
:1088580023780E2B00F0DB800D2200232270C4F851
:108868006033FFF7E6BAD4F8B016711A71E7D4EDA1
:10887800777A07EE103AF5EE407AF1EE10FAB8EE94
:10888800C70A14BF012100214046FDF72DFD074608
:1088980000287FF40DAB04F5BA7529464046FDF76C
:1088A800FDFE00283FF404ABFBF780FC00283FF4F2
:1088B800FFAAFBF76BFC00283FF4FAAAFBF7A0FC21
:1088C80090F82930002B7FF4F3AAD4ED1E7A9DEDA1
:1088D8000C0A04F22C492946F8EEE70A4A464046B3
:1088E800FDF730FF0546C4F8500300287FF4E0AADE
:1088F80000231B934FF08073226F616E84F8EC069F
:1089080084F8EA06C4F8C806C4F8E606C4F8E236ED
:10891800C4F894661BABC4F8C066C4F8C466404685
:10892800FDF79CFD9DED1B8A94ED827AD4F8903674
:10893800D4ED947AB4EEC78AF1EE10FA03F101038C
:10894800ACBF01220022FCEEE77A012B04F2CC60D6
:1089580080ED008A38BF012304F5DA6080ED008AD3
:10896800C4F8903617EE903A294684F8E126C4F800
:10897800DC364FF4E27204F52270D9F8005001F0A9
:1089880030F8D4ED1E7AC9F80050F8EEE77A04F210
:108998003443B4EEE78AF1EE10FA83ED008AA4BFFF
:1089A8000123C4E9F436D4E91832D4ED1C7AC4F8AA
:1089B800C822C4E9CF23F8EEE77AD4E9162104F5F2
:1089C8008360C0ED007AC4F8A4320C23C4F89C126A
:1089D800C4F8A022237031462046FEF7E7FC0028A1
:1089E80000F0A8802378C4F89866092B08BF0727E9
:1089F800C4F89060C4F8F062E770FFF71ABA03236E
:108A0800C4F89C337BE60223C4F89C3377E694EDE4
:108A18006F7AB4EEE77AF1EE10FA7FF50AAA1BE74F
:108A28004FF0010BD4F88C06D4ED890A94ED8A0A2C
:108A3800C4F89CB3089001F059F8F0EE400A94EDA0
:108A4800700A01F053F8D4F89436BCEEC00AA8EBCB
:108A5800030310EE102A33449342DDE90802BFF401
:108A68004EAEC4F8702384F8E3B6C4F8D476424610
:108A78003146FBF785FC00283FF4A7AED4ED857A94
:108A8800D4ED936A94ED927A0197FDEEE77A314638
:108A9800CDED007AFCEEE67AD4F88C0617EE903A23
:108AA800FCEEC77A17EE902AFBF7E8FD00283FF4A2
:108AB8008CAEFBF7A5FBD4ED866AC269C4F86C23BB
:108AC80001238269C4F87823FCEEE66A026AA86882
:108AD800C4F86833C4F8883304F23C430C9994ED25
:108AE800857AD4ED927AC4EDDF6A196004F24443C2
:108AF800BCEEC77A1960FCEEE77A04F58963196061
:108B0800C4F8900384EDE97AC4EDEB7AC4F8B02395
:108B1800B9F1000F7FF46FABFFF74ABB0523C4F828
:108B28009C33ECE50823C4F89C33E8E50423C4F837
:108B38009C33E4E533460A2206212046FEF7CCFCA6
:108B480050E70D9AFFF7CDBB00283CD038B590F818
:108B5800E536044603B938BD0D46FBF751FB94F8DA
:108B6800E6364BB18378042B1BD06BBB29462046D5
:108B7800BDE83840FEF724BB90F82830002BF5D12B
:108B8800D4F88820002AF1D041698A4202D182783B
:108B9800012A27D02B46062205212046FEF79CFCF9
:108BA800E4E7D4F8943641F28632EB1A934212D9AC
:108BB800236EEB1A7D2B0ED82B460F22052120465B
:108BC800FEF78AFCD2E770472B460A220621204688
:108BD800FEF782FCCAE72B460D2206212046FEF747
:108BE8007BFCC3E705F13201C4F8883084F8EA2633
:108BF800C4F8B816BAE700BFB0B130B5044683B0C0
:108C08000D46FEF7BBFE29462046FEF7B9FD94F84F
:108C1800E53613B194F8E6363BB12946204603B051
:108C2800BDE83040FEF7CCBA7047FBF7E9FA90F898
:108C38002830002BF1D194F8EA3643B1D4F8B8368D
:108C4800EA1A002AE9DB226ED21A002AE5DBD4E907
:108C58000A23616A00950020FBF7CAF830B12B4659
:108C6800092206212046FEF737FCD6E7FBF7C8FAAB
:108C78004369C4F88830D0E705281CD0062801D0FD
:108C880000207047A1F58073042B12D9A1F58873D1
:108C9800312B0ED9A1F5A063012B0AD9A1F5A46344
:108CA800042B06D9A1F5A26109298CBF0020012057
:108CB800704701207047103901298CBF002001201E
:108CC800704700BF002877D02DE9F04F0529ADF592
:108CD800257D0D4616461F465BD0062904D0062082
:108CE8000DF5257DBDE8F08FA2F58073042B0446B1
:108CF8003ED9A2F58873312B0BD9A2F5A063012BBD
:108D080007D9A2F5A463042B03D9A2F5A263092B02
:108D1800E5D82578012D37D1B4F8E436A3BBFBF7A5
:108D280035FA88B3FBF76CFA90F8283063BBB6F5D0
:108D3800A06F84F8723141D0A6F5A2618AB2092ADF
:108D480040F2318440F20152964200F04C84A6F57C
:108D5800A46293B2032B00F2D18494F87131002BF2
:108D680040F034840023A4F8703184F8943006E08D
:108D7800B2F5817FCDD14DF201139F422CD0012055
:108D88000DF5257DBDE8F08F03200DF5257DBDE8A7
:108D9800F08FA2F11003012BA1D8B7F57F4FEED1C8
:108DA800102A08BF0A250023AE9A8DF80C5283A911
:108DB8008493FEF7DBFD93E7062070474BF20152E0
:108DC8009742CFD1C4F86031A4F86431A4F8705147
:108DD80084F89430002083E7EFF31083659372B62C
:108DE800BFF35F8FD4E9AC230093D4F8B832019372
:108DF800D4F8BC320293D4F8C0320393D4F8C43206
:108E08000493D4F8C8320593D4F8CC320693D4F836
:108E1800D0320793D4F8D4320893D4F8D8320993CF
:108E2800D4F8DC32D0E9A2A9D0E9A48ED0E9A6C74B
:108E3800D0E9A865D0E9AA010A93D4F8E0320B93E7
:108E4800D4F8E4320C93D4F8E8320D93D4F8EC3229
:108E58000E93D4F8F0320F93D4F8F4321093D4F878
:108E6800F8321193D4F8FC321293D4F800331393E8
:108E7800D4F804331493D4F808331593D4F80C3386
:108E88001693D4F810331793D4F814331893D4F8EE
:108E980018331993D4F81C331A93D4F820331B933E
:108EA800D4F824331C93D4F828331D93D4F82C33E6
:108EB8001E93D4F830331F93D4F834332093D4F866
:108EC80038332193D4F83C332293D4F84033239396
:108ED800D4F844332493D4F848332593D4F84C3346
:108EE8002693D4F850332793D4F854332893D4F8DE
:108EF80058332993D4F85C332A93D4F860332B93EE
:108F0800D4F864332C93D4F868332D93D4F86C33A5
:108F18002E93D4F870332F93D4F874333093D4F855
:108F280078333193D4F87C333293D4F88033339345
:108F3800D4F884333493D4F888333593D4F88C3305
:108F48003693D4F890333793D4F894333893D4F8CD
:108F580098333993D4F89C333A93D4F8A0333B939D
:108F6800D4F8A4333C93D4F8A8333D93D4F8AC3365
:108F78003E93D4F8B0333F93D4F8B4334093D4F845
:108F8800B8334193D4F8BC334293D4F8C0334393F5
:108F9800D4F8C4334493D4F8C8334593D4F8CC33C5
:108FA8004693D4F8D0334793D4F8D4334893D4F8BD
:108FB800D8334993D4F8DC334A93D4F8E0334B934D
:108FC800D4F8E4334C93D4F8E8334D93D4F8EC3325
:108FD8004E93D4F8F0334F93D4F8F4335093D4F835
:108FE800F8335193D4F8FC335293D4F800345393A4
:108FF800D4F804345493D4F808345593D4F80C3482
:109008005693D4F810345793D4F814345893D4F8AA
:1090180018345993D4F81C345A93D4F820345B93F9
:10902800D4F824345C93D4F828345D93D4F82C34E1
:109038005E93D4F830345F93D4F834346093D4F822
:1090480038346193D4F83C346293D4F84034639351
:10905800D4F84434D4F848B46493BFF35F8F659B65
:1090680083F31088009BA4F87A341B0CA4F8783496
:10907800019BA4F87E341B0CA4F87C34029BA4F852
:1090880082341B0CA4F88034039BA4F84EA4A4F8E3
:109098005294A4F85684A4F85AE4A4F85EC4A4F838
:1090A8006274A4F86664A4F86A54A4F86E04A4F878
:1090B8007214A4F87624090C120C4FEA1A4A4FEAE3
:1090C80019494FEA18484FEA1E4E4FEA1C4C3F0C0C
:1090D800360C2D0C000CA4F87014A4F87424A4F811
:1090E8004CA4A4F85094A4F85484A4F858E4A4F820
:1090F8005CC4A4F86074A4F86464A4F86854A4F880
:109108006C04A4F886341B0CA4F88434049B059AD8
:10911800A4F88A341B0CA4F88834130CA4F88C34F3
:10912800069BA4F892341B0CA4F89034079BA4F86F
:1091380096341B0CA4F89434089BA4F89A341B0C9E
:10914800A4F89834099BA4F89E341B0CA4F89C340A
:109158000A9BA4F8A2341B0CA4F8A0340B9BA4F817
:10916800A6341B0CA4F8A4340C9BA4F8AA341B0C3A
:10917800A4F8A8340D9BA4F8AE341B0CA4F8AC34A6
:109188000E9BA4F88E24A4F8B2341B0CA4F8B034B7
:109198000F9BA4F8B6341B0CA4F8B434109BA4F8A5
:1091A800BA341B0CA4F8B834119BA4F8BE341B0CB9
:1091B800A4F8BC34129BA4F8C2341B0CA4F8C03425
:1091C800139BA4F8C6341B0CA4F8C434149B159A3A
:1091D800A4F8CA341B0CA4F8C834130CA4F8CC3473
:1091E800169BA4F8D2341B0CA4F8D034179BA4F80F
:1091F800D6341B0CA4F8D434189BA4F8DA341B0C0E
:10920800A4F8D834199BA4F8CE24A4F8DE341B0C97
:10921800A4F8DC341A9BA4F8E2341B0CA4F8E0345C
:109228001B9BA4F8E6341B0CA4F8E4341C9BA4F89C
:10923800EA341B0CA4F8E8341D9BA4F8EE341B0C8C
:10924800A4F8EC341E9BA4F8F2341B0CA4F8F034F8
:109258001F9BA4F8F6341B0CA4F8F434209BA4F844
:10926800FA341B0CA4F8F834219BA4F8FE341B0C28
:10927800A4F8FC34229BA4F802351B0CA4F8003592
:10928800239BA4F806351B0CA4F80435249BA4F8EA
:109298000A351B0CA4F80835259B269AA4F80E3528
:1092A8001B0CA4F80C35130CA4F81035279BA4F854
:1092B80016351B0CA4F81435289BA4F81A351B0C7A
:1092C800A4F81835299BA4F81E351B0CA4F81C35E6
:1092D8002A9BA4F822351B0CA4F820352B9BA4F854
:1092E80026351B0CA4F824352C9BA4F82A351B0C16
:1092F800A4F828352D9BA4F82E351B0CA4F82C3582
:109308002E9BA4F832351B0CA4F830352F9BA4F8FB
:109318001225A4F836351B0CA4F83435309BA4F874
:109328003A351B0CA4F83835319BA4F83E351B0C94
:10933800A4F83C35329BA4F842351B0CA4F8403500
:10934800339BA4F846351B0CA4F84435349BA4F889
:109358004A351B0CA4F84835359B369AA4F84E3587
:109368001B0CA4F84C35130CA4F85035379BA4F803
:1093780056351B0CA4F85435389BA4F85A351B0CE9
:10938800A4F85835399BA4F85E351B0CA4F85C3555
:109398003A9BA4F85225A4F862351B0CA4F8603552
:1093A8003B9BA4F866351B0CA4F864353C9BA4F8D9
:1093B8006A351B0CA4F868353D9BA4F86E351B0C68
:1093C800A4F86C353E9BA4F872351B0CA4F87035D4
:1093D8003F9BA4F876351B0CA4F87435409BA4F881
:1093E8007A351B0CA4F87835419BA4F87E351B0C04
:1093F800A4F87C35429BA4F882351B0CA4F8803570
:10940800439BA4F886351B0CA4F88435449BA4F828
:109418008A351B0CA4F88835459BA4F88E351B0C9F
:10942800A4F88C35469B479AA4F892351B0CA4F8EF
:109438009035130CA4F89435489BA4F89A351B0C66
:10944800A4F89835499BA4F89E351B0CA4F89C35C4
:109458004A9BA4F8A2351B0CA4F8A0354B9BA4F892
:10946800A6351B0CA4F8A4354C9BA4F8AA351B0CF4
:10947800A4F8A8354D9BA4F8AE351B0CA4F8AC3560
:109488004E9BA4F8B2351B0CA4F8B0354F9BA4F83A
:10949800B6351B0CA4F8B435509BA4F89625A4F84F
:1094A800BA351B0CA4F8B835519BA4F8BE351B0C73
:1094B800A4F8BC35529BA4F8C2351B0CA4F8C035DF
:1094C800539BA4F8C6351B0CA4F8C435549BA4F8C8
:1094D800CA351B0CA4F8C835559BA4F8CE351B0C0F
:1094E800A4F8CC35569B579AA4F8D2351B0CA4F88F
:1094F800D035130CA4F8D435589BA4F8DA351B0CD6
:10950800A4F8D835599BA4F8DE351B0CA4F8DC3533
:109518005A9BA4F8E2351B0CA4F8E0355B9BA4F831
:10952800D625A4F8E6351B0CA4F8E4355C9BA4F812
:10953800EA351B0CA4F8E8355D9BA4F8EE351B0C46
:10954800A4F8EC355E9BA4F8F2351B0CA4F8F035B2
:109558005F9BA4F8F6351B0CA4F8F435609BA4F8BF
:10956800FA351B0CA4F8F835619BA4F8FE351B0CE2
:10957800A4F8FC35629B639A6499A4F802361B0C24
:10958800A4F80036130CA4F804360B0CA4F808361B
:109598004FEA1B43A4F80626A4F80A16A4F80C36CA
:1095A800A4F80EB616E494F87031002B3FF4DAAB49
:1095B80005FA01F3A6F20C52B4F8601104EB42026A
:1095C8000B43A2F83C71A4F8603103E405FA02F3F6
:1095D800B4F8642104EB41011343A1F83871A4F8ED
:1095E8006431FFF7F7BB4CF2015297427FF4BAABF4
:1095F80094F87021002A3FF4B5ABB4F8601184F8F0
:10960800703140F2FF3291427FF4ACABD4F868215C
:10961800531C3FF4A7ABB4F84401B4F84631B4F88E
:10962800481143EA00436793B4F84A31B4F84C014F
:1096380043EA01436893B4F84E31B4F8501143EA51
:1096480000436993B4F8523143EA01439A427FF4E4
:1096580089AB67AD2846B4F85471B4F85661FCF785
:1096680017F900283FF47EAB2846FCF775F946EA5F
:10967800074686427FF476AB5A49842283A800F0D5
:10968800DDF9594964226AA800F0D8F99DED680A05
:10969800FCF7ECF807EE900AF8EEE77A9DED690A18
:1096A800CDED927AFCF7E2F807EE900AF8EEE77A49
:1096B8006AA983A8CDED907ACDED717AFCF7EEFF1B
:1096C80000283FF44FABEFF3108972B6BFF35F8FFA
:1096D80094F80080B8F1010F0AD1B4F8E4363BB928
:1096E800FAF754FD20B1FAF78BFD90F82870DFB334
:1096F800BFF35F8F89F31088FFF734BB40F2245320
:109708009E427FF42FAB4AF201539F427FF42AAB6B
:1097180094F87131002B3FF425ABB4F8622140F680
:10972800FF739A427FF41EABB4F864310F2B7FF4B9
:1097380019ABB4F85811B4F85A31D4F8682143EA8F
:10974800014393427FF40EABB4F85C11B4F85E3178
:10975800D4F86C2143EA014393427FF403AB01231D
:1097680084F87231FFF736BB95E80700D4F8683102
:1097780004F59C7C01338CE80700C4E95A3683A9B8
:10978800842204F5EC7000F059F96AA9642204F502
:10979800BA7000F053F96AA8FDF77EF8DDED677A34
:1097A800D4F86831C4F88806FDEEE77A013384F806
:1097B8009480C4F88436C4F86271C4ED1E7A84F8C3
:1097C80071812C22394604F5177000F00AF9BFF3AD
:1097D8005F8F89F31088AE992046FFF70DFAFFF7DF
:1097E800F9BA00BFF0A1000874A2000830B5044619
:1097F80083B0C0B1BBB1C9B1B2F5A86F24D2B2F57C
:10980800806F80F0A480B2F5C07F7CD2B2F5827FF1
:1098180000F0868040F203118A4200F08980A2F5A8
:109828008871312938D9002003B030BDA2F5007104
:10983800E12929D9A2F58072072AF4D8DFE802F0D5
:1098480049415855514D5F5B40F24B518A42EAD825
:10985800A2F5A865052D2AD9062D00F08780072DC9
:1098680000F08C80D0E95A12092D98BF0A46E90702
:1098780000D4120C92B21A80B4F862210123AB40D2
:109888001343A4F8623104E000EB4202B2F84C2022
:109898001A80012003B030BD5108883900EB8101DE
:1098A800D207D1F8741139D40A0C1A80F1E752089A
:1098B800A2F5287200EB8202E807D2F83821D9D441
:1098C800D7E70193FAF79CFC019B90F829201A80AE
:1098D800DFE74FF208121A80DBE7D0F884261A80F7
:1098E800D7E7B0F886261A80D3E7E2221A80D0E7B5
:1098F80032221A80CDE7D0F888261A80C9E7B0F856
:109908008A261A80C5E7B2F5E17F8CD25108C039A2
:1099180000EB8101D007D1F8D811C5D50A46C4E7B4
:10992800D0ED767AFCEEE77A17EE902A1A80B0E747
:10993800D0ED777AF5EE407AF1EE10FA05D090F88E
:10994800942012B1B0F87820AFE70022ADE740F2DA
:10995800C5418A423FF667AF51100C48A1F5007126
:10996800D40750F821109FD50A469EE790ED4F0A7C
:109978000193FBF77BFF019B82B27CE790ED500AD5
:109988000193FBF773FF019B82B274E764A00008A0
:1099980010B501390244904201D1002005E0037856
:1099A80011F8014FA34201D0181B10BD0130F2E796
:1099B800884210B501EB020402D98442234607D835
:1099C800431EA14207D011F8012B03F8012FF8E735
:1099D8000244824200D110BD13F8011D02F8011D96
:1099E800F7E702440346934200D1704703F8011B8E
:1099F800F9E7000070B50D4B0D4D5B1B9C10002660
:109A0800A64209D100F0A4FA0A4D0B4B5B1B9C102F
:109A18000026A64205D170BD55F8043B984701368B
:109A2800EEE755F8043B98470136F2E7E0A2000854
:109A3800E0A20008E0A20008E4A200080A4491425B
:109A480000F1FF3300D1704710B511F8014B03F84E
:109A5800014F9142F9D110BD08B52DED028BB0EE42
:109A6800408A00F087F8B4EE488AF1EE10FA06D67C
:109A7800DFED098AB4EEE88AF1EE10FA02D4BDEC03
:109A8800028B08BD00F0E2F888EEA80ABDEC028B54
:109A98002123036008BD00BF0000000008B52DEDBC
:109AA800028BF0EE408AB0EE608A00F047F820B9E9
:109AB800B0EE480ABDEC028B08BDB0EE480A00F0D3
:109AC8003DF858B1F4EEC88AF1EE10FAC8BFB0EE0E
:109AD800688AB0EE480ABDEC028B08BDB0EE688A11
:109AE800B0EE480ABDEC028B08BD00BF08B52DEDED
:109AF800028BF0EE408AB0EE608A00F01FF820B9C1
:109B0800B0EE480ABDEC028B08BDB0EE480A00F082
:109B180015F858B1F4EEC88AF1EE10FA48BFB0EE65
:109B2800688AB0EE480ABDEC028B08BDB0EE688AC0
:109B3800B0EE480ABDEC028B08BD00BF10EE103A2B
:109B480033F000400ED0A0F50003B3F1FE4F0DD363
:109B5800074B421E9A4207D9A0F1FF40B0FA80F0A5
:109B6800400970470220704703207047042070475F
:109B7800FEFF7F00B1EEC00A704700BF10EE102A4A
:109B8800C2F3C7537F3B162B22F000411BDC002B8E
:109B980010461EDB1A4919410A4223D0DFED197A13
:109BA80070EE277AF5EEC07AF1EE10FA1ADD002A87
:109BB80004DA4FF4000242FA03F3184420EA0103DE
:109BC80000EE103A7047B1F1FF4F0BD330EE000AA8
:109BD8007047DFED0C7A70EE277AF5EEC07AF1EE79
:109BE80010FA00DC7047002A02DB9FED070A704775
:109BF80011B99FED060A7047BFEE000AF2E700BFF1
:109C0800FFFF7F00CAF249710000000000000080D9
:109C180010EE103AC3F3C7527F3A162A19460BDCE6
:109C2800002A03F0004309DB074840FA02F20A4021
:109C3800134300EE103A7047802A02D000EE103A23
:109C4800704730EE000A7047000080FF014B18682B
:109C5800704700BF0C0000202DE9F047089D0F4613
:109C680004468C46002B48D18A42164661D9B2FA7E
:109C780082F34BB1C3F1200201FA03FC20FA02F28D
:109C88009E4042EA0C0C9C404FEA164EB7B2BCFB11
:109C9800FEF1220C0EFB11CC42EA0C4201FB07F04C
:109CA800904209D9B21801F1FF3C80F0EE80904251
:109CB80040F2EB8002393244121AA4B2B2FBFEF031
:109CC8000EFB102244EA024400FB07F7A74209D919
:109CD800341900F1FF3280F0DA80A74240F2D780D1
:109CE8003444023840EA0140E41B00211DB1DC4045
:109CF8000023C5E90043BDE8F0878B4206D90DB1C2
:109D0800C5E9000100210846BDE8F087B3FA83F1F0
:109D1800002948D1BB4202D3824200F20781841A4B
:109D280067EB030201209446002DE4D0C5E9004CFE
:109D3800E1E7002A00F09280B2FA82F3002B40F0AB
:109D4800A8808A1A4FEA164E1FFA86FC0121200CB9
:109D5800B2FBFEF70EFB172240EA02420CFB07F0AB
:109D6800904207D9B21807F1FF3802D2904200F2A8
:109D7800E2804746121AA4B2B2FBFEF00EFB102294
:109D880044EA02440CFB00FCA44507D9341900F14D
:109D9800FF3202D2A44500F2CB801046A4EB0C049B
:109DA80040EA0740A2E7C1F120068B4022FA06FCF0
:109DB8004CEA030C07FA01F420FA06F3F7404FEADD
:109DC8001C49234300FA01F81FFA8CFEB7FBF9F08F
:109DD8001C0C09FB107744EA074400FB0EF7A74266
:109DE80002FA01F20AD91CEB040400F1FF3A80F0F0
:109DF8009B80A74240F2988002386444E41B9FB2DB
:109E0800B4FBF9F309FB134447EA044403FB0EFED1
:109E1800A64509D91CEB040403F1FF3780F08280C2
:109E2800A6457FD9023B644443EA0040A4EB0E04F4
:109E3800A0FB02E7BC427346B94663D360D05DB16C
:109E4800B8EB030264EB090404FA06F622FA01F3FC
:109E58001E43CC40C5E9006400214CE7620848086D
:109E680042EAC1710B0C43EA00438AB242EA034258
:109E7800B3FBF6F1E407B4463746B6461F23B0FBFA
:109E8800F6F0D21B41EA004161E7614614E710464B
:109E980028E7C3F1200120FA01F29E4027FA01F1D8
:109EA8009F403A434FEA164E1FFA86FCB1FBFEF775
:109EB8000EFB1710110C41EA004107FB0CF888450E
:109EC80004FA03F43AD9711807F1FF3001D2884532
:109ED8001FD8A1EB0801B1FBFEF808FB0CF70EFB3D
:109EE800181192B242EA0142BA422FD2B21808F1CE
:109EF800FF31C6D2BA42C4D2A8F102013244C0E747
:109F0800F0459CD2BEEB020367EB0C070138B9465B
:109F180095E7A6EB08084144B81EB1FBFEF808FB1C
:109F28000CF7DCE73B467FE7504667E70846FBE669
:109F38003444023832E7023F32441BE7A1EB080100
:109F48003846B1FBFEF808FB0CF7C8E7414698E72E
:109F5800F8B500BFF8BC08BC9E467047F8B500BF0E
:089F6800F8BC08BC9E467047DE
:109F700000000000010203040000000000000000D7
:109F80000102030406070809130100001400000081
:109F9000050000000A000000C800000032000000B8
:109FA000FA0000001027000014000000320000003A
:109FB000102700000A00000028000000881300009D
:109FC0000A000000280000003075000001010000B8
:109FD0004501000008F100000A015346010000009D
:109FE000B80B0000B80B00008813000080250000AB
:109FF00064000000FA000000FA0000007D0000008C
:10A000008200000000000000640000000100000069
:10A01000010000008025000060090000040000002D
:10A02000030000000100000001000000B80B000068
:10A03000280000000A000000F000000001000000FD
:10A04000020000000400000004000000881300006B
:10A05000881300001E00000002000000190000002C
:10A06000020000000000A04100000000000000000D
:10A07000000000000080A2430000803F00000000BC
:10A080000000000000000000008089430080A2431F
:10A09000000000000000A041000016450000C8427A
:10A0A00000009645000000000000000000000000D5
:10A0B00000000000000000000000000000000000A0
:10A0C0000000FA430000004000409C4500000000F2
:10A0D0000000000000000000000000000000000080
:10A0E00000000000000000000000F041000000003F
:10A0F00000000000000000000080A2430000803F3C
:10A100000000000000000000000000000080894303
:10A110000080A243000000000000A041000016459E
:10A120000000C8420000E1450000000000000000FF
:10A13000000000000000000000000000000000001F
:10A14000000000000000FA430000004000409C4571
:10A1500000000000000000000000000000000000FF
:10A16000000000000000000000000000000020428D
:10A170000000000000000000000000000080A2437A
:10A180000000803F00000000000000000000000010
:10A19000008089430080A243000000000000A0412D
:10A1A000000016450000C8420000164600000000EE
:10A1B000000000000000000000000000000000009F
:10A1C00000000000000000000000FA430000004012
:10A1D00000409C450000000000000000000000005E
:10A1E000000000000000000000000000000000006F
:10A1F0000000A0400000004000000000000000003F
:10A2000000803B450000803F00000000000000008F
:10A210000000000000803B4500803B45000000003E
:10A220000000A041000000000000C8420000000043
:10A2300000008040000080400000F04100409C454C
:10A2400000409C4500409C4500409C450000FA436E
:10A250000000004000409C450000803F000040405E
:10A260000000803F0000004000409C45000000408E
:10A270000000C84100002041000000000000000074
:10A280000AD7A33C0000484300007A4400007A4407
:10A29000000000000000C84200007AC400007A44B8
:10A2A0000000A040000000000000A0400000FA42B2
:10A2B0000000A041000002430000A0400000204137
:10A2C00000409C4500409C450000484200409C45A1
:08A2D000000000400000FA4309
:08A2D80088F9FF7F010000007E
:04A2E000350200083B
:04A2E4000D0200085F
:10A2E8008096980001000000100000001000002077
:10A2F80000000000000B0020680B0020D00B00209D
:10A308000000000000000000000000000000000045
:10A318000000000000000000000000000000000035
:10A328000000000000000000000000000000000025
:0CA3380000000000000000000000000019
:040000050800025994
:00000001FF
