:020000040800F2
:10000000000002205902000899030008A903000813
:10001000B1030008B9030008C10300080000000094
:10002000000000000000000000000000C9030008FC
:10003000CD03000800000000D1030008D50300082C
:10004000A9020008A9020008A9020008A9020008E4
:10005000A9020008A9020008A9020008A9020008D4
:10006000A9020008A9020008A9020008A9020008C4
:10007000A9020008A9020008A9020008A9020008B4
:10008000A9020008A9020008A90200080000000057
:10009000000000000000000000000000A9020008AD
:1000A000A9020008A9020008A9020008A902000884
:1000B000A9020008A9020008A9020008A902000874
:1000C000A9020008A9020008A9020008A902000864
:1000D000A9020008A9020008E103000800000000CE
:1000E000A9020008A9020008A902000800000000F7
:1000F000000000000000000000000000A90200084D
:1001000000000000A9020008D9030008A9020008A5
:1001100000000000000000000000000000000000DF
:10012000A9020008A9020008A9020008A902000803
:10013000A90200080000000000000000000000000C
:10014000000000000000000000000000A9020008FC
:10015000A9020008A9020008A9020008DD0300089E
:10016000A9020008A9020008000000000000000029
:10017000000000000000000000000000000000007F
:1001800000000000A90200080000000000000000BC
:08019000A9020008A902000801
:1001980053B94AB9002908BF00281CBF4FF0FF31E6
:1001A8004FF0FF3000F00CB8ADF1080C6DE904CE4B
:1001B80009F01CFDDDF804E0DDE9022304B0704716
:1001C800704700BF0348044B834202D0034B03B17E
:1001D800184770475C0000205C0000200000000009
:1001E8000548064B1B1AD90F01EBA301491002D091
:1001F800034B03B1184770475C0000205C000020E7
:100208000000000010B5064C237843B9FFF7DAFF69
:10021800044B13B10448AFF300800123237010BDD1
:100228006000002000000000EC9E000808B5054BA7
:100238001BB105490548AFF30080BDE80840FFF74A
:10024800CFBF00BF0000000064000020EC9E000843
:10025800DFF834D000F0DCF80C480D490D4A0023D3
:1002680002E0D458C4500433C4188C42F9D30A4A63
:100278000A4C002301E013600432A242FBD309F0C8
:1002880083FB00F00FF870470000022000000020F8
:100298005C0000207CA2000860000020400C0020C8
:1002A800FEE7000030B591B001F07CFC00F026F9C3
:1002B800042302221946602000F0B4F820B901F0A6
:1002C800D7FB03F0B7FC08B101F0D4FB00F038F914
:1002D8002D4902462D4801F0D9FB2C4801F060FC5D
:1002E800054601F07FFD0028EED04FF47A7000F04B
:1002F8002DF901F0F5FD0028E6D0284601F0DCFED6
:100308000028E1D000F01CF9012102461F4801F045
:10031800CFFB002DD8D02B78012BD5D115E01B4869
:10032800214601F01DFC03F0C7FE28BB01F056FF73
:10033800204601F08FFF10B9204601F091FF1348C5
:10034800214601F029FC01F0A1FF00F0F9F804466C
:1003580001F044FF00F0F4F801F07CFF684601F07A
:10036800F3FD0028DBD000F0EBF8694604460246AE
:10037800064801F0A1FBD2E723460A2206212846B7
:1003880007F084FAD2E700BF1C9F00088000002015
:1003980008B501F0C5FCBFF34F8F30BFFBE700BFC6
:1003A80008B5FFF7F5FF00BF08B5FFF7F1FF00BF7D
:1003B80008B5FFF7EDFF00BF08B5FFF7E9FF00BF7D
:1003C800704700BF704700BF704700BF00F0ACB86F
:1003D80003F020BA01F0B2BD01F0FABE10B5044630
:1003E80001F0D4FD00B110BD2046BDE8104001F079
:1003F80053BF00BF01F074BF10B5044601F0F4FD0F
:1004080000B110BD2046BDE8104001F093BF00BF09
:10041800034AD2F8883043F47003C2F88830704732
:1004280000ED00E0F0B595B01F4D204C0027019776
:100438002E6C46F080562E642D6C05F08055019583
:10044800019D0297256845F4404525602468119070
:1004580004F4404402944FF480350124CDE9084562
:1004680008A802244FF48005CDE90E45CDE91223F2
:10047800029C109100F006FA10B1012015B0F0BDF1
:1004880003460F240220CDE903404FF48052032194
:1004980003A8CDE90532079300F00EFCC01B18BF76
:1004A800012015B0F0BD00BF0038024000700040C8
:1004B800704700BF38B50E4A0E4B127805461868CB
:1004C8004FF47A73B3FBF2F3B0FBF3F000F0BEF82D
:1004D80008B90F2D01D9012038BD04460246294626
:1004E8004FF0FF3000F056F8034B20461D6038BD32
:1004F80004000020000000200800002008B5094B77
:100508001A6842F400721A601A6842F480621A602B
:10051800032000F02DF80F20FFF7CCFFFFF7C8FFEE
:10052800002008BD003C0240034A044B11681B78B8
:100538000B441360704700BF7807002004000020B8
:10054800014B1868704700BF7807002038B504468B
:10055800FFF7F6FF631C054602D0044B1B781C44CA
:10056800FFF7EEFF401BA042FAD338BD040000207D
:100578000749CA6803024FF6FF0003F4E06302402C
:10058800134343F0BF6343F40033CB60704700BFAD
:1005980000ED00E01B4BDB68C3F3022300B5C3F199
:1005A800070EBEF1040F03F1040C28BF4FF0040E30
:1005B800BCF1060F1CD9A3F1030C4FF0FF3303FA6B
:1005C8000CF322EA03024FF0FF3303FA0EF321EA99
:1005D800030303FA0CF313431B010028DBB20ADB05
:1005E80000F1604000F5614080F800335DF804FBDD
:1005F80000229446E7E7044A00F00F00024413760D
:100608005DF804FB00ED00E0FCEC00E0002807DBEF
:10061800044A4109012300F01F00834042F82130B9
:10062800704700BF00E100E000280CDB43090649E1
:1006380000F01F0020330122824041F82320BFF33D
:100648004F8FBFF36F8F704700E100E00138B0F1C2
:10065800807F01D30120704710B44FF0E023074C8E
:1006680058614FF0F00C84F823C00022072110468F
:100678009A615DF8044B1961704700BF00ED00E016
:10068800002808DB4309044900F01F0001226033F9
:10069800824041F82320704700E100E02DE9F04F47
:1006A80000230C68DFF8C8A185B04FF0010B89461C
:1006B80003E00133102B00F087800BFA03F202EA03
:1006C8000408A243F5D1D9F8041001F0030C5A002C
:1006D80003250CF1FF379540012F6FEA050576D900
:1006E800BCF1030F08D0C76807EA050ED9F80870EF
:1006F800974047EA0E07C76007680CFA02F23D40C8
:100708002A4311F4403F0260D3D000220392DAF862
:10071800442042F48042CAF84420DAF8442002F423
:1007280080420392039A23F0030202F1804203F00D
:1007380003070F2602F59C32BF0006FA07FC494E54
:100748009568B04225EA0C0515D006F58066B042DA
:1007580075D0454EB04278D0DFF818C160457AD0E0
:10076800DFF814C160450CBF4FF0040C4FF0070CC4
:100778000CFA07F73D4395603C4A9268CE026FEA4F
:1007880008053A4E54BF2A4048EA0202B260F268AD
:10079800364E8F0254BF2A4048EA0202F26072685D
:1007A8008E03324E54BF2A4048EA02027260326811
:1007B800C90303F101032D4954BF2A4048EA020244
:1007C800102B0A607FF479AF05B0BDE8F08F876819
:1007D80007EA050ED9F80C70974047EA0E078760BC
:1007E800476827EA080EC1F300179F4047EA0E073B
:1007F8004760C76807EA050ED9F80870974047EAC6
:100808000E07BCF1020FC7607FF476AFDF0800EB7C
:10081800870700973E6AD9F81070019603F0070E13
:100828004FEA8E0E0F2607FA0EF706FA0EFE019E05
:1008380026EA0E0E009E47EA0E0737625CE74FF085
:10084800010C0CFA07F73D4395E74FF0020C0CFA40
:1008580007F73D438FE74FF0030C0CFA07F73D43CA
:1008680089E700BF0000024000080240003C014048
:1008780000380240000C02400010024002B909048E
:1008880081617047002800F06A812DE9F041036812
:10089800DD0782B004462FD59F498A6802F00C0212
:1008A800042A00F0EF808A6802F00C02082A00F09F
:1008B800E5806368B3F5803F00F0EE80B3F5A02FC4
:1008C80000F07981944D2A6822F480322A602A68DF
:1008D80022F480222A60002B40F0E380FFF730FEEC
:1008E800064605E0FFF72CFE801B642800F2038112
:1008F8002B689F03F6D423689D0728D5864A9168FC
:1009080011F00C0F00F09280916801F00C01082999
:1009180000F08880E368002B00F010817F4B7E4E4A
:1009280001221A60FFF70CFE054605E0FFF708FEF6
:10093800401B022800F2DF8033689F07F6D5336832
:10094800226923F0F80343EAC203336023681A07D5
:1009580053D45D0730D5704A136C13F0805300F000
:10096800818000256E4E3368D80540F1B480A368B5
:10097800012B00F0C480052B00F02D81664E326FEC
:1009880022F001023267326F22F004023267002B34
:1009980040F0BA80FFF7D4FD41F28838074605E0F9
:1009A800FFF7CEFDC01B404500F2A580336F9B07C3
:1009B800F6D4002D40F00981A369D3B1564DAA6839
:1009C80002F00C02082A00F0CC80022B534B4FF0A7
:1009D80000021A6600F00981FFF7B2FD044605E03F
:1009E800FFF7AEFD001B022800F285802B689B01F3
:1009F800F6D4002002B0BDE8F08163690BB3474B21
:100A0800454E0122C3F8802EFFF79AFD054604E003
:100A1800FFF796FD401B02286DD8736F9B07F7D52B
:100A2800236896E7526851023FF574AF3A4A126854
:100A3800920744D5E268012A41D0012002B0BDE8FE
:100A4800F081364A344EC2F8803EFFF779FD0546FC
:100A580004E0FFF775FD401B02284CD8736F9F0711
:100A6800F7D4DDE70193136C43F080531364136CE0
:100A780003F080530193019B012573E74A685102F3
:100A88007FF517AF244A126892037FF535AF626885
:100A9800002A7FF431AFD0E71F4A136843F480334C
:100AA8001360FFF74DFD1C4E054604E0FFF748FDB7
:100AB800401B64281FD833689B03F7D51BE71649EA
:100AC80020690A6822F0F80242EAC0020A601A079E
:100AD8007FF53FAF91E7336843F480733360FFF7E6
:100AE8002FFD07463368D9053FF541AFFFF728FDCD
:100AF800C01B0228F6D9032002B0BDE8F081064ADF
:100B0800136F43F001031367FFF71AFD024F064600
:100B180041F288380BE000BF00380240000047422D
:100B280000700040FFF70CFD801B4045E3D83B6F89
:100B38009A07F7D5002D3FF43FAF46E0424A434EAF
:100B48001360FFF7FDFC054604E0FFF7F9FC401BC6
:100B58000228D0D833689907F7D42368F7E601202C
:100B68007047012B3FF469AF6B68E26903F48001B9
:100B780091427FF462AF226A03F03F0191427FF411
:100B88005CAF616A47F6C0721A40B2EB811F7FF40E
:100B980054AFA26A520803F44031013AB1EB024F54
:100BA8007FF44BAFE26A03F07063B3EB026F14BFDC
:100BB800012000201EE7254B1A6842F480221A60A3
:100BC8001A6842F480321A606BE7204A136C23F0EB
:100BD80080531364F0E61D4B1A6F42F004021A6743
:100BE8001A6F42F001021A678EE7FFF7A9FC064662
:100BF80005E0FFF7A5FC801B02283FF67CAF2B68B9
:100C08009901F6D4D4E90731626A0B4343EA8213A7
:100C1800D4E90A2052080C4943EA0063013A43EA3E
:100C2800024301226B600A66FFF78AFC074D0446FF
:100C380005E0FFF785FC001B02283FF65CAF2B6838
:100C48009A01F6D5D5E600BF0000474200380240B9
:100C5800164908B58B6803F00C03042B1BD0082B2E
:100C680001D0134808BD4A684B68496813F48003EB
:100C780002F03F0211D10E48C1F38811A1FB000117
:100C8800FFF786FA094B5B68C3F3014301335B0046
:100C9800B0FBF3F008BD074808BD0648C1F388114A
:100CA8000023A1FB0001FFF773FAEBE700380240CD
:100CB8000024F40000127A00002800F08780484AD7
:100CC800136803F007038B422DE9F0410D460446F3
:100CD80009D2CBB21370136803F007038B4202D01A
:100CE8000120BDE8F0812368980714D5590704D579
:100CF8003C498A6842F4E0528A601A0704D53949A7
:100D08008A6842F460428A603649A0688A6822F09C
:100D1800F00202438A60DF0721D56268012A57D0B2
:100D2800931E012B2F4B1B684DD99907D8D52D4EF3
:100D3800B36823F003031343B360FFF701FC41F2E8
:100D48008838074604E0FFF7FBFBC01B404544D842
:100D5800B368626803F00C03B3EB820FF3D1204A47
:100D6800136803F00703AB4206D9EBB2137013689C
:100D780003F00703AB42B3D123685A0706D51949D4
:100D8800E0688A6822F4E05202438A601B0707D5AC
:100D9800144A2169936823F4604343EAC1039360CA
:100DA800FFF756FF0F4A104C92681049C2F303121E
:100DB8000346A25C0E48D34000680B60FFF77AFB3D
:100DC8000020BDE8F0819801B1D489E7012070477F
:100DD800044B1B689E03AAD482E7032081E700BF67
:100DE800003C0240003802400C9F00080000002030
:100DF80008000020044B05499B68054A0868C3F3AE
:100E08008223D35CD840704700380240000000209D
:100E1800049F0008044B05499B68054A0868C3F30A
:100E28004233D35CD84070470038024000000020AD
:100E3800049F0008026802F10C0353E8003F23F402
:100E4800907302F10C0C4CE800310029F3D102F147
:100E5800140353E8003F23F0010302F1140C4CE89B
:100E680000310029F3D1036B012B05D02022002388
:100E780080F842200363704702F10C0353E8003FF7
:100E880023F0100302F10C0C4CE800310029F3D1D7
:100E9800ECE700BF0268116938B50446C068A3686A
:100EA80021F4405101432069116103436069D1680D
:100EB8000343E06921F4164121F00C0103430B437D
:100EC800D3605369A069234923F4407303438A42DA
:100ED800536105D0204B9A4202D0FFF78BFF01E007
:100EE800FFF798FFE2691921B2F5004FD4E90053E2
:100EF800A0FB010113D09A009B0FFFF749F9174A8D
:100F0800A2FB00135B09642101FB130000013230CE
:100F1800A2FB00201B0103EB5013AB6038BDDA18AD
:100F28004FF000035B41FFF733F90C4AA2FB003195
:100F38004909642303FB1103DB003233A2FB0323BB
:100F4800C3F342121B0902EB011203F4F8731344B2
:100F5800AB6038BD00100140001401401F85EB5103
:100F6800704700BF70B310B590F84130044603F0E5
:100F7800FF0213B32268242384F84130D36823F492
:100F880000532046D360FFF785FF2368196921F4D1
:100F980090411961596921F02A015961D9680022E3
:100FA8004FF0200C41F40051D960626484F841C0CC
:100FB80084F842C01046626310BD80F84020FFF7F5
:100FC800CFFFD7E701207047704700BFB8B102686C
:100FD800242310B580F84130D36823F40053044625
:100FE800D360FFF7F1FF0023636484F8403084F88E
:100FF800413084F8423018462363636310BD0120F2
:10100800704700BF90F84130202B15D101B10AB9C3
:101018000120704710B40023046801622121C284B2
:10102800436480F84110E168828441F08001E16006
:1010380018465DF8044B70470220704790F842301C
:10104800202B03D101B11AB9012070470220704743
:1010580010B4046981620023222103638285C2855A
:101068004364036880F842101CB1DA6842F4807265
:10107800DA605A695DF8044B42F001025A61DA6895
:1010880042F020020020DA60704700BF036810B504
:10109800044603F10C0252E8002F22F4907203F187
:1010A8000C0040E800210029F3D103F1140252E8B2
:1010B800002F22F0010203F1140040E8002100296A
:1010C800F3D1226B012A28D05A69520607D400238B
:1010D8002022E38584F842201846236310BD03F1DB
:1010E800140252E8002F22F0400203F1140040E8F5
:1010F80000210029F3D1E06B0028E8D00023036524
:1011080000F058FC0028E2D0E06B00F0AFFC20288B
:10111800DDD110236364032010BD03F10C0252E8F3
:10112800002F22F0100203F10C0040E800210029F2
:10113800F3D1C9E708B5806B0023C385FFF75CF9D5
:1011480008BD00BF704700BF90F84230222B49D13C
:1011580083680168826AB3F5805F44D0002B4BD165
:101168000369002B48D14B68DBB21370826A0132E5
:10117800C38D8262013B9BB2C385002B32D100B57F
:101188000268D16821F0200183B0D160D16821F4D0
:101198008071D16051694FF0200C21F0010151613B
:1011A80080F842C04363016B012929D1036302F12E
:1011B8000C0353E8003F23F0100302F10C0C4CE839
:1011C80000310029F3D11368DB0605D501911368B6
:1011D800019353680193019B818DFFF7B3FF03B01F
:1011E8005DF804FB70470369002BBCD14B68C3F35F
:1011F800080322F8023BBBE74B6803F07F03B4E720
:10120800FFF7ECF803B05DF804FB00BF70B50568A4
:101218002B68EE68696913F00F0F82B004462A46FE
:1012280013D19D0602D5B10600F1E080216B01299A
:101238003DD0180602D5310600F1AE805B0602D516
:10124800750600F1C88002B070BD11F0010140F0D0
:101258008D8016F4907FE9D0DA070BD5F00540F1C0
:101268005381626C580742F00102626440F1CD80FC
:1012780000297FD1980740F1CA80190700F103813E
:10128800626C002ADFD09A0602D5B30600F14081CD
:101298006B69626C03F0400302F0080253EA02062D
:1012A800204640F0C080FFF7A7F86664CBE7D80671
:1012B800BFD5F106BDD50023019313680193536888
:1012C8000193019B5169A38D4D0640F1E380E06BCA
:1012D8000168496889B2002900F01F81994280F0AD
:1012E8001C81E185C169B1F5807F36D002F10C031C
:1012F80053E8003F23F4807302F10C0545E8003100
:101308000029F3D102F1140353E8003F23F001034D
:1013180002F1140545E800310029F3D102F1140364
:1013280053E8003F23F0400302F1140545E800317B
:101338000029F3D1202384F84230216302F10C0301
:1013480053E8003F23F0100302F10C0545E8003193
:101358000029F3D100F02EFBA38D02226263E18DF8
:10136800591A204689B2FFF7EDFE6CE7DA0747D431
:10137800580740D5626C990742F0020262643CD576
:10138800626C42F0040262641A077FF579AF626CFE
:1013980042F00802626473E794F84130212B7FF42D
:1013A80052AFA168236AB1F5805F00F0BF80591C75
:1013B80021621B785360E38C013B9BB2E384002BD2
:1013C8007FF441AFD36823F08003D360D36843F040
:1013D8004003D36037E7D368202123F04003D3606C
:1013E800204684F84110FFF705F82CE702B0BDE865
:1013F8007040FFF7A9BE9907C2D41A07C7D43FE7C0
:10140800F0053FF52EAF5A07B4D498073ED4180715
:101418007FF536AF06F020020A43B8D1636C002B83
:101428007FF436AF0FE7FFF705FD6B695E0626D53B
:1014380005F1140353E8003F23F0400305F11401BC
:1014480041E8003262B1226802F1140353E8003F18
:1014580023F0400302F1140040E800310029F3D1E1
:10146800E06B60B1374B036500F0EEFA00283FF4FB
:10147800EAAEE06B036D02B0BDE870401847204645
:10148800FEF7BAFFDFE6B20681D4C7E700293FF4CA
:10149800F4AE75E7E08DE18D89B280B200293FF4A2
:1014A800D2AE1B1A99B200293FF4CDAE02F10C035B
:1014B80053E8003F23F4907302F10C0545E800302F
:1014C8000028F3D102F1140353E8003F23F001038D
:1014D80002F1140545E800300028F3D1202384F8F0
:1014E8004230206302F10C0353E8003F23F010035D
:1014F80002F10C0545E800300028F3D102236363AC
:101508002046FFF71FFE9EE65A073FF5B3AE7CE77D
:101518002046FFF719FE2568BAE699427FF493AE94
:10152800C369B3F5807F7FF48EAEE7E721690029B0
:101538007FF43DAF33F8021BC1F308015160236209
:1015480039E700BF3D110008036A026A22F0010270
:1015580070B40262446882690D6822F073022A43FB
:101568008D6823F002032B430B4DA84206D049682F
:101578004460826170BC416303627047CD6823F0A8
:1015880008032B43D1E9055624F44074354323F06E
:1015980004032C43EBE700BF00000140036A026A22
:1015A80022F4807270B402624468C2690D6822F045
:1015B80073022A438D6823F4007343EA05230C4D14
:1015C800A84206D049684460C26170BCC163036226
:1015D8007047CD6823F4006343EA0523D1E9055633
:1015E80024F44054354323F4806344EA0514E9E7BE
:1015F80000000140036A026A22F4805230B4026299
:101608004468C2690D6822F4E64242EA05228D6800
:1016180023F4005343EA0533074DA84206D049682E
:101628004460C26130BC0164036270474D6924F4B0
:10163800804444EA8514F2E70000014091BB90F829
:101648003E30012B3AD1022380F83E30036801F086
:101658001F01186A01228A4020EA02001862186AEB
:10166800224902438B421A6232D0B3F1804F0ED026
:101678001F4A93420BD002F58062934207D002F5CD
:101688008062934203D002F59A32934204D19A6859
:1016980002F00702062A03D01A6842F001021A6013
:1016A8000020704704290BD0082916D090F8413043
:1016B800012B03D1022380F84130C7E7012070478E
:1016C80090F83F30012BF9D1022380F83F30BDE775
:1016D8005A6C42F400425A64D9E790F84030012B22
:1016E800ECD1022380F84030B0E700BF0000014091
:1016F80000040040036810B41A6A01F01F044FF098
:10170800010C0CFA04FC22EA0C021A621E4A1C6A3A
:101718001C62934222D01C6A41F21112144204D175
:101728001C6A40F24442144213D0012329B980F8BC
:101738003E305DF8044B0020704704291DD008296D
:101748000CBF80F8403080F841305DF8044B002031
:1017580070471A6822F001021A60E6E71C6A41F233
:1017680011121442D7D11C6A40F244421442D2D119
:101778005A6C22F400425A64CDE780F83F305DF895
:10178800044B0020704700BF00000140704700BFB5
:10179800FFF754BFFFF7AEBF70B4264E4A6903681F
:1017A8008D680C68B04235D0B0F1804F1CD0A6F5DA
:1017B8007C46B04218D006F58066B04214D006F5D3
:1017C8008066B04210D01C4EB04211D006F580663B
:1017D800B0420DD006F58066B04209D023F08003F0
:1017E800C5621A4384620CE04E6823F070033343E9
:1017F800C968C56223F440730B4323F080031A437E
:1018080084620368012143F00403036070BC4161F2
:10181800026070474E6823F070033343CE68C56298
:1018280023F44073846233430969016323F080031E
:101838001A43E6E7000001400040014050B310B5EC
:1018480090F83D30044603F0FF02F3B1214602232D
:1018580084F83D3051F8040BFFF79EFF012384F80C
:10186800463084F83E3084F83F3084F8403084F8BD
:10187800413084F8423084F8433084F8443084F8A6
:10188800453084F83D30002010BD80F83C20FFF73B
:101898007DFFDBE701207047036A026A22F010022D
:1018A80070B40262446882690D6822F4E64242EA32
:1018B80005228D6823F0200343EA05130C4DA84246
:1018C80006D049684460826170BC816303627047D6
:1018D800CD6823F0800343EA0513D1E9055624F4C3
:1018E8004064354323F0400344EA8504E9E700BF38
:1018F8000000014038B590F83C30012B57D0012347
:1019080004460D4680F83C300C2A08D8DFE802F07F
:101918001E0707072E0707073F0707070C000120C8
:10192800002384F83C3038BD0068FFF763FEC369C4
:101938002A6943F40063C361C36923F48063C36104
:10194800C36943EA0223C3610020E9E70068FFF79F
:10195800FBFD83692A6943F008038361836923F0E7
:1019680004038361836913438361EDE70068FFF72C
:1019780093FF83692A6943F400638361836923F4CD
:1019880080638361836943EA02238361DCE700683B
:10199800FFF704FEC3692A6943F00803C361C369FA
:1019A80023F00403C361C3691343C361CCE7022076
:1019B80038BD00BF70B50446866DFEF7C1FD94F8CA
:1019C8003530022B06D080236365002384F8343039
:1019D800012070BD23681A6822F016021A605A693D
:1019E80022F080025A61226C054642B31A6822F03E
:1019F80008021A601A6822F001021A6005E0FEF770
:101A08009FFD431B052B10D823681B6813F00103A7
:101A1800F5D1E16D3F228A40184601210023B260CA
:101A280084F8351084F8343070BD032320226265B1
:101A3800184684F83530002384F8343070BDA26C21
:101A4800002AD3D1D6E700BF90F83530022B03D057
:101A580080234365012070470268052380F83530EC
:101A6800136823F00103002013607047406D70472E
:101A780000F0F8B808B500F093F930BFFDE700BFF3
:101A880011B10860012070470846704778B170B5F9
:101A98000D46164604464FF4DF62002107F06BFF3F
:101AA800324629462046BDE8704005F0F3BE70472F
:101AB80008B105F039BF70472DE9F04188B00646F6
:101AC80017460C4620220021684607F054FF002ED6
:101AD80041D0002C3FD096F8EB06D4E90423A0B3FC
:101AE800D6F8F006D6F8F416994208BF904206F5E3
:101AF800DE6830D0CDE90023D4E90D212346C6E9BC
:101B0800C42133F8022BD4F8020003920490104643
:101B1800A269029201259A889B79ADF8142006A93A
:101B28008DF816308DF81C50FFF7AAFF3A468DF84D
:101B38001D003046D4E904676946C8E9006705F026
:101B4800F5FF284608B0BDE8F08152EA0301F9D054
:101B580006F5DE68CEE7002008B0BDE8F08100BFDA
:101B6800C0B170B50D46044605F02CFF284602F0BA
:101B780047F928B929462046BDE8704006F0C2BF9B
:101B880002F0D6F82B4620460A22BDE8704006210E
:101B980005F07CBE704700BF08B106F0F7BF70477C
:101BA800704700BF1C4A1D4B116B41F0020182B007
:101BB8001163116B01914FF4C02001999861D968A4
:101BC800174821F03C0141F02801D960596821F0FB
:101BD80006015960196821F03C0141F014011960AF
:101BE800136C43F003031364136C01934FF0804CA0
:101BF8000021019BCCF83C10C163DCF8203023F4B1
:101C08008073CCF82030036A23F480730362BFF337
:101C18004F8F02B0704700BF0038024000040240F6
:101C28000004004010B59AB004464422002109A8D7
:101C380007F0A1FE002341F2BF21602208A8CDE9E8
:101C48000333CDE9053302930B910192079308946E
:101C5800FFF7F4FD082201A908A8FFF74BFE1AB008
:101C680010BD00BF70B58AB02A4B002401941A6BCE
:101C780042F002021A631A6B02F002020192019A00
:101C880002941A6C42F001021A641A6C02F0010202
:101C98000292029A03941A6C42F002021A641B6CB4
:101CA80003F002030393039B00F03AF81A490894DF
:101CB8004FF4C0228A6102250623012604A916488A
:101CC8000493CDE905650795FEF7E8FC04A94FF4F0
:101CD8008062022310480896CDE90423CDE9064521
:101CE800FEF7DCFC0122022304A90B480694CDE987
:101CF8000423CDE90755FEF7D1FC4FF08040FFF7EC
:101D080091FF0648FFF78EFF0AB0BDE8704000F06B
:101D180047B800BF003802400004024000040040F9
:101D28001C4A1D4B116B41F0020182B01163116B0B
:101D380001914FF4C02001999861D968174821F0A2
:101D48003C0141F02801D960596821F00601596029
:101D5800196821F03C0141F014011960136C43F03B
:101D680003031364136C01934FF0804C0021019B13
:101D7800CCF83C10C163DCF8203023F48073CCF835
:101D88002030036A23F480730362BFF34F8F02B0DD
:101D9800704700BF003802400004024000040040C1
:101DA800FFF7BEBF08B568B90B490C480122FFF719
:101DB80045F908B9012008BD094AD3690133002053
:101DC800D36108BD0548FFF761F90028ECD0044A43
:101DD800936901339361E7E7F807002000080020C2
:101DE8007C070020F0B5282287B000213548364D01
:101DF800002407F0C0FD354800F0C6FACDE90144DB
:101E0800CDE90344009405942B6B314843F0040357
:101E18002B632B6B03F00403224600934FF480716D
:101E28000227009B0126FEF729FD4FF480732848FE
:101E3800039401A9CDE901360497FEF72FFCC023CE
:101E48002348019301A908230593CDE90347029785
:101E5800FEF724FC01946B6C43F020036B646B6CFD
:101E680003F020030193019A1A4A1B4B13604FF4A5
:101E7800E133536010460C23C2E90244C2E904432B
:101E8800C2E90644FFF76EF810B1002007B0F0BDB4
:101E9800024605214720FEF77DFB4720FEF7B6FBEB
:101EA8000E490C483246FFF7C9F810B9304607B05A
:101EB800F0BD044AD36947203344D361FEF7B4FB2D
:101EC800E3E700BF7C07002000380240A807002095
:101ED800000802400008002000140140F807002014
:101EE80008B54720FEF7A0FB1048FFF7CFF80F48CA
:101EF800FFF76CF808B1002008BD0C48FFF732F86E
:101F08000028F8D10A4800F03FFA4720FEF77EFB88
:101F1800084906480122FFF791F808B9012008BDD1
:101F2800054AD3690133D361E5E700BF0008002003
:101F3800A8070020F80700207C0700200148FFF7C9
:101F480065B900BF0008002038B50446D0B1EFF3EA
:101F5800108572B60C4800F0ABFA8646BEE80F0052
:101F6800A446ACE80F00BEE80F00ACE80F00BEE8DE
:101F78000F00ACE80F009EE80F008CE80F0005B9D1
:101F880062B6012038BD00BFA807002028B1114B58
:101F980002689A4202D000207047704710B50E4C74
:101FA800236801332360FEF7CBFA0C49034601226C
:101FB8000B4800F0EFF909490A480122FFF73EF8FB
:101FC80008B9012010BDE36901200344E361FFF76C
:101FD800E9FEF6E7001401407C070020F80700201E
:101FE800A80700200008002028B1174B02689A4271
:101FF80002D000207047704710B5144B446C5A68E3
:1020080090F842101C6201325A60426C5962120701
:1020180002D59A6801329A60426C540702D5DA6890
:102028000132DA60426C910702D51A6901321A61ED
:10203800426CD20702D55A6901325A610120FFF772
:10204800B1FE012010BD00BF001401407C07002034
:10205800B0B170B50D4649B116464FF6FE73013A58
:102068009A4203D80446FFF711F808B1002070BD62
:10207800B2B229462046FEF7C5FF18B9012070BD47
:1020880000207047054906480122FEF7D7FFB0FA3D
:1020980080F14909034800F0C7FEE7E788090020F6
:1020A80090090020480800200A4602480221FEF74D
:1020B800E5BB00BF0000024000286ED02DE9F041CA
:1020C800014688B03848394E002400F0C5FB38482E
:1020D80000F050FECDE90344CDE90544029407948D
:1020E800336B344843F001033363336B03F001036C
:1020F8002246029302210225029B0127FEF7BEFB1E
:102108002C4803A9CDE90357CDE905454FF00C0844
:10211800FEF7C4FA07232748049503A90695264D18
:1021280007930594CDF80C80FEF7B8FA234B244AA0
:102138001D492448009500F0B5FDC5E90244C5E9EC
:1021480006440394C5F814802C61336C1E4A43F48A
:1021580000333364336C03F40033039328464FF49D
:10216800E133C5E900230399FEF7FCFE18B100200E
:1021780008B0BDE8F081024605212620FEF70AFADC
:102188002620FEF743FA11493A462846FEF756FF3D
:1021980028B9384608B0BDE8F081002070472620ED
:1021A800FEF742FAE3E700BFB40800200038024017
:1021B800480800200000024090090020592000082B
:1021C800B1200008A0080020004400408809002031
:1021D8000148FFF71BB800BF9009002070B5194BE4
:1021E80090B026205E68FEF71FFABFF35F8F3F228C
:1021F8006946154800F0ECFD0546134800F036FE28
:102208000446BFF35F8F710606D455B9A2070FD4F1
:10221800E30712D410B070BD2620FEF7F7F9002DA1
:10222800F4D02A460948694600F022FBA207EFD5F8
:10223800074800F08BFD10B070BD054800F072FD36
:1022480010B070BD00E100E048080020B40800208C
:10225800A00800200146014800F04CBBB40800204B
:1022680010B50446084800F033FB08B9002010BD3B
:10227800054800F037FB0028F8D121460248BDE8A0
:10228800104000F0B7BB00BFB4080020014800F0C0
:102298001BBD00BFA008002028B10D4B02689A4260
:1022A80002D000207047704710B50A4C0A482178C0
:1022B80000F070FD012221460848FEF7BFFEB0FA83
:1022C80080F14909044800F0AFFD012010BD00BFAE
:1022D8000044004088090020480800209009002098
:1022E800E0B108B502680E4B9A4201D0002008BD43
:1022F80000220C480221FEF7C1FA0B48012100F028
:10230800A9FD012209490A48FEF798FEB0FA80F1B2
:102318004909054800F088FD012008BD704700BF45
:1023280000440040000002404808002088090020BE
:1023380090090020E0B108B502680E4B9A4201D01E
:10234800002008BD00220C480221FEF797FA0B482E
:10235800022100F07FFD012209490A48FEF76EFEBE
:10236800B0FA80F14909054800F05EFD012008BD7A
:10237800704700BF004400400000024048080020A9
:10238800880900209009002018B15022002107F088
:10239800F2BA7047002800F08A80002900F0878090
:1023A800002A00F084802DE9F041013A82B01F46EE
:1023B80004464D1E8E184FF0000809E0FD2820D075
:1023C800226BE36B013201332263E363B5421DD014
:1023D800A26815F8010F002AF0D0511C0729A05453
:1023E800A160F3D101AA2046ADF8048000F05EFD9B
:1023F80090B304280DD005280ED1A36B0133A36335
:102408000AE00123B5422070A360E1D102B0BDE823
:10241800F081636B01336363A268D4F83CC0012A7E
:1024280041D92346012102E0013191420FD013F82E
:10243800010FFD28F8D10CEB01038A42E36308D9A8
:10244800521AA2602144204607F07CFABEE7614494
:10245800E1630023A360B9E72346A28853F8121B5F
:10246800C4F81210A17999719A80E36ABDF8040042
:1024780053B1226C616CBA1A09B18A4200D2626403
:10248800A16C8A4288BFA2640133C4E90A73236A33
:10249800208201332362636A276443F10003636285
:1024A8000023A36092E70CF10103E363D1E77047CF
:1024B80000B11030704700BF2DE9F0410C4684B0E0
:1024C80015460127064600222946204698468DF8DB
:1024D8000870039206F09AFBA8B95EB1062C0DD0DD
:1024E800052C0CD1012D19D0AB1E012B07D8B8F53E
:1024F8007F4F2FD0384604B0BDE8F081EDB10620FB
:1025080004B0BDE8F0810A9B00932A464346214661
:10251800304606F0A1FB04B0BDE8F081B8F57F4F66
:102528001DD0B8F1000F13D12B460A9A8DF8083048
:1025380002A9304605F03EFAE2E707230A9A8DF829
:10254800083002A93046CDF80C8005F033FAD7E7F9
:102558002846D5E7032D14BF09230823E5E70346DA
:10256800E3E700BF70B513460C4615460A4601213D
:10257800064607F005F930B936B12DB124B996F8F9
:10258800943013B92C80012070BDB6F87840F9E773
:102598002DE9F8430C4617460A46002180461E4698
:1025A80007F0EEF860BB0546B8F1000F29D046B336
:1025B80001F026FE814620B3A4F10B03062B1AD99D
:1025C800A4F11403032B1FD9242C1AD8DFE804F034
:1025D800BDB1ADA9A5A19E969390741919191919A1
:1025E8001919706C19191919686460574E4A4642CE
:1025F8003E3734312F0008EB040090F85D3033800B
:1026080001252846BDE8F883C4F11704D8F85C1002
:10261800D8F858302401C4F12002E34001FA02F24C
:10262800203C134321FA04F423433380E8E737803E
:10263800E6E73A0C3280E3E700233380E0E798F8D6
:102648009430002BDBD0B8F87830D8E7D8F8A4302D
:102658003380D5E7B8F8A6303380D1E7D8F8A03072
:102668003380CDE7B8F8A2303380C9E7D8F8AC207A
:102678004FF6FF73934228BF13463380C0E7D8F85C
:10268800A8204FF6FF73934228BF13463380B7E75D
:10269800B8F8B0303380B3E7D8F860303380AFE7AC
:1026A800B8F862303380ABE790F82C303380A7E776
:1026B80090F82B303380A3E73946404605F060F99F
:1026C80099F8283099F8291099F82A209B0043EAAC
:1026D800C10398F8941043EA410343EA021398F8B7
:1026E8004C2003439BB2002A3DD143F0200386E7E8
:1026F800C38C338084E7838C338081E742684FF64C
:10270800FF73934228BF1346338079E703783380F9
:1027180076E798F80330338072E798F80230338010
:102728006EE798F8013033806AE798F80030338014
:1027380066E798F874309BB1D8F864204FF6FF73B9
:10274800934228BF13469BB259E798F874303BB1BF
:1027580098F8753023B1D8F87030B3F5803FF2D3CC
:102768004FF6FF734BE743F0600348E7436A072BD4
:1027780071D970B50446051D461D0621284600F08E
:10278800B9FB62892379824211D0012B04D1D4F894
:10279800B4300133C4F8B430D4F8BC30626A0133C1
:1027A800012AC4F8BC302CD80023636270BD012B09
:1027B80013D0D4E92E13626A01310833082AC4E918
:1027C8002E13F1D9083A626204F10C01284607F089
:1027D800B9F8636A072BD0D870BDD4F8B0206179F6
:1027E80001320529C4F8B02012D0A36C032B1FD9DD
:1027F800D4F8C4300133C4F8C430626A082AD3D983
:10280800E0E7013A62623146284607F09BF8E0E7C4
:10281800E288B2F5807FE8D12289002AE5D194F8D0
:1028280054208AB1D4F8C8300133C4F8C830E4E77A
:1028380005332868696844F8330004EBC302516023
:10284800A36C0133A364D8E72A6869682165E26448
:1028580084F85430D1E7704748B138B504460D467E
:10286800D0220021043007F086F8256038BD704773
:1028780068B361B35AB3013A2DE9F04705464E1ED5
:102888008F184FF01F0A00F1050900F104080AE04B
:10289800621C2C4416F8013F237128466A62FFF730
:1028A80065FFBE4211D06C6A202CF1D1D5F8BC303E
:1028B800C5F824A001331F22C5F8BC30494640465C
:1028C80007F040F822461F24E3E7BDE8F087704789
:1028D80010B5044628B1FFF749FFA06C003818BFAF
:1028E800012010BD10B5044618B1FFF73FFF94F85A
:1028F800540010BD2DE9F04184B040B1036804468E
:102908002BB10D46FFF732FF94F8546026B9002624
:10291800304604B0BDE8F0810095E06C216DB4F854
:102928004E2002AB03C3B4F8503094F84D10206821
:10293800002552BA5BBA9BB292B284F85450FFF7A2
:10294800BBFDD4F8CC30A26CA5641344C4F8CC30D9
:1029580094F8AC30002B39D100283DD048F201530F
:102968000128A4F8853004F1850841D006280CBF59
:102978000223042384F887300321404600F0BAFA82
:10298800030A84F88930D4F8C03084F88800052216
:102998000133C4F8A820C4F8C03094F88450012743
:1029A80084F8AC70002DB3D1D4F8A820414604F1C6
:1029B8005D0007F00DF8D4F8A830C4F8803084F82A
:1029C8008470C4F8A85084F8AC50A1E7D4F8D0308B
:1029D8000133C4F8D0309BE702AB03CB082304F1E2
:1029E8008508C4F88500C4F88910C4F8A830D4E76D
:1029F8000323BFE700285FD02DE9F047036884B0C0
:102A0800044643B10D46FFF7B1FE94F8543013B9AC
:102A180094F884301BB1002004B0BDE8F08720464C
:102A2800FFF7A4FEA16C0029F5D0A26AC4F85520CE
:102A38000129E26AC4F8592004F1550604F1280373
:102A48000CD00122194653F8080FD3F804C0C1F876
:102A580004C00860A16C01329142F3D894F8568002
:102A6800A8F103030139012BA16464D9A8F1050376
:102A7800012B23D9012568F07F0884F85D5084F87C
:102A88005E8084F85F50032104F15D0000F032FAA3
:102A9800D4F8C03084F86000010A05222B4484F879
:102AA8006110C4F8802084F88450C4F8C0302046EF
:102AB800FFF75CFE0120AFE700207047B4F857A08D
:102AC800B4F859309AFA9AF7BFB25BBA3946404619
:102AD8001FFA83F906F09AF898B9B8F1060F0DD0E5
:102AE8007B1E022B0DD9012568F07F08022384F88C
:102AF8005D5084F85E8084F85F30C4E7BAF1000F57
:102B0800F1D1009520684B463A464146FFF7D4FC80
:102B180000285FD0012800F0908006280CBF02230F
:102B28000423012568F07F0884F85D5084F85E80EE
:102B380084F85F30A7E7B4F85990B4F8577099FA59
:102B480099F91FFA89F909F1FF337FBA0A2BBFB245
:102B580068D84FEA490A264604EB490913E00DF103
:102B68000E032A46FFF714FD0137B0B1BDF80E3049
:102B780086F861301B0A86F860300236B14537D0D6
:102B8800B7F5803F09D0B8F1030F2068B9B2E6D194
:102B98000DF10E02FFF7E6FCE6E7012568F07F0875
:102BA800022384F85D5084F85E8084F85F30032146
:102BB80004F15D0000F09EF9D4F8C03084F860009C
:102BC800010A052284F86110C4F8802084F8845032
:102BD8002B446AE77168D4F85500C4F85D000822F0
:102BE8000123C4F86110C4F8802084F884305EE7BB
:102BF80004F15D0501260AF105030AF103072846D9
:102C080084F85D6084F85E8084F85FA0C4F8803042
:102C1800394600F06FF9E8555544000A287184F8E0
:102C2800846044E70321012568F07F0884F85D503B
:102C380084F85E8084F85F10BAE7032371E700BF69
:102C480048B149B190F8843023B1D0F880300B6096
:102C58005D307047184670470846704770B138B500
:102C680090F8AC300025044680F88450C0F88050B5
:102C78002BB92046BDE83840FFF778BD7047D0F83B
:102C8800A82000F185015D3006F0A2FED4F8A82046
:102C9800C4F88020012384F88430C4F8A85084F84C
:102CA800AC50E6E710B4019C50B1C0E90012002115
:102CB800C0E9023401611AB120465DF8044B10479F
:102CC8005DF8044B704700BF40B330B50446006858
:102CD80083B028B163681BB1A3680BB1237C1BB117
:102CE8000021084603B030BD01A9FFF7A9FF05463A
:102CF8000028F5D06368E068012198472946A36851
:102D0800019AE0689847014620B1012308462374D8
:102D180003B030BD6368E0689847E1E700210846E2
:102D2800704700BF80B1436810B5044623B1C0683E
:102D380000219847237C03B910BD00232068237421
:102D4800BDE81040FFF78ABF704700BF80B14368F5
:102D580010B5044623B1C06800219847237C03B905
:102D680010BD002320682374BDE81040FFF776BF2C
:102D7800704700BF68B110B540220021044606F034
:102D8800FAFD002323646364A364E3642365636535
:102D980010BD7047C8B1026CBFF35B8F531C03F0C2
:102DA8003F03D0F844C0BFF35B8F634505D081541F
:102DB800BFF35B8F036401207047483050E8003F41
:102DC800013340E80032002AF8D10020704700BFE4
:102DD80070B5864610B111B30AB9104670BD436C80
:102DE800BFF35B8F056CBFF35B8F9D4219D0013A2F
:102DF8008E1801F1FF3C5C1C1EF80300624604F0CB
:102E08003F030232AB420CF8010FA2EB010001D0E4
:102E1800B445F0D1BFF35B8FCEF8443070BD08469F
:102E280070BD0020F6E700BF50B100F14C0353E835
:102E380000CF0CF1010C43E800C2002AF7D101B120
:102E48007047503050E8003F013340E80032002A14
:102E5800F8D1704748B1BFF35B8F543050E8003F5A
:102E68000B4340E80032002AF8D1704760B1BFF345
:102E78005B8F00F15403002253E8000F43E8002160
:102E88000029F9D1BFF35B8F704700BF60B151B122
:102E98000139431E4218002013F8011F934280EAAB
:102EA8000100F9D170470846704700BFE0B170B51E
:102EB8001546DAB1072911D10378FD2B04460FD145
:102EC80005214679FFF7E2FF86420BD1A379FE2B55
:102ED8000ED1B4F801302B80002070BD022070BDE7
:102EE800032070BD042070BD01207047012070BD13
:102EF800052070BD8446E0B1C9B100B500EB010EF4
:102F08004FF6FF701CF8013B0822584000F00103FF
:102F180003EB830103EB413383EA5000531E13F0A4
:102F2800FF0280B2F2D1E645ECD15DF804FB084619
:102F3800704770470120704748B91D4B5B6903F023
:102F48000603062B0A46014609D000207047184B95
:102F58005B6903F00603062B4FF00002F5D14FF032
:102F68008043186A10F4807014D010B4114C206A91
:102F780010F480700BD0186810F0010007D020689A
:102F880010F0010003D0D86B904204D000205DF807
:102F9800044B70477047E26B8A42F7D1DB6B23B171
:102FA800E06BB0FA80F04009F1E70120EFE700BFDD
:102FB8000004024000040040F0B5044689B00D4604
:102FC800164600214822CDE90211CDE90411CDE9C8
:102FD80006111F4606F0CFFC41F2BF22E2602560D1
:102FE800602220460192FEF729FC20B1084B1E7092
:102FF800002009B0F0BD082201A92046FEF77AFC9E
:1030080010B9012009B0F0BD014B1F70F0E700BFF7
:10301800D809002010B5FDF7EDFE1B4B9B6813F493
:10302800E05F1A4B18BF4000984201D0002010BD45
:103038004FF08042906A0028F8D1154CA16A002907
:10304800F5D1D36A41F2BF208342EFD1E06A9842BA
:10305800ECD1D36903F07003602BE7D1E36903F087
:103068007003602BE2D1136A13F40073DED1216A76
:103078008905DBD4D3695B07D8D4E069C0F3800045
:1030880080F00100C0B210BD0038024000D8B80579
:10309800000400402DE9F0474FF08044A44FA54DAF
:1030A8000026814688463E70FEF73AFE236823F0E4
:1030B800010323602B6823F001032B6026612E6136
:1030C800BFF34F8F9C4B93F800A0BAF1000F41D08B
:1030D80008F1FF339BB241F2BE22934227D8FFF793
:1030E80029FF0646002848D008219448FEF752FBDD
:1030F800082106469248FEF74DFB002E40F0D98085
:1031080000283CD00B233B70FEF70AFE4FF08042AC
:10311800884B116821F0010111601968002021F025
:103128000101196010611861BFF34F8F0FE0082388
:103138003B70FEF7F5FD236823F0010323602B683D
:1031480023F001032B6026612E61BFF34F8F00200F
:10315800BDE8F08707233B70FEF7E2FD236823F004
:10316800010323602B6823F001032B60C4F810A02F
:10317800C5F810A0BFF34F8FE9E70923D8E76F4BD5
:103188001B68D8636E4B1B68D86301236062686252
:1031980063616B6120612861BFF34F8F694B5B6985
:1031A80013F0060F40F08380E36B002B7FD1EB6BAD
:1031B800002B7CD1636A002B79D16B6A002B76D106
:1031C8004FF080452B6ADA0571D45A4E336ADB0515
:1031D8006DD42B68DC076AD4336813F0010A66D112
:1031E80056480821FEF7D4FA0446002865D1544809
:1031F8000821FEF7CDFA002872D1BFF34F8F514B4B
:103208005B6913F0060F56D1EB6B002B53D1F36BB0
:10321800002B50D12B6AD8054DD5464D2B6AD905C0
:1032280049D54FF080463368DA0744D52B68DB0769
:1032380041D5DFF810A16FF0010300247462012268
:103248006C620621336150462B61FDF717FBBFF313
:103258004F8FDAF8143003F00603062B56D1374B9C
:103268001A68374B1B68B9F1000F4AD0D463C3F80A
:103278003C80BFF34F8F41464846FFF75DFE04464A
:1032880000287FF465AF32233B70FEF749FD4FF00D
:103298008042284B116821F001011160196821F062
:1032A8000101196014611C61BFF34F8F4FE72D2393
:1032B80029E70A2327E7302325E72E233B70FEF76B
:1032C8002FFD2B6823F001032B60336823F00103E3
:1032D8003360C5F810A0C6F810A0BFF34F8F36E7CB
:1032E8002F233B70FEF71CFD2B6823F001032B6096
:1032F800336823F0010333602C613461BFF34F8FCF
:1033080025E7C2F83C80C3F83C90B2E731233B7014
:10331800FEF706FD336823F0010333602B6823F0C2
:1033280001032B6034612C61BFF34F8F0FE700BF9F
:10333800D8090020000400406C0A0020240A00205C
:10334800DC0900200004024008B5FEF7E9FC4FF054
:103358008042074B116821F00101116019680020B3
:1033680021F00101196010611861BFF34F8F08BD8A
:10337800000400400F4B586910F0060018D14FF0B8
:103388008043DA6B9AB90C49C86B88B91A6A12F487
:1033980080720CD1086A10F4807007D11B68DB07B3
:1033A80005D40868C04300F0010070471046704714
:1033B8000020704700040240000400402DE9F0435B
:1033C8006C4E6D4B6D4D6E4F4FF0000885B086F812
:1033D80000801A6B85F8008042F002021A631A6CAA
:1033E80042F003021A641A6B03921A6C039B4FF0A3
:1033F800804453400393039BFEF792FC236823F019
:10340800010323603B6823F001033B60C4F810808C
:10341800C7F81080BFF34F8F5A4B5B484FF4C02258
:103428009A615A6822F006025A609A6842F03C0291
:103438009A60DA6822F03C0242F02802DA601A68E0
:1034480022F03C0242F014021A601A6822F4401278
:1034580042F400121A605A6822F480625A609A682C
:1034680042F440129A60DA6822F44012DA605A6A2A
:1034780022F4706242F480725A621A6822F00302DF
:1034880042F002021A605A6822F001025A609A68F1
:1034980042F003029A60DA6822F00302DA601A6ADC
:1034A80022F00F0242F002021A6221460223012290
:1034B800FFF782FD18B33548042303223946FFF786
:1034C8007BFD8146E0B1FEF72BFC236823F0010366
:1034D80023603B6823F001033B60C4F81080C7F801
:1034E8001080BFF34F8FFFF795FD8046E0B1FFF7DF
:1034F80041FF60B301232B7005B0BDE8F08381461E
:10350800FEF70EFC236823F0010323603B6823F0D9
:1035180001033B60C4F81090C7F81090BFF34F8FB9
:10352800002005B0BDE8F08305233370FEF7F8FBF3
:10353800236823F0010323603B6823F001033B6009
:10354800C4F81080C7F81080BFF34F8FE8E7062350
:1035580001903370FEF7E4FB2368019823F0010320
:1035680023603B6823F001033B6020613861BFF3AF
:103578004F8FD5E7D8090020003802406C0A002098
:103588000004004000040240240A0020DC09002056
:1035980001460120FFF77EBD01460020FFF77ABDF6
:1035A800014B1878704700BFD809002070B50E4647
:1035B800044648B32C4BDD6B2C4B1B786BB1FFF7E3
:1035C800B9FC50B1ADB245B1731E9BB241F2BE22F7
:1035D800934202D8FFF71EFDD0B9254B32221A704C
:1035E800FEF79EFB4FF080421F4B116821F001014E
:1035F80011601968002021F001011960106118613B
:10360800BFF34F8F002070BD4FF08043DD6BD3E7D1
:1036180029462046FFF790FC0028DED0FCB1124B6B
:10362800DE63BFF34F8F20463146FFF785FC044623
:103638000028E8D10E4B32221A70FEF771FB4FF0CA
:103648008042094B116821F001011160196821F0CD
:103658000101196014611C61BFF34F8FD2E74FF06D
:103668008043DE63DDE700BF000400406C0A0020F1
:10367800D809002038B50C4640B9A9B1FFF7CAFCF3
:1036880080B12146BDE83840FFF756BC51B9054620
:10369800FFF7C0FC30B12C4621460020BDE8384079
:1036A800FFF74ABC002038BDBDE83840FFF762BECE
:1036B8000A4B002210B5DA601968094C21F00101A3
:1036C800196032201A615A622270FCF7ADFF32206D
:1036D800FCF7D6FFBFF34F8F10BD00BF000C0040B2
:1036E8006F0A0020F0B53149314E324C324A334D21
:1036F800002383B008603370237013702B70002888
:1037080051D02F4F2F49386C40F008003864386C7E
:1037180001900198CB60086820F0010008600B61F7
:1037280032204B621370FCF77FFF3220FCF7A8FFB2
:10373800BFF34F8FFDF75EFBBB68234A13F4E05FCE
:1037480018BF4000A0F51C53103B934226D81F4BCE
:103758001F4A00FB03F3B2EB331F1FD31D4A194B5B
:10376800A2FB0020400B1C4A013810600C221A6092
:10377800012600224FF0FF315A609A609A611A625E
:103788009862D96232205A6304215E611A61FCF79B
:1037980001FF304626702E7003B0F0BD122333703F
:1037A800002003B0F0BD11233370F9E7780A002038
:1037B8006D0A0020700A00206F0A00206E0A00209F
:1037C80000380240000C0040FFFF0F27917EFB3AB3
:1037D800B88D06005917B7D1740A0020034B187822
:1037E80018B1034B186800F0010070476F0A0020F9
:1037F800000C0040024B187808B1024B187870474B
:10380800700A00206E0A0020014B1878704700BF2C
:103818006D0A0020314B70B51B68314C2269002BB2
:1038280045D0304E357845B391051AD52E492F4AE3
:10383800192008700021117002209847284B002297
:10384800DA60196821F00101196032201A615A62A0
:103858003270FCF7E9FE3220FCF712FFBFF34F8FFE
:1038680070BD12F0010020D112F00202E5D11E490C
:103878001A2008701D490A70DEE71C491A4A0D70A3
:103888000220182111709847E560236823F001038E
:1038980023603220256165623570FCF7C5FE322051
:1038A800FCF7EEFEBFF34F8F70BD0120C5E70E4950
:1038B8000E4A1B2008701370E3602268094922F041
:1038C800010222603220236163620B70FCF7ACFEB8
:1038D8003220FCF7D5FEBFF34F8F70BD780A002069
:1038E800000C00406F0A00206D0A00206E0A0020BC
:1038F80038B5104B104D1B7800222A707BB10F4B46
:103908001C7864B10E4A126940F203231A420BD1A3
:103918003220FCF77BFEBFF34F8F204638BD1623BD
:103928002B700024204638BD17242C70FFF772FF37
:103938002C70F6E76F0A00206D0A00206E0A00203E
:10394800000C0040F8B51F4B1C78002C38D01E4BDB
:103958001C78002C34D01D4F3C78002C30D1831EAD
:10396800802B05462CD81A4EF460336823F00103E7
:1039780033603220346174623C70FCF755FE3220AB
:10398800FCF77EFEBFF34F8F04233360114B05EB2A
:1039980085001B68B36240004FF0FF33F3620A38BA
:1039A800012303227063746273613461F2603B70B7
:1039B800336843F001033360BDE8F840FFF798BF70
:1039C8000020F8BD700A00206E0A00206F0A00204F
:1039D800000C0040740A002070B51E4D1E4C2B7858
:1039E800616A626B23B32368DB0721D51B4B1B7805
:1039F800F3B1831E802B1BD8266940F203231E4097
:103A080024D18A1A002A15DB154B30461B689847C3
:103A1800E660236823F00103236032202661666292
:103A28002E70FCF701FE3220FCF72AFEBFF34F8F01
:103A3800002070BD00EB80000A3901EB4001616392
:103A4800BFF34F8FBDE87040FFF752BFFFF7E2FEAC
:103A5800EEE700BF6F0A0020000C00406E0A00204D
:103A6800780A002010B50446FFF76EFCFFF720FE29
:103A7800044A0549054B0020107001220C701A7089
:103A880010BD00BF040B00207D0A00207C0A002026
:103A980010B5FFF759FCFFF70BFEFFF74BFA104C78
:103AA80080F0010084F82900FFF764FC84F82A00FC
:103AB80018B1FFF793FE48B910BD94F82B301BB925
:103AC80042F60403A4F82B30042010BD94F82B30E0
:103AD8001BB942F60313A4F82B30032010BD00BF16
:103AE800800A002038B50546FFF724FA354C80F0E7
:103AF800010084F82900FFF73DFC84F82A00D0B1C2
:103B0800022D4BD02378052B0BD0C5B3012D4FF0D8
:103B180000003CD003220023A270636284F828309E
:103B280038BD002DF2D104220023A270284663621A
:103B380084F8283038BDFFF707FCFFF7FBF980F061
:103B4800010084F82900FFF715FC84F82A00FFF724
:103B580027FD94F82B3083B900284FF0040508BFDF
:103B680022200322002384F82C0084F82B50A27012
:103B78002846636284F8283038BD0420CAE7012249
:103B88000023A2702846636284F8283038BD0222D8
:103B98000023A270636284F8283038BDFFF734FE32
:103BA80094F82B20034652B900284FF0030208BFAF
:103BB8002C23104684F82B2084F82C30ABE7032004
:103BC8000246A8E7800A002070B515461C46B0B921
:103BD8004B1EB3F5165F2BD252B34CB3108045F68B
:103BE800BF53024641F2BF20E1FB0032184611469E
:103BF800002345F6C052FCF7CBFA208016E00128D6
:103C080016D14B1E632B12D88AB184B1002641F21B
:103C1800BF2245F6BF503346E1FB0203194645F67D
:103C2800C0520023FCF7B4FA28802680002070BD1B
:103C3800012070BD70B5384C384EFFF785FB302237
:103C48000021204605F097FE3549364A364B0025B7
:103C58000D70157002221A703570FFF76BF980F03D
:103C6800010084F82900FFF785FB84F82A00FFF794
:103C7800A5FB90B12D48FFF735FD90B301233370B4
:103C8800FFF758F980F0010084F82900FFF772FB6C
:103C980084F82A00E0B1284670BDFFF755FBFFF70E
:103CA80049F980F0010084F82900FFF763FB84F8E4
:103CB8002A00FFF775FC94F82B303BB9A84208BFDF
:103CC8002C20042384F82B3084F82C00042070BDA9
:103CD80094F82B30002BF9D141F60443A4F82B308B
:103CE800F4E7FFF731FBFFF725F980F0010084F8CE
:103CF8002900FFF73FFB84F82A00FFF785FD94F8B9
:103D08002B303BB9002808BF2C20032384F82B3024
:103D180084F82C00032070BD800A00207E0A002051
:103D2800040B00207C0A00207D0A00206D3A000860
:103D380070B5EFF3108672B6BFF35F8F284B294C2E
:103D480000251D70FFF700FBFFF7B2FC264A274B42
:103D580015700222C4E90155C4E90355257065624E
:103D680084F828501A70FFF7E5F880F0010084F80D
:103D78002900FFF7FFFA054684F82A00FFF72EFD11
:103D88002DB1F0B9BFF35F8F86F3108870BD94F83A
:103D98002B301BB942F60423A4F82B30FFF7D4FAD2
:103DA800FFF7C8F880F0010084F82900FFF7E2FA6D
:103DB800034684F82A300420BFF35F8F86F3108807
:103DC80070BD94F82B301BB942F60333A4F82B309E
:103DD800FFF76EFC0320BFF35F8F86F3108870BD7A
:103DE800040B0020800A00207C0A00207D0A0020A5
:103DF800024B18780130C0B2704700BF040B002096
:103E08002DE9F0416C4C23783BB16C4A00231078C3
:103E18002370BDE8F041FFF765BE03F0FF070546D4
:103E2800FFF788F8664E80F0010086F82900FFF752
:103E3800A1FA237886F82A0003F0FF0833B15F4B14
:103E480018782770BDE8F041FFF74CBE96F8283087
:103E58001BBB002844D0FFF7C1FC70B9FFF7CAFCB0
:103E6800034600283AD12278002A62D0534A1078B3
:103E78002370BDE8F041FFF735BEFFF765FAFFF79D
:103E880017FC96F82B300322B2701BB942F60313C5
:103E9800A6F82B300320BDE8F081FFF7ABFC034602
:103EA800B8BB2278002AE1D1FFF7AEFC96F82B3098
:103EB8003BB9002808BF2320032386F82B3086F857
:103EC8002C00FFF741FAFFF7F3FBBDE8F0410220B1
:103ED800FFF708BE3B4B1B68002B51D10020DAE7E7
:103EE800FFF732FAFFF7E4FBFFF724F880F0010050
:103EF80086F82900FFF73EFA96F82B3086F82A0054
:103F08000322B2701BB942F60403A6F82B30042032
:103F1800C1E7FFF763FC0346D0B92278002AA5D190
:103F280096F82B30002BCCD142F20343A6F82B3065
:103F3800C7E7FFF769FC96F82B30002BAAD10028B9
:103F480008BF2320032386F82B3086F82C00A1E72E
:103F58003369E81A002809DB237823B3174B18784C
:103F680084F80080BDE8F041FFF7BCBD96F82A3020
:103F7800002BB3D0144B1B7813B13378052BA9D081
:103F88002378002B7FF441AF96F82B301BB942F20F
:103F98000463A6F82B30FFF7D7F9FFF789FB022057
:103FA800FFF7A0FDB3E796F82B30002B89D142F23A
:103FB8000353A6F82B3084E77C0A00207D0A0020F2
:103FC800800A0020EC0A0020040B0020F8B5364CCB
:103FD8002378052B04D1354E337803F0FF05C3B1A0
:103FE800FEF7A8FF80F0010084F82900FFF7C2F966
:103FF80094F8283084F82A0043B12C4E33781BB942
:1040080094F8293003B908B3337863B900252846F2
:10401800F8BD274F3B7813B194F828301BBB337891
:10402800002BDDD1F3E7FEF785FF80F0010084F86F
:104038002900FFF79FF9054684F82A000028E6D0F2
:10404800FFF7CCFB80F00105EDB2E0E7FFF7C6FB18
:104058000028D9D0FFF7CEFB05460028D4D0337806
:10406800002BD1D1D3E7FFF7C5FB0028D7D0FFF746
:10407800B5FB0028D3D0FEF75DFF0028CFD0FFF7AF
:1040880079F90C4B1B68B3FA83F35B098342C6D1F9
:10409800E18CA08CFFF7EEFA33780028C0D0002B13
:1040A8009ED13D78EDB2B2E7800A00207C0A00205C
:1040B800040B0020EC0A0020F8B5324D2B7873BBB6
:1040C800FEF738FF304C80F0010084F82900FFF734
:1040D80051F92B7884F82A00064603BB94F8283057
:1040E8000BB3FFF773FF2B78C0B9C3B9FFF72CF9EF
:1040F800FFF7DEFAFEF71EFF80F0010084F82900C2
:10410800FFF738F92B7884F82A0043B994F82B3054
:104118006BBB42F20473A4F82B3028E0DBB1BDE896
:10412800F840FFF7B5BCFFF759FB0746FFF70CF956
:1041380094F828308BB1FEF7FDFE80F0010384F877
:104148002930FFF717F92B7884F82A00002BE6D1DD
:1041580030B12EB16FB90020F8BDFFF7A9FAEAE730
:1041680094F82B301BB942F60403A4F82B30042032
:10417800F8BD94F82B301BB942F60313A4F82B3082
:104188000320F8BD7C0A0020800A002010B5FEF745
:10419800D1FE054C80F0010084F82900FFF7EAF809
:1041A80084F82A0010BD00BF800A002010B5FEF771
:1041B800C1FE114C80F0010084F82900FFF7DAF8FD
:1041C8000E4B84F82A001B780BB9002010BDFFF7AE
:1041D80011FB0028F9D094F828304BB994F82A003C
:1041E8000028F3D0FFF7FAFA80F00100C0B210BD42
:1041F800BDE81040FFF7EABE800A00207E0A0020D2
:1042080010B5FEF797FE054C80F0010084F82900F0
:10421800FFF7B0F884F82A00204610BD800A002075
:10422800F8B5EFF3108572B6BFF35F8F10B1274B67
:104238001B782BB90120BFF35F8F85F31088F8BD79
:10424800234E3378002BF5D1224F97F82830002BD6
:10425800F0D1214B1B78002BECD10446FFF78AF8EC
:104268000028E7D0FFF7BAFA0028E3D1FFF7C2FA2F
:104278000028DFD0FEF75EFE0028DBD017490B6868
:10428800013304BF01221346236018BF1A46144B9A
:104298000A600020134A1860134B1070012218702E
:1042A8003270124B124A18701060124B124A187072
:1042B8001070124B124A1870107000230022C7E9C0
:1042C8000623052338623B70B870B4E77E0A0020E5
:1042D800040B0020800A00207C0A0020000B00202C
:1042E800EC0A0020F00A0020E00A0020DE0A002084
:1042F800E80A0020DC0A0020DF0A0020C80A0020A3
:10430800DD0A0020F8B5044616461D46EFF310876F
:1043180072B6BFF35F8FFCF713F918490978844622
:1043280001F0FF0021B1164B1B68A34205D0002005
:10433800BFF35F8F87F31088F8BD12490B78002B05
:10434800F5D1114A1278002AF1D1F41E4EF65D23F8
:104358009C4201D9002EEAD1B5F5166FE7D8321E76
:104368000A4C18BF01222270094A06EB0C0313609D
:10437800084B1D6001230B70DAE700BF040B002017
:10438800000B0020E00A0020F00A0020DF0A0020CD
:10439800D80A0020CC0A0020F8B505461646EFF3E7
:1043A800108772B6BFF35F8FFCF7CAF8184B1B78FB
:1043B8001BB1184B1B68AB4205D00020BFF35F8FC1
:1043C80087F31088F8BD144B1B78002BF5D0134DDC
:1043D8002B78002BF1D1F31E012BEED8104B1B7854
:1043E800044623B10F4B1B681B1AB342E5DDFFF7E8
:1043F800EDFD0028E1D00C4B0C492644C3E90646E4
:104408000B4B1E600B4B1C6001230B702B70D5E708
:10441800040B0020000B0020E00A0020DD0A002029
:10442800DF0A0020D80A0020800A0020DE0A0020C7
:10443800D40A0020C40A00200346EFF3108172B6A4
:10444800BFF35F8F0B4A127802F0FF0022B10A4ACD
:1044580012689A4205D00020BFF35F8F81F310885D
:104468007047064B18780028F6D0054B01221A70C1
:10447800F2E700BF040B0020000B0020DE0A00203A
:10448800DC0A00202DE9F04F074683B01446EFF30D
:10449800108672B6BFF35F8F744DFCF751F82B7816
:1044A800002B00F0B380724B1B68BB4240F0AE801B
:1044B800704B1B78002B00F0BD80DFF8E88198F87E
:1044C8000030002B00F0B6806B4B1B78002B00F0FF
:1044D800B180002CC0F2AE80684B1B68A342C0F2CA
:1044E800A980DFF8C491664FD9F80030A342C0F222
:1044F800A2803B78002B40F09E80624B1B681B1A01
:10450800012B834640F39780DFF8A0A1DAF800304A
:104518001B1A012B40F38F805B4B1B782BB15B4B35
:104528001B681B1A012B40F38680FFF74FFD0028FC
:1045380000F08180FFF7DCF900287CD0002C00F027
:104548008A80B4F5165F76D841F2BF2345F6BF508E
:104558000021E4FB030145F6C0520023FBF718FED7
:1045680083B2194601209B46FFF720F8002862D045
:10457800FEF700FF00285ED159460020FFF77AF8C1
:10458800002858D0FFF7B4F9002854D02B78002B16
:1045980051D03B78002B4ED1FBF7D2FFDAF8002040
:1045A800A2EB000ABAF1010F034644DD364A12783D
:1045B8003AB1364A1268121A012A3CDD924528BFE0
:1045C800924650460193FFF707FA002833D0FFF7C9
:1045D8008FF980B32A7872B3397801F0FF0251BBA2
:1045E8002B4D019B6969C9F8004053440131C5E965
:1045F8000431EB60274B6C601A70274B88F8002059
:10460800AA84A5F826B014461A7001E0204D0124AA
:10461800FEF790FC80F0010085F82900FEF7AAFE5D
:1046280085F82A00BFF35F8F86F31088204603B011
:10463800BDE8F08F124F00232B70FEF785FEFFF7C1
:1046480037F83B7823B9154A0221012311703B70D2
:104658000F4D0424DCE7FEF777FEFEF78BFE0028FB
:10466800E9D00F4BC3F800B0A34685E7040B002040
:10467800000B0020E00A0020F00A0020CC0A0020ED
:104688007C0A0020D40A0020DF0A0020D80A002073
:10469800800A0020DC0A0020C80A00207D0A0020C9
:1046A800E40A0020DE0A0020EC0A0020D00A0020DC
:1046B800F8B5044615461E46EFF3108772B6BFF3E9
:1046C8005F8FFBF73DFF2E4B1B781BB12D4B1B68F3
:1046D800A34205D00020BFF35F8F87F31088F8BD91
:1046E800294B1B78002BF5D0284C2378002BF1D1CF
:1046F800002DEFD0B542EDD2254B26491B680A683C
:10470800023B9B1AB342E5D33244801A0028E1DA0F
:10471800214B1A68002A2DDD204A06981268824229
:1047280001DB0028D6DD0698B0F5165FD2DC0798C5
:104738000028CFDB8242CDDBFFF748FC0028C9D038
:104748001449154B0A681B681644069A9A42A8BF72
:104758001A46134B1A60134B069A1A60124B079AA3
:104768001A60124B1D60124B1E60124B1E62012311
:104778002370B0E7AED1104A1268002ACCDAA9E754
:10478800040B0020000B0020DE0A0020C80A0020CD
:10479800D40A0020C40A0020EC0A0020CC0A002019
:1047A800B80A0020B40A0020B00A0020C00A00207D
:1047B800BC0A0020800A0020E80A0020184B1A785A
:1047C800034602F0FF004AB3164A12689A4223D100
:1047D800154B187810B3154B1878F8B1144B154AC7
:1047E80018681268144B091A21EAE1719142186895
:1047F80014D2124B10B51C68CB17001B4FEAE07C93
:1048080000FB03F301FB0C33A0FB01011944002357
:10481800FBF7BEFC204410BD00207047704700BF66
:10482800040B0020000B0020C80A0020DE0A00202C
:10483800C40A0020C00A0020B40A0020B80A0020D8
:104848002DE9F04F044683B090461D46EFF31086DD
:1048580072B6BFF35F8FDFF8EC91FBF771FE99F842
:104868000030002B00F08E80694B1B68A34240F09B
:104878008980B8F1000F00F08580002D00F082805B
:10488800644B1B7800222A70002B00F08F80624B4B
:10489800DFF8B4A11B78002B00F08A809AF800306A
:1048A800002B40F085805D4B1B681B1A012B0746C7
:1048B8007EDD5B4B1B681B1A012B79DD594B1B787E
:1048C80023B1594B1B681B1A012B71DDFFF77EFBC7
:1048D80000286DD0554BDFF874B11B68DBF8002059
:1048E800FB1A002B77DA394620460192FFF766FF5C
:1048F800019A824205465BDC4D4B1B68834257DBBD
:10490800002855DBFEF7F4FF002851D0DBF8004003
:10491800AC4274D06B1EB3F5165F49D241F2BF2387
:1049280045F6BF500021E5FB030145F6C0520023C0
:10493800FBF72EFC87B2002C63D039460120FEF726
:1049480035FEA8B339460020FEF794FE80B3FEF783
:10495800CFFF68B399F8003053B39AF8003003F0EA
:10496800FF022BBB334CCBF800506369A2840133A0
:104978006361314B65600122E7841A60C8F8005012
:10498800002701E02B4C0127FEF7D4FA80F0010044
:1049980084F82900FEF7EEFC84F82A00BFF35F8F45
:1049A80086F31088384603B0BDE8F08FDFF898A08A
:1049B800002389F80030FEF7C7FCFEF779FE9AF865
:1049C80000302BB91D4A0221012311708AF80030EA
:1049D800184C0427D8E71A4B20461C689442A8BFF5
:1049E800144639462246FFF74DFD074608B1114CDB
:1049F800CAE70123C8F800400E4C2B70C4E70D4CE1
:104A0800BCE73846FEF7C4FD00289BD1D0E700BFBD
:104A1800000B0020C80A0020DE0A0020D40A00206B
:104A2800D00A0020DF0A0020D80A0020BC0A002093
:104A3800B40A0020800A0020E80A00207D0A00202D
:104A4800B00A0020040B00207C0A0020EC0A002099
:104A58002DE9F04F074689B014461E46EFF310893A
:104A680072B6BFF35F8FDFF8F0820023ADF81C3019
:104A7800ADF81E30FBF764FD98F80030002B00F00D
:104A88003881A64B1B68BB4240F03381189B002B32
:104A980000F02F81199B002B00F02B81DFF8BCB2AE
:104AA8009BF800300546002B40F018819C4B1B7882
:104AB800002B00F057819B4B1B782BB19A4B1B683E
:104AC800EB1A002B80F25781984B1B78002B00F0D3
:104AD8006781974B1B68EB1A002B80F24C81179B60
:104AE800B3F5166F40F36581179BB3F5165F00F3B6
:104AF8004281149B822B00F23E81159B142B00F2FD
:104B08003A81169B012B40F236818A4B1B78002B89
:104B180040F05481DFF848A29AF80030002B40F0AA
:104B28002C81149B022B40F22881DDE91432934238
:104B380040F22381129B159AEB1A934200F21D81D1
:104B4800149A013A9A4240F21881169B642B00F29B
:104B58001481FEF7EFF9002800F00F819BF8003070
:104B6800002B40F04381744F199A00231370179B50
:104B7800002B40F34A81714B1A68002A40F0638188
:104B880001236F4A1268002A40F09881654B129AF7
:104B980014991B780A440292521B009233B1624B5B
:104BA8001B685B1B9A4228BF1A4600925F4B1B7812
:104BB800002B00F01781634B1B78002B00F0458118
:104BC800614B179A1B689342B4BF002301230393D8
:104BD800574B009A1B685B1B934228BF13460193EF
:104BE8009BF800300198002B00F0F680FEF7F4FEE9
:104BF80080F00103DBB2002B40F0C08098F8003051
:104C0800002B00F0BB809AF80030002B40F0B680F3
:104C1800179B002B40F01B81484B1A680AB14B4A7E
:104C280015600493FEF790FBFEF7A4FB049B002895
:104C380000F0A4800593FEF75BFE002800F09E803C
:104C480098F80020002A00F099809AF8002002F0D5
:104C5800FF030493002A40F09180039A059B9AB1C0
:104C680000980393FEF7B8FE002800F08780FEF74F
:104C78003FFE002800F082802C4A049B13702D4AC6
:104C88001370009B0193039B019A2A441546179AB7
:104C98001A607B6901337B612D4BC3E90046012310
:104CA80087F828308BF8003005233B70D30F7B70D2
:104CB80082EAE273A3EBE2737B60BDF81C30BB842D
:104CC800BDF81E30FB84189B0024C7E90355BC704F
:104CD800BC601A601F4B029A1A600CE01C4BD3E9A7
:104CE8000023A21A66EB0303012A73F10003BFF63F
:104CF800DDAE114F0124FEF71DF980F0010087F8A1
:104D08002900FEF737FB87F82A00BFF35F8F89F386
:104D18001088204609B0BDE8F08F00BF000B0020C6
:104D2800E00A0020DF0A0020D80A0020DE0A00205E
:104D3800D40A0020C80A0020800A0020EC0A0020BB
:104D4800E80A0020DC0A0020CC0A0020E40A00203F
:104D5800F80A0020D00A0020040B0020F00A0020E6
:104D68007C0A0020179BB3F5166F22DD624B1B7877
:104D7800002B7FF4B9AEDFF8A0A1604F002388F8BC
:104D88000030FEF7E1FAFEF793FC9AF800302BB9F1
:104D98005B4B02221A7001238AF800300424AAE728
:104DA800584B179A1B689342E5DB179BB3F5166FB0
:104DB800E1DC179B6433BFF69CAEDCE7524B1B78F3
:104DC800002B7FF4A7AE38462946FFF7F7FC179B60
:104DD8009842BFF69FAECEE7FEF7B4FD80F0010320
:104DE800DBB208E70393009B0193F9E6FEF7F6FCB4
:104DF8000028C2D0FFF7EAF8404F0028BED0FB6871
:104E0800EB1A002BFFF6B0AEB8E719D03F4B1A6883
:104E1800002A50D04FF0FF323D4900930968914273
:104E28003FF4B4AEFEF790FAFEF7A4FA0028A5D036
:104E3800384A009B156000221A60199A01231370E2
:104E480000231793A2E60122E6E70393C0E617982A
:104E580080EAE0710028A1EBE0710DF11E03CCBFE0
:104E68000020012007AAFEF7AFFE002886D1274BB5
:104E78001A68002A30D0179A0493002ACBBFBDF8CD
:104E88001E10BDF81C1001200020FEF78FFB049BAC
:104E9800049300283FF472AFFEF76CFA00287FF401
:104EA8006DAF179B1A4A002BD4BF4FF0FF31012179
:104EB800049B1160BEE64FF0FF3362E69A423FF46E
:104EC80065AE144B169A1B68EB1A9342BFF45EAE9C
:104ED800199A01231370B3E7179A0493002A05DD82
:104EE800BDF81E00FEF754FB049BD1E7BDF81C007B
:104EF800FEF752FB049BCBE7DE0A0020800A002065
:104F08007D0A0020CC0A0020DC0A0020EC0A0020E0
:104F1800E80A0020E40A00207C0A0020074B1B78DE
:104F2800052B01D000207047054B1B780BB90120D9
:104F38007047044B1878C0B2704700BF800A002041
:104F4800040B00207C0A0020D0ED027A9FEDE37A62
:104F5800F0EEE76AF4EE476AF1EE10FA00F28782A3
:104F6800F5EEC07AF1EE10FA00F18182DFEDDC6A2D
:104F7800F4EEE67AF1EE10FA00F37982D0ED037AD6
:104F8800F0EEE76AF4EE476AF1EE10FA00F26F828B
:104F9800DFEDD46AF4EEE67AF1EE10FA00F16782FA
:104FA800F7EE006AF4EEE67AF1EE10FA00F35F82AB
:104FB800D0ED047AF0EEE76AF4EE476AF1EE10FA03
:104FC80000F25582DFEDC86AF4EEE67AF1EE10FAE7
:104FD80000F14D82DFEDC56AF4EEE67AF1EE10FAE3
:104FE80000F34582D0ED057AF0EEE76AF4EE476A01
:104FF800F1EE10FA00F23B829FEDBB7AF4EEC77A2D
:10500800F1EE10FA00F133829FEDB97AF4EEC77A27
:10501800F1EE10FA00F32B82D0ED067A9FEDAF7A0D
:10502800F0EEE76AF4EE476AF1EE10FA00F21F823A
:10503800F7EE006AF4EEE67AF1EE10FA00F1178264
:105048009FEDAC6AF4EEC67AF1EE10FA00F30F8227
:10505800D0ED077AB0EEE76AB4EE476AF1EE10FADF
:1050680000F20582F5EEC07AF1EE10FA00F1FF8148
:105078009FEDA16AF4EEC67AF1EE10FA00F3F7811B
:10508800D0ED087AB0EEE76AB4EE476AF1EE10FAAE
:1050980000F2ED81F4EEE67AF1EE10FA00F1E78124
:1050A800DFED8F6AF4EEE67AF1EE10FA00F3DF81B5
:1050B800D0ED095AF0EEE57AF4EE477AF1EE10FAFF
:1050C80000F2D581DFED8D7AF4EEE75AF1EE10FAB1
:1050D80000F1CD81F5EEC05AF1EE10FA00F3C78168
:1050E80090ED0A6AF0EEC67AF4EE477AF1EE10FA1D
:1050F80000F2BD81B5EEC06AF1EE10FA00F1B78199
:10510800DFED7F7AB4EEE76AF1EE10FA00F3AF81D3
:10511800D0ED0B7AB0EEE75AB4EE475AF1EE10FA3A
:1051280000F2A5819FED777AF4EEC77AF1EE10FAD6
:1051380000F19D81F4EEE67AF1EE10FA00F3978122
:10514800D0ED0C6A9FED657AB0EEE65AB4EE475A98
:10515800F1EE10FA00F28B81F5EEC06AF1EE10FA6A
:1051680000F18581B7EE005AF4EEC56AF1EE10FA47
:1051780000F37D8108B52DED0A8B90ED0DBAF0EEA8
:10518800CB6AF4EE476AF1EE10FA00F26C81B4EEE5
:10519800C5BAF1EE10FA00F16681DFED5B6AB4EE94
:1051A800E6BAF1EE10FA00F35E81D0ED0E8AF0EE69
:1051B800E86AF4EE476AF1EE10FA00F25481F0EE74
:1051C800006AF4EEE68AF1EE10FA00F14C81DFEDA8
:1051D8004F6AF4EEE68AF1EE10FA00F34481D0ED5E
:1051E8000FAAF0EEEA6AF4EE476AF1EE10FA00F25E
:1051F8003A81F4EEC5AAF1EE10FA00F13481B3EE6B
:10520800047AF4EEC7AAF1EE10FA00F32C8190EDBF
:10521800109A9FED325AF0EEC96AF4EE456AF1EE43
:1052280010FA00F22081F0EE086AB4EEE69AF1EE88
:1052380010FA00F11881DFED366AB4EEE69AF1EE65
:1052480010FA00F31081D0ED116AF0EEE64AF4EEA0
:10525800454AF1EE10FA00F20681DFED234AF4EE3A
:10526800E46AF1EE10FA00F1FE80F4EEC76AF1EE9E
:1052780010FA00F3F88090ED127AF0EEC74AF4EED7
:10528800454AF1EE10FA00F2EE809FED225AB4EE94
:10529800C57AF1EE10FA00F1E6809FED1F5AB4EEE0
:1052A800C57AF1EE10FA00F3DE8090ED138ADFED97
:1052B8000B4AB0EEC85AB4EE645AF1EE10FA00F296
:1052C800D280B5EEC08AF1EE10FA00F1CC809FEDE5
:1052D800135AB4EEC58AF1EE10FA2BE0FFFF7F7F78
:1052E8000000C8426F12833ACDCCCC3D0000484341
:1052F80000007A440050C3470000164600409CC591
:1053080000409C450AD7233C000048420000FA426E
:1053180000000243CDCC4C3E0000204200606A47AA
:1053280000808943FFFF7F7F0000C8420060EA4693
:105338006F12833A00F3978090ED14AAB0EECA5A20
:10534800B4EE645AF1EE10FA00F28D801FED0A5A9D
:10535800B4EEC5AAF1EE10FA00F185801FED0D5AE2
:10536800B4EEC5AAF1EE10FA7DDC90ED155AB0EE58
:10537800C54AB4EE644AF1EE10FA74D8F7EE004A62
:10538800B4EEE45AF1EE10FA6DD45FED1B4AB4EEB8
:10539800E45AF1EE10FA66DCD0ED169A1FED1F5AAA
:1053A800F0EEE94AF4EE454AF1EE10FA5BD81FED4B
:1053B800224AF4EEC49AF1EE10FA54D45FED254A6D
:1053C800F4EEE49AF1EE10FA4DDCD0ED17BAF0EEF7
:1053D800EB3AF4EE453AF1EE10FA44D8F0EE003A22
:1053E800F4EEE3BAF1EE10FA3DD4F4EEC4BAF1EEFD
:1053F80010FA38DC90ED18CAB0EECC4AB4EE454A43
:10540800F1EE10FA2FD8B5EEC0CAF1EE10FA2AD490
:10541800B4EEE4CAF1EE10FA25DCF4EEC65AF1EE69
:1054280010FA20D5F4EEC76AF1EE10FA1BD5B4EEE7
:10543800E8BAF1EE10FA16D5F4EEC98AF1EE10FAD0
:1054480011D5F4EEC9AAF1EE10FA0CD567EEA87AD8
:105458005FED496A67EEA67AB7EE007AF4EEC77A8E
:10546800F1EE10FA05D90020BDEC0A8B08BD00202A
:105478007047B5EE408AF1EE10FA09D0B4EECA8A48
:10548800F1EE10FAEFDBB4EEE98AF1EE10FAEADB9E
:10549800B0EE4B0A04F03CFBB4EE40BAF1EE10FA61
:1054A800E1D1B0EE680A04F033FBF4EE408AF1EE85
:1054B80010FAD8D1B0EE6A0A04F02AFBF4EE40AA3A
:1054C800F1EE10FACFD1B0EE490A04F021FBB4EEA8
:1054D800409AF1EE10FAC6D1B0EE480A04F018FB73
:1054E800B4EE408AF1EE10FABDD1B0EE4A0A04F0EB
:1054F8000FFBB4EE40AAF1EE10FAB4D1B0EE4C0AAC
:1055080004F006FBB4EE40CAF1EE10FAABD1B0EEEF
:10551800690A04F0FDFAF4EE409AF1EE10FAA2D10D
:10552800B0EE6B0A04F0F4FAF4EE40BAF1EE10FAB9
:105538000CBF0120002097E70346002800F0B78140
:1055480010B4BF4CD0F800C0BE4800212CFA01F2BC
:10555800D2B208314240202904FB02F0F6D1D3F838
:1055680004C0B74C00212CFA01F2D2B208314240F3
:10557800202904FB02F0F6D1D3F808C0B04C002172
:105588002CFA01F2D2B208314240202904FB02F081
:10559800F6D1D3F80CC0AA4C00212CFA01F2D2B2F1
:1055A80008314240202904FB02F0F6D1D3F810C09C
:1055B800A34C00212CFA01F2D2B208314240202932
:1055C80004FB02F0F6D1D3F814C09D4C00212CFA4C
:1055D80001F2D2B208314240202904FB02F0F6D190
:1055E800D3F818C0964C00212CFA01F2D2B2083137
:1055F8004240202904FB02F0F6D1D3F81CC0904C9D
:1056080000212CFA01F2D2B208314240202904FBD1
:1056180002F0F6D1D3F820C0894C00212CFA01F20F
:10562800D2B208314240202904FB02F0F6D1D3F867
:1056380024C0834C00212CFA01F2D2B20831424036
:10564800202904FB02F0F6D1D3F828C07C4C0021B5
:105658002CFA01F2D2B208314240202904FB02F0B0
:10566800F6D1D3F82CC0764C00212CFA01F2D2B234
:1056780008314240202904FB02F0F6D1D3F830C0AB
:105688006F4C00212CFA01F2D2B208314240202995
:1056980004FB02F0F6D1D3F834C0694C00212CFA8F
:1056A80001F2D2B208314240202904FB02F0F6D1BF
:1056B800D3F838C0624C00212CFA01F2D2B208317A
:1056C8004240202904FB02F0F6D1D3F83CC05C4CE0
:1056D80000212CFA01F2D2B208314240202904FB01
:1056E80002F0F6D1D3F840C0554C00212CFA01F253
:1056F800D2B208314240202904FB02F0F6D1D3F897
:1057080044C04F4C00212CFA01F2D2B20831424079
:10571800202904FB02F0F6D1D3F848C0484C0021F8
:105728002CFA01F2D2B208314240202904FB02F0DF
:10573800F6D1D3F84CC0424C00212CFA01F2D2B277
:1057480008314240202904FB02F0F6D1D3F850C0BA
:105758003B4C00212CFA01F2D2B2083142402029F8
:1057680004FB02F0F6D1D3F854C0354C00212CFAD2
:1057780001F2D2B208314240202904FB02F0F6D1EE
:10578800D3F858C02E4C00212CFA01F2D2B20831BD
:105798004240202904FB02F0F6D1D3F85CC0284C23
:1057A80000212CFA01F2D2B208314240202904FB30
:1057B80002F0F6D1D3F860C0214C00212CFA01F296
:1057C800D2B208314240202904FB02F0F6D1D3F8C6
:1057D80064C01B4C00212CFA01F2D2B208314240BD
:1057E800202904FB02F0F6D1D3F868C0144C00213C
:1057F8002CFA01F2D2B208314240202904FB02F00F
:10580800F6D1D3F86CC00E4C00212CFA01F2D2B2BA
:1058180008314240202904FB02F0F6D1D3F870C0C9
:10582800074C00212CFA01F2D2B20831424020295B
:1058380004FB02F0F6D1D3F874C0014C002103E058
:1058480093010001C59D1C812CFA01F2D2B20831E6
:105858004240202904FB02F0F6D1D3F878C0144C5A
:1058680000212CFA01F2D2B208314240202904FB6F
:1058780002F0F6D1D3F87CC00D4C00212CFA01F2CD
:10588800D2B208314240202904FB02F0F6D1D3F805
:1058980080C0074900222CFA02F3DBB208324340E9
:1058A800202A01FB03F0F6D15DF8044B70477047DE
:1058B800930100019FED077AF6EE007AE0EE077A91
:1058C80008B5B0EE670A04F023F9FDEEC07A17EECA
:1058D800900A08BD0000704300285AD000B52DED8D
:1058E800028B90ED008ADFED2B8AF0EEC87A83B048
:1058F800F4EE687AF1EE10FA019044D8F7EE007AE7
:10590800B4EEE78AF1EE10FA3DDBDFED237AB4EE70
:10591800E78AF1EE10FA36D8B0EE480A04F0F8F843
:10592800B4EE408AF1EE10FA2DD10198D0ED017A4B
:10593800B0EEE77AB4EE687AF1EE10FA23D8F5EE15
:10594800C07AF1EE10FA1EDB9FED147AF4EEC77AF6
:10595800F1EE10FA17D8D0ED027AB0EEE77AB4EE8D
:10596800687AF1EE10FA0ED8F5EEC07AF1EE10FA78
:1059780009DBB2EE047AF4EEC77AF1EE10FA94BFBE
:105988000120002000E0002003B0BDEC028B5DF890
:1059980004FB7047FFFF7F7F00803B4500002042EB
:1059A80010B485B00168426883680D4C0D480191B8
:1059B800029203930DF1040C5CF8041B002321FAF6
:1059C80003F2D2B208335040202B04FB00F0F6D18A
:1059D80004AB6345F0D105B05DF8044B704700BFD8
:1059E80093010001C59D1C81002800F0ED8390ED16
:1059F800007ADFEDE87AF0EEC76AF4EE676AF1EE56
:105A080010FA00F2E18330B52DED108B90ED01BA5C
:105A1800B0EECB6AB4EE676AF1EE10FAB5B000F2F8
:105A2800CE8390ED026AF0EEC65AF4EE675AF1EEB4
:105A380010FA00F2C48390ED03DAB0EECD5AB4EE5A
:105A4800675AF1EE10FA00F2BA83D0ED04FAF0EEDC
:105A5800EF4AF4EE674AF1EE10FA00F2B08390EDE7
:105A680005FAB0EECF4AB4EE674AF1EE10FA00F24A
:105A7800A683D0ED06EAF0EEEE3AF4EE673AF1EEE0
:105A880010FA00F29C83D0ED07CAB0EEEC3AB4EEFF
:105A9800673AF1EE10FA00F29283D0ED08DAF0EEF0
:105AA800ED2AF4EE672AF1EE10FA00F2888390ED01
:105AB80009AAB0EECA2AB4EE672AF1EE10FA00F28B
:105AC8007E8390ED0AEAF0EECE1AF4EE671AF1EE54
:105AD80010FA00F27483D0ED0BAAB0EEEA1AB4EE15
:105AE800671AF1EE10FA00F26A8390ED0CCAF0EE34
:105AF800CC0AF4EE670AF1EE10FA00F2608390ED3A
:105B08000D8AF0EEC80AF4EE670AF1EE10FA00F218
:105B18005683D0ED0E6AF0EEE60AF4EE670AF1EE6F
:105B280010FACDED046A00F24A83D0ED0F8AF0EE48
:105B3800E80AF4EE670AF1EE10FA00F2408390EDFD
:105B4800109AF0EEC90AF4EE670AF1EE10FA00F2C4
:105B58003683D0ED116AF0EEE60AF4EE670AF1EE4C
:105B680010FACDED036A00F22A83D0ED126AF0EE46
:105B7800E60AF4EE670AF1EE10FACDED056A00F2D6
:105B88001E83D0ED13BAB0EEEB0AB4EE670AF1EE5D
:105B980010FA00F21483D0ED146AB0EEE60AB4EEFF
:105BA800670AF1EE10FACDED066A00F20883D0ED2F
:105BB800156AB0EEE60AB4EE670AF1EE10FACDED1A
:105BC800076A00F2FC82D0ED166AB0EEE60AB4EE7F
:105BD800670AF1EE10FACDED086A00F2F082D0ED16
:105BE800176AB0EEE60AB4EE670AF1EE10FACDEDE8
:105BF8000C6A00F2E482D0ED186AB0EEE60AB4EE60
:105C0800670AF1EE10FACDED0D6A00F2D882D0EDF8
:105C1800196AB0EEE60AB4EE670AF1EE10FACDEDB5
:105C28000E6A00F2CC82D0ED1A6AB0EEE60AB4EE43
:105C3800670AF1EE10FACDED096A00F2C082D0EDE4
:105C48001B9AB0EEE90AB4EE670AF1EE10FA00F218
:105C5800B682D0ED1C6AB0EEE60AB4EE670AF1EE41
:105C680010FACDED006A00F2AA82D0ED1D7AF0EEAE
:105C7800676ACDED017ADFED477AB0EEE60AB4EE59
:105C8800670AF1EE10FA00F29A82D0ED1E6AB0EEC1
:105C9800E60AB4EE670AF1EE10FACDED026A00F2F8
:105CA8008E82D0ED1F6AB0EEE60AB4EE670AF1EE16
:105CB80010FACDED0A6A00F28282D0ED206AB0EEC9
:105CC800E60AB4EE670AF1EE10FACDED0B6A00F2BF
:105CD8007682F0EE007AB4EE67BAF1EE10FA00F0D0
:105CE800CA82F7EE007AB4EEE77AF1EE10FA8DED9B
:105CF800116ACDED107A00F162829FED270AB4EEA9
:105D0800C07AF1EE10FA00F35A82B0EE470A8DED30
:105D18000F7A03F0FDFE9DED0F7AB4EE407AF1EEB6
:105D280010FA40F04C82B5EE40BAF1EE10FA9DED53
:105D3800116A07D0DDED107AB4EE67BAF1EE10FA09
:105D480040F03D82B5EEC06AF1EE10FA00F13782FC
:105D5800F2EE0E7AB4EEE76AF1EE10FA00F32F8253
:105D6800B0EE460A8DED0F6A03F0D2FE9DED0F6A84
:105D7800B4EE406AF1EE10FA40F02182B5EEC0DAD6
:105D8800F1EE10FA00F11B82DFED037AF4EEE7FA88
:105D98000EE000BFFFFF7F7F00FF7F470050C34733
:105DA800000016450000C8420000164600606A4719
:105DB800F1EE10FA00F30382B4EEEFDAF1EE10FA26
:105DC80080F2FD81B0EE4D0A03F0A2FEB4EE40DA97
:105DD800F1EE10FA40F0F381B0EE6F0A03F098FE8E
:105DE800F4EE40FAF1EE10FA40F0E981B5EEC0FAAF
:105DF800F1EE10FA40F2E381B5EEC0AAF1EE10FA26
:105E080040F2DD81B4EECEAAF1EE10FA80F2D7812D
:105E18005FED1E7AB4EEE7EAF1EE10FA00F3CF81F7
:105E2800B5EEC0CAF1EE10FA00F1C981B4EECCAA01
:105E3800F1EE10FA40F2C381F7EE007AB4EEE78A89
:105E4800F1EE10FA00F1BB811FED2B7AB4EEC78A90
:105E5800F1EE10FA00F3B3819DED047AB4EEE77A1F
:105E6800F1EE10FA00F1AB815FED327AB4EEE77A29
:105E7800F1EE10FA00F3A381F5EEC08AF1EE10FA04
:105E880000F19D815FED387AF4EEE78AF1EE10FAC1
:105E980000F39581B5EEC09AF1EE10FA00F18F810A
:105EA800DDED037AF5EEC07AF1EE10FA00F18781A4
:105EB800DDED057AF5EEC07AF1EE10FA00F17F819A
:105EC8009DED097AB5EE407AF1EE10FA07D0F7EEBB
:105ED800007AB4EE677AF1EE10FA40F07081F5EED0
:105EE800C09AF1EE10FA00F16A81F0EE007AF4EE51
:105EF800E79AF1EE10FA00F36281B0EE690A03F056
:105F080007FEF4EE409AF1EE10FA40F05881DDED0C
:105F1800007AF5EEC07AF1EE10FA00F15081DDED6D
:105F2800017AF5EEC07AF1EE10FA00F148819DEDA4
:105F3800027AB5EEC07AF1EE10FA00F140815FED19
:105F4800657AB4EEE77AF1EE10FA00F33881DDED08
:105F58000A7AF5EEC07AF1EE10FA00F13081DDED43
:105F68000B7AF5EEC07AF1EE10FA00F12881DDED3A
:105F7800097AF5EE407AF1EE10FAF5EE409A00F063
:105F88002581F1EE10FA00F01A81F5EEC08AF1EEE3
:105F980010FA43DDF1EE007AB4EEE79AF1EE10FA6A
:105FA80000F10D81DDED007AB7EE007AF4EEC77AE4
:105FB800F1EE10FA00F10381DDED016AF4EEE67A04
:105FC800F1EE10FA80F2FB80F0EE007A79EE677A53
:105FD800F4EEE76AF1EE10FA00F3F180DDED027AF3
:105FE800F4EEC77AF1EE10FA00F1E980DDED057AFA
:105FF800F5EEC07AF1EE10FA40F2E180DDED0A7AB2
:10600800F5EEC07AF1EE10FA40F2D9809DED0B7AE8
:10601800F4EEC77AF1EE10FA80F2D180F7EE007A4A
:10602800F4EEE7BAF1EE10FA00F1C9801FEDA17A9B
:10603800F4EEC7BAF1EE10FA00F3C180DDED066A9E
:10604800F4EEE6BAF1EE10FA00F3B980F4EEC76A9E
:10605800F1EE10FA00F3B3809DED077AB4EEE77A1B
:10606800F1EE10FA00F1AB80F4EEC7BAF1EE10FAD7
:1060780000F1A5809DED086AB4EEE76AF1EE10FA2A
:1060880000F19D80F4EEC6BAF1EE10FA00F19780A7
:10609800DDED0C5AF4EEE75AF1EE10FA00F18F80BC
:1060A8009DED0E5AF4EEC55AF1EE10FA00F3878012
:1060B800DDED0D7AF5EEC07AF1EE10FA7FD9F4EE47
:1060C800C56AF1EE10FA7AD4B4EEEB9AF1EE10FA52
:1060D80075DC5FEDCA7ADDED034AF4EEE74AF1EECE
:1060E80010FA6CDCB4EEE49AF1EE10FA67DCDDED40
:1060F800007ACDED13BACDED1B7ADDED017ACDED49
:10610800146ACDED1C7ADDED027A8DED157A8DEDF0
:10611800166ACDED175A8DED185A8DED199ACDEDF9
:106128001A4ACDED1D7A13AD0B24B5EC018AB0EEF9
:10613800480A03F0EDFCB4EE408AF1EE10FA3ED1C5
:10614800013CF2D1B5EE40BAF1EE10FA00F0D3807E
:10615800B4EEEAEAF1EE10FA2FD5DFED717AF4EE3B
:10616800E7AAF1EE10FA28D8F5EEC0CAF1EE10FA57
:1061780023DBF4EECACAF1EE10FA1ED5F4EECEDA3D
:10618800F1EE10FA19DBF4EEE7DAF1EE10FA14D8B2
:10619800F0EE6E7AEDEE0F7AF4EEE7CAF1EE10FA51
:1061A800C0F2BB80B0EE6E4AAFEE8F4AB4EEC4EADE
:1061B800F1EE10FA94BF01240024204600E00020EC
:1061C80035B0BDEC108B30BD00207047F1EE10FAF1
:1061D800F5D1B5EE40BAF1EE10FAF0D1F7EE007A4B
:1061E800B4EE67FAF1EE10FAE9D1F5EE40EAF1EE15
:1061F80010FAE4D1B4EEE88AF1EE10FADFD5F5EE44
:1062080040BAF1EE10FADAD1DDED067AF5EE407A11
:10621800F1EE10FAD3D1DDED077AF5EE407AF1EE22
:1062280010FACCD1DDED087AF5EE407AF1EE10FAED
:10623800C5D1B5EE409AF1EE10FAC0D1DDED037A82
:10624800F5EE407AF1EE10FAB9D1DDED007AF5EE0F
:10625800407AF1EE10FAB2D1DDED017AF5EE407A2E
:10626800F1EE10FAABD1B5EE407AF1EE10FA0CBFB0
:1062780001200020A4E70146842213A803F0A8FB0C
:10628800002328492293842213A8209303F04AFB71
:10629800044670BBB5EEC08AF1EE10FA26DBDFEDDE
:1062A800227AB4EEE78AF1EE10FA1FD8B0EE480A67
:1062B80003F02EFCB4EE408AF1EE10FA16D1F5EE9A
:1062C800C08AF1EE10FA11DBDFED187AF4EEE78AF6
:1062D800F1EE10FA0AD8B0EE680A03F019FCF4EEF1
:1062E800408AF1EE10FA0CBF0124002404F00100EA
:1062F80066E70024FAE7F5EE40EAF7EE007AF1EEF9
:1063080010FAB4EE67FA0CBF01200020F1EE10FA83
:1063180000F0010018BF002052E7002420464FE794
:106328000050C34784A10008000016450000164627
:10633800002800F0A58038B5D0ED027A2DED048B49
:10634800DFED568AB0EEE77AB4EE687AF1EE10FA2D
:1063580005463DD8F5EEC07AF1EE10FA38D4B2EE23
:106368000E7AF4EEC77AF1EE10FA31DC90ED019A6C
:10637800B0EE007AB4EE479AF1EE10FAB0EE408A29
:106388000C4629D1FFF730FB10B3002C74D0F0EE87
:10639800C87AF4EE687AF1EE10FA6FD8F7EE007A60
:1063A800B4EEE78AF1EE10FA68DBDFED3D7AB4EE81
:1063B800E78AF1EE10FA61D8B0EE480A03F0A8FBBC
:1063C800B4EE480AF1EE10FA0CBF0020062000E0F7
:1063D8000120BDEC048B38BD91BBB7EE007AB4EE5A
:1063E800479AF1EE10FA2BD0FFF7FEFA0028EFD00B
:1063F800DFED2A7AB0EEC87AB4EE677AF1EE10FAD9
:106408003CD8B5EEC08AF1EE10FA37D9D5ED097A45
:10641800F4EEC87AF1EE10FA30D4002C3AD0D5ED6B
:10642800077AF4EEC87AF1EE10FA35DCD5ED087A81
:10643800F4EEC87AF1EE10FA4CBF07200020C8E746
:10644800FCEEE77A17EE903AD8071DD599071DD5C7
:106458005A0717D51B071BD52846FFF7C5FA00288A
:10646800B6D0F7EE007AB4EE679AF1EE10FA0CBFE8
:1064780001230023A342BBD00A20AAE70620A8E7ED
:10648800012070470420A4E70220A2E70320A0E728
:1064980005209EE720469CE707209AE7FFFF7F7FBD
:1064A80000803B45F8B50D4617461E460446A0B188
:1064B80090ED017AF0EE007AB4EE677AF1EE10FA18
:1064C8000BD143B1FFF790FA30B140F6B8339D4293
:1064D80001D8BD425FD00020F8BD002EFBD0204679
:1064E800FFF782FA0028F7D007EE905A94ED037A66
:1064F800F8EE677AF4EEC77AF1EE10FAEBD494ED81
:10650800047AF4EEC77AF1EE10FAE4DAD4ED016A0F
:10651800B7EE007AF4EE476AF1EE10FA36D1D4ED10
:10652800056A94ED067AA7EEA67ADFED1E6A86ED77
:10653800007AF0EEC77AF4EE667AF1EE10FACAD86D
:10654800B5EEC07AF1EE10FAC5DBD4ED0A7AF4EEB6
:10655800C77AF1EE10FABEDDD4ED016AF7EE007AE3
:10656800F4EE676AF1EE10FAB6D1D4ED077AF4EEDC
:10657800C77AF1EE10FAAED8D4ED087AF4EEC77AFD
:10658800F1EE10FAACBF01200020F8BD07EE907ABA
:10659800B8EEE77AC9E707EE905AF8EEE77AC6ED63
:1065A800007AF8BDFFFF7F7F10B50446FFF71CFA9D
:1065B80044B194ED017AF0EE007AB4EE677AF1EE28
:1065C80010FA40D000283DD0D4ED1A7AF5EE407A82
:1065D800F1EE10FA43D0D4ED017AF5EE407AF1EEFF
:1065E80010FA08D094ED027AF2EE0E7AB4EE677AD9
:1065F800F1EE10FA33D1D4ED0F7A94ED0D7AF4EE72
:10660800C77AF1EE10FA2ADD9FED167AF4EEC77A12
:10661800F1EE10FA23D8D4ED107AF5EEC07AF1EE47
:1066280010FA1CDD94ED117AF4EEC77AF1EE10FA47
:1066380015D8D4ED127AF5EEC07AF1EE10FACCBF87
:106648000120002010BD0028FCD0D4ED0F7AF5EE13
:10665800C07AF1EE10FACCBF0120002010BD002056
:1066680010BD00BF00001646801A61EB0301012827
:1066780071F10001ACBF01200020704758B3D0ED84
:10668800007A9FED167AF0EEE76AF4EE476AF1EECB
:1066980010FA20D8F5EEC07AF1EE10FA1BD4DFED2F
:1066A800106AF4EEE67AF1EE10FA14DCD0ED017A15
:1066B800B0EEE76AB4EE476AF1EE10FA0BD8F5EEE1
:1066C800C07AF1EE10FA06D4F4EEE67AF1EE10FA9A
:1066D80001DCFEF739BC0020704700BFFFFF7F7F59
:1066E80000007A4430B50D469BB0044648B141B12C
:1066F80090ED017AF0EE007AB4EE677AF1EE10FAD6
:106708001DD02046FFF770F9B8B12846FFF7B6FF4D
:1067180098B195ED077AD4ED0D7AB4EEE77AF1EEFB
:1067280010FA2ED895ED087AD4ED0E7AB4EEE77A01
:10673800F1EE10FA94BF012000201BB030BD642296
:1067480001A803F045F9002320460893FFF74CF908
:106758000028F2D02846FFF791FF0028EDD00A491B
:10676800642201A803F0DEF858B995ED077AD4ED54
:106778000D7AB4EE677AF1EE10FA0CBF0120002012
:10678800DBE700201BB030BD08A2000870B52DED76
:10679800028B0D4682B0B0EE408AF0EE608A164653
:1067A800044638B1D0ED1A7AF5EE407AF1EE10FAD7
:1067B80000F08480002E7CD029462046FFF792FF07
:1067C800002876D0DFED447AB0EEC87AB4EE677A66
:1067D800F1EE10FA6DD8B5EEC08AF1EE10FA68D471
:1067E800D4ED0A7AF4EEC87AF1EE10FA61D9D4ED54
:1067F800017AF5EE407AF1EE10FA14BF012100217A
:10680800B0EE680A2046FFF793FD002852D178EED3
:10681800C80AF1EE087AF0EEE00A60EEA77AD5ED44
:10682800056A87EEA60AB7EE087A60EE870AD5ED04
:10683800047AB5EE400AF1EE10FA80EEA78A44D445
:10684800F1EEC00A0190B0EE480A03F0F1F886EDC7
:10685800000A94ED017A0198F0EE007AB4EE677AB6
:10686800F1EE10FAB0EE408A24D0D5ED130A94ED7B
:10687800140A03F005F9F0EE400A94ED130A03F048
:10688800FFF89FED167AD5ED187A28EE078A78EE8C
:10689800277AF4EEC07AF1EE10FA14DCD4ED167A09
:1068A800B4EEE78AF1EE10FACCBF01200020C00058
:1068B80000E0012002B0BDEC028B70BD0B2002B0DD
:1068C800BDEC028B70BD0820F4E7019003F08EF850
:1068D8000198F0EE400AB5E7FFFF7F7F00007A4499
:1068E80010B40346A44CA548D3F800C000212CFAE4
:1068F80001F2D2B208314240202904FB02F0F6D15D
:10690800D3F804C09C4C00212CFA01F2D2B2083111
:106918004240202904FB02F0F6D1D3F808C0964C77
:1069280000212CFA01F2D2B208314240202904FB9E
:1069380002F0F6D1D3F80CC08F4C00212CFA01F2EA
:10694800D2B208314240202904FB02F0F6D1D3F834
:1069580010C0894C00212CFA01F2D2B20831424011
:10696800202904FB02F0F6D1D3F814C0824C002190
:106978002CFA01F2D2B208314240202904FB02F07D
:10698800F6D1D3F818C07C4C00212CFA01F2D2B20F
:1069980008314240202904FB02F0F6D1D3F81CC08C
:1069A800754C00212CFA01F2D2B20831424020295C
:1069B80004FB02F0F6D1D3F820C06F4C00212CFA6A
:1069C80001F2D2B208314240202904FB02F0F6D18C
:1069D800D3F824C0684C00212CFA01F2D2B2083155
:1069E8004240202904FB02F0F6D1D3F828C0624CBB
:1069F80000212CFA01F2D2B208314240202904FBCE
:106A080002F0F6D1D3F82CC05B4C00212CFA01F22D
:106A1800D2B208314240202904FB02F0F6D1D3F863
:106A280030C0554C00212CFA01F2D2B20831424054
:106A3800202904FB02F0F6D1D3F834C04E4C0021D3
:106A48002CFA01F2D2B208314240202904FB02F0AC
:106A5800F6D1D3F838C0484C00212CFA01F2D2B252
:106A680008314240202904FB02F0F6D1D3F83CC09B
:106A7800414C00212CFA01F2D2B2083142402029BF
:106A880004FB02F0F6D1D3F840C03B4C00212CFAAD
:106A980001F2D2B208314240202904FB02F0F6D1BB
:106AA800D3F844C0344C00212CFA01F2D2B2083198
:106AB8004240202904FB02F0F6D1D3F848C02E4CFE
:106AC80000212CFA01F2D2B208314240202904FBFD
:106AD80002F0F6D1D3F84CC0274C00212CFA01F271
:106AE800D2B208314240202904FB02F0F6D1D3F893
:106AF80050C0214C00212CFA01F2D2B20831424098
:106B0800202904FB02F0F6D1D3F854C01A4C002116
:106B18002CFA01F2D2B208314240202904FB02F0DB
:106B2800F6D1D3F858C0144C00212CFA01F2D2B295
:106B380008314240202904FB02F0F6D1D3F85CC0AA
:106B48000D4C00212CFA01F2D2B208314240202922
:106B580004FB02F0F6D1D3F860C0074900222CFAF2
:106B680002F3DBB208324340202A01FB03F0F6D1DE
:106B78005DF8044B704700BF93010001C59D1C815F
:106B880070B52DED028B82B0CDED010A05460028C7
:106B980059D00C46002956D0D1ED007ADFED498A4C
:106BA800B0EEE77AB4EE687AF1EE10FA4BD8F5EE6B
:106BB800C07AF1EE10FA46D49FED437AF4EEC77A24
:106BC800F1EE10FA3FDCD1ED017AF0EEE76AF4EE6F
:106BD800686AF1EE10FA36D8F5EEC07AF1EE10FADE
:106BE80031D4F4EEC77AF1EE10FA2CDC0846B0EE98
:106BF800408AFEF7A9F9064630B3F0EEC87AF4EEFB
:106C0800687AF1EE10FA1ED8B5EEC08AF1EE10FAE5
:106C180019D4DFED2E7AB4EEE78AF1EE10FA12DC21
:106C2800DDED010AF0EEE06AF4EE686AF1EE10FAC2
:106C380009D8F5EEC00AF1EE10FA04D9F4EEE70A25
:106C4800F1EE10FA05DD0026304602B0BDEC028BED
:106C580070BD28220021281D02F08DFEDDED010AFD
:106C6800D4ED056A70EEC87AB1EE087AF0EEE77AEC
:106C780027EE877AB7EE086A87EE260A67EE867AE5
:106C880094ED047A85ED058AB5EE400AF1EE10FA26
:106C980085ED028A85ED008AC5ED060A87EE878AAA
:106CA8000BD4F1EEC00AB0EE480A02F0C1FE01238F
:106CB80085ED070A85F82830C6E702F097FEF0EE62
:106CC800400AF0E7FFFF7F7F00007A440050C34787
:106CD80070B504462DED048B002800F09A81154606
:106CE800002A00F0968190F82800002800F08E8194
:106CF8000846F0EE408AB0EE608A0E46FFF7BEFC0A
:106D0800002800F08381DFEDCB7AB0EEE87AB4EEAC
:106D1800677AF1EE10FA00F27C81F5EEC08AF1EEA6
:106D280010FA00F176819FEDC47AF4EEC78AF1EE8D
:106D380010FA00F36E81B0EEC87AB4EE677AF1EE1D
:106D480010FA00F26681D6ED0D7A9FEDBC7A67EEF7
:106D5800877AF4EEC87AF1EE10FA00F35A81D6ED8C
:106D68000E7A67EE877AF4EEC87AF1EE10FA00F13F
:106D78005081D4ED007A9FEDAF7AF0EEE77AF4EE29
:106D8800477AF1EE10FA00F24481D4ED027AF0EE7F
:106D9800E77AF4EE477AF1EE10FA00F23A81D4ED90
:106DA800037AF0EEE77AF4EE477AF1EE10FA00F2A1
:106DB8003081D4ED047AF0EEE77AF4EE477AF1EE1A
:106DC80010FA00F22681D4ED087AF0EEE77AF4EEB4
:106DD800477AF1EE10FA00F21C81D4ED077AF0EE52
:106DE800E77AF4EE477AF1EE10FA00F21281D4ED68
:106DF800097AF0EEE77AF4EE477AF1EE10FA00F24B
:106E08000881D4ED057AF0EEE77AF4EE477AF1EEF0
:106E180010FA00F2FE80D4ED067AF0EEE77AF4EE8E
:106E2800477AF1EE10FA00F2F48030220021281D92
:106E380002F0A1FD94ED079A94ED080A85ED008A09
:106E480038EE000AF0EE490A02F01AFE94ED057ACF
:106E5800D4ED067A84ED080AB5EEC09AF1EE10FA80
:106E680077EEC77A40F3E08080EE096AF1EE086AAF
:106E780067EEA66AF7EE005A75EEC65A66EE866A9F
:106E8800F0EE004A66EEA56AB0EE085AC6EE895AD8
:106E9800A6EE645A66EE277A67EE867AA7EE857ABA
:106EA800D6ED0C7A96ED036AD4ED026AD4ED039A16
:106EB80096ED014AD6ED080A78EE277A38EE066A8A
:106EC80088EE275A38EEE60AC8EE063AB0EE666A49
:106ED800A5EE006AD6ED007A84ED007A76EE666A51
:106EE800C4ED015A86EE885A84ED026A75EE696A25
:106EF80077EE464AE3EEA69AB5EE404AC4ED039A09
:106F080085ED017A96ED027AC5ED025AF1EE10FA96
:106F180014BFD4ED046ADFED4A6A85ED036AB5EE65
:106F2800407A64EEA77AF1EE10FA14BF27EE697A78
:106F38009FED437AC5ED057A77EEA68ADFED407AB4
:106F4800C5ED066A78EE878A85ED077A78EEA78A16
:106F5800C5ED087AC5ED044AF1EE600AB0EE680A9C
:106F6800C5ED098A02F064FDF0EE400A96ED070AC5
:106F780002F086FDD4ED097A9FED317A67EE806ADA
:106F8800F4EE408AF1EE10FAB0EE409A18BF0123F1
:106F9800F4EEC76A96ED060A18BF2B63F1EE10FAF5
:106FA800B4EEC79AD8BFF0EE477AF1EE10FA28EEA1
:106FB800000AF0EE490A30DB37EE800A02F060FD85
:106FC800F0EE407AF4EE497AF1EE10FAC5ED0A7A5D
:106FD80003D02B6B43F002032B639FED167AF0EE80
:106FE800E88AF4EE478AF1EE10FA12D8F0EEE77A62
:106FF800F4EE477AF1EE10FA0BD8F0EEE99AF4EED7
:10700800479AF1EE10FA94BF01200020BDEC048BE2
:1070180070BDBDEC048B002070BD37EEC00A02F0D5
:1070280007FDF0EE407ACDE737EE277ADFED045A18
:1070380036E700BFFFFF7F7F0050C3476F12833AD8
:107048000000000040B52DED068B84B00646029383
:10705800002800F0C580002A00F0C28001920029B3
:1070680000F0BE80D1ED007A9FED637AF0EEE76A1A
:10707800F4EE476AF1EE10FA00F2B280F5EEC07A4B
:10708800F1EE10FA00F1AC80DFED5C6AF4EEE67A1E
:10709800F1EE10FA00F3A48091ED01AAF0EECA7A9D
:1070A800F4EE477AF1EE10FA00F29A80B5EEC0AA33
:1070B800F1EE10FA00F19480B4EEE6AAF1EE10FABF
:1070C80000F38E8008460391FDF73EFF002800F08C
:1070D8008880019ADFED487AD2ED098AB0EEE87A25
:1070E800B4EE677AF1EE10FA7AD8D2ED049AB0EEDF
:1070F800E97AB4EE677AF1EE10FA71D892ED009A57
:10710800B0EEC97AB4EE677AF1EE10FA68D8B5EE47
:10711800C09AF1EE10FA63D903999FED397AD1ED4F
:107128000E7A67EE877AB4EEE79AF1EE10FA57DC3A
:10713800029B07EE903AB8EEE78AD1ED077AB4EEF3
:10714800E78AF1EE10FA4BDCD1ED087AF1EE677AB6
:10715800B4EEE78AF1EE10FA42D4136B5B0744D120
:1071680092ED0A0A0192CDE9020102F01BFDB4EE8C
:10717800408AF1EE10FADDE90120039935D1DFEDFF
:10718800218AB5EE40AAF1EE10FA31D0D1ED0B7A92
:10719800D6ED040A68EEA78ADFED177AE9EE8A8A47
:1071A800E9EE280AB0EEE07AB4EE677AF1EE10FA6A
:1071B80016D891ED090A0191CDE9020202F038FCD6
:1071C8000199F0EE400A91ED0A0A02F059FC039A7F
:1071D80086ED040A029882ED0B0A86ED098A00E022
:1071E800002004B0BDEC068B40BD78EE688AC8E785
:1071F800DFED040ADDE700BFFFFF7F7F00007A4470
:107208006F12833A000000002DE9F0432DED028B48
:1072180000F5EC7583B09FED758A026F8DED018ADC
:1072280001AB04460E46416E2846FFF73BF98046FF
:107238002846FEF781F98146EFF3108772B6BFF34F
:107248005F8FFCF7DDFFD4F89032D4ED827A94EDAD
:107258001E7AC4F894620133C4F89032D4F8A43288
:10726800F31AC4F8A832624B5B68C4F88C32D4F8BD
:107278009036C4F8B032D4F88436C4F8B432D4F8AE
:107288008836C4F8B8322378C4F8BC326378C4F8B6
:10729800C032A378C4F8C432A36DC4F81C33E36DBC
:1072A800C4F81833636EC4F82433B8EEC77A236E73
:1072B800C4F82033FCEEE77A4FF2091384EDFA7A2A
:1072C800C4F88832C4EDBF7AD4ED767A94ED777A33
:1072D800D4F86C31C4F8DC33FCEEE77AD4F86831C2
:1072E800C4EDD17AFCEEC77A0546C4F84893C4EDDC
:1072F800D37AC4F8D833B8F1000F03D094F8EB363A
:10730800002B5CD1DFED397A0023B0EE678AC4F830
:10731800743304F22443C3ED007A04F5856383EDE6
:10732800008A94F8E53623B1D4F89436F31AC4F8F1
:10733800643394F8E606EB68C4F8D03218B195F8CF
:10734800280000284ED195F82930AA8CC4F8E032DC
:1073580095F82A30C4F8D822EA8CC4F8D402C4F8C4
:10736800E432C4F8DC22BBBBD5ED017A6B78F8EEC9
:10737800677AA3BBD4F8942694F8E03604F2144153
:10738800C1ED007AC4F80023D4F8D826C4F8B42391
:107398000BB1B61AF30FD4F8BC26C4F8B833E378A7
:1073A80094F8E416C4F83013C4E9CD23BFF35F8F13
:1073B80087F3108803B0BDEC028BBDE8F083B4EE10
:1073C800487ADDED017A0123F1EE10FAC4F874333E
:1073D80018BFB0EE678A9CE7DFED047ACAE7F1EEE2
:1073E800677AC7E7FCF7F2FDADE700BF00000000D1
:1073F800689F0008F0B58DB004460E46FCF798FC6F
:1074080018B1002528460DB0F0BDD4E91831012285
:1074180084F8E626C4F89836C4F89030C4F8F032F8
:10742800226FC4F8F4120AAB04F5EC70FFF73AF8CF
:107438000028E6D0D4ED827A9DED0A0AF4EEC07AEF
:10744800F1EE10FAD4ED1E7A94BF01230023F8EE72
:10745800E70AC4F8E83204F5BA7104F51770FFF7C3
:107468008FFB0028CDD004F28C60FCF7D9FE0746CC
:107478000028C6D1D4ED700A94ED8A0A02F000FB08
:10748800F0EE400A94ED890A02F0FAFAD4ED647A33
:10749800D4F88C06BCEEC07AFDEEE77A17EE102A17
:1074A80017EE903A3146FCF72DFF05460028A8D084
:1074B800D4ED6D6A94ED747AD4ED6C7A0196FCEE95
:1074C800E66ABCEEC77ACDED026A0DF12702FCEE42
:1074D800E77A236E079205978DED047AD4F88C0627
:1074E800CDED037A00930BA9D4E916230691FDF795
:1074F800AFFA002885D1D4E91667D4F86432216E32
:1075080004F5D462C2E90067D4F85C22C4F8E43315
:107518000D23C4F89C16C4F8EC23237072E700BF4F
:10752800F8B5044616461D460F46FCF701FCD4F88C
:10753800CC230023A4F87131D4F8683322B90F2E74
:1075480045D00222C4F8CC23EBB1D4F8A03323B938
:107558000D2E49D00623C4F8A0330023C4F868339D
:107568000323C4E9E153D4F87833D4F87C23EB1A25
:107578009342D4E9160128BF1346C4F8803304F5B2
:10758800D66343E9020194F8E53643B1D4F8DC3612
:107598002BB12B44C4F8D836012384F8E0360023F5
:1075A800A4F8E436C4F8683384F884320023C4F8B5
:1075B8006C322378092B4FF009031CBF6770A67043
:1075C800237029462046BDE8F840FFF71DBED4F8D1
:1075D800D0235AB90322C4F8CC23002BD3D0D4F833
:1075E800A033002BB9D1B5E70723B4E70422C4F8C8
:1075F800CC23002BC7D0F2E7F0B501F1FF3C83B0F4
:1076080004461546BCF1090F06D8DFE80CF00E0554
:10761800050E55055F05055A06262046E6702946DB
:10762800FFF7F2FD304603B0F0BDD0F8CC230023BD
:1076380080F8E436A0F8713112B90123C0F8CC33D0
:10764800D4F86833B3B1D4E9DE320521C4F8A01305
:107658000021C4F868130321EB1AC4E9E151D4E905
:107668001601934228BF134604F5D662C4F8803346
:1076780042E9020194F8E53643B1D4F8DC362BB17F
:107688002B440122C4F8D83684F8E02600230022CF
:1076980084F8E536C4F8683384F88432C4F86C2278
:1076A80084F8EC36FCF744FB40BB2378092B1CBF5D
:1076B800012323700026B0E70378092B26D0022681
:1076C800ABE70378012B08D00326A6E70023A0F830
:1076D800713180F8943002269FE7B0F8E436002B29
:1076E800F2D190F8E03623B1D0F8D836D31A002B6F
:1076F80042DB94F89430B3B904268EE72B460A226D
:1077080006212046FFF70CFF072686E7FCF73EFD1B
:107718000028D4D0FCF74AFD0028D0D0012200234D
:107728002280A370C6E794F87231002BE4D094F855
:107738007131002BE0D004F5EC7604F5BA773946C0
:107748003046FEF7CFFF0028D6D0FCF72FFD0028E3
:10775800D2D0FCF71BFD0028CED0FCF751FD90F8E5
:107768002930002BC8D10023019394F8EB363BB99C
:107778000123C4F85033BFE70C23C0F85033BBE7EC
:10778800226F616E01AB3046FEF78CFE0028EFD009
:10779800D4ED1E7A9DED010AF8EEE70A3946304627
:1077A80004F22C42FEF7F2FFC4F850030028A3D1DC
:1077B80000260123A4F8716184F8E436C4F8BC56A5
:1077C80084F8EC6629E700BF90F8E526002A47D040
:1077D80030B5D0F8683383B004460BB903B030BD78
:1077E800002201928DF80320D0F88C060DF10303D6
:1077F80001AA0D46FDF724F898BB019B002B03DD79
:10780800D4F88C239A4237D307EE903A9DF8033088
:10781800F8EEE77AC4EDA07A002BDFD0D4F868330D
:107828000122C4F8A023002BD8D0D4E9DE30EB1A0B
:10783800834294ED166B28BF03460021C4F86813F1
:10784800C4F88033022004F5D66104F58763C4E9DF
:10785800E15001ED026BC3ED007AC4F8BC23BDE72B
:1078680070470823C4F8A0330D222B460621204672
:10787800FFF756FE03B030BDC4F88C33FCF7C0FCEC
:10788800C28C019BC4F8A823BEE700BF08B1FFF76C
:1078980047BE704700283DD070B50D4616460021FA
:1078A8004FF4DE62044602F066F88DB34C22294696
:1078B80004F1080002F08CF817494C22284602F01F
:1078C80031F828BB154B1B68A3F10103B3FA83F306
:1078D8005B0904F5BA7584F8953011496422284685
:1078E80002F076F80F49842204F5EC7002F070F883
:1078F8000123C4F884362846FEF7F2FFC4F8880648
:10790800FCF716FA31462046BDE87040FFF77CBC0C
:107918000023DEE7704700BF1C9F0008B89F0008DF
:1079280008A2000884A1000848B370B5037804468B
:1079380063B9154611B190F8953043B901222B4629
:1079480020461146BDE87040FFF7EABD70BD00F55E
:10795800BA7100F5EC70FEF7C5FE0028EED0FCF712
:1079680015FC0028EAD0FCF721FC0028E6D001230A
:10797800237029462046BDE87040FFF745BC704794
:107988000346A8B190F8EB0690B193F8740078B16B
:1079980093F8750060B1D3ED6C7A1B6EFCEEE77A54
:1079A800C91A17EE900A81428CBF00200120704747
:1079B800704700BF18B111B10978FFF71DBE01204B
:1079C800704700BF002800F09C8090F8E03670B542
:1079D8000D460446002B51D194F8E436002B59D1BA
:1079E80094F8E536002B71D0D4ED890A94ED8A0A13
:1079F80002F046F8F0EE400A94ED700A02F040F802
:107A0800FCEEC07A17EE903A23B1D4F89426AA1A5D
:107A18009A426ED2D4ED8C7AF5EEC07AF1EE10FA75
:107A280046DD94F8E636002B51D094F8E73643B992
:107A3800FCEEE77AD4F8983617EE902AEB1A9342C0
:107A480060D2D4ED6B7A236EFCEEE77AEB1A17EE70
:107A5800902A934245D8FDF761FA38B9FCF7D0FB74
:107A68008378042B02D0FCF7B1FA78BB2B4620466A
:107A78000D22BDE870400621FFF752BDD0F8D83678
:107A8800CB1A002BA4BF002380F8E03694F8E43624
:107A9800002BA5D0FCF77AFB10B1FCF787FBC8BB1D
:107AA8002B4620460A22BDE870400621FFF738BD64
:107AB800D4ED6B7A236EFCEEE77AEB1A17EE902A78
:107AC80093420ED894F8E636002BC4D170BDD4ED9D
:107AD8006B7A236EFCEEE77AEB1A17EE902A934244
:107AE800F4D902222B4620461146BDE87040FFF724
:107AF80017BD2B4620460F22BDE870400521FFF731
:107B08000FBD70472B4620460822BDE8704005216E
:107B1800FFF706BDFCF774FB90F82830002BBFD1A7
:107B2800D4F8BC36EB1AF92BDBD870BD002800F06E
:107B3800C4802DE9F04F2DED048B0D46B3B000291C
:107B480000F0A7800B7F16460446002B00F0A680A5
:107B58004B7F002B00F0A2808B69002BC0F29E8027
:107B6800CA68B2F5803F80F09980934240F09680D1
:107B780090F8EB36002B40F0138131462046FFF792
:107B880021FFAE46BEE80F0004F1580C94F8E586D4
:107B9800B4F8E4A6ACE80F009EE80F004FF0010926
:107BA800EF688CE80F0084F8EB96B8F1000F40F00E
:107BB800858000230A93BAF1000F04D094F874303A
:107BC800002B40F03A8507EE907A94ED7A7AF8EE39
:107BD800677AF4EEC77AF1EE10FA80F21781D4EDE5
:107BE800776AB7EE007AF4EE476AF1EE10FA0DD133
:107BF80094ED7B6A94ED7C7AD4ED806AA7EE867A60
:107C0800B4EEE67AF1EE10FA80F2008104F5EC7831
:107C1800AA6939460AAB4046FEF744FC00283DD025
:107C2800D4F88833012B40F21481D4F89833002B10
:107C380040F00F8194F8EB36002B00F00A8194F89D
:107C48007430002B00F0088594F8750050B1D4ED1D
:107C58006C7A226EFCEEE77AB21A17EE901A8A4214
:107C680040F2DB8094F8E526002A00F0FA841F46EB
:107C7800002840F0688194F8E426002A40F0148136
:107C8800002F40F09E810222334611462046FFF71E
:107C980047FC33B0BDEC048BBDE8F08FB4F8E43694
:107CA800002BF6D03346032202212046FFF738FC8A
:107CB80033B0BDEC048BBDE8F08F704794F8743096
:107CC800002B00F0278194F87530002B00F02281FA
:107CD800D4ED6C7A226EBCEEE77AB11A17EE103A40
:107CE800994208D8D4F83C33BB4204D2AB68C4F8F4
:107CF8003C73C4F8403300230A93BAF1000F3FF4F1
:107D080062AFFCEEE77AB21A17EE903A9A423FF663
:107D18005AAF94F8E436002B00F0FF80D4F8BC2664
:107D2800AB689B1A002BFFF64EAFA16F40F6B83335
:107D380099427FF448AF40F6B7339F427FF643AF8E
:107D4800D4F89036C4F894260133012B38BF0123A8
:107D5800C4F890364FF4E272002104F5227001F065
:107D68000AFED5E9023706F59C520832C4E9CF73FA
:107D7800C4F8D826012284F8E02607EE907A01217B
:107D8800F8EE677AC4E9F41304F234400523C0ED31
:107D9800007A3246C4F8CC332046FFF72DFC78E74A
:107DA800D0E91623D1E90001FEF75EFC002800F0B7
:107DB800A28094F8EB36002B3FF4DFAEAB68226E5E
:107DC8009B1A002B56DB0CD0D4F828230AB19A4210
:107DD80001D9C4F82833D4F82C239A4238BFC4F800
:107DE8002C33D5E90032A16D013B42F1FF325B1A19
:107DF800E16D62EB0102002A4FF0FF31D4F80C2349
:107E080018BF0B461A44C4F80C23B6E633460022C2
:107E180003212046FFF784FB3BE704F5D66353E9CB
:107E28000223D5E90001FEF71FFC90B1AA68D4F837
:107E38008433D31A002B0CDBD5E9003104F58860B4
:107E48000A9F0760C4E9F1130123C4F89423C4F816
:107E5800983394F8E536EBB194F8EB36002B69D1FA
:107E680094F8E436002B3FF40EAF31462046FFF776
:107E7800CBF90EE7B4F8E436002B3FF40AAF3346EB
:107E880004220221204633B0BDEC048BBDE8F04F3C
:107E9800FFF746BB94F8E436002BE6D094F8EB36AF
:107EA800002BE2D094F87430002BDED094F87500E3
:107EB8000028DAD0D4ED6C7A236EFCEEE77AF31A58
:107EC80017EE902A9342D0D8AB68D4F8BC269B1AF8
:107ED800002BCADB2378012B06D194F894301BB110
:107EE800A36F002B00F3BB843346092206212046EA
:107EF800FFF716FBB9E7B4F8E436002B3FF4C9AE38
:107F0800D5E90002D4E916139A4208BF88423FF423
:107F1800C0AEB4E700230A9355E6A26F40F6B83323
:107F28009A427FF450AE40F6B7339F427FF64BAE8D
:107F3800AB6822E794F87430002B91D094F8750060
:107F4800074600288CD0D4ED6C7A226EBCEEE77A16
:107F5800B11A17EE103A99420CD9FCEEE77AB21A28
:107F680017EE903A9A4294F8E41619D900293FF48A
:107F780087AE9DE7D4F8D033002BEED194ED1E7A6E
:107F8800DDED0A6AB8EEC77AB4EEE67AF1EE10FAD9
:107F9800E3D8AB68C4F8D4330123C4F8D033DCE7A2
:107FA80004F23443DDED0A7A93ED007AB4EEE77A11
:107FB800F1EE10FA40F11483C3ED007A00297FF442
:107FC80077AF00283FF45FAED4ED6C7A236EFCEEF9
:107FD800E77AF31A17EE902A93423FF654AE94F8D4
:107FE800E6369BB1D4F8E83283B994ED827ADDEDB8
:107FF8000A7AB4EEE77AF1EE10FA07D8EA68C4F81C
:10800800F4220123C4F8E83284F8E136D4F8BC330A
:10801800002B40F0B282D4F86833002B00F0858042
:1080280004F23C4393ED007ADDED0A7A04F244430E
:10803800D3ED006AF4EEE67AF1EE10FAC8BFC3EDAC
:10804800007A04F58963D3ED006A37EEC77AF4EE57
:10805800E67AD4ED966AF1EE10FAF4EEC76AC8BF74
:10806800C3ED007AF1EE10FA40F20C83D4ED1E6AEB
:1080780094ED886AF8EEE66A76EEE76AF4EEC66A88
:10808800F1EE10FA40F2E382D4ED976A76EEE77AE1
:10809800F5EEC07AF1EE10FA40F2D98223780E2B71
:1080A80000F0D582D4ED957AB4EEE77AF1EE10FAC5
:1080B800C0F25882D4F8D476FCF7A2F84368BB42E1
:1080C80038BF1F460223D4F88C06C4F8A0333A46BA
:1080D8003146FCF7D7F9002840F0718307EE907A13
:1080E800D4F86833F8EEE77A002B00F038830223DF
:1080F800C4E9E163D4F87833D4F87C23C4F868037E
:10810800F31A9342D4E916AB28BF1346C4F8803358
:1081180004F5D66204F58763012142E902ABC3ED99
:10812800007AC4F8BC13C4EDA07A94F8E536002BA5
:108138003FF4AFAD94F8E626AB68002A00F054820D
:10814800D4ED6A7AD4F89C76FCEEE77ADF1B17EE5A
:10815800902A9742C0F00683EA68D5ED067AC4F8FB
:10816800C822D5E90021F8EEE77AC4F89C1204F594
:108178008361C1ED007A04F5BA79C4E9A8236422C1
:1081880049460DEB020001F023FC07EE907AB8EEA9
:10819800678ADFED537A9DED0A0A28EE278AD4ED27
:1081A8001E7A04F5177AF8EEE78AF0EE480A49468F
:1081B8000CAA504678EEC08AFEF78AFD002800F027
:1081C800BE82DDED167AD4F86833FDEEE77A17EE55
:1081D800907A002B00F06182DDED107AF5EEC07A1E
:1081E800F1EE10FA40F2038494F8E396B9F1000F27
:1081F80000F05982D4F88C063146FCF7DFFA071EE6
:10820800C0F29D8207EE107ADDED167ADDED156A73
:10821800189BB8EEC77A43F0100377EE677A8DEDB6
:10822800167A36EEA77A1893D4F81432CDED147A6C
:108238008DED157A20934FF00009D4ED746A94ED12
:108248006C7AD4ED6D7A0597FCEEE66ABCEEC77AD7
:10825800FCEEE77A0196CDED046A8DED037ACDED5B
:10826800027AAB6800930DF1270307930BAB0693D3
:10827800D5E90023D4F88C06FCF7EAFB002840F087
:1082880096829DF827301BB1189B43F0040318937E
:1082980007EE907AF8EEE79ADDED167AF4EE679A33
:1082A800F1EE10FA03D0189B43F0080318930B9BC8
:1082B8000CAA19A95046FEF7C5FE002800F03F8217
:1082C800D4F868330B9973B3002904DDD4F88C33E0
:1082D8008B42C0F03581B9F1000F24D002E000BF15
:1082E8006F12833A0023C4F868330223C4E9E163B8
:1082F800D4F87833D4F87C23F31A07EE901A934213
:10830800D4E9168928BF1346F8EEE77AC4F8803313
:1083180004F5D66204F58763012042E90289C3EDBA
:10832800007AC4F8BC03AB68C4F89C3695ED006BC2
:10833800D4F8AC329DED0F9ADDED107ADDF834A05B
:10834800DDF83890DDF84480DDF848E0DDF84CC011
:10835800149F159D1698179A013304F5D46B8BED6D
:10836800006BC4F8AC3204F5806384EDF88AC4F875
:10837800ECA3C4F8F093C4F8F883C4F8FCE3C4F899
:10838800986284EDF99AC4EDFD7AC3F800C004F24E
:10839800044307EE101A1F6004F58163B8EEC77A2C
:1083A8001D6004F20C4383ED007A04F21C43C3ED14
:1083B800009A04F58463186004F582631A60189AB9
:1083C80094ED9F8AD4ED9E9AC4F8CC22B4EEE98A43
:1083D800F1EE10FA02F00102C0F2E68194ED727A31
:1083E800F0EEE77AF4EEC77AF1EE10FACCBF01238B
:1083F80000231846002A00F0CE8194F8E8560DB9FB
:10840800C4F8B066002840F0B38184F8E936D4F89F
:10841800B036F31AC4F80433012384F8E8364FF071
:1084280000080029C4F8088340F39181D4ED6F7ADD
:10843800F4EEE87AF1EE10FA40F1898194F8E23628
:1084480053B904F2CC610A9BC4F8C466C4F8C06688
:108458000B6004F5DA610B60D4ED8D7AD4F8C016A0
:10846800FCEEE77A012384F8E23617EE903A711AA7
:10847800994218D304F2CC61D1ED007A9DED0A7AC5
:10848800D4ED8E6A77EE677A04F58660F4EEE67AC4
:10849800F1EE10FAC0ED007AA4BFC4F8C46681ED0D
:1084A800007AC4F8C066D4F8C476F71BBB42C4F897
:1084B800587340F2978104F5DA63DDED0A7AD3ED5B
:1084C800006A94ED8E7A77EEE67AF4EEC77AF1EEEA
:1084D80010FAC0F28781002A0CBF03250125B4EEEB
:1084E800E98AF1EE10FAACBF01230023C4F85C332B
:1084F800D4ED8F0A94ED710AC4F8545301F0C0FA10
:10850800BCEEC00A10EE103ABB4240F26381B4EEF2
:10851800E98AF1EE10FAC0F28B81D4ED737AFCEEA1
:10852800E77A17EE903A434500F26281EB0700F1D3
:108538005F813346112205212046FEF7F1FF94E4BE
:10854800C4F88C13FBF75CFEC38CC4F8A833B9F1EC
:10855800000F00F0D582D4F868330B99002B7FF414
:10856800C1AEE0E6D4F8B033F31A002BFFF6DDAD68
:1085780031462046FFF728F9D7E504F5D66353E9D5
:108588000223D5E90001FEF76FF800283FF46DAC2F
:10859800AB68D4F884239B1A002BFFF666AC04F56D
:1085A800896393ED007ADDED0A7AB4EEE77AF1EEAD
:1085B80010FA48BFC3ED007A0023C4F8BC3304F2B4
:1085C8003C43D3ED006A94ED967A77EEE67AF4EEC2
:1085D800C77AF1EE10FA4ADA0123C4F8C0331AE573
:1085E80000293FF4EEAC63E4D5ED067AD4ED826A57
:1085F8009DED0A7AEA686968C4F8C822F8EEE77A55
:108608002A68C4F89C12F4EEC76A04F58361F1EE97
:1086180010FAC1ED007AC4E9A8233FF626AC31462A
:108628002046FEF7E7FE00287FF41FAC33460A22F7
:1086380006212046FEF774FF17E494F87530002BE6
:108648003FF4C1AA226ED4ED6C7AFFF75ABBFBF750
:10865800D7FD0027032336E594F8E526002A7FF4A2
:10866800FFAB94F8E426002A3FF4FFAB1CE4022396
:10867800C4F8C0331422334605212046FEF750FFC4
:10868800FFF707BB0423C4F8A033132233460521A0
:108698002046FEF745FFFFF7FCBA94F8E396B9F1D8
:1086A800000F7FF4C8AD4046FDF77EFF002800F0BC
:1086B8009D8094F8E136002B00F09680D4F8E832DB
:1086C800002B00F09180D4ED887AF4EEE87AF1EE90
:1086D80010FA80F2138294F8E736002B40F00C82EF
:1086E800DDED107AF5EEC07AF1EE10FA40F2028272
:1086F800D4EDA07AF5EEC07AF1EE10FA00F1FA8125
:10870800D4ED867A94ED877AD4F87033FCEEE77A64
:10871800BCEEC77A17EE902A17EE101A13448B4254
:1087280040F280810623C4F89C33D4F86833002BC8
:108738003FF483ADB9F1000F7FF47FAD5AE53346BE
:10874800122207212046FEF7EBFEFFF7A2BA00230C
:108758001D4684F8E236C4F858331F46BFE6C4ED18
:10876800A07AE2E431462046FFF72EF8FFF791BAE7
:1087780094F8E90608B9C4F8B46684F8E82684F8D9
:10878800E936002A67D11346C4F80433D4F8B4365E
:10879800A6EB030845E60028EAD184F8E82684F821
:1087A800E936C4F804233AE60023184622E633469D
:1087B8000A2206212046FEF7B3FEFFF76ABA08230D
:1087C800C4F8A0330D22334606212046FEF7A8FE42
:1087D800FFF75FBA3346102205212046FEF7A0FEB8
:1087E800FFF743BB02257AE603239CE702239AE7B7
:1087F800D4ED1E7A94ED6E7AF8EEE77A77EEC97AC0
:10880800F0EEE77AB4EEE77AF1EE10FA18DB2378A7
:108818000E2B18BFC4F8C866D4F8C8360E2101223A
:10882800F31A217084F8E726C4F86033FFF71DBBFC
:10883800D4ED1E7AF8EEE77A77EEC97AF0EEE77AA9
:1088480023780E2B00F0E5800D2200232270C4F857
:108858006033FFF70ABBD4F8B036F31A94E7D4EDC7
:10886800777A07EE103AF5EE407AF1EE10FAB8EEA4
:10887800C70A14BF012100214046FDF759FD0746EC
:1088880000287FF431AB04F5BA7529464046FDF758
:1088980029FF00283FF428ABFBF788FC00283FF4A9
:1088A80023ABFBF773FC00283FF41EABFBF7A8FCD7
:1088B80090F82930002B7FF417ABD4ED1E7A9DED8C
:1088C8000A0A04F22C492946F8EEE70A4A464046C5
:1088D800FDF75CFF0546C4F8500300287FF404AB9D
:1088E800002319934FF08073226F616E84F8EC06B1
:1088F80084F8EA06C4F8C806C4F8E606C4F8E236FE
:10890800C4F8946619ABC4F8C066C4F8C466404697
:10891800FDF7C8FD9DED198A94ED827AD4F890365A
:10892800D4ED947AB4EEC78AF1EE10FA03F101039C
:10893800ACBF01220022FCEEE77A012B04F2CC60E6
:1089480080ED008A38BF012304F5DA6080ED008AE3
:10895800C4F8903617EE903A294684F8E126C4F810
:10896800DC364FF4E27204F52270D9F8005001F0B9
:1089780002F8D4ED1E7AC9F80050F8EEE77A04F24E
:108988003443B4EEE78AF1EE10FA83ED008AA4BF0F
:108998000123C4E9F436D4E91832D4ED1C7AC4F8BA
:1089A800C822C4E9CF23F8EEE77AD4E9162104F502
:1089B8008360C0ED007AC4F8A4320C23C4F89C127A
:1089C800C4F8A022237031462046FEF713FD002884
:1089D80000F089802378C4F89866092B08BF072718
:1089E800C4F89060C4F8F062E770FFF73EBA03235A
:1089F800D4F88C06C4F8A033FBF71EFD8146002886
:108A08003FF4D5AE94F8E336002B3FF44CAE9946CC
:108A180013E494ED6F7AB4EEE77AF1EE10FA7FF58D
:108A280024AA11E7C4F870330123D4F88C06C4F8DB
:108A3800D476C4F89C3384F8E3363146FBF7ACFCB3
:108A480000283FF4B4AED4ED857AD4ED936A94ED62
:108A5800927A0197FDEEE77A3146CDED007AFCEE89
:108A6800E67AD4F88C0617EE903AFCEEC77A17EE41
:108A7800902AFBF71DFE00283FF499AEFBF7C0FBD8
:108A8800D4ED866AC269C4F86C2301238269C4F8EC
:108A98007823FCEEE66A026AA868C4F86833C4F86A
:108AA800883304F23C430A9994ED857AD4ED927A9E
:108AB800C4EDDF6A196004F24443BCEEC77A19605A
:108AC800FCEEE77A04F589631960C4F8900384ED35
:108AD800E97AC4EDEB7AC4F8B023B9F1000F7FF45A
:108AE800ACABFFF787BB33460A2206212046FEF7C8
:108AF80017FD6FE7052316E6082314E6042312E69C
:108B08000B9910E480B338B590F8E536044603B9FC
:108B180038BD0D46FBF774FB94F8E6367BB18378D5
:108B2800042B22D02BB12B460A2206212046FEF721
:108B3800F7FC29462046BDE83840FEF765BB90F8AB
:108B48002830002BF5D1D4F88820002AF1D04169CB
:108B58008A4202D18278012A0ED02B4606220521AC
:108B68002046FEF7DDFCE4E770472B460D22062180
:108B78002046FEF7D5FCDCE705F13201C4F8883061
:108B880084F8EA26C4F8B816D3E700BFB0B130B508
:108B9800044683B00D46FEF715FF29462046FEF72A
:108BA80013FE94F8E53613B194F8E6363BB129463E
:108BB800204603B0BDE83040FEF726BB7047FBF700
:108BC8001FFB90F82830002BF1D194F8EA3643B116
:108BD800D4F8B836EA1A002AE9DB226ED21A002A3B
:108BE800E5DBD4E90A23616A00950020FBF700F968
:108BF80030B12B46092206212046FEF791FCD6E724
:108C0800FBF7FEFA4369C4F88830D0E705281CD082
:108C1800062801D000207047A1F58073042B12D9D3
:108C2800A1F58873312B0ED9A1F5A063012B0AD9C0
:108C3800A1F5A463042B06D9A1F5A26109298CBF6B
:108C480000200120704701207047103901298CBF8E
:108C580000200120704700BF002877D02DE9F04F91
:108C68000529ADF5257D0D4616461F465BD006291C
:108C780004D006200DF5257DBDE8F08FA2F58073A0
:108C8800042B04463ED9A2F58873312B0BD9A2F5E3
:108C9800A063012B07D9A2F5A463042B03D9A2F57D
:108CA800A263092BE5D82578012D37D1B4F8E4362D
:108CB800A3BBFBF76BFA88B3FBF7A2FA90F828304E
:108CC80063BBB6F5A06F84F8723141D0A6F5A261F6
:108CD8008AB2092A40F2318440F20152964200F0E9
:108CE8004C84A6F5A46293B2032B00F2D18494F8C5
:108CF8007131002B40F034840023A4F8703184F8DB
:108D0800943006E0B2F5817FCDD14DF201139F4238
:108D18002CD001200DF5257DBDE8F08F03200DF541
:108D2800257DBDE8F08FA2F11003012BA1D8B7F57E
:108D38007F4FEED1102A08BF0A250023AE9A8DF87E
:108D48000C5283A98493FEF735FE93E706207047FB
:108D58004BF201529742CFD1C4F86031A4F8643184
:108D6800A4F8705184F89430002083E7EFF310835F
:108D7800659372B6BFF35F8FD4E9AC230093D4F840
:108D8800B8320193D4F8BC320293D4F8C0320393BA
:108D9800D4F8C4320493D4F8C8320593D4F8CC324A
:108DA8000693D4F8D0320793D4F8D4320893D4F881
:108DB800D8320993D4F8DC32D0E9A2A9D0E9A48E3C
:108DC800D0E9A6C7D0E9A865D0E9AA010A93D4F8E2
:108DD800E0320B93D4F8E4320C93D4F8E8320D93D4
:108DE800D4F8EC320E93D4F8F0320F93D4F8F4326E
:108DF8001093D4F8F8321193D4F8FC321293D4F8C3
:108E080000331393D4F804331493D4F80833159328
:108E1800D4F80C331693D4F810331793D4F81433CA
:108E28001893D4F818331993D4F81C331A93D4F838
:108E380020331B93D4F824331C93D4F828331D9380
:108E4800D4F82C331E93D4F830331F93D4F834332A
:108E58002093D4F838332193D4F83C332293D4F8B0
:108E680040332393D4F844332493D4F848332593D8
:108E7800D4F84C332693D4F850332793D4F854338A
:108E88002893D4F858332993D4F85C332A93D4F828
:108E980060332B93D4F864332C93D4F868332D9330
:108EA800D4F86C332E93D4F870332F93D4F87433EA
:108EB8003093D4F878333193D4F87C333293D4F8A0
:108EC80080333393D4F884333493D4F88833359388
:108ED800D4F88C333693D4F890333793D4F894334A
:108EE8003893D4F898333993D4F89C333A93D4F818
:108EF800A0333B93D4F8A4333C93D4F8A8333D93E0
:108F0800D4F8AC333E93D4F8B0333F93D4F8B433A9
:108F18004093D4F8B8334193D4F8BC334293D4F88F
:108F2800C0334393D4F8C4334493D4F8C833459337
:108F3800D4F8CC334693D4F8D0334793D4F8D43309
:108F48004893D4F8D8334993D4F8DC334A93D4F807
:108F5800E0334B93D4F8E4334C93D4F8E8334D938F
:108F6800D4F8EC334E93D4F8F0334F93D4F8F43369
:108F78005093D4F8F8335193D4F8FC335293D4F87F
:108F880000345393D4F804345493D4F808345593E4
:108F9800D4F80C345693D4F810345793D4F81434C6
:108FA8005893D4F818345993D4F81C345A93D4F8F5
:108FB80020345B93D4F824345C93D4F828345D933C
:108FC800D4F82C345E93D4F830345F93D4F8343426
:108FD8006093D4F838346193D4F83C346293D4F86D
:108FE80040346393D4F84434D4F848B46493BFF35A
:108FF8005F8F659B83F31088009BA4F87A341B0C61
:10900800A4F87834019BA4F87E341B0CA4F87C34B3
:10901800029BA4F882341B0CA4F88034039BA4F8A8
:109028004EA4A4F85294A4F85684A4F85AE4A4F8D8
:109038005EC4A4F86274A4F86664A4F86A54A4F838
:109048006E04A4F87214A4F87624090C120C4FEAE2
:109058001A4A4FEA19494FEA18484FEA1E4E4FEA92
:109068001C4C3F0C360C2D0C000CA4F87014A4F802
:109078007424A4F84CA4A4F85094A4F85484A4F834
:1090880058E4A4F85CC4A4F86074A4F86464A4F870
:109098006854A4F86C04A4F886341B0CA4F884342F
:1090A800049B059AA4F88A341B0CA4F88834130C82
:1090B800A4F88C34069BA4F892341B0CA4F89034C2
:1090C800079BA4F896341B0CA4F89434089BA4F8C6
:1090D8009A341B0CA4F89834099BA4F89E341B0CF2
:1090E800A4F89C340A9BA4F8A2341B0CA4F8A0345E
:1090F8000B9BA4F8A6341B0CA4F8A4340C9BA4F86E
:10910800AA341B0CA4F8A8340D9BA4F8AE341B0C8D
:10911800A4F8AC340E9BA4F88E24A4F8B2341B0C2B
:10912800A4F8B0340F9BA4F8B6341B0CA4F8B434DC
:10913800109BA4F8BA341B0CA4F8B834119BA4F8FB
:10914800BE341B0CA4F8BC34129BA4F8C2341B0C0C
:10915800A4F8C034139BA4F8C6341B0CA4F8C43478
:10916800149B159AA4F8CA341B0CA4F8C834130C21
:10917800A4F8CC34169BA4F8D2341B0CA4F8D03431
:10918800179BA4F8D6341B0CA4F8D434189BA4F865
:10919800DA341B0CA4F8D834199BA4F8CE24A4F80C
:1091A800DE341B0CA4F8DC341A9BA4F8E2341B0C44
:1091B800A4F8E0341B9BA4F8E6341B0CA4F8E434B0
:1091C8001C9BA4F8EA341B0CA4F8E8341D9BA4F8F3
:1091D800EE341B0CA4F8EC341E9BA4F8F2341B0CE0
:1091E800A4F8F0341F9BA4F8F6341B0CA4F8F4344C
:1091F800209BA4F8FA341B0CA4F8F834219BA4F89B
:10920800FE341B0CA4F8FC34229BA4F802351B0C7A
:10921800A4F80035239BA4F806351B0CA4F80435E4
:10922800249BA4F80A351B0CA4F80835259B269A1C
:10923800A4F80E351B0CA4F80C35130CA4F8103543
:10924800279BA4F816351B0CA4F81435289BA4F802
:109258001A351B0CA4F81835299BA4F81E351B0CCD
:10926800A4F81C352A9BA4F822351B0CA4F8203539
:109278002B9BA4F826351B0CA4F824352C9BA4F8AA
:109288002A351B0CA4F828352D9BA4F82E351B0C69
:10929800A4F82C352E9BA4F832351B0CA4F83035D5
:1092A8002F9BA4F81225A4F836351B0CA4F83435E6
:1092B800309BA4F83A351B0CA4F83835319BA4F838
:1092C8003E351B0CA4F83C35329BA4F842351B0CE8
:1092D800A4F84035339BA4F846351B0CA4F8443554
:1092E800349BA4F84A351B0CA4F84835359B369AAC
:1092F800A4F84E351B0CA4F84C35130CA4F85035C3
:10930800379BA4F856351B0CA4F85435389BA4F8A1
:109318005A351B0CA4F85835399BA4F85E351B0C3C
:10932800A4F85C353A9BA4F85225A4F862351B0CC6
:10933800A4F860353B9BA4F866351B0CA4F864358B
:109348003C9BA4F86A351B0CA4F868353D9BA4F82F
:109358006E351B0CA4F86C353E9BA4F872351B0CBB
:10936800A4F870353F9BA4F876351B0CA4F8743527
:10937800409BA4F87A351B0CA4F87835419BA4F8D7
:109388007E351B0CA4F87C35429BA4F882351B0C57
:10939800A4F88035439BA4F886351B0CA4F88435C3
:1093A800449BA4F88A351B0CA4F88835459BA4F87F
:1093B8008E351B0CA4F88C35469B479AA4F8923539
:1093C8001B0CA4F89035130CA4F89435489BA4F80A
:1093D8009A351B0CA4F89835499BA4F89E351B0CAC
:1093E800A4F89C354A9BA4F8A2351B0CA4F8A03518
:1093F8004B9BA4F8A6351B0CA4F8A4354C9BA4F8E9
:10940800AA351B0CA4F8A8354D9BA4F8AE351B0C47
:10941800A4F8AC354E9BA4F8B2351B0CA4F8B035B3
:109428004F9BA4F8B6351B0CA4F8B435509BA4F890
:109438009625A4F8BA351B0CA4F8B835519BA4F8A6
:10944800BE351B0CA4F8BC35529BA4F8C2351B0CC6
:10945800A4F8C035539BA4F8C6351B0CA4F8C43532
:10946800549BA4F8CA351B0CA4F8C835559BA4F81E
:10947800CE351B0CA4F8CC35569B579AA4F8D23598
:109488001B0CA4F8D035130CA4F8D435589BA4F8B9
:10949800DA351B0CA4F8D835599BA4F8DE351B0C1B
:1094A800A4F8DC355A9BA4F8E2351B0CA4F8E03587
:1094B8005B9BA4F8D625A4F8E6351B0CA4F8E43584
:1094C8005C9BA4F8EA351B0CA4F8E8355D9BA4F86E
:1094D800EE351B0CA4F8EC355E9BA4F8F2351B0C9A
:1094E800A4F8F0355F9BA4F8F6351B0CA4F8F43506
:1094F800609BA4F8FA351B0CA4F8F835619BA4F816
:10950800FE351B0CA4F8FC35629B639A6499A4F899
:1095180002361B0CA4F80036130CA4F804360B0C06
:10952800A4F808364FEA1B43A4F80626A4F80A163E
:10953800A4F80C36A4F80EB616E494F87031002B93
:109548003FF4DAAB05FA01F3A6F20C52B4F8601155
:1095580004EB42020B43A2F83C71A4F8603103E427
:1095680005FA02F3B4F8642104EB41011343A1F8AE
:109578003871A4F86431FFF7F7BB4CF201529742F7
:109588007FF4BAAB94F87021002A3FF4B5ABB4F875
:10959800601184F8703140F2FF3291427FF4ACAB35
:1095A800D4F86821531C3FF4A7ABB4F84401B4F8CD
:1095B8004631B4F8481143EA00436793B4F84A3196
:1095C800B4F84C0143EA01436893B4F84E31B4F857
:1095D800501143EA00436993B4F8523143EA014316
:1095E8009A427FF489AB67AD2846B4F85471B4F851
:1095F8005661FCF771F900283FF47EAB2846FCF76A
:10960800CFF946EA074686427FF476AB5A49842268
:1096180083A800F0DDF9594964226AA800F0D8F956
:109628009DED680AFCF746F907EE900AF8EEE77A2E
:109638009DED690ACDED927AFCF73CF907EE900AA8
:10964800F8EEE77A6AA983A8CDED907ACDED717A24
:10965800FDF748F800283FF44FABEFF3108972B6D6
:10966800BFF35F8F94F80080B8F1010F0AD1B4F806
:10967800E4363BB9FAF78AFD20B1FAF7C1FD90F854
:109688002870DFB3BFF35F8F89F31088FFF734BB0F
:1096980040F224539E427FF42FAB4AF201539F427B
:1096A8007FF42AAB94F87131002B3FF425ABB4F862
:1096B800622140F6FF739A427FF41EABB4F864311E
:1096C8000F2B7FF419ABB4F85811B4F85A31D4F809
:1096D800682143EA014393427FF40EABB4F85C116E
:1096E800B4F85E31D4F86C2143EA014393427FF425
:1096F80003AB012384F87231FFF736BB95E8070006
:10970800D4F8683104F59C7C01338CE80700C4E97F
:109718005A3683A9842204F5EC7000F059F96AA935
:10972800642204F5BA7000F053F96AA8FDF7D8F876
:10973800DDED677AD4F86831C4F88806FDEEE77A7B
:10974800013384F89480C4F88436C4F86271C4ED97
:109758001E7A84F871812C22394604F5177000F0BE
:109768000AF9BFF35F8F89F31088AE992046FFF797
:109778000DFAFFF7F9BA00BF84A1000808A2000893
:1097880030B5044683B0C0B1BBB1C9B1B2F5A86F5A
:1097980024D2B2F5806F80F0A480B2F5C07F7CD26D
:1097A800B2F5827F00F0868040F203118A4200F011
:1097B8008980A2F58871312938D9002003B030BDDD
:1097C800A2F50071E12929D9A2F58072072AF4D8F7
:1097D800DFE802F049415855514D5F5B40F24B516B
:1097E8008A42EAD8A2F5A865052D2AD9062D00F0E7
:1097F8008780072D00F08C80D0E95A12092D98BF78
:109808000A46E90700D4120C92B21A80B4F8622111
:109818000123AB401343A4F8623104E000EB420299
:10982800B2F84C201A80012003B030BD51088839A5
:1098380000EB8101D207D1F8741139D40A0C1A80CF
:10984800F1E75208A2F5287200EB8202E807D2F885
:109858003821D9D4D7E70193FAF7D2FC019B90F8C5
:1098680029201A80DFE74FF209121A80DBE7D0F8C7
:1098780084261A80D7E7B0F886261A80D3E7E22232
:109888001A80D0E732221A80CDE7D0F888261A80CD
:10989800C9E7B0F88A261A80C5E7B2F5E17F8CD20D
:1098A8005108C03900EB8101D007D1F8D811C5D5CE
:1098B8000A46C4E7D0ED767AFCEEE77A17EE902AEE
:1098C8001A80B0E7D0ED777AF5EE407AF1EE10FA2B
:1098D80005D090F8942012B1B0F87820AFE70022B4
:1098E800ADE740F2C5418A423FF667AF51100C48D8
:1098F800A1F50071D40750F821109FD50A469EE7BC
:1099080090ED4F0A0193FBF7D5FF019B82B27CE7EC
:1099180090ED500A0193FBF7CDFF019B82B274E7EB
:10992800F89F000810B501390244904201D1002087
:1099380005E0037811F8014FA34201D0181B10BDB0
:109948000130F2E7884210B501EB020402D98442E3
:10995800234607D8431EA14207D011F8012B03F86C
:10996800012FF8E70244824200D110BD13F8011D0F
:1099780002F8011DF7E702440346934200D17047FD
:1099880003F8011BF9E7000070B50D4B0D4D5B1B8B
:109998009C100026A64209D100F0A4FA0A4D0B4BF0
:1099A8005B1B9C100026A64205D170BD55F8043BF0
:1099B80098470136EEE755F8043B98470136F2E739
:1099C80074A2000874A2000874A2000878A2000813
:1099D8000A44914200F1FF3300D1704710B511F8E5
:1099E800014B03F8014F9142F9D110BD08B52DED97
:1099F800028BB0EE408A00F087F8B4EE488AF1EEA8
:109A080010FA06D6DFED098AB4EEE88AF1EE10FA0C
:109A180002D4BDEC028B08BD00F0E2F888EEA80A7B
:109A2800BDEC028B2123036008BD00BF00000000CD
:109A380008B52DED028BF0EE408AB0EE608A00F09A
:109A480047F820B9B0EE480ABDEC028B08BDB0EE6D
:109A5800480A00F03DF858B1F4EEC88AF1EE10FA61
:109A6800C8BFB0EE688AB0EE480ABDEC028B08BDEC
:109A7800B0EE688AB0EE480ABDEC028B08BD00BFA4
:109A880008B52DED028BF0EE408AB0EE608A00F04A
:109A98001FF820B9B0EE480ABDEC028B08BDB0EE45
:109AA800480A00F015F858B1F4EEC88AF1EE10FA39
:109AB80048BFB0EE688AB0EE480ABDEC028B08BD1C
:109AC800B0EE688AB0EE480ABDEC028B08BD00BF54
:109AD80010EE103A33F000400ED0A0F50003B3F1B9
:109AE800FE4F0DD3074B421E9A4207D9A0F1FF4003
:109AF800B0FA80F040097047022070470320704791
:109B080004207047FEFF7F00B1EEC00A704700BF17
:109B180010EE102AC2F3C7537F3B162B22F00041E8
:109B28001BDC002B10461EDB1A4919410A4223D0C0
:109B3800DFED197A70EE277AF5EEC07AF1EE10FAB9
:109B48001ADD002A04DA4FF4000242FA03F318443B
:109B580020EA010300EE103A7047B1F1FF4F0BD332
:109B680030EE000A7047DFED0C7A70EE277AF5EEDA
:109B7800C07AF1EE10FA00DC7047002A02DB9FED94
:109B8800070A704711B99FED060A7047BFEE000A31
:109B9800F2E700BFFFFF7F00CAF249710000000032
:109BA8000000008010EE103AC3F3C7527F3A162A1D
:109BB80019460BDC002A03F0004309DB074840FA8A
:109BC80002F20A40134300EE103A7047802A02D08E
:109BD80000EE103A704730EE000A7047000080FF30
:109BE800014B1868704700BF0C0000202DE9F047B2
:109BF800089D0F4604468C46002B48D18A421646DB
:109C080061D9B2FA82F34BB1C3F1200201FA03FC25
:109C180020FA02F29E4042EA0C0C9C404FEA164E93
:109C2800B7B2BCFBFEF1220C0EFB11CC42EA0C428F
:109C380001FB07F0904209D9B21801F1FF3C80F00E
:109C4800EE80904240F2EB8002393244121AA4B2FC
:109C5800B2FBFEF00EFB102244EA024400FB07F7B9
:109C6800A74209D9341900F1FF3280F0DA80A742FF
:109C780040F2D7803444023840EA0140E41B002116
:109C88001DB1DC400023C5E90043BDE8F0878B42E5
:109C980006D90DB1C5E9000100210846BDE8F087E5
:109CA800B3FA83F1002948D1BB4202D3824200F2C1
:109CB8000781841A67EB030201209446002DE4D043
:109CC800C5E9004CE1E7002A00F09280B2FA82F37D
:109CD800002B40F0A8808A1A4FEA164E1FFA86FC1D
:109CE8000121200CB2FBFEF70EFB172240EA0242CC
:109CF8000CFB07F0904207D9B21807F1FF3802D2DF
:109D0800904200F2E2804746121AA4B2B2FBFEF07B
:109D18000EFB102244EA02440CFB00FCA44507D9C0
:109D2800341900F1FF3202D2A44500F2CB8010466C
:109D3800A4EB0C0440EA0740A2E7C1F120068B40DF
:109D480022FA06FC4CEA030C07FA01F420FA06F39F
:109D5800F7404FEA1C49234300FA01F81FFA8CFE2A
:109D6800B7FBF9F01C0C09FB107744EA074400FB29
:109D78000EF7A74202FA01F20AD91CEB040400F11B
:109D8800FF3A80F09B80A74240F2988002386444F2
:109D9800E41B9FB2B4FBF9F309FB134447EA0444FC
:109DA80003FB0EFEA64509D91CEB040403F1FF379B
:109DB80080F08280A6457FD9023B644443EA004094
:109DC800A4EB0E04A0FB02E7BC427346B94663D37A
:109DD80060D05DB1B8EB030264EB090404FA06F63F
:109DE80022FA01F31E43CC40C5E9006400214CE788
:109DF8006208480842EAC1710B0C43EA00438AB280
:109E080042EA0342B3FBF6F1E407B4463746B646E6
:109E18001F23B0FBF6F0D21B41EA004161E761461F
:109E280014E7104628E7C3F1200120FA01F29E400A
:109E380027FA01F19F403A434FEA164E1FFA86FC73
:109E4800B1FBFEF70EFB1710110C41EA004107FBAE
:109E58000CF8884504FA03F43AD9711807F1FF3071
:109E680001D288451FD8A1EB0801B1FBFEF808FB19
:109E78000CF70EFB181192B242EA0142BA422FD2F5
:109E8800B21808F1FF31C6D2BA42C4D2A8F1020111
:109E98003244C0E7F0459CD2BEEB020367EB0C07E7
:109EA8000138B94695E7A6EB08084144B81EB1FB4E
:109EB800FEF808FB0CF7DCE73B467FE7504667E710
:109EC8000846FBE63444023832E7023F32441BE7D7
:109ED800A1EB08013846B1FBFEF808FB0CF7C8E710
:109EE800414698E7F8B500BFF8BC08BC9E467047E5
:0C9EF800F8B500BFF8BC08BC9E467047DF
:109F04000000000001020304000000000000000043
:109F140001020304060708091301000014000000ED
:109F2400050000000A000000C80000003200000024
:109F3400FA000000102700001400000032000000A6
:109F4400102700000A000000280000008813000009
:109F54000A00000028000000307500000101000024
:109F64004501000009F100000B0153460100000007
:109F7400B80B0000B80B00000000000080250000B2
:109F840064000000FA000000FA0000007D000000F8
:109F940082000000000000006400000001000000D6
:109FA400010000008025000060090000040000009A
:109FB400030000000100000001000000B80B0000D5
:109FC400280000000A000000F0000000010000006A
:109FD40002000000040000000400000088130000D8
:109FE400000000001E000000020000001900000034
:109FF400020000000000A04100000000000000007A
:10A00400000000000080A2430000803F0000000028
:10A014000000000000000000008089430080A2438B
:10A02400000000000000A041000016450000C842E6
:10A034000000964500000000000000000000000041
:10A04400000000000000000000000000000000000C
:10A054000000FA430000004000409C45000000005E
:10A0640000000000000000000000000000000000EC
:10A0740000000000000000000000F04100000000AB
:10A0840000000000000000000080A2430000803FA8
:10A094000000000000000000000000000080894370
:10A0A4000080A243000000000000A041000016450B
:10A0B4000000C8420000E14500000000000000006C
:10A0C400000000000000000000000000000000008C
:10A0D400000000000000FA430000004000409C45DE
:10A0E400000000000000000000000000000000006C
:10A0F40000000000000000000000000000002042FA
:10A104000000000000000000000000000080A243E6
:10A114000000803F0000000000000000000000007C
:10A12400008089430080A243000000000000A04199
:10A13400000016450000C84200001646000000005A
:10A14400000000000000000000000000000000000B
:10A1540000000000000000000000FA43000000407E
:10A1640000409C45000000000000000000000000CA
:10A1740000000000000000000000000000000000DB
:10A184000000A040000000400000000000000000AB
:10A1940000803B450000803F0000000000000000FC
:10A1A4000000000000803B4500803B4500000000AB
:10A1B4000000A041000000000000C84200000000B0
:10A1C40000008040000080400000F04100000000DA
:10A1D4000000000000000000000000000000FA433E
:10A1E4000000004000409C450000803F00004040CB
:10A1F4000000803F0000004000409C4500000040FB
:10A204000000C841000020410000000000000000E0
:10A214000AD7A33C0000484300007A4400007A4473
:10A22400000000000000C84200007AC400007A4424
:10A234000000A040000000000000A0400000FA421E
:10A244000000A041000002430000A04000002041A3
:10A254000000000000409C450000484200409C452E
:08A26400000000400000FA4375
:08A26C0088F9FF7F01000000EA
:04A2740035020008A7
:04A278000D020008CB
:10A27C0080969800010000001000000010000020E3
:10A28C0000000000080B0020700B0020D80B0020F1
:10A29C0000000000000000000000000000000000B2
:10A2AC0000000000000000000000000000000000A2
:10A2BC000000000000000000000000000000000092
:0CA2CC0000000000000000000000000086
:040000050800025994
:00000001FF
