:020000040800F2
:10000000000002205902000899030008A903000813
:10001000B1030008B9030008C10300080000000094
:10002000000000000000000000000000C9030008FC
:10003000CD03000800000000D1030008D50300082C
:10004000A9020008A9020008A9020008A9020008E4
:10005000A9020008A9020008A9020008A9020008D4
:10006000A9020008A9020008A9020008A9020008C4
:10007000A9020008A9020008A9020008A9020008B4
:10008000A9020008A9020008A90200080000000057
:10009000000000000000000000000000A9020008AD
:1000A000A9020008A9020008A9020008A902000884
:1000B000A9020008A9020008A9020008A902000874
:1000C000A9020008A9020008A9020008A902000864
:1000D000A9020008A9020008E103000800000000CE
:1000E000A9020008A9020008A902000800000000F7
:1000F000000000000000000000000000A90200084D
:1001000000000000A9020008D9030008A9020008A5
:1001100000000000000000000000000000000000DF
:10012000A9020008A9020008A9020008A902000803
:10013000A90200080000000000000000000000000C
:10014000000000000000000000000000A9020008FC
:10015000A9020008A9020008A9020008DD0300089E
:10016000A9020008A9020008000000000000000029
:10017000000000000000000000000000000000007F
:1001800000000000A90200080000000000000000BC
:08019000A9020008A902000801
:1001980053B94AB9002908BF00281CBF4FF0FF31E6
:1001A8004FF0FF3000F00CB8ADF1080C6DE904CE4B
:1001B80008F058FFDDF804E0DDE9022304B07047D9
:1001C800704700BF0348044B834202D0034B03B17E
:1001D800184770475C0000205C0000200000000009
:1001E8000548064B1B1AD90F01EBA301491002D091
:1001F800034B03B1184770475C0000205C000020E7
:100208000000000010B5064C237843B9FFF7DAFF69
:10021800044B13B10448AFF300800123237010BDD1
:1002280060000020000000006493000808B5054B3A
:100238001BB105490548AFF30080BDE80840FFF74A
:10024800CFBF00BF000000006400002064930008D6
:10025800DFF834D000F0DCF80C480D490D4A0023D3
:1002680002E0D458C4500433C4188C42F9D30A4A63
:100278000A4C002301E013600432A242FBD308F0C9
:10028800BFFD00F00FF870470000022000000020BA
:100298005C000020FC94000860000020100B002087
:1002A800FEE7000030B591B001F07CFC00F026F9C3
:1002B800042302221946602000F0B4F820B901F0A6
:1002C800D7FB03F0A9FC08B101F0D4FB00F038F922
:1002D8002D4902462D4801F0D9FB2C4801F060FC5D
:1002E800054601F07FFD0028EED04FF47A7000F04B
:1002F8002DF901F0F5FD0028E6D0284601F0DCFED6
:100308000028E1D000F01CF9012102461F4801F045
:10031800CFFB002DD8D02B78012BD5D115E01B4869
:10032800214601F01DFC03F093FE28BB01F056FFA7
:10033800204601F08FFF10B9204601F091FF1348C5
:10034800214601F029FC01F0A1FF00F0F9F804466C
:1003580001F044FF00F0F4F801F07CFF684601F07A
:10036800F3FD0028DBD000F0EBF8694604460246AE
:10037800064801F0A1FBD2E723460A2206212846B7
:1003880006F04EFBD2E700BF9493000880000020DF
:1003980008B501F0C5FCBFF34F8F30BFFBE700BFC6
:1003A80008B5FFF7F5FF00BF08B5FFF7F1FF00BF7D
:1003B80008B5FFF7EDFF00BF08B5FFF7E9FF00BF7D
:1003C800704700BF704700BF704700BF00F0ACB86F
:1003D80003F020BA01F0B2BD01F0FABE10B5044630
:1003E80001F0D4FD00B110BD2046BDE8104001F079
:1003F80053BF00BF01F074BF10B5044601F0F4FD0F
:1004080000B110BD2046BDE8104001F093BF00BF09
:10041800034AD2F8883043F47003C2F88830704732
:1004280000ED00E0F0B595B01F4D204C0027019776
:100438002E6C46F080562E642D6C05F08055019583
:10044800019D0297256845F4404525602468119070
:1004580004F4404402944FF480350124CDE9084562
:1004680008A802244FF48005CDE90E45CDE91223F2
:10047800029C109100F006FA10B1012015B0F0BDF1
:1004880003460F240220CDE903404FF48052032194
:1004980003A8CDE90532079300F00EFCC01B18BF76
:1004A800012015B0F0BD00BF0038024000700040C8
:1004B800704700BF38B50E4A0E4B127805461868CB
:1004C8004FF47A73B3FBF2F3B0FBF3F000F0BEF82D
:1004D80008B90F2D01D9012038BD04460246294626
:1004E8004FF0FF3000F056F8034B20461D6038BD32
:1004F80004000020000000200800002008B5094B77
:100508001A6842F400721A601A6842F480621A602B
:10051800032000F02DF80F20FFF7CCFFFFF7C8FFEE
:10052800002008BD003C0240034A044B11681B78B8
:100538000B441360704700BF7806002004000020B9
:10054800014B1868704700BF7806002038B504468C
:10055800FFF7F6FF631C054602D0044B1B781C44CA
:10056800FFF7EEFF401BA042FAD338BD040000207D
:100578000749CA6803024FF6FF0003F4E06302402C
:10058800134343F0BF6343F40033CB60704700BFAD
:1005980000ED00E01B4BDB68C3F3022300B5C3F199
:1005A800070EBEF1040F03F1040C28BF4FF0040E30
:1005B800BCF1060F1CD9A3F1030C4FF0FF3303FA6B
:1005C8000CF322EA03024FF0FF3303FA0EF321EA99
:1005D800030303FA0CF313431B010028DBB20ADB05
:1005E80000F1604000F5614080F800335DF804FBDD
:1005F80000229446E7E7044A00F00F00024413760D
:100608005DF804FB00ED00E0FCEC00E0002807DBEF
:10061800044A4109012300F01F00834042F82130B9
:10062800704700BF00E100E000280CDB43090649E1
:1006380000F01F0020330122824041F82320BFF33D
:100648004F8FBFF36F8F704700E100E00138B0F1C2
:10065800807F01D30120704710B44FF0E023074C8E
:1006680058614FF0F00C84F823C00022072110468F
:100678009A615DF8044B1961704700BF00ED00E016
:10068800002808DB4309044900F01F0001226033F9
:10069800824041F82320704700E100E02DE9F04F47
:1006A80000230C68DFF8C8A185B04FF0010B89461C
:1006B80003E00133102B00F087800BFA03F202EA03
:1006C8000408A243F5D1D9F8041001F0030C5A002C
:1006D80003250CF1FF379540012F6FEA050576D900
:1006E800BCF1030F08D0C76807EA050ED9F80870EF
:1006F800974047EA0E07C76007680CFA02F23D40C8
:100708002A4311F4403F0260D3D000220392DAF862
:10071800442042F48042CAF84420DAF8442002F423
:1007280080420392039A23F0030202F1804203F00D
:1007380003070F2602F59C32BF0006FA07FC494E54
:100748009568B04225EA0C0515D006F58066B042DA
:1007580075D0454EB04278D0DFF818C160457AD0E0
:10076800DFF814C160450CBF4FF0040C4FF0070CC4
:100778000CFA07F73D4395603C4A9268CE026FEA4F
:1007880008053A4E54BF2A4048EA0202B260F268AD
:10079800364E8F0254BF2A4048EA0202F26072685D
:1007A8008E03324E54BF2A4048EA02027260326811
:1007B800C90303F101032D4954BF2A4048EA020244
:1007C800102B0A607FF479AF05B0BDE8F08F876819
:1007D80007EA050ED9F80C70974047EA0E078760BC
:1007E800476827EA080EC1F300179F4047EA0E073B
:1007F8004760C76807EA050ED9F80870974047EAC6
:100808000E07BCF1020FC7607FF476AFDF0800EB7C
:10081800870700973E6AD9F81070019603F0070E13
:100828004FEA8E0E0F2607FA0EF706FA0EFE019E05
:1008380026EA0E0E009E47EA0E0737625CE74FF085
:10084800010C0CFA07F73D4395E74FF0020C0CFA40
:1008580007F73D438FE74FF0030C0CFA07F73D43CA
:1008680089E700BF0000024000080240003C014048
:1008780000380240000C02400010024002B909048E
:1008880081617047002800F06A812DE9F041036812
:10089800DD0782B004462FD59F498A6802F00C0212
:1008A800042A00F0EF808A6802F00C02082A00F09F
:1008B800E5806368B3F5803F00F0EE80B3F5A02FC4
:1008C80000F07981944D2A6822F480322A602A68DF
:1008D80022F480222A60002B40F0E380FFF730FEEC
:1008E800064605E0FFF72CFE801B642800F2038112
:1008F8002B689F03F6D423689D0728D5864A9168FC
:1009080011F00C0F00F09280916801F00C01082999
:1009180000F08880E368002B00F010817F4B7E4E4A
:1009280001221A60FFF70CFE054605E0FFF708FEF6
:10093800401B022800F2DF8033689F07F6D5336832
:10094800226923F0F80343EAC203336023681A07D5
:1009580053D45D0730D5704A136C13F0805300F000
:10096800818000256E4E3368D80540F1B480A368B5
:10097800012B00F0C480052B00F02D81664E326FEC
:1009880022F001023267326F22F004023267002B34
:1009980040F0BA80FFF7D4FD41F28838074605E0F9
:1009A800FFF7CEFDC01B404500F2A580336F9B07C3
:1009B800F6D4002D40F00981A369D3B1564DAA6839
:1009C80002F00C02082A00F0CC80022B534B4FF0A7
:1009D80000021A6600F00981FFF7B2FD044605E03F
:1009E800FFF7AEFD001B022800F285802B689B01F3
:1009F800F6D4002002B0BDE8F08163690BB3474B21
:100A0800454E0122C3F8802EFFF79AFD054604E003
:100A1800FFF796FD401B02286DD8736F9B07F7D52B
:100A2800236896E7526851023FF574AF3A4A126854
:100A3800920744D5E268012A41D0012002B0BDE8FE
:100A4800F081364A344EC2F8803EFFF779FD0546FC
:100A580004E0FFF775FD401B02284CD8736F9F0711
:100A6800F7D4DDE70193136C43F080531364136CE0
:100A780003F080530193019B012573E74A685102F3
:100A88007FF517AF244A126892037FF535AF626885
:100A9800002A7FF431AFD0E71F4A136843F480334C
:100AA8001360FFF74DFD1C4E054604E0FFF748FDB7
:100AB800401B64281FD833689B03F7D51BE71649EA
:100AC80020690A6822F0F80242EAC0020A601A079E
:100AD8007FF53FAF91E7336843F480733360FFF7E6
:100AE8002FFD07463368D9053FF541AFFFF728FDCD
:100AF800C01B0228F6D9032002B0BDE8F081064ADF
:100B0800136F43F001031367FFF71AFD024F064600
:100B180041F288380BE000BF00380240000047422D
:100B280000700040FFF70CFD801B4045E3D83B6F89
:100B38009A07F7D5002D3FF43FAF46E0424A434EAF
:100B48001360FFF7FDFC054604E0FFF7F9FC401BC6
:100B58000228D0D833689907F7D42368F7E601202C
:100B68007047012B3FF469AF6B68E26903F48001B9
:100B780091427FF462AF226A03F03F0191427FF411
:100B88005CAF616A47F6C0721A40B2EB811F7FF40E
:100B980054AFA26A520803F44031013AB1EB024F54
:100BA8007FF44BAFE26A03F07063B3EB026F14BFDC
:100BB800012000201EE7254B1A6842F480221A60A3
:100BC8001A6842F480321A606BE7204A136C23F0EB
:100BD80080531364F0E61D4B1A6F42F004021A6743
:100BE8001A6F42F001021A678EE7FFF7A9FC064662
:100BF80005E0FFF7A5FC801B02283FF67CAF2B68B9
:100C08009901F6D4D4E90731626A0B4343EA8213A7
:100C1800D4E90A2052080C4943EA0063013A43EA3E
:100C2800024301226B600A66FFF78AFC074D0446FF
:100C380005E0FFF785FC001B02283FF65CAF2B6838
:100C48009A01F6D5D5E600BF0000474200380240B9
:100C5800164908B58B6803F00C03042B1BD0082B2E
:100C680001D0134808BD4A684B68496813F48003EB
:100C780002F03F0211D10E48C1F38811A1FB000117
:100C8800FFF786FA094B5B68C3F3014301335B0046
:100C9800B0FBF3F008BD074808BD0648C1F388114A
:100CA8000023A1FB0001FFF773FAEBE700380240CD
:100CB8000024F40000127A00002800F08780484AD7
:100CC800136803F007038B422DE9F0410D460446F3
:100CD80009D2CBB21370136803F007038B4202D01A
:100CE8000120BDE8F0812368980714D5590704D579
:100CF8003C498A6842F4E0528A601A0704D53949A7
:100D08008A6842F460428A603649A0688A6822F09C
:100D1800F00202438A60DF0721D56268012A57D0B2
:100D2800931E012B2F4B1B684DD99907D8D52D4EF3
:100D3800B36823F003031343B360FFF701FC41F2E8
:100D48008838074604E0FFF7FBFBC01B404544D842
:100D5800B368626803F00C03B3EB820FF3D1204A47
:100D6800136803F00703AB4206D9EBB2137013689C
:100D780003F00703AB42B3D123685A0706D51949D4
:100D8800E0688A6822F4E05202438A601B0707D5AC
:100D9800144A2169936823F4604343EAC1039360CA
:100DA800FFF756FF0F4A104C92681049C2F303121E
:100DB8000346A25C0E48D34000680B60FFF77AFB3D
:100DC8000020BDE8F0819801B1D489E7012070477F
:100DD800044B1B689E03AAD482E7032081E700BF67
:100DE800003C0240003802408493000800000020C4
:100DF80008000020044B05499B68054A0868C3F3AE
:100E08008223D35CD840704700380240000000209D
:100E18007C930008044B05499B68054A0868C3F39E
:100E28004233D35CD84070470038024000000020AD
:100E38007C930008026802F10C0353E8003F23F496
:100E4800907302F10C0C4CE800310029F3D102F147
:100E5800140353E8003F23F0010302F1140C4CE89B
:100E680000310029F3D1036B012B05D02022002388
:100E780080F842200363704702F10C0353E8003FF7
:100E880023F0100302F10C0C4CE800310029F3D1D7
:100E9800ECE700BF0268116938B50446C068A3686A
:100EA80021F4405101432069116103436069D1680D
:100EB8000343E06921F4164121F00C0103430B437D
:100EC800D3605369A069234923F4407303438A42DA
:100ED800536105D0204B9A4202D0FFF78BFF01E007
:100EE800FFF798FFE2691921B2F5004FD4E90053E2
:100EF800A0FB010113D09A009B0FFFF749F9174A8D
:100F0800A2FB00135B09642101FB130000013230CE
:100F1800A2FB00201B0103EB5013AB6038BDDA18AD
:100F28004FF000035B41FFF733F90C4AA2FB003195
:100F38004909642303FB1103DB003233A2FB0323BB
:100F4800C3F342121B0902EB011203F4F8731344B2
:100F5800AB6038BD00100140001401401F85EB5103
:100F6800704700BF70B310B590F84130044603F0E5
:100F7800FF0213B32268242384F84130D36823F492
:100F880000532046D360FFF785FF2368196921F4D1
:100F980090411961596921F02A015961D9680022E3
:100FA8004FF0200C41F40051D960626484F841C0CC
:100FB80084F842C01046626310BD80F84020FFF7F5
:100FC800CFFFD7E701207047704700BFB8B102686C
:100FD800242310B580F84130D36823F40053044625
:100FE800D360FFF7F1FF0023636484F8403084F88E
:100FF800413084F8423018462363636310BD0120F2
:10100800704700BF90F84130202B15D101B10AB9C3
:101018000120704710B40023046801622121C284B2
:10102800436480F84110E168828441F08001E16006
:1010380018465DF8044B70470220704790F842301C
:10104800202B03D101B11AB9012070470220704743
:1010580010B4046981620023222103638285C2855A
:101068004364036880F842101CB1DA6842F4807265
:10107800DA605A695DF8044B42F001025A61DA6895
:1010880042F020020020DA60704700BF036810B504
:10109800044603F10C0252E8002F22F4907203F187
:1010A8000C0040E800210029F3D103F1140252E8B2
:1010B800002F22F0010203F1140040E8002100296A
:1010C800F3D1226B012A28D05A69520607D400238B
:1010D8002022E38584F842201846236310BD03F1DB
:1010E800140252E8002F22F0400203F1140040E8F5
:1010F80000210029F3D1E06B0028E8D00023036524
:1011080000F058FC0028E2D0E06B00F0AFFC20288B
:10111800DDD110236364032010BD03F10C0252E8F3
:10112800002F22F0100203F10C0040E800210029F2
:10113800F3D1C9E708B5806B0023C385FFF75CF9D5
:1011480008BD00BF704700BF90F84230222B49D13C
:1011580083680168826AB3F5805F44D0002B4BD165
:101168000369002B48D14B68DBB21370826A0132E5
:10117800C38D8262013B9BB2C385002B32D100B57F
:101188000268D16821F0200183B0D160D16821F4D0
:101198008071D16051694FF0200C21F0010151613B
:1011A80080F842C04363016B012929D1036302F12E
:1011B8000C0353E8003F23F0100302F10C0C4CE839
:1011C80000310029F3D11368DB0605D501911368B6
:1011D800019353680193019B818DFFF7B3FF03B01F
:1011E8005DF804FB70470369002BBCD14B68C3F35F
:1011F800080322F8023BBBE74B6803F07F03B4E720
:10120800FFF7ECF803B05DF804FB00BF70B50568A4
:101218002B68EE68696913F00F0F82B004462A46FE
:1012280013D19D0602D5B10600F1E080216B01299A
:101238003DD0180602D5310600F1AE805B0602D516
:10124800750600F1C88002B070BD11F0010140F0D0
:101258008D8016F4907FE9D0DA070BD5F00540F1C0
:101268005381626C580742F00102626440F1CD80FC
:1012780000297FD1980740F1CA80190700F103813E
:10128800626C002ADFD09A0602D5B30600F14081CD
:101298006B69626C03F0400302F0080253EA02062D
:1012A800204640F0C080FFF7A7F86664CBE7D80671
:1012B800BFD5F106BDD50023019313680193536888
:1012C8000193019B5169A38D4D0640F1E380E06BCA
:1012D8000168496889B2002900F01F81994280F0AD
:1012E8001C81E185C169B1F5807F36D002F10C031C
:1012F80053E8003F23F4807302F10C0545E8003100
:101308000029F3D102F1140353E8003F23F001034D
:1013180002F1140545E800310029F3D102F1140364
:1013280053E8003F23F0400302F1140545E800317B
:101338000029F3D1202384F84230216302F10C0301
:1013480053E8003F23F0100302F10C0545E8003193
:101358000029F3D100F02EFBA38D02226263E18DF8
:10136800591A204689B2FFF7EDFE6CE7DA0747D431
:10137800580740D5626C990742F0020262643CD576
:10138800626C42F0040262641A077FF579AF626CFE
:1013980042F00802626473E794F84130212B7FF42D
:1013A80052AFA168236AB1F5805F00F0BF80591C75
:1013B80021621B785360E38C013B9BB2E384002BD2
:1013C8007FF441AFD36823F08003D360D36843F040
:1013D8004003D36037E7D368202123F04003D3606C
:1013E800204684F84110FFF705F82CE702B0BDE865
:1013F8007040FFF7A9BE9907C2D41A07C7D43FE7C0
:10140800F0053FF52EAF5A07B4D498073ED4180715
:101418007FF536AF06F020020A43B8D1636C002B83
:101428007FF436AF0FE7FFF705FD6B695E0626D53B
:1014380005F1140353E8003F23F0400305F11401BC
:1014480041E8003262B1226802F1140353E8003F18
:1014580023F0400302F1140040E800310029F3D1E1
:10146800E06B60B1374B036500F0EEFA00283FF4FB
:10147800EAAEE06B036D02B0BDE870401847204645
:10148800FEF7BAFFDFE6B20681D4C7E700293FF4CA
:10149800F4AE75E7E08DE18D89B280B200293FF4A2
:1014A800D2AE1B1A99B200293FF4CDAE02F10C035B
:1014B80053E8003F23F4907302F10C0545E800302F
:1014C8000028F3D102F1140353E8003F23F001038D
:1014D80002F1140545E800300028F3D1202384F8F0
:1014E8004230206302F10C0353E8003F23F010035D
:1014F80002F10C0545E800300028F3D102236363AC
:101508002046FFF71FFE9EE65A073FF5B3AE7CE77D
:101518002046FFF719FE2568BAE699427FF493AE94
:10152800C369B3F5807F7FF48EAEE7E721690029B0
:101538007FF43DAF33F8021BC1F308015160236209
:1015480039E700BF3D110008036A026A22F0010270
:1015580070B40262446882690D6822F073022A43FB
:101568008D6823F002032B430B4DA84206D049682F
:101578004460826170BC416303627047CD6823F0A8
:1015880008032B43D1E9055624F44074354323F06E
:1015980004032C43EBE700BF00000140036A026A22
:1015A80022F4807270B402624468C2690D6822F045
:1015B80073022A438D6823F4007343EA05230C4D14
:1015C800A84206D049684460C26170BCC163036226
:1015D8007047CD6823F4006343EA0523D1E9055633
:1015E80024F44054354323F4806344EA0514E9E7BE
:1015F80000000140036A026A22F4805230B4026299
:101608004468C2690D6822F4E64242EA05228D6800
:1016180023F4005343EA0533074DA84206D049682E
:101628004460C26130BC0164036270474D6924F4B0
:10163800804444EA8514F2E70000014091BB90F829
:101648003E30012B3AD1022380F83E30036801F086
:101658001F01186A01228A4020EA02001862186AEB
:10166800224902438B421A6232D0B3F1804F0ED026
:101678001F4A93420BD002F58062934207D002F5CD
:101688008062934203D002F59A32934204D19A6859
:1016980002F00702062A03D01A6842F001021A6013
:1016A8000020704704290BD0082916D090F8413043
:1016B800012B03D1022380F84130C7E7012070478E
:1016C80090F83F30012BF9D1022380F83F30BDE775
:1016D8005A6C42F400425A64D9E790F84030012B22
:1016E800ECD1022380F84030B0E700BF0000014091
:1016F80000040040036810B41A6A01F01F044FF098
:10170800010C0CFA04FC22EA0C021A621E4A1C6A3A
:101718001C62934222D01C6A41F21112144204D175
:101728001C6A40F24442144213D0012329B980F8BC
:101738003E305DF8044B0020704704291DD008296D
:101748000CBF80F8403080F841305DF8044B002031
:1017580070471A6822F001021A60E6E71C6A41F233
:1017680011121442D7D11C6A40F244421442D2D119
:101778005A6C22F400425A64CDE780F83F305DF895
:10178800044B0020704700BF00000140704700BFB5
:10179800FFF754BFFFF7AEBF70B4264E4A6903681F
:1017A8008D680C68B04235D0B0F1804F1CD0A6F5DA
:1017B8007C46B04218D006F58066B04214D006F5D3
:1017C8008066B04210D01C4EB04211D006F580663B
:1017D800B0420DD006F58066B04209D023F08003F0
:1017E800C5621A4384620CE04E6823F070033343E9
:1017F800C968C56223F440730B4323F080031A437E
:1018080084620368012143F00403036070BC4161F2
:10181800026070474E6823F070033343CE68C56298
:1018280023F44073846233430969016323F080031E
:101838001A43E6E7000001400040014050B310B5EC
:1018480090F83D30044603F0FF02F3B1214602232D
:1018580084F83D3051F8040BFFF79EFF012384F80C
:10186800463084F83E3084F83F3084F8403084F8BD
:10187800413084F8423084F8433084F8443084F8A6
:10188800453084F83D30002010BD80F83C20FFF73B
:101898007DFFDBE701207047036A026A22F010022D
:1018A80070B40262446882690D6822F4E64242EA32
:1018B80005228D6823F0200343EA05130C4DA84246
:1018C80006D049684460826170BC816303627047D6
:1018D800CD6823F0800343EA0513D1E9055624F4C3
:1018E8004064354323F0400344EA8504E9E700BF38
:1018F8000000014038B590F83C30012B57D0012347
:1019080004460D4680F83C300C2A08D8DFE802F07F
:101918001E0707072E0707073F0707070C000120C8
:10192800002384F83C3038BD0068FFF763FEC369C4
:101938002A6943F40063C361C36923F48063C36104
:10194800C36943EA0223C3610020E9E70068FFF79F
:10195800FBFD83692A6943F008038361836923F0E7
:1019680004038361836913438361EDE70068FFF72C
:1019780093FF83692A6943F400638361836923F4CD
:1019880080638361836943EA02238361DCE700683B
:10199800FFF704FEC3692A6943F00803C361C369FA
:1019A80023F00403C361C3691343C361CCE7022076
:1019B80038BD00BF70B50446866DFEF7C1FD94F8CA
:1019C8003530022B06D080236365002384F8343039
:1019D800012070BD23681A6822F016021A605A693D
:1019E80022F080025A61226C054642B31A6822F03E
:1019F80008021A601A6822F001021A6005E0FEF770
:101A08009FFD431B052B10D823681B6813F00103A7
:101A1800F5D1E16D3F228A40184601210023B260CA
:101A280084F8351084F8343070BD032320226265B1
:101A3800184684F83530002384F8343070BDA26C21
:101A4800002AD3D1D6E700BF90F83530022B03D057
:101A580080234365012070470268052380F83530EC
:101A6800136823F00103002013607047406D70472E
:101A780000F0F8B808B500F093F930BFFDE700BFF3
:101A880011B10860012070470846704778B170B5F9
:101A98000D46164604464FF4BF62002107F0A7F929
:101AA800324629462046BDE8704004F0EBBF704737
:101AB80008B105F02BB870472DE9F04188B006460B
:101AC80017460C4620220021684607F090F9002EA0
:101AD80041D0002C3FD096F8E905D4E90423A0B3FF
:101AE800D6F8F005D6F8F415994208BF904206F5E5
:101AF800BE6830D0CDE90023D4E90D212346C6E9DC
:101B0800AE2133F8022BD4F8020003920490104659
:101B1800A269029201259A889B79ADF8142006A93A
:101B28008DF816308DF81C50FFF7AAFF3A468DF84D
:101B38001D003046D4E904676946C8E9006705F026
:101B4800A3FA284608B0BDE8F08152EA0301F9D0AB
:101B580006F5BE68CEE7002008B0BDE8F08100BFFA
:101B6800C0B170B50D46044605F038F9284602F0B4
:101B780027F928B929462046BDE8704006F058BA2A
:101B880002F0BCF82B4620460A22BDE87040062128
:101B980004F046BF704700BF08B106F0E5BA7047C9
:101BA800704700BF1C4A1D4B116B41F0020182B007
:101BB8001163116B01914FF4C02001999861D968A4
:101BC800174821F03C0141F02801D960596821F0FB
:101BD80006015960196821F03C0141F014011960AF
:101BE800136C43F003031364136C01934FF0804CA0
:101BF8000021019BCCF83C10C163DCF8203023F4B1
:101C08008073CCF82030036A23F480730362BFF337
:101C18004F8F02B0704700BF0038024000040240F6
:101C28000004004010B59AB004464422002109A8D7
:101C380007F0DDF8002341F2BF21602208A8CDE9B2
:101C48000333CDE9053302930B910192079308946E
:101C5800FFF7F4FD082201A908A8FFF74BFE1AB008
:101C680010BD00BF70B58AB02A4B002401941A6BCE
:101C780042F002021A631A6B02F002020192019A00
:101C880002941A6C42F001021A641A6C02F0010202
:101C98000292029A03941A6C42F002021A641B6CB4
:101CA80003F002030393039B00F03AF81A490894DF
:101CB8004FF4C0228A6102250623012604A916488A
:101CC8000493CDE905650795FEF7E8FC04A94FF4F0
:101CD8008062022310480896CDE90423CDE9064521
:101CE800FEF7DCFC0122022304A90B480694CDE987
:101CF8000423CDE90755FEF7D1FC4FF08040FFF7EC
:101D080091FF0648FFF78EFF0AB0BDE8704000F06B
:101D180047B800BF003802400004024000040040F9
:101D28001C4A1D4B116B41F0020182B01163116B0B
:101D380001914FF4C02001999861D968174821F0A2
:101D48003C0141F02801D960596821F00601596029
:101D5800196821F03C0141F014011960136C43F03B
:101D680003031364136C01934FF0804C0021019B13
:101D7800CCF83C10C163DCF8203023F48073CCF835
:101D88002030036A23F480730362BFF34F8F02B0DD
:101D9800704700BF003802400004024000040040C1
:101DA800FFF7BEBF08B568B90B490C480122FFF719
:101DB80045F908B9012008BD094AD3690133002053
:101DC800D36108BD0548FFF761F90028ECD0044A43
:101DD800936901339361E7E7F806002000070020C4
:101DE8007C060020F0B5282287B000213548364D02
:101DF800002406F0FCFF354800F0C6FACDE901449E
:101E0800CDE90344009405942B6B314843F0040357
:101E18002B632B6B03F00403224600934FF480716D
:101E28000227009B0126FEF729FD4FF480732848FE
:101E3800039401A9CDE901360497FEF72FFCC023CE
:101E48002348019301A908230593CDE90347029785
:101E5800FEF724FC01946B6C43F020036B646B6CFD
:101E680003F020030193019A1A4A1B4B13604FF4A5
:101E7800E133536010460C23C2E90244C2E904432B
:101E8800C2E90644FFF76EF810B1002007B0F0BDB4
:101E9800024605214720FEF77DFB4720FEF7B6FBEB
:101EA8000E490C483246FFF7C9F810B9304607B05A
:101EB800F0BD044AD36947203344D361FEF7B4FB2D
:101EC800E3E700BF7C06002000380240A806002097
:101ED800000802400007002000140140F806002016
:101EE80008B54720FEF7A0FB1048FFF7CFF80F48CA
:101EF800FFF76CF808B1002008BD0C48FFF732F86E
:101F08000028F8D10A4800F03FFA4720FEF77EFB88
:101F1800084906480122FFF791F808B9012008BDD1
:101F2800054AD3690133D361E5E700BF0007002004
:101F3800A8060020F80600207C0600200148FFF7CC
:101F480065B900BF0007002038B50446D0B1EFF3EB
:101F5800108572B60C4800F0ABFA8646BEE80F0052
:101F6800A446ACE80F00BEE80F00ACE80F00BEE8DE
:101F78000F00ACE80F009EE80F008CE80F0005B9D1
:101F880062B6012038BD00BFA806002028B1114B59
:101F980002689A4202D000207047704710B50E4C74
:101FA800236801332360FEF7CBFA0C49034601226C
:101FB8000B4800F0EFF909490A480122FFF73EF8FB
:101FC80008B9012010BDE36901200344E361FFF76C
:101FD800E9FEF6E7001401407C060020F806002020
:101FE800A80600200007002028B1174B02689A4273
:101FF80002D000207047704710B5144B446C5A68E3
:1020080090F842101C6201325A60426C5962120701
:1020180002D59A6801329A60426C540702D5DA6890
:102028000132DA60426C910702D51A6901321A61ED
:10203800426CD20702D55A6901325A610120FFF772
:10204800B1FE012010BD00BF001401407C06002035
:10205800B0B170B50D4649B116464FF6FE73013A58
:102068009A4203D80446FFF711F808B1002070BD62
:10207800B2B229462046FEF7C5FF18B9012070BD47
:1020880000207047054906480122FEF7D7FFB0FA3D
:1020980080F14909034800F0C7FEE7E788080020F7
:1020A80090080020480700200A4602480221FEF74F
:1020B800E5BB00BF0000024000286ED02DE9F041CA
:1020C800014688B03848394E002400F0C5FB38482E
:1020D80000F050FECDE90344CDE90544029407948D
:1020E800336B344843F001033363336B03F001036C
:1020F8002246029302210225029B0127FEF7BEFB1E
:102108002C4803A9CDE90357CDE905454FF00C0844
:10211800FEF7C4FA07232748049503A90695264D18
:1021280007930594CDF80C80FEF7B8FA234B244AA0
:102138001D492448009500F0B5FDC5E90244C5E9EC
:1021480006440394C5F814802C61336C1E4A43F48A
:1021580000333364336C03F40033039328464FF49D
:10216800E133C5E900230399FEF7FCFE18B100200E
:1021780008B0BDE8F081024605212620FEF70AFADC
:102188002620FEF743FA11493A462846FEF756FF3D
:1021980028B9384608B0BDE8F081002070472620ED
:1021A800FEF742FAE3E700BFB40700200038024018
:1021B800480700200000024090080020592000082D
:1021C800B1200008A0070020004400408808002033
:1021D8000148FFF71BB800BF9008002070B5194BE5
:1021E80090B026205E68FEF71FFABFF35F8F3F228C
:1021F8006946154800F0ECFD0546134800F036FE28
:102208000446BFF35F8F710606D455B9A2070FD4F1
:10221800E30712D410B070BD2620FEF7F7F9002DA1
:10222800F4D02A460948694600F022FBA207EFD5F8
:10223800074800F08BFD10B070BD054800F072FD36
:1022480010B070BD00E100E048070020B40700208E
:10225800A00700200146014800F04CBBB40700204D
:1022680010B50446084800F033FB08B9002010BD3B
:10227800054800F037FB0028F8D121460248BDE8A0
:10228800104000F0B7BB00BFB4070020014800F0C1
:102298001BBD00BFA007002028B10D4B02689A4261
:1022A80002D000207047704710B50A4C0A482178C0
:1022B80000F070FD012221460848FEF7BFFEB0FA83
:1022C80080F14909044800F0AFFD012010BD00BFAE
:1022D800004400408808002048070020900800209B
:1022E800E0B108B502680E4B9A4201D0002008BD43
:1022F80000220C480221FEF7C1FA0B48012100F028
:10230800A9FD012209490A48FEF798FEB0FA80F1B2
:102318004909054800F088FD012008BD704700BF45
:1023280000440040000002404807002088080020C0
:1023380090080020E0B108B502680E4B9A4201D01F
:10234800002008BD00220C480221FEF797FA0B482E
:10235800022100F07FFD012209490A48FEF76EFEBE
:10236800B0FA80F14909054800F05EFD012008BD7A
:10237800704700BF004400400000024048070020AA
:10238800880800209008002018B15022002106F08B
:102398002EBD7047002800F08A80002900F0878051
:1023A800002A00F084802DE9F041013A82B01F46EE
:1023B80004464D1E8E184FF0000809E0FD2820D075
:1023C800226BE36B013201332263E363B5421DD014
:1023D800A26815F8010F002AF0D0511C0729A05453
:1023E800A160F3D101AA2046ADF8048000F05EFD9B
:1023F80090B304280DD005280ED1A36B0133A36335
:102408000AE00123B5422070A360E1D102B0BDE823
:10241800F081636B01336363A268D4F83CC0012A7E
:1024280041D92346012102E0013191420FD013F82E
:10243800010FFD28F8D10CEB01038A42E36308D9A8
:10244800521AA2602144204606F0B8FCBEE7614457
:10245800E1630023A360B9E72346A28853F8121B5F
:10246800C4F81210A17999719A80E36ABDF8040042
:1024780053B1226C616CBA1A09B18A4200D2626403
:10248800A16C8A4288BFA2640133C4E90A73236A33
:10249800208201332362636A276443F10003636285
:1024A8000023A36092E70CF10103E363D1E77047CF
:1024B80000B11030704700BF2DE9F0410C4684B0E0
:1024C80015460127064600222946204698468DF8DB
:1024D8000870039205F0A6FEA8B95EB1062C0DD0CF
:1024E800052C0CD1012D19D0AB1E012B07D8B8F53E
:1024F8007F4F2FD0384604B0BDE8F081EDB10620FB
:1025080004B0BDE8F0810A9B00932A464346214661
:10251800304605F0A1FE04B0BDE8F081B8F57F4F64
:102528001DD0B8F1000F13D12B460A9A8DF8083048
:1025380002A9304604F04EFBE2E707230A9A8DF819
:10254800083002A93046CDF80C8004F043FBD7E7E9
:102558002846D5E7032D14BF09230823E5E70346DA
:10256800E3E700BF70B513460C4615460A4601213D
:10257800064606F093FB30B936B12DB124B996F86A
:10258800943013B92C80012070BDB6F87840F9E773
:102598002DE9F8430C4617460A46002180461E4698
:1025A80006F07CFB60BB0546B8F1000F29D046B3A6
:1025B80001F0E2FD814620B3A4F10B03062B1AD9E2
:1025C800A4F11403032B1FD9242C1AD8DFE804F034
:1025D800BCB0ACA8A4A09D95928F731919191919AC
:1025E8001919706C19191919686460574E4A4642CE
:1025F8003E3734312F0008EB040090F85D3033800B
:1026080001252846BDE8F883C4F11704D8F85C1002
:10261800D8F858302401C4F12002E34001FA02F24C
:10262800203C134321FA04F423433380E8E737803E
:10263800E6E73A0C3280E3E700233380E0E798F8D6
:102648009430002BDBD0B8F87830D8E7D8F8A4302D
:102658003380D5E7B8F8A6303380D1E7D8F8A03072
:102668003380CDE7B8F8A2303380C9E7D8F8AC207A
:102678004FF6FF73934228BF13463380C0E7D8F85C
:10268800A8204FF6FF73934228BF13463380B7E75D
:10269800B8F8B0303380B3E7D8F860303380AFE7AC
:1026A800B8F862303380ABE790F820303380A7E782
:1026B800C37F3380A4E73946404604F071FA99F89D
:1026C8001C3099F81D1099F81E209B0043EAC1039D
:1026D80098F8941043EA410343EA021398F84C200F
:1026E80003439BB2002A3DD143F0200387E7438B85
:1026F800338085E7038B338082E742684FF6FF73A8
:10270800934228BF134633807AE70378338077E70C
:1027180098F80330338073E798F8023033806FE716
:1027280098F8013033806BE798F80030338067E71A
:1027380098F874309BB1D8F864204FF6FF73934231
:1027480028BF13469BB25AE798F874303BB198F803
:10275800753023B1D8F87030B3F5803FF2D34FF617
:10276800FF734CE743F0600349E700BF436A072B58
:1027780071D970B50446051D461D0621284600F08E
:10278800B9FB62892379824211D0012B04D1D4F894
:10279800B4300133C4F8B430D4F8BC30626A0133C1
:1027A800012AC4F8BC302CD80023636270BD012B09
:1027B80013D0D4E92E13626A01310833082AC4E918
:1027C8002E13F1D9083A626204F10C01284606F08A
:1027D800F5FA636A072BD0D870BDD4F8B0206179B8
:1027E80001320529C4F8B02012D0A36C032B1FD9DD
:1027F800D4F8C4300133C4F8C430626A082AD3D983
:10280800E0E7013A62623146284606F0D7FAE0E787
:10281800E288B2F5807FE8D12289002AE5D194F8D0
:1028280054208AB1D4F8C8300133C4F8C830E4E77A
:1028380005332868696844F8330004EBC302516023
:10284800A36C0133A364D8E72A6869682165E26448
:1028580084F85430D1E7704748B138B504460D467E
:10286800D0220021043006F0C2FA256038BD704736
:1028780068B361B35AB3013A2DE9F04705464E1ED5
:102888008F184FF01F0A00F1050900F104080AE04B
:10289800621C2C4416F8013F237128466A62FFF730
:1028A80065FFBE4211D06C6A202CF1D1D5F8BC303E
:1028B800C5F824A001331F22C5F8BC30494640465C
:1028C80006F07CFA22461F24E3E7BDE8F08770474C
:1028D80010B5044628B1FFF749FFA06C003818BFAF
:1028E800012010BD10B5044618B1FFF73FFF94F85A
:1028F800540010BD2DE9F04184B040B1036804468E
:102908002BB10D46FFF732FF94F8546026B9002624
:10291800304604B0BDE8F0810095E06C216DB4F854
:102928004E2002AB03C3B4F8503094F84D10206821
:10293800002552BA5BBA9BB292B284F85450FFF7A2
:10294800BBFDD4F8CC30A26CA5641344C4F8CC30D9
:1029580094F8AC30002B39D100283DD048F201530F
:102968000128A4F8853004F1850841D006280CBF59
:102978000223042384F887300321404600F0BAFA82
:10298800030A84F88930D4F8C03084F88800052216
:102998000133C4F8A820C4F8C03094F88450012743
:1029A80084F8AC70002DB3D1D4F8A820414604F1C6
:1029B8005D0006F049FAD4F8A830C4F8803084F8ED
:1029C8008470C4F8A85084F8AC50A1E7D4F8D0308B
:1029D8000133C4F8D0309BE702AB03CB082304F1E2
:1029E8008508C4F88500C4F88910C4F8A830D4E76D
:1029F8000323BFE700285FD02DE9F047036884B0C0
:102A0800044643B10D46FFF7B1FE94F8543013B9AC
:102A180094F884301BB1002004B0BDE8F08720464C
:102A2800FFF7A4FEA16C0029F5D0A26AC4F85520CE
:102A38000129E26AC4F8592004F1550604F1280373
:102A48000CD00122194653F8080FD3F804C0C1F876
:102A580004C00860A16C01329142F3D894F8568002
:102A6800A8F103030139012BA16464D9A8F1050376
:102A7800012B23D9012568F07F0884F85D5084F87C
:102A88005E8084F85F50032104F15D0000F032FAA3
:102A9800D4F8C03084F86000010A05222B4484F879
:102AA8006110C4F8802084F88450C4F8C0302046EF
:102AB800FFF75CFE0120AFE700207047B4F857A08D
:102AC800B4F859309AFA9AF7BFB25BBA3946404619
:102AD8001FFA83F905F0A6FB98B9B8F1060F0DD0D7
:102AE8007B1E022B0DD9012568F07F08022384F88C
:102AF8005D5084F85E8084F85F30C4E7BAF1000F57
:102B0800F1D1009520684B463A464146FFF7D4FC80
:102B180000285FD0012800F0908006280CBF02230F
:102B28000423012568F07F0884F85D5084F85E80EE
:102B380084F85F30A7E7B4F85990B4F8577099FA59
:102B480099F91FFA89F909F1FF337FBA0A2BBFB245
:102B580068D84FEA490A264604EB490913E00DF103
:102B68000E032A46FFF714FD0137B0B1BDF80E3049
:102B780086F861301B0A86F860300236B14537D0D6
:102B8800B7F5803F09D0B8F1030F2068B9B2E6D194
:102B98000DF10E02FFF7E6FCE6E7012568F07F0875
:102BA800022384F85D5084F85E8084F85F30032146
:102BB80004F15D0000F09EF9D4F8C03084F860009C
:102BC800010A052284F86110C4F8802084F8845032
:102BD8002B446AE77168D4F85500C4F85D000822F0
:102BE8000123C4F86110C4F8802084F884305EE7BB
:102BF80004F15D0501260AF105030AF103072846D9
:102C080084F85D6084F85E8084F85FA0C4F8803042
:102C1800394600F06FF9E8555544000A287184F8E0
:102C2800846044E70321012568F07F0884F85D503B
:102C380084F85E8084F85F10BAE7032371E700BF69
:102C480048B149B190F8843023B1D0F880300B6096
:102C58005D307047184670470846704770B138B500
:102C680090F8AC300025044680F88450C0F88050B5
:102C78002BB92046BDE83840FFF778BD7047D0F83B
:102C8800A82000F185015D3006F0DEF8D4F8A82010
:102C9800C4F88020012384F88430C4F8A85084F84C
:102CA800AC50E6E710B4019C50B1C0E90012002115
:102CB800C0E9023401611AB120465DF8044B10479F
:102CC8005DF8044B704700BF40B330B50446006858
:102CD80083B028B163681BB1A3680BB1237C1BB117
:102CE8000021084603B030BD01A9FFF7A9FF05463A
:102CF8000028F5D06368E068012198472946A36851
:102D0800019AE0689847014620B1012308462374D8
:102D180003B030BD6368E0689847E1E700210846E2
:102D2800704700BF80B1436810B5044623B1C0683E
:102D380000219847237C03B910BD00232068237421
:102D4800BDE81040FFF78ABF704700BF80B14368F5
:102D580010B5044623B1C06800219847237C03B905
:102D680010BD002320682374BDE81040FFF776BF2C
:102D7800704700BF68B110B540220021044606F034
:102D880036F8002323646364A364E36423656365FE
:102D980010BD7047C8B1026CBFF35B8F531C03F0C2
:102DA8003F03D0F844C0BFF35B8F634505D081541F
:102DB800BFF35B8F036401207047483050E8003F41
:102DC800013340E80032002AF8D10020704700BFE4
:102DD80070B5864610B111B30AB9104670BD436C80
:102DE800BFF35B8F056CBFF35B8F9D4219D0013A2F
:102DF8008E1801F1FF3C5C1C1EF80300624604F0CB
:102E08003F030232AB420CF8010FA2EB010001D0E4
:102E1800B445F0D1BFF35B8FCEF8443070BD08469F
:102E280070BD0020F6E700BF50B100F14C0353E835
:102E380000CF0CF1010C43E800C2002AF7D101B120
:102E48007047503050E8003F013340E80032002A14
:102E5800F8D1704748B1BFF35B8F543050E8003F5A
:102E68000B4340E80032002AF8D1704760B1BFF345
:102E78005B8F00F15403002253E8000F43E8002160
:102E88000029F9D1BFF35B8F704700BF60B151B122
:102E98000139431E4218002013F8011F934280EAAB
:102EA8000100F9D170470846704700BFE0B170B51E
:102EB8001546DAB1072911D10378FD2B04460FD145
:102EC80005214679FFF7E2FF86420BD1A379FE2B55
:102ED8000ED1B4F801302B80002070BD022070BDE7
:102EE800032070BD042070BD01207047012070BD13
:102EF800052070BD8446E0B1C9B100B500EB010EF4
:102F08004FF6FF701CF8013B0822584000F00103FF
:102F180003EB830103EB413383EA5000531E13F0A4
:102F2800FF0280B2F2D1E645ECD15DF804FB084619
:102F3800704770470120704748B91D4B5B6903F023
:102F48000603062B0A46014609D000207047184B95
:102F58005B6903F00603062B4FF00002F5D14FF032
:102F68008043186A10F4807014D010B4114C206A91
:102F780010F480700BD0186810F0010007D020689A
:102F880010F0010003D0D86B904204D000205DF807
:102F9800044B70477047E26B8A42F7D1DB6B23B171
:102FA800E06BB0FA80F04009F1E70120EFE700BFDD
:102FB8000004024000040040F0B5044689B00D4604
:102FC800164600214822CDE90211CDE90411CDE9C8
:102FD80006111F4605F00BFF41F2BF22E260256093
:102FE800602220460192FEF729FC20B1084B1E7092
:102FF800002009B0F0BD082201A92046FEF77AFC9E
:1030080010B9012009B0F0BD014B1F70F0E700BFF7
:10301800D808002010B5FDF7EDFE1B4B9B6813F494
:10302800E05F1A4B18BF4000984201D0002010BD45
:103038004FF08042906A0028F8D1154CA16A002907
:10304800F5D1D36A41F2BF208342EFD1E06A9842BA
:10305800ECD1D36903F07003602BE7D1E36903F087
:103068007003602BE2D1136A13F40073DED1216A76
:103078008905DBD4D3695B07D8D4E069C0F3800045
:1030880080F00100C0B210BD0038024000D8B80579
:10309800000400402DE9F0474FF08044A44FA54DAF
:1030A8000026814688463E70FEF73AFE236823F0E4
:1030B800010323602B6823F001032B6026612E6136
:1030C800BFF34F8F9C4B93F800A0BAF1000F41D08B
:1030D80008F1FF339BB241F2BE22934227D8FFF793
:1030E80029FF0646002848D008219448FEF752FBDD
:1030F800082106469248FEF74DFB002E40F0D98085
:1031080000283CD00B233B70FEF70AFE4FF08042AC
:10311800884B116821F0010111601968002021F025
:103128000101196010611861BFF34F8F0FE0082388
:103138003B70FEF7F5FD236823F0010323602B683D
:1031480023F001032B6026612E61BFF34F8F00200F
:10315800BDE8F08707233B70FEF7E2FD236823F004
:10316800010323602B6823F001032B60C4F810A02F
:10317800C5F810A0BFF34F8FE9E70923D8E76F4BD5
:103188001B68D8636E4B1B68D86301236062686252
:1031980063616B6120612861BFF34F8F694B5B6985
:1031A80013F0060F40F08380E36B002B7FD1EB6BAD
:1031B800002B7CD1636A002B79D16B6A002B76D106
:1031C8004FF080452B6ADA0571D45A4E336ADB0515
:1031D8006DD42B68DC076AD4336813F0010A66D112
:1031E80056480821FEF7D4FA0446002865D1544809
:1031F8000821FEF7CDFA002872D1BFF34F8F514B4B
:103208005B6913F0060F56D1EB6B002B53D1F36BB0
:10321800002B50D12B6AD8054DD5464D2B6AD905C0
:1032280049D54FF080463368DA0744D52B68DB0769
:1032380041D5DFF810A16FF0010300247462012268
:103248006C620621336150462B61FDF717FBBFF313
:103258004F8FDAF8143003F00603062B56D1374B9C
:103268001A68374B1B68B9F1000F4AD0D463C3F80A
:103278003C80BFF34F8F41464846FFF75DFE04464A
:1032880000287FF465AF32233B70FEF749FD4FF00D
:103298008042284B116821F001011160196821F062
:1032A8000101196014611C61BFF34F8F4FE72D2393
:1032B80029E70A2327E7302325E72E233B70FEF76B
:1032C8002FFD2B6823F001032B60336823F00103E3
:1032D8003360C5F810A0C6F810A0BFF34F8F36E7CB
:1032E8002F233B70FEF71CFD2B6823F001032B6096
:1032F800336823F0010333602C613461BFF34F8FCF
:1033080025E7C2F83C80C3F83C90B2E731233B7014
:10331800FEF706FD336823F0010333602B6823F0C2
:1033280001032B6034612C61BFF34F8F0FE700BF9F
:10333800D8080020000400406C090020240900205F
:10334800DC0800200004024008B5FEF7E9FC4FF055
:103358008042074B116821F00101116019680020B3
:1033680021F00101196010611861BFF34F8F08BD8A
:10337800000400400F4B586910F0060018D14FF0B8
:103388008043DA6B9AB90C49C86B88B91A6A12F487
:1033980080720CD1086A10F4807007D11B68DB07B3
:1033A80005D40868C04300F0010070471046704714
:1033B8000020704700040240000400402DE9F0435B
:1033C8006C4E6D4B6D4D6E4F4FF0000885B086F812
:1033D80000801A6B85F8008042F002021A631A6CAA
:1033E80042F003021A641A6B03921A6C039B4FF0A3
:1033F800804453400393039BFEF792FC236823F019
:10340800010323603B6823F001033B60C4F810808C
:10341800C7F81080BFF34F8F5A4B5B484FF4C02258
:103428009A615A6822F006025A609A6842F03C0291
:103438009A60DA6822F03C0242F02802DA601A68E0
:1034480022F03C0242F014021A601A6822F4401278
:1034580042F400121A605A6822F480625A609A682C
:1034680042F440129A60DA6822F44012DA605A6A2A
:1034780022F4706242F480725A621A6822F00302DF
:1034880042F002021A605A6822F001025A609A68F1
:1034980042F003029A60DA6822F00302DA601A6ADC
:1034A80022F00F0242F002021A6221460223012290
:1034B800FFF782FD18B33548042303223946FFF786
:1034C8007BFD8146E0B1FEF72BFC236823F0010366
:1034D80023603B6823F001033B60C4F81080C7F801
:1034E8001080BFF34F8FFFF795FD8046E0B1FFF7DF
:1034F80041FF60B301232B7005B0BDE8F08381461E
:10350800FEF70EFC236823F0010323603B6823F0D9
:1035180001033B60C4F81090C7F81090BFF34F8FB9
:10352800002005B0BDE8F08305233370FEF7F8FBF3
:10353800236823F0010323603B6823F001033B6009
:10354800C4F81080C7F81080BFF34F8FE8E7062350
:1035580001903370FEF7E4FB2368019823F0010320
:1035680023603B6823F001033B6020613861BFF3AF
:103578004F8FD5E7D8080020003802406C0900209A
:10358800000400400004024024090020DC08002058
:1035980001460120FFF77EBD01460020FFF77ABDF6
:1035A800014B1878704700BFD808002070B50E4648
:1035B800044648B32C4BDD6B2C4B1B786BB1FFF7E3
:1035C800B9FC50B1ADB245B1731E9BB241F2BE22F7
:1035D800934202D8FFF71EFDD0B9254B32221A704C
:1035E800FEF79EFB4FF080421F4B116821F001014E
:1035F80011601968002021F001011960106118613B
:10360800BFF34F8F002070BD4FF08043DD6BD3E7D1
:1036180029462046FFF790FC0028DED0FCB1124B6B
:10362800DE63BFF34F8F20463146FFF785FC044623
:103638000028E8D10E4B32221A70FEF771FB4FF0CA
:103648008042094B116821F001011160196821F0CD
:103658000101196014611C61BFF34F8FD2E74FF06D
:103668008043DE63DDE700BF000400406C090020F2
:10367800D808002038B50C4640B9A9B1FFF7CAFCF4
:1036880080B12146BDE83840FFF756BC51B9054620
:10369800FFF7C0FC30B12C4621460020BDE8384079
:1036A800FFF74ABC002038BDBDE83840FFF762BECE
:1036B8000A4B002210B5DA601968094C21F00101A3
:1036C800196032201A615A622270FCF7ADFF32206D
:1036D800FCF7D6FFBFF34F8F10BD00BF000C0040B2
:1036E8006F090020F0B53149314E324C324A334D22
:1036F800002383B008603370237013702B70002888
:1037080051D02F4F2F49386C40F008003864386C7E
:1037180001900198CB60086820F0010008600B61F7
:1037280032204B621370FCF77FFF3220FCF7A8FFB2
:10373800BFF34F8FFDF75EFBBB68234A13F4E05FCE
:1037480018BF4000A0F51C53103B934226D81F4BCE
:103758001F4A00FB03F3B2EB331F1FD31D4A194B5B
:10376800A2FB0020400B1C4A013810600C221A6092
:10377800012600224FF0FF315A609A609A611A625E
:103788009862D96232205A6304215E611A61FCF79B
:1037980001FF304626702E7003B0F0BD122333703F
:1037A800002003B0F0BD11233370F9E77809002039
:1037B8006D090020700900206F0900206E090020A3
:1037C80000380240000C0040FFFF0F27917EFB3AB3
:1037D800B88D06005917B7D174090020034B187823
:1037E80018B1034B186800F0010070476F090020FA
:1037F800000C0040024B187808B1024B187870474B
:10380800700900206E090020014B1878704700BF2E
:103818006D090020314B70B51B68314C2269002BB3
:1038280045D0304E357845B391051AD52E492F4AE3
:10383800192008700021117002209847284B002297
:10384800DA60196821F00101196032201A615A62A0
:103858003270FCF7E9FE3220FCF712FFBFF34F8FFE
:1038680070BD12F0010020D112F00202E5D11E490C
:103878001A2008701D490A70DEE71C491A4A0D70A3
:103888000220182111709847E560236823F001038E
:1038980023603220256165623570FCF7C5FE322051
:1038A800FCF7EEFEBFF34F8F70BD0120C5E70E4950
:1038B8000E4A1B2008701370E3602268094922F041
:1038C800010222603220236163620B70FCF7ACFEB8
:1038D8003220FCF7D5FEBFF34F8F70BD780900206A
:1038E800000C00406F0900206D0900206E090020BF
:1038F80038B5104B104D1B7800222A707BB10F4B46
:103908001C7864B10E4A126940F203231A420BD1A3
:103918003220FCF77BFEBFF34F8F204638BD1623BD
:103928002B700024204638BD17242C70FFF772FF37
:103938002C70F6E76F0900206D0900206E09002041
:10394800000C0040F8B51F4B1C78002C38D01E4BDB
:103958001C78002C34D01D4F3C78002C30D1831EAD
:10396800802B05462CD81A4EF460336823F00103E7
:1039780033603220346174623C70FCF755FE3220AB
:10398800FCF77EFEBFF34F8F04233360114B05EB2A
:1039980085001B68B36240004FF0FF33F3620A38BA
:1039A800012303227063746273613461F2603B70B7
:1039B800336843F001033360BDE8F840FFF798BF70
:1039C8000020F8BD700900206E0900206F09002052
:1039D800000C00407409002070B51E4D1E4C2B7859
:1039E800616A626B23B32368DB0721D51B4B1B7805
:1039F800F3B1831E802B1BD8266940F203231E4097
:103A080024D18A1A002A15DB154B30461B689847C3
:103A1800E660236823F00103236032202661666292
:103A28002E70FCF701FE3220FCF72AFEBFF34F8F01
:103A3800002070BD00EB80000A3901EB4001616392
:103A4800BFF34F8FBDE87040FFF752BFFFF7E2FEAC
:103A5800EEE700BF6F090020000C00406E0900204F
:103A68007809002010B50446FFF76EFCFFF720FE2A
:103A7800044A0549054B0020107001220C701A7089
:103A880010BD00BFD40900207D0900207C0900205A
:103A980010B5FFF759FCFFF70BFEFFF74BFA0E4C7A
:103AA80080F001006077FFF765FCA07718B1FFF799
:103AB80095FE40B910BDE37F1BB942F60403A4F894
:103AC8001F30042010BDE37F1BB942F60313A4F88E
:103AD8001F30032010BD00BF8009002038B50546FF
:103AE800FFF728FA2F4C80F001006077FFF742FCBF
:103AF800A077C0B1022D42D02378052B0AD08DB310
:103B0800012D4FF0000034D003220023A270A361DE
:103B1800237738BD002DF3D104220023A270284654
:103B2800A361237738BDFFF70FFCFFF703FA80F096
:103B380001006077FFF71EFCA077FFF731FDE37FF8
:103B480073B900284FF0040508BF22200322002380
:103B580084F82000E577A2702846A361237738BD52
:103B68000420D1E701220023A2702846A36123770D
:103B780038BD02220023A270A361237738BDFFF766
:103B880043FEE27F03464AB900284FF0030208BF0C
:103B98002C231046E27784F82030B6E7032002464B
:103BA800B3E700BF8009002070B514461D46B8B9B8
:103BB8004A1E41F26F739A422BD854B34DB32080FA
:103BC800024645F6BF5341F2BF20E1FB00321846DA
:103BD8001146002345F6C052FCF7DAFA288016E0B1
:103BE800012816D14B1E632B12D88AB185B1002645
:103BF80041F2BF2245F6BF503346E1FB02031946A6
:103C080045F6C0520023FCF7C3FA20802E8000201E
:103C180070BD012070BD00BF70B5324C324EFFF749
:103C280093FB24220021204605F0E1F82F49304A71
:103C3800304B00250D70157002221A703570FFF791
:103C480079F980F001006077FFF794FBA077FFF720
:103C5800B5FB80B12848FFF745FD58B30123337001
:103C6800FFF768F980F001006077FFF783FBA07722
:103C7800C0B1284670BDFFF767FBFFF75BF980F01E
:103C880001006077FFF776FBA077FFF789FCE37FF9
:103C980033B9A84208BF2C200423E37784F8200016
:103CA800042070BDE37F002BFAD141F60443A4F849
:103CB8001F30F5E7FFF748FBFFF73CF980F00100FC
:103CC8006077FFF757FBA077FFF79EFDE37F33B9D7
:103CD800002808BF2C200323E37784F82000032062
:103CE80070BD00BF800900207E090020D409002093
:103CF8007C0900207D0900206D3A000870B5EFF3BB
:103D0800108672B6BFF35F8F254B264C00251D70B9
:103D1800FFF71AFBFFF7CCFC234A244B157002224D
:103D2800C4E90155C4E903552570A56125771A70C2
:103D3800FFF700F980F001006077FFF71BFB0546ED
:103D4800A077FFF74BFD2DB1D8B9BFF35F8F86F38E
:103D5800108870BDE37F1BB942F60423A4F81F3016
:103D6800FFF7F2FAFFF7E6F880F001006077FFF757
:103D780001FB0346A3770420BFF35F8F86F3108807
:103D880070BDE37F1BB942F60333A4F81F30FFF779
:103D98008FFC0320BFF35F8F86F3108870BD00BFD0
:103DA800D4090020800900207C0900207D0900201A
:103DB800024B18780130C0B2704700BFD409002008
:103DC8002DE9F041654C23783BB1654A0023107812
:103DD8002370BDE8F041FFF781BE03F0FF070546F9
:103DE800FFF7A8F85F4E80F001007077FFF7C2FA7E
:103DF8002378B07703F0FF0833B1594B1878277050
:103E0800BDE8F041FFF76ABE337F13BB002841D0FD
:103E1800FFF7E4FC70B9FFF7EDFC0346002837D143
:103E28002278002A5BD04E4A10782370BDE8F04112
:103E3800FFF754BEFFF788FAFFF73AFCF37F032237
:103E4800B2701BB942F60313A6F81F300320BDE871
:103E5800F081FFF7CFFC034690BB2278002AE2D11D
:103E6800FFF7D2FCF37F33B9002808BF23200323D0
:103E7800F37786F82000FFF767FAFFF719FCBDE82B
:103E8800F0410220FFF72ABE374B1B68002B4AD1AE
:103E98000020DCE7FFF758FAFFF70AFCFFF74AF8BB
:103EA80080F001007077FFF765FAF37FB07703229F
:103EB800B2701BB942F60403A6F81F300420C6E707
:103EC800FFF78CFC0346B8B92278002AABD1F37F00
:103ED800002BD0D142F20343A6F81F30CBE7FFF7FF
:103EE80093FCF37F002BB1D1002808BF23200323C4
:103EF800F37786F82000A9E73369E81A002809DB78
:103F0800237813B3164B187884F80080BDE8F04185
:103F1800FFF7E4BDB37F002BBAD0144B1B7813B165
:103F28003378052BB0D02378002B7FF44EAFF37F86
:103F38001BB942F20463A6F81F30FFF705FAFFF732
:103F4800B7FB0220FFF7CAFDB8E7F37F002B92D139
:103F580042F20353A6F81F308DE700BF7C0900200A
:103F68007D09002080090020C0090020D409002014
:103F7800F8B5334C2378052B04D1324E337803F04F
:103F8800FF05A3B1FEF7D6FF80F001006077FFF7C9
:103F9800F1F9237FA0773BB12A4E337813B9637FB9
:103FA80003B9F0B133785BB900252846F8BD264F30
:103FB8003B780BB1237F0BBB3378002BE2D1F4E7BE
:103FC800FEF7B8FF80F001006077FFF7D3F90546E8
:103FD800A0770028E9D0FFF701FC80F00105EDB2D9
:103FE800E3E7FFF7FBFB0028DCD0FFF703FC0546FF
:103FF8000028D7D03378002BD4D1D6E7FFF7FAFBC7
:104008000028D9D0FFF7EAFB0028D5D0FEF792FFA9
:104018000028D1D0FFF7AEF90C4B1B68B3FA83F335
:104028005B098342C8D1618B208BFFF723FB337870
:104038000028C2D0002BA5D13D78EDB2B5E700BF6E
:10404800800900207C090020D4090020C009002034
:10405800F8B52D4D2B7843BBFEF76CFF2B4C80F049
:1040680001006077FFF786F92B78A0770646E3B959
:10407800237FF3B1FFF77CFF2B78A8B9ABB9FFF723
:1040880063F9FFF715FBFEF755FF80F00100607735
:10409800FFF770F92B78A0773BB9E37F4BBB42F26F
:1040A8000473A4F81F3024E0C3B1BDE8F840FFF75B
:1040B800EFBCFFF793FB0746FFF746F9237F7BB179
:1040C800FEF738FF80F001036377FFF753F92B7889
:1040D800A077002BE9D130B12EB167B90020F8BD27
:1040E800FFF7E6FAECE7E37F1BB942F60403A4F80E
:1040F8001F300420F8BDE37F1BB942F60313A4F870
:104108001F300320F8BD00BF7C0900208009002073
:1041180010B5FEF70FFF044C80F001006077FFF741
:1041280029F9A07710BD00BF8009002010B5FEF75F
:1041380001FF0F4C80F001006077FFF71BF90D4B72
:10414800A0771B780BB9002010BDFFF753FB0028A0
:10415800F9D0237F43B9A07F0028F5D0FFF73EFBB5
:1041680080F00100C0B210BDBDE81040FFF700BFED
:10417800800900207E09002010B5FEF7DBFE044C04
:1041880080F001006077FFF7F5F8A077204610BDB2
:1041980080090020F8B5EFF3108572B6BFF35F8F82
:1041A80010B1224B1B782BB90120BFF35F8F85F329
:1041B8001088F8BD1E4E3378002BF5D11D4F3B7F7C
:1041C800002BF1D11C4B1B78002BEDD10446FFF7D7
:1041D800D1F80028E8D0FFF701FB0028E4D1FFF769
:1041E80009FB0028E0D0FEF7A5FE0028DCD0134923
:1041F8000B68013312BF1A46012213460A60104A9F
:104208002360002010700F4BB870012232700E4AE4
:1042180018600E4B10600E4A18700E4B10700E4A44
:104228001870052310703B70BFE700BF7E0900209F
:10423800D4090020800900207C090020D009002032
:10424800C4090020C0090020BC090020B7090020CB
:10425800B6090020B5090020B4090020F8B50446C5
:1042680015461E46EFF3108772B6BFF35F8FFCF753
:1042780067F9164B1B78024603F0FF0023B1144B75
:104288001B68A34205D00020BFF35F8F87F3108817
:10429800F8BD10490B78002BF5D10F4C2478002C71
:1042A800F1D1A5F1030C4EF65D239C450BD8731E86
:1042B800B3F5347F07D2094B15441D60084B1E60C7
:1042C80001230B70E0E72046DEE700BFD409002099
:1042D800D0090020B7090020C4090020B009002037
:1042E800A4090020F8B505461646EFF3108772B604
:1042F800BFF35F8FFCF724F9144B1B781BB1144BE9
:104308001B68AB4205D00020BFF35F8F87F310888E
:10431800F8BD104B1B78002BF5D00F4D2B78002BD8
:10432800F1D1F31E072BEED80C4B1B681B1AB342B6
:104338000446E8DDFFF71CFE0028E4D0084B0949D5
:1043480034441C6001230B702B70DDE7D409002076
:10435800D0090020B7090020B5090020B0090020C5
:10436800AC090020B60900200346EFF3108172B6AD
:10437800BFF35F8F0B4A127802F0FF0022B10A4A9E
:1043880012689A4205D00020BFF35F8F81F310882E
:104398007047064B18780028F6D0054B01221A7092
:1043A800F2E700BFD4090020D0090020B609002098
:1043B800B40900202DE9F04F074683B01446EFF307
:1043C800108672B6BFF35F8F6F4DFCF7B9F82B7884
:1043D800002B00F0AA806D4B1B68BB4240F0A58003
:1043E8006B4B1B78002B00F0B280DFF8C88198F87F
:1043F8000030002B00F0AB80664B1B78002B00F0E0
:10440800A680002CC0F2A380634B1B68A342C0F2B5
:104418009E80DFF8A491D9F80030A342C0F29780BB
:104428005E4F002B00F094803B78002B40F090808A
:104438005B4B1B681B1A012B40F38A80DFF87CA1B9
:10444800DAF800301B1A012B40F38280DFF870B1D4
:104458000090DBF800301B1A012B79DDFFF788FD8F
:10446800002875D0FFF744FA002871D0002C7FD0BF
:1044780041F270739C426BD841F2BF2345F6BF509E
:104488000021E4FB030145F6C0520023FBF780FE40
:1044980083B2194601200093FFF788F8002857D007
:1044A800FEF768FF002853D100990020FFF7E2F8D3
:1044B80000284DD0FFF71CFA002849D02B78002B94
:1044C80046D03B78002B43D1FCF73AF8DAF800A045
:1044D800AAEB000ABAF1010F3ADDDBF800200190DF
:1044E800121A012A34DD924528BF92465046FFF73A
:1044F80073FA68B3FFF7FCF950B32A7842B33A78F5
:1045080032BB284D009A019B6A836A69C9F800404A
:1045180053440132C5E90432EB60234B6C6000243C
:1045280088F800401C702C8301E01E4D0124FEF722
:1045380001FD80F001006877FEF71CFFA877BFF344
:104548005F8F86F31088204603B0BDE8F08F134FC5
:1045580000232B70FEF7F8FEFFF7AAF83B7823B983
:10456800124A0221012311703B700E4D0424DEE72C
:10457800FEF7EAFEFEF7FEFE0028E9D00C4B009A93
:104588001A60009490E700BFD4090020D0090020E9
:10459800B7090020C4090020A40900207C090020D4
:1045A800AC09002080090020B40900207D09002002
:1045B800B8090020B6090020C0090020A809002079
:1045C800B00900202DE9F04F074689B014461E4671
:1045D800EFF3108972B6BFF35F8FDFF8D082002344
:1045E800ADF81C30ADF81E30FBF7AAFF98F8003084
:1045F800002B00F02F81A04B1B68BB4240F02A81A2
:10460800189B002B00F02681199B002B00F02281BB
:10461800DFF89CB29BF800300546002B40F00F8174
:10462800964B1A78002A00F06981954A1268AA1AEE
:10463800002A80F24E81934A1278002A00F03C81C9
:10464800914A1268AA1A002A80F24381179AB2F591
:10465800347F40F33A81179941F27072914200F326
:104668003881149A822A00F23481159A142A00F2A9
:104678003081169ADFF83CA2012A40F22C819AF880
:104688000020002A40F02781149A022A40F2238150
:10469800DDE914218A4240F21E81129A1599AA1A5C
:1046A8008A4200F2188114990139914240F213812B
:1046B800169A642A00F20F81FEF73CFC6F4B002823
:1046C80000F009819BF80020002A40F04A816F4FD2
:1046D800199900220A70179A002A40F323816C4A1C
:1046E8001168002940F04D8101226A4909680029B2
:1046F80040F08181129A14991B780A440292521B45
:10470800009233B15E4B1B685B1B9A4228BF1A4666
:1047180000925C4B1B78002B00F000815E4B1B78ED
:10472800002B00F030815D4B179A1B689342B4BF91
:10473800002301230393544B009A1B685B1B93428D
:1047480028BF134601939BF800300198002B00F016
:10475800DF80FFF741F980F00103DBB2002B40F066
:10476800BB8098F80030002B00F0B6809AF8003033
:10477800002B40F0B180179B002B40F00681444A83
:1047880013680BB1464B1D600492FEF7DDFDFEF782
:10479800F1FD049A002800F09F800592FFF7A8F821
:1047A800002800F0998098F80030002B00F09480E1
:1047B8009AF8003003F0FF020492002B40F08C803E
:1047C800039B059A83B100980392FFF705F9002827
:1047D80000F08280FFF78CF800287DD0294B049ADE
:1047E8001A70009B039A0193019B2B441D46179B4B
:1047F80013607B69179A01337B612A4BC3E9004632
:1048080001233B778BF8003005233B70179BDB0FA8
:104818007B7082EAE273A3EBE2737B60BDF81C3025
:104828003B83BDF81E307B83189B0024C7E90355E2
:10483800BC70BC601A601C4B029A1A600CE0194BE1
:10484800D3E90023A21A66EB0303012A73F10003DC
:10485800BFF6E6AE0D4F0124FEF76CFB80F00100B9
:104868007877FEF787FDB877BFF35F8F89F31088F5
:10487800204609B0BDE8F08FD0090020B709002014
:10488800B0090020B6090020AC09002080090020EA
:10489800C0090020BC090020B4090020A409002098
:1048A800B8090020C8090020A8090020D409002060
:1048B800C40900207C0900205E4A179912688A42C0
:1048C80007DB179AB2F5347F03DC179A6432BFF618
:1048D800C8AEDFF880A1584F002388F80030FEF7F3
:1048E80033FDFEF7E5FE9AF800302BB9534B022250
:1048F8001A7001238AF800300424ADE7179AB2F53C
:10490800347FE2DD4E4A1278002A7FF4A4AEE0E755
:10491800FFF718F880F00103DBB21FE70393009B51
:10492800019310E71AD0474A1168002960D04FF068
:10493800FF3145480092006888423FF4DBAEFEF73D
:1049480003FDFEF717FD0028C6D04049009A199BC1
:104958000D600021116001221A703D4B0022179250
:10496800C8E6FEF73BFF0028B5D0FFF701FB324F42
:10497800374B0028B0D0FA68AA1A002AFFF6A8AE6A
:10498800AAE70121D5E70393D5E6179880EAE071F5
:104998000028A1EBE0710DF11E03CCBF002001201F
:1049A80007AAFFF701F9002896D1264A1368002BB9
:1049B8002FD0179B0492002BCBBFBDF81E10BDF85B
:1049C8001C1001200020FEF7F1FD049A0492002833
:1049D80082D0FEF7CFFC00287FF47EAF179B049AA5
:1049E800002B194BD4BF4FF0FF3101211960D4E6D9
:1049F8004FF0FF3279E691423FF47CAE134A1699A4
:104A08001268AA1A8A42BFF475AE199901220A706F
:104A1800A4E7179B0492002B05DDBDF81E00FEF7E6
:104A2800B7FD049AD2E7BDF81C00FEF7B5FD049A5D
:104A3800CCE700BFA4090020800900207D090020E0
:104A4800B6090020C0090020BC090020B8090020D0
:104A5800B70900207C090020074B1B78052B01D0E3
:104A680000207047054B1B780BB901207047044B99
:104A78001878C0B2704700BF80090020D409002010
:104A88007C090020D0ED027A9FEDE37AF0EEE76A28
:104A9800F4EE476AF1EE10FA00F28982F5EEC07A78
:104AA800F1EE10FA00F18382DFEDDC6AF4EEE67ACB
:104AB800F1EE10FA00F37B82D0ED037AF0EEE76AAC
:104AC800F4EE476AF1EE10FA00F27182DFEDD46A73
:104AD800F4EEE67AF1EE10FA00F16982F7EE006A78
:104AE800F4EEE67AF1EE10FA00F36182D0ED047A82
:104AF800F0EEE76AF4EE476AF1EE10FA00F2578238
:104B0800DFEDC86AF4EEE67AF1EE10FA00F14F82B2
:104B1800DFEDC56AF4EEE67AF1EE10FA00F34782AB
:104B2800D0ED057AF0EEE76AF4EE476AF1EE10FA96
:104B380000F23D829FEDBB7AF4EEC77AF1EE10FAEF
:104B480000F135829FEDB97AF4EEC77AF1EE10FAEA
:104B580000F32D82D0ED067A9FEDAF7AF0EEE76A8A
:104B6800F4EE476AF1EE10FA00F22182F7EE006ADD
:104B7800F4EEE67AF1EE10FA00F119829FEDAC6AD4
:104B8800F4EEC67AF1EE10FA00F31182D0ED077A4E
:104B9800B0EEE76AB4EE476AF1EE10FA00F2078267
:104BA800F4EEE67AF1EE10FA00F101829FEDA16AC7
:104BB800F4EEC67AF1EE10FA00F3F981D0ED087A36
:104BC800B0EEE76AB4EE476AF1EE10FA00F2EF8150
:104BD800F4EEE67AF1EE10FA00F1E981DFED8F6A82
:104BE800F4EEE67AF1EE10FA00F3E181D0ED095A1D
:104BF800F0EEE57AF4EE477AF1EE10FA00F2D7819A
:104C0800DFED8D7AF4EEE75AF1EE10FA00F1CF817C
:104C1800F5EEC05AF1EE10FA00F3C98190ED0A6A78
:104C2800F0EEC67AF4EE477AF1EE10FA00F2BF81A0
:104C3800B5EEC06AF1EE10FA00F1B981DFED7F7AC6
:104C4800B4EEE76AF1EE10FA00F3B181D0ED0B7A19
:104C5800B0EEE75AB4EE475AF1EE10FA00F2A78127
:104C68009FED777AF4EEC77AF1EE10FA00F19F81A2
:104C7800F4EEE67AF1EE10FA00F39981D0ED0C6AC1
:104C88009FED657AB0EEE65AB4EE475AF1EE10FAA7
:104C980000F28D81F5EEC06AF1EE10FA00F187811D
:104CA800B7EE005AF4EEC56AF1EE10FA00F37F8110
:104CB80008B52DED0A8B90ED0DBAF0EECB6AF4EE47
:104CC800476AF1EE10FA00F26E81B4EEC5BAF1EE61
:104CD80010FA00F16881DFED5B6AB4EEE6BAF1EE36
:104CE80010FA00F3608190ED0E8AF0EEC86AF4EED7
:104CF800476AF1EE10FA00F25681F0EE006AB4EE5F
:104D0800E68AF1EE10FA00F14E81DFED4F6AB4EE5B
:104D1800E68AF1EE10FA00F34681D0ED0FAAF0EE24
:104D2800EA6AF4EE476AF1EE10FA00F23C81F4EE1A
:104D3800C5AAF1EE10FA00F13681B3EE047AF4EE6A
:104D4800C7AAF1EE10FA00F32E8190ED109A9FEDAC
:104D5800325AF0EEC96AF4EE456AF1EE10FA00F242
:104D68002281F0EE086AB4EEE69AF1EE10FA00F14C
:104D78001A81DFED366AB4EEE69AF1EE10FA00F326
:104D88001281D0ED116AF0EEE64AF4EE454AF1EEF2
:104D980010FA00F20881DFED234AF4EEE46AF1EE3E
:104DA80010FA00F10081F4EEC76AF1EE10FA00F390
:104DB800FA8090ED127AF0EEC74AF4EE454AF1EE29
:104DC80010FA00F2F0809FED225AB4EEC57AF1EEA7
:104DD80010FA00F1E8809FED1F5AB4EEC57AF1EEA3
:104DE80010FA00F3E080D0ED138ADFED0B4AB0EE45
:104DF800E85AB4EE645AF1EE10FA00F2D4809FED4E
:104E08000B5AF4EEC58AF1EE10FA00F1CC809FED52
:104E1800125AF4EEC58A2BE0FFFF7F7F0000C842DC
:104E28006F12833ACDCCCC3D0000484300007A4451
:104E38000050C3470080BB4500409CC500409C45CE
:104E48000AD7233C000048420000FA42000002430F
:104E5800CDCC4C3E0000204200606A470080894368
:104E6800FFFF7F7F0000C8420060EA466F12833A66
:104E7800F1EE10FA00F3978090ED14AAB0EECA5A3A
:104E8800B4EE645AF1EE10FA00F28D801FED0B5A61
:104E9800B4EEC5AAF1EE10FA00F185801FED0E5AA6
:104EA800B4EEC5AAF1EE10FA7DDC90ED155AB0EE1D
:104EB800C54AB4EE644AF1EE10FA74D8F7EE004A27
:104EC800B4EEE45AF1EE10FA6DD45FED1C4AB4EE7C
:104ED800E45AF1EE10FA66DCD0ED169A1FED205A6E
:104EE800F0EEE94AF4EE454AF1EE10FA5BD81FED10
:104EF800234AF4EEC49AF1EE10FA54D45FED264A30
:104F0800F4EEE49AF1EE10FA4DDCD0ED17BAF0EEBB
:104F1800EB3AF4EE453AF1EE10FA44D8F0EE003AE6
:104F2800F4EEE3BAF1EE10FA3DD4F4EEC4BAF1EEC1
:104F380010FA38DC90ED18CAB0EECC4AB4EE454A07
:104F4800F1EE10FA2FD8B5EEC0CAF1EE10FA2AD455
:104F5800B4EEE4CAF1EE10FA25DCF4EEC65AF1EE2E
:104F680010FA20D5F4EEC76AF1EE10FA1BD5B4EEAC
:104F7800C8BAF1EE10FA16D5B4EEC98AF1EE10FAF5
:104F880011D5F4EEC9AAF1EE10FA0CD567EE887ABD
:104F98005FED4A6A67EEA67AB7EE007AF4EEC77A52
:104FA800F1EE10FA05D90020BDEC0A8B08BD0020EF
:104FB8007047F4EECA8AF1EE10FAF4DBF4EEE98AEF
:104FC800F1EE10FAEFDBB0EE4B0A03F0DDFFB4EEC2
:104FD80040BAF1EE10FAE6D1B0EE480A03F0D4FF79
:104FE800B4EE408AF1EE10FADDD1B0EE6A0A03F0B1
:104FF800CBFFF4EE40AAF1EE10FAD4D1B0EE490A94
:1050080003F0C2FFB4EE409AF1EE10FACBD1B0EE45
:10501800680A03F0B9FFF4EE408AF1EE10FAC2D143
:10502800B0EE4A0A03F0B0FFB4EE40AAF1EE10FA6F
:10503800B9D1B0EE4C0A03F0A7FFB4EE40CAF1EEC6
:1050480010FAB0D1B0EE690A03F09EFFF4EE409A70
:10505800F1EE10FAA7D1B0EE6B0A03F095FFF4EE6B
:1050680040BAF1EE10FA0CBF012000209CE700BF07
:105078000346002800F0578110B4AB4CD0F800C0AC
:10508800AA4800212CFA01F2D2B208314240202964
:1050980004FB02F0F6D1D3F804C0A34C00212CFA8B
:1050A80001F2D2B208314240202904FB02F0F6D1C5
:1050B800D3F808C09C4C00212CFA01F2D2B2083176
:1050C8004240202904FB02F0F6D1D3F80CC0964CDC
:1050D80000212CFA01F2D2B208314240202904FB07
:1050E80002F0F6D1D3F810C08F4C00212CFA01F24F
:1050F800D2B208314240202904FB02F0F6D1D3F89D
:1051080014C0894C00212CFA01F2D2B20831424075
:10511800202904FB02F0F6D1D3F818C0824C0021F4
:105128002CFA01F2D2B208314240202904FB02F0E5
:10513800F6D1D3F81CC07C4C00212CFA01F2D2B273
:1051480008314240202904FB02F0F6D1D3F820C0F0
:10515800754C00212CFA01F2D2B2083142402029C4
:1051680004FB02F0F6D1D3F824C06F4C00212CFACE
:1051780001F2D2B208314240202904FB02F0F6D1F4
:10518800D3F828C0684C00212CFA01F2D2B20831B9
:105198004240202904FB02F0F6D1D3F82CC0624C1F
:1051A80000212CFA01F2D2B208314240202904FB36
:1051B80002F0F6D1D3F830C05B4C00212CFA01F292
:1051C800D2B208314240202904FB02F0F6D1D3F8CC
:1051D80034C0554C00212CFA01F2D2B208314240B9
:1051E800202904FB02F0F6D1D3F838C04E4C002138
:1051F8002CFA01F2D2B208314240202904FB02F015
:10520800F6D1D3F83CC0484C00212CFA01F2D2B2B6
:1052180008314240202904FB02F0F6D1D3F840C0FF
:10522800414C00212CFA01F2D2B208314240202927
:1052380004FB02F0F6D1D3F844C03B4C00212CFA11
:1052480001F2D2B208314240202904FB02F0F6D123
:10525800D3F848C0344C00212CFA01F2D2B20831FC
:105268004240202904FB02F0F6D1D3F84CC02E4C62
:1052780000212CFA01F2D2B208314240202904FB65
:1052880002F0F6D1D3F850C0274C00212CFA01F2D5
:10529800D2B208314240202904FB02F0F6D1D3F8FB
:1052A80054C0214C00212CFA01F2D2B208314240FC
:1052B800202904FB02F0F6D1D3F858C01A4C00217B
:1052C8002CFA01F2D2B208314240202904FB02F044
:1052D800F6D1D3F85CC0144C00212CFA01F2D2B2FA
:1052E80008314240202904FB02F0F6D1D3F860C00F
:1052F8000D4C00212CFA01F2D2B20831424020298B
:1053080004FB02F0F6D1D3F864C0074900222CFA56
:1053180002F3DBB208324340202A01FB03F0F6D146
:105328005DF8044B7047704793010001C59D1C81CF
:1053380008B530B10349682203F030FDB0FA80F0B7
:10534800400908BD20940008002800F0CA8230B542
:105358002DED108B90ED008ADFEDE37AB0EEC87A80
:10536800B4EE677AF1EE10FA95B000F2B582D0ED9E
:10537800018AB0EEE87AB4EE677AF1EE10FA00F23C
:10538800AB8290ED029AB0EEC97AB4EE677AF1EE8C
:1053980010FA00F2A182D0ED039AB0EEE97AB4EEE9
:1053A800677AF1EE10FA00F2978290ED04AAB0EE57
:1053B800CA7AB4EE677AF1EE10FA00F28D82D0ED77
:1053C80005CAF0EEEC6AF4EE676AF1EE10FA00F244
:1053D8008382D0ED06FAB0EEEF6AB4EE676AF1EEBA
:1053E80010FA00F2798290ED07DAF0EECD5AF4EE79
:1053F800675AF1EE10FA00F26F82D0ED08DAB0EEDB
:10540800ED5AB4EE675AF1EE10FA00F2658290EDAB
:1054180009EAF0EECE4AF4EE674AF1EE10FA00F22D
:105428005B8290ED0AFAB0EECF4AB4EE674AF1EE2D
:1054380010FA00F25182D0ED0BEAF0EEEE3AF4EEFB
:10544800673AF1EE10FA00F24782D0ED0CBAB0EEEE
:10545800EB3AB4EE673AF1EE10FA00F23D8290EDC5
:105468000DBAF0EECB2AF4EE672AF1EE10FA00F24C
:10547800338290ED0ECAF0EECC2AF4EE672AF1EEF4
:1054880010FA00F2298290ED0F7AF0EEC72AF4EEB6
:10549800672AF1EE10FA8DED017A00F21D8290ED87
:1054A800107AF0EEC72AF4EE672AF1EE10FA8DEDC5
:1054B800027A00F2118290ED117AF0EEC72AF4EE2A
:1054C800672AF1EE10FA8DED037A00F2058290ED6D
:1054D800127AF0EEC72AF4EE672AF1EE10FA8DED93
:1054E800047A00F2F981D0ED13AAB0EEEA2AB4EEFC
:1054F800672AF1EE10FAF0EE672A00F2ED81D0ED9E
:10550800147AB0EEE72AB4EE622AF1EE10FACDED85
:10551800057A00F2E181D0ED157AB0EEE72AB4EE13
:10552800622AF1EE10FACDED067A00F2D581D0EDBF
:10553800167AB0EEE72AB4EE622AF1EE10FACDED53
:10554800077A00F2C981D0ED177AB0EEE72AB4EEF7
:10555800622AF1EE10FACDED087A00F2BD81D0EDA5
:10556800187AB0EEE72AB4EE622AF1EE10FACDED21
:10557800097A00F2B181D0ED197A0B90B0EEE72AE2
:10558800B4EE622AF1EE10FACDED0A7A00F2A481A7
:10559800F7EE002AB4EEE28AF1EE10FA00F19C81EF
:1055A800DFED522AB4EEE28AF1EE10FA00F39481AC
:1055B800B0EE480A03F0E8FCB4EE408AF1EE10FAC7
:1055C80040F08A81F5EE408AF1EE10FA0B9807D088
:1055D800F7EE002AF4EE628AF1EE10FA40F07C81D0
:1055E800B5EEC09AF1EE10FA0B9000F17581F2EE6B
:1055F8000E2AB4EEE29AF1EE10FA00F36D81B0EEE5
:10560800490A03F0C1FCB4EE409AF1EE10FA40F0FA
:105618006381F5EEC09AF1EE10FA00F15D81DFEDDD
:10562800332AB4EEE2AAF1EE10FA00F35581F4EE53
:10563800CA9AF1EE10FA80F24F81B0EE690A03F0CF
:10564800A3FCF4EE409AF1EE10FA40F04581B0EE7A
:105658004A0A03F099FCB4EE40AAF1EE10FA40F0C1
:105668003B81F5EEC0CAF1EE10FA40F23581B5EE95
:10567800C0EAF1EE10FA40F22F81B4EECFEAF1EE73
:1056880010FA80F22981DFED1E2AB4EEE2FAF1EE7B
:1056980010FA00F32181F5EEC0BAF1EE10FA00F12C
:1056A8001B81B4EEEBEAF1EE10FA40F21581F7EE49
:1056B800003AB4EEE3BAF1EE10FA00F10D81DFED35
:1056C8000C2AB4EEE2BAF1EE10FA00F30581B4EE5A
:1056D800E3CAF1EE10FA00F1FF80DFED063AB4EE0E
:1056E800E3CAF1EE10FA0DE0FFFF7F7F00FF7F476E
:1056F800000034440000C8420080BB4500606A478F
:105708000050C34700F3E880DDED017AF5EEC07A7A
:10571800F1EE10FA00F1E0805FED093AF4EEE37A79
:10572800F1EE10FA00F3D880DDED027AF5EEC07ADA
:10573800F1EE10FA00F1D0809DED037AB5EEC07A53
:10574800F1EE10FA00F1C880DDED046AF5EEC06AEA
:10575800F1EE10FA00F1C080F7EE003AF4EEE3AA99
:10576800F1EE10FA00F1B8801FED1C3AF4EEC3AA6E
:10577800F1EE10FA00F3B080DDED056AF4EEE6AA6A
:10578800F1EE10FA00F3A880F4EEC36AF1EE10FA15
:1057980000F3A2809DED066AB4EEE36AF1EE10FA1A
:1057A80000F19A80F4EEC6AAF1EE10FA00F19480A6
:1057B800DDED075AF4EEE35AF1EE10FA00F18C80B1
:1057C800F4EEE5AAF1EE10FA00F186809DED085A94
:1057D800B4EEE35AF1EE10FA7ED4DDED0A4AB4EEE7
:1057E800E45AF1EE10FA77DC9DED094AB5EEC04AAD
:1057F800F1EE10FA70D9F4EEE46AF1EE10FA6BD417
:10580800F4EEEA7AF1EE10FA66DCB4EEC37AF1EE61
:1058180010FA61DCF4EEC77AF1EE10FA5CDC0B9852
:10582800CDED0CAACDED0D6A8DED0E6ACDED0F5ABA
:105838008DED105ACDED114ACDED127A8DED137A1A
:105848000CAD0824B5EC018A0290B0EE480A03F0CA
:105858009BFBB4EE408AF1EE10FA3DD1013C029870
:10586800F0D1F5EE408AF1EE10FA3CD0B4EEEEFA43
:10587800F1EE10FA2ED55FED5E7AF4EEE7EAF1EE7E
:1058880010FA27D8B5EEC0DAF1EE10FA22DBB4EE42
:10589800CEDAF1EE10FA1DD5F4EECFDAF1EE10FA09
:1058A80018DBF4EEE7DAF1EE10FA13D8F0EE6F7ABF
:1058B800E9EEAC7AB4EEE7DAF1EE10FA2EDBF0EEB0
:1058C8006F6AEAEE2C6AB4EEE6FAF1EE10FA94BFCB
:1058D80001240024204600E0002015B0BDEC108B08
:1058E80030BD00207047F7EE007AF4EE67CAF1EE9B
:1058F80010FA0ED1F5EE40FAF1EE10FA09D1DDED0D
:10590800017AF5EE407AF1EE10FA05D0FFF710FDB6
:10591800044604F00100E0E70124FAE700242046E9
:10592800DBE700BF002874D038B5D0ED027A9FEDD0
:10593800417AF0EEE76AF4EE476AF1EE10FA2DEDDF
:10594800028B05463AD8F5EEC07AF1EE10FA35D456
:10595800B2EE0E7AF4EEC77AF1EE10FA2EDCB0EE63
:10596800408A0C46F1B1FCEEE77A17EE903AD80778
:1059780053D5990753D55A0753D51B0753D52846EE
:10598800FFF7E2FCD0B195ED017AF7EE007AB4EEBC
:10599800677AF1EE10FA0CBF01230023A34211D05D
:1059A8000A200CE0D0ED016AB7EE007AF4EE476AFF
:1059B800F1EE10FAD7D0FFF7C7FC18B90120BDECFB
:1059C800028B38BDDFED1B7AB0EEC87AB4EE677A89
:1059D800F1EE10FA1FD8B5EEC08AF1EE10FA1AD916
:1059E800D5ED097AF4EEC87AF1EE10FA13D4E4B1E1
:1059F800D5ED077AF4EEC87AF1EE10FA17DCD5ED9A
:105A0800087AF4EEC87AF1EE10FA4CBF07200020AD
:105A1800D5E7012070470620D1E70220CFE7032011
:105A2800CDE70420CBE70520C9E72046C7E70720D4
:105A3800C5E700BFFFFF7F7F70B582B01D460191AB
:105A4800002B55D004461646FFF77EFC002850D0A0
:105A5800DDED017AB8EE677AD4ED037AB4EEE77A31
:105A6800F1EE10FA44D4D4ED047AB4EEE77AF1EE0C
:105A780010FA3DDAD4ED016AF7EE007AF4EE676ABF
:105A8800F1EE10FA37D007EE906AF8EEE77ADFED1C
:105A98001D6AC5ED007AB0EEE77AB4EE667AF1EEEB
:105AA80010FA25D8F5EEC07AF1EE10FA20DB94ED65
:105AB8000A7AB4EEE77AF1EE10FA19DDD4ED016A4C
:105AC800B7EE007AF4EE476AF1EE10FA11D194EDD0
:105AD800077AB4EEE77AF1EE10FA09D894ED087A6D
:105AE800B4EEE77AF1EE10FAACBF0120002000E036
:105AF800002002B070BDD4ED056AD4ED067AE7EE59
:105B0800267AC4E7FFFF7F7F10B50446FFF71CFC29
:105B180068B36CB320496822204603F03FF938BBCC
:105B2800D4ED0F7A94ED0D7AF4EEC77AF1EE10FA0F
:105B380030DD9FED1A7AF4EEC77AF1EE10FA29D823
:105B4800D4ED107AF5EEC07AF1EE10FA22DD94ED7C
:105B5800117AF4EEC77AF1EE10FA1BD8D4ED127A66
:105B6800F5EEC07AF1EE10FACCBF0120002010BD8E
:105B780094ED017AF7EE007AB4EE677AF1EE10FA56
:105B880008D194ED027AF2EE0E7AB4EE677AF1EE6D
:105B980010FAC5D0002010BD209400080080BB4535
:105BA800801A61EB0301012871F10001ACBF0120EB
:105BB8000020704758B3D0ED007A9FED167AF0EECA
:105BC800E76AF4EE476AF1EE10FA20D8F5EEC07AEB
:105BD800F1EE10FA1BD4DFED106AF4EEE67AF1EE7E
:105BE80010FA14DCD0ED017AB0EEE76AB4EE476A39
:105BF800F1EE10FA0BD8F5EEC07AF1EE10FA06D4F1
:105C0800F4EEE67AF1EE10FA01DCFEF73BBF002075
:105C1800704700BFFFFF7F7F00007A4438B5054614
:105C28000C46FFF791FBB8B12046FFF7C3FF98B1C8
:105C380094ED077AD5ED0D7AB4EEE77AF1EE10FA25
:105C48000BD894ED087AD5ED0E7AB4EEE77AF1EE3A
:105C580010FA94BF0120002038BD002038BD00BFD5
:105C6800002A00F0988070B52DED028B82B0B0EE5E
:105C7800408AF0EE608A04460E461546FFF764FB3C
:105C8800002800F083803046FFF794FF00287DD07D
:105C980096ED077AD4ED0D7AB4EEE77AF1EE10FAC4
:105CA80074D896ED087AD4ED0E7AB4EEE77AF1EE70
:105CB80010FA6BD8DFED3E7AB0EEC87AB4EE677AA8
:105CC800F1EE10FA62D8B5EEC08AF1EE10FA5DD4A2
:105CD800D4ED0A7AF4EEC87AF1EE10FA56D994EDBA
:105CE800017AF7EE007AB4EE677AF1EE10FA0CBF9B
:105CF80001210021B0EE680A2046FFF713FE0028B4
:105D080045D178EEC80AF1EE087AF0EEE00A60EEC6
:105D1800A77A96ED056A87EE867AF7EE086A60EE4E
:105D2800A68AD6ED047AB5EE407AF1EE10FAC8EEFE
:105D3800A70A34D4B1EEC70A03F0B6F885ED000A15
:105D4800D6ED130AB0EE408A94ED140A03F0D4F8A5
:105D5800F0EE400A94ED130A03F0CEF89FED157AA1
:105D6800D6ED187A28EE078A78EE277AF4EEC07A0C
:105D7800F1EE10FA11DCD4ED167AB4EEE78AF1EE02
:105D880010FACCBF01200020C00000E0012002B0C2
:105D9800BDEC028B70BD012070470820F7E7B0EE1C
:105DA800470ACDED010A03F05DF8DDED010AC3E70E
:105DB800FFFF7F7F00007A4410B40346A44CA54837
:105DC800D3F800C000212CFA01F2D2B208314240C7
:105DD800202904FB02F0F6D1D3F804C09C4C002122
:105DE8002CFA01F2D2B208314240202904FB02F019
:105DF800F6D1D3F808C0964C00212CFA01F2D2B2A1
:105E080008314240202904FB02F0F6D1D3F80CC037
:105E18008F4C00212CFA01F2D2B2083142402029DD
:105E280004FB02F0F6D1D3F810C0894C00212CFAFB
:105E380001F2D2B208314240202904FB02F0F6D127
:105E4800D3F814C0824C00212CFA01F2D2B20831E6
:105E58004240202904FB02F0F6D1D3F818C07C4C4C
:105E680000212CFA01F2D2B208314240202904FB69
:105E780002F0F6D1D3F81CC0754C00212CFA01F2BF
:105E8800D2B208314240202904FB02F0F6D1D3F8FF
:105E980020C06F4C00212CFA01F2D2B208314240E6
:105EA800202904FB02F0F6D1D3F824C0684C002165
:105EB8002CFA01F2D2B208314240202904FB02F048
:105EC800F6D1D3F828C0624C00212CFA01F2D2B2E4
:105ED80008314240202904FB02F0F6D1D3F82CC047
:105EE8005B4C00212CFA01F2D2B208314240202941
:105EF80004FB02F0F6D1D3F830C0554C00212CFA3F
:105F080001F2D2B208314240202904FB02F0F6D156
:105F1800D3F834C04E4C00212CFA01F2D2B2083129
:105F28004240202904FB02F0F6D1D3F838C0484C8F
:105F380000212CFA01F2D2B208314240202904FB98
:105F480002F0F6D1D3F83CC0414C00212CFA01F202
:105F5800D2B208314240202904FB02F0F6D1D3F82E
:105F680040C03B4C00212CFA01F2D2B20831424029
:105F7800202904FB02F0F6D1D3F844C0344C0021A8
:105F88002CFA01F2D2B208314240202904FB02F077
:105F9800F6D1D3F848C02E4C00212CFA01F2D2B227
:105FA80008314240202904FB02F0F6D1D3F84CC056
:105FB800274C00212CFA01F2D2B2083142402029A4
:105FC80004FB02F0F6D1D3F850C0214C00212CFA82
:105FD80001F2D2B208314240202904FB02F0F6D186
:105FE800D3F854C01A4C00212CFA01F2D2B208316D
:105FF8004240202904FB02F0F6D1D3F858C0144CD3
:1060080000212CFA01F2D2B208314240202904FBC7
:1060180002F0F6D1D3F85CC00D4C00212CFA01F245
:10602800D2B208314240202904FB02F0F6D1D3F85D
:1060380060C0074900222CFA02F3DBB20832434061
:10604800202A01FB03F0F6D15DF8044B704700BF2E
:1060580093010001C59D1C8170B52DED028B82B0A6
:10606800CDED010A0546002859D00C46002956D026
:10607800D1ED007ADFED498AB0EEE77AB4EE687ABE
:10608800F1EE10FA4BD8F5EEC07AF1EE10FA46D4DC
:106098009FED437AF4EEC77AF1EE10FA3FDCD1EDCA
:1060A800017AF0EEE76AF4EE686AF1EE10FA36D893
:1060B800F5EEC07AF1EE10FA31D4F4EEC77AF1EECB
:1060C80010FA2CDC0846B0EE408AFEF7DBFC0646E8
:1060D80030B3F0EEC87AF4EE687AF1EE10FA1ED812
:1060E800B5EEC08AF1EE10FA19D4DFED2E7AB4EECF
:1060F800E78AF1EE10FA12DCDDED010AF0EEE06A53
:10610800F4EE686AF1EE10FA09D8F5EEC00AF1EE7D
:1061180010FA04D9F4EEE70AF1EE10FA05DD0026CC
:10612800304602B0BDEC028B70BD28220021281D2C
:1061380002F05DFEDDED010AD4ED056A70EEC87A65
:10614800B1EE087AF0EEE77A27EE877AB7EE086ABA
:1061580087EE260A67EE867A94ED047A85ED058A3D
:10616800B5EE400AF1EE10FA85ED028A85ED008A57
:10617800C5ED060A87EE878A0BD4F1EEC00AB0EEA9
:10618800480A02F091FE012385ED070A85F82830B8
:10619800C6E702F067FEF0EE400AF0E7FFFF7F7FF8
:1061A80000007A440050C34770B504462DED048BB7
:1061B800002800F09A811546002A00F0968190F890
:1061C8002800002800F08E810846F0EE408AB0EEE4
:1061D800608A0E46FFF7EEFC002800F08381DFEDB1
:1061E800CB7AB0EEE87AB4EE677AF1EE10FA00F204
:1061F8007C81F5EEC08AF1EE10FA00F176819FED10
:10620800C47AF4EEC78AF1EE10FA00F36E81B0EEAC
:10621800C87AB4EE677AF1EE10FA00F26681D6ED2C
:106228000D7A9FEDBC7A67EE877AF4EEC87AF1EEC4
:1062380010FA00F35A81D6ED0E7A67EE877AF4EEFB
:10624800C87AF1EE10FA00F15081D4ED007A9FED92
:10625800AF7AF0EEE77AF4EE477AF1EE10FA00F250
:106268004481D4ED027AF0EEE77AF4EE477AF1EE63
:1062780010FA00F23A81D4ED037AF0EEE77AF4EE00
:10628800477AF1EE10FA00F23081D4ED047AF0EE9C
:10629800E77AF4EE477AF1EE10FA00F22681D4EDAF
:1062A800087AF0EEE77AF4EE477AF1EE10FA00F2A7
:1062B8001C81D4ED077AF0EEE77AF4EE477AF1EE36
:1062C80010FA00F21281D4ED097AF0EEE77AF4EED2
:1062D800477AF1EE10FA00F20881D4ED057AF0EE73
:1062E800E77AF4EE477AF1EE10FA00F2FE80D4ED88
:1062F800067AF0EEE77AF4EE477AF1EE10FA00F259
:10630800F48030220021281D02F071FD94ED079AD7
:1063180094ED080A85ED008A38EE000AF0EE490A85
:1063280002F0EAFD94ED057AD4ED067A84ED080AC8
:10633800B5EEC09AF1EE10FA77EEC77A40F3E08036
:1063480080EE096AF1EE086A67EEA66AF7EE005A6F
:1063580075EEC65A66EE866AF0EE004A66EEA56AE3
:10636800B0EE085AC6EE895AA6EE645A66EE277A47
:1063780067EE867AA7EE857AD6ED0C7A96ED036AF3
:10638800D4ED026AD4ED039A96ED014AD6ED080AD7
:1063980078EE277A38EE066A88EE275A38EEE60A4B
:1063A800C8EE063AB0EE666AA5EE006AD6ED007A47
:1063B80084ED007A76EE666AC4ED015A86EE885A54
:1063C80084ED026A75EE696A77EE464AE3EEA69AAC
:1063D800B5EE404AC4ED039A85ED017A96ED027A4E
:1063E800C5ED025AF1EE10FA14BFD4ED046ADFEDE0
:1063F8004A6A85ED036AB5EE407A64EEA77AF1EE53
:1064080010FA14BF27EE697A9FED437AC5ED057A35
:1064180077EEA68ADFED407AC5ED066A78EE878AC0
:1064280085ED077A78EEA78AC5ED087AC5ED044AA6
:10643800F1EE600AB0EE680AC5ED098A02F034FD93
:10644800F0EE400A96ED070A02F056FDD4ED097AFF
:106458009FED317A67EE806AF4EE408AF1EE10FA29
:10646800B0EE409A18BF0123F4EEC76A96ED060A0B
:1064780018BF2B63F1EE10FAB4EEC79AD8BFF0EE4E
:10648800477AF1EE10FA28EE000AF0EE490A30DBFE
:1064980037EE800A02F030FDF0EE407AF4EE497AE9
:1064A800F1EE10FAC5ED0A7A03D02B6B43F0020324
:1064B8002B639FED167AF0EEE88AF4EE478AF1EE48
:1064C80010FA12D8F0EEE77AF4EE477AF1EE10FA05
:1064D8000BD8F0EEE99AF4EE479AF1EE10FA94BF71
:1064E80001200020BDEC048B70BDBDEC048B0020A6
:1064F80070BD37EEC00A02F0D7FCF0EE407ACDE767
:1065080037EE277ADFED045A36E700BFFFFF7F7FBB
:106518000050C3476F12833A0000000040B52DEDCC
:10652800068B84B006460293002800F0C580002A36
:1065380000F0C2800192002900F0BE80D1ED007AFF
:106548009FED637AF0EEE76AF4EE476AF1EE10FA2F
:1065580000F2B280F5EEC07AF1EE10FA00F1AC80EC
:10656800DFED5C6AF4EEE67AF1EE10FA00F3A4804F
:1065780091ED01AAF0EECA7AF4EE477AF1EE10FA3C
:1065880000F29A80B5EEC0AAF1EE10FA00F19480FC
:10659800B4EEE6AAF1EE10FA00F38E8008460391F5
:1065A800FEF770FA002800F08880019ADFED487A3B
:1065B800D2ED098AB0EEE87AB4EE677AF1EE10FA15
:1065C8007AD8D2ED049AB0EEE97AB4EE677AF1EEB1
:1065D80010FA71D892ED009AB0EEC97AB4EE677AE3
:1065E800F1EE10FA68D8B5EEC09AF1EE10FA63D958
:1065F80003999FED397AD1ED0E7A67EE877AB4EE7A
:10660800E79AF1EE10FA57DC029B07EE903AB8EEE3
:10661800E78AD1ED077AB4EEE78AF1EE10FA4BDC9F
:10662800D1ED087AF1EE677AB4EEE78AF1EE10FA66
:1066380042D4136B5B0744D192ED0A0A0192CDE96B
:10664800020102F0EBFCB4EE408AF1EE10FADDE94B
:106658000120039935D1DFED218AB5EE40AAF1EE8C
:1066680010FA31D0D1ED0B7AD6ED040A68EEA78A7C
:10667800DFED177AE9EE8A8AE9EE280AB0EEE07AC9
:10668800B4EE677AF1EE10FA16D891ED090A019185
:10669800CDE9020202F008FC0199F0EE400A91ED02
:1066A8000A0A02F029FC039A86ED040A029882ED90
:1066B8000B0A86ED098A00E0002004B0BDEC068BC9
:1066C80040BD78EE688AC8E7DFED040ADDE700BF61
:1066D800FFFF7F7F00007A446F12833A00000000BA
:1066E8002DE9F0432DED028B00F5CE7583B09FEDBB
:1066F800688A026F8DED018A01AB04460E46416E31
:106708002846FFF799F980462846FEF7B1FC8146EE
:10671800EFF3108772B6BFF35F8FFDF72DFDD4F846
:106728003832D4ED737A94ED1E7AC4F83C620133A2
:10673800C4F83832D4F84C32F31AC4F85032554BF6
:106748005B68C4F83432D4F8A035C4F85832D4F8A9
:106758009435C4F85C32D4F89835C4F8603223789C
:10676800C4F864326378C4F86832A378C4F86C3229
:10677800A36DC4F8C432E36DC4F8C032636EC4F8C4
:10678800CC32B8EEC77A236EC4F8C832FCEEE77A8A
:106798004FF2051384EDD37AC4EDA97AC4F83032E8
:1067A800D4ED677A94ED687AC4F8F092FCEEE77A53
:1067B8000546C4EDBB7AFCEEC77AC4EDBD7AB8F1E4
:1067C800000F03D094F8E935002B48D1DFED307A7B
:1067D8000023B0EE678AC4F81C3394F8E335C4ED9F
:1067E800E27A84EDE38A23B1D4F8A435F61AC4F822
:1067F8000C6394F8E405EB68C4F8783210B1287F8C
:10680800002841D16A7FAB7FC4F888222A8BC4F85C
:1068180080226A8BC4F87C02C4F88C32C4F88422C3
:1068280063BBD5ED017A6B78F8EE677A4BBBD4F889
:10683800A43594F8E215D4F8C425C4F8A832E3784E
:10684800C4EDDE7AC4E9B612C4F8E032BFF35F8F54
:1068580087F3108803B0BDEC028BBDE8F083F7EE38
:10686800006ADDED017AB4EE667A0123F1EE10FAE2
:10687800C4F81C3308BFB0EE678AAEE7DFED047AD0
:10688800D5E7F1EE677AD2E7FDF772FBBAE700BF0A
:1068980000000000E0930008F0B58DB004460E46F5
:1068A800FDF72CFA18B1002528460DB0F0BDD4E943
:1068B80018310122C4E9A63184F8E425C4F8A835C2
:1068C800C4F89030226F0AAB04F5CE7004F59C75BD
:1068D800FFF7B2F80028E6D0D4ED737A9DED0A0AE6
:1068E800F4EEC07AF1EE10FAD4ED1E7A94BF0123CB
:1068F8000023F8EEE70AC4F89032294604F501703F
:10690800FFF7AAFB0028CED004F29C50FDF742FC0A
:1069180007460028C7D1D4ED610A94ED7B0A02F03E
:10692800EBFAF0EE400A94ED7A0A02F0E5FAD4EDBB
:10693800557AD4F89C05BCEEC07AFDEEE77A17EEDE
:10694800102A17EE903A3146FDF788FC05460028D4
:10695800A9D0D4ED5E6A94ED657AD4ED5D7A01969E
:10696800FCEEE66ABCEEC77ACDED026A0DF12702AD
:10697800FCEEE77A236E079205978DED047AD4F83A
:106988009C05CDED037A00930BA9D4E91623069153
:10699800FDF718FE002886D1D4E91667D4F80C3222
:1069A800216E04F5B662C2E90067D4F80422C4F87F
:1069B80048330D23C4F8AC15C4F85023237073E78B
:1069C800F8B504461D460F461646FDF797F9D4F864
:1069D800103363B10323C4E9CB53D4F82033D4F87C
:1069E8002423EB1A934228BF1346C4F82833002304
:1069F800A4F8E235C4F8103384F82C320023C4F824
:106A080014322378092B4FF009031CBF6770A67056
:106A1800237029462046BDE8F840FFF761BE00BF55
:106A280078B3F8B504461D460F461646FDF766F9D5
:106A3800D4F8103363B10323D4F82003C4E9CB534B
:106A4800D4F82433281A984228BF1846C4F82803D3
:106A58000023C4F814322378092B4FF009034FF0B0
:106A680000001CBF6770A6702370A4F8E205C4F884
:106A7800100384F82C0229462046BDE8F840FFF7A9
:106A88002FBE7047D0B3F8B50D46174600214FF416
:106A9800BE62044602F0ABF96DB129464C2204F1FE
:106AA800080002F0D1F9284615494C2202F076F97F
:106AB800B0FA80F56D0904F59C7684F89550114973
:106AC8006422304602F0C0F901250F49682204F516
:106AD800CE7002F0B9F9C4F894553046FFF76CF956
:106AE800FA23C4F89805A36784F89450FDF706F9CB
:106AF80039462046BDE8F840FFF7F2BD704700BFB1
:106B0800949300088894000820940008002845D031
:106B180038B50378044673BB154611B190F8953023
:106B280053BBFDF7EBF8D4F8103353B1D4E9C831AF
:106B38000322EB1A8B42C4E9CB5228BF0B46C4F898
:106B4800283322780023092AA4F8E235C4F8103340
:106B580084F82C324FF000011CBF40F20113A4F856
:106B68000130C4F814120923237029462046BDE8D1
:106B78003840FFF7B5BD38BD00F59C7100F5CE7003
:106B8800FFF74CF80028CCD0FDF7C2FA0028C8D08F
:106B9800FDF7CCFA0028C4D00123E5E7704700BF11
:106BA8000346A8B190F8E90590B193F8740078B15C
:106BB80093F8750060B1D3ED5D7A1B6EFCEEE77A51
:106BC800C91A17EE900A81428CBF00200120704735
:106BD800704700BF2DE9F04182B0C0B10D46B1B198
:106BE8000B78013B17460446092B06D8DFE803F06B
:106BF800140505144E053C05054106262046E67099
:106C08003946FFF76DFD304602B0BDE8F081012638
:106C1800304602B0BDE8F081D0F81033002280F889
:106C2800E22553B1D0E9C8310322FB1A8B42C0E9EF
:106C3800CB7228BF0B46C0F828330023002284F803
:106C4800E335C4F8103384F82C32C4F8142284F8DD
:106C5800EA35FDF753F8002840D12378092B01D0F5
:106C6800012323700026C9E70678012E13D00326D6
:106C7800C4E70378012BFAD1B0F8E235002BF6D13E
:106C880090F89430002B61D10426B7E70378092BDC
:106C98004FD00226B2E790F8E285B8F1000FE6D1AE
:106CA800FDF736FA0028E2D094ED687AF7EE007A1C
:106CB800B4EE677AD5ED017AF1EE10FAB8EEE70A8C
:106CC8000CBF0121002104F5CE70FEF72BFEC4F89D
:106CD800F80200285AD084F894808FE7FDF70EF860
:106CE800D4F8103353B1D4E9C8310322FB1A8B42CC
:106CF800C4E9CB7228BF0B46C4F828332278002396
:106D0800092AA4F8E235C4F8103384F82C3218BFE5
:106D180040F606234FF0000118BFA4F801300923FC
:106D2800C4F81412237039462046FFF7D9FC072609
:106D380064E7FDF7EDF90028ABD0FDF7F7F9002877
:106D4800A7D0012200232280A3708BE700F59C7650
:106D580000F5CE7531462846FEF760FF002893D02F
:106D6800FDF7E4F900288FD0FDF7D2F900288BD081
:106D7800FDF702FA437F002B86D10023019394F894
:106D8800E93543B90123C4F8F8327DE76B68A36796
:106D980084F8946066E7226F616E01AB2846FEF7BF
:106DA8004BFE0028EED0D4ED1E7A9DED010AF8EED8
:106DB800E70A3146284604F56472FEF751FFC4F825
:106DC800F80200287FF460AF0026012384F8E2353A
:106DD800C4F8C47584F8EA6510E700BF002800F01D
:106DE800CF8038B590F8E2350D460446002B7AD1AD
:106DF80090F8E335002B75D0D0ED7A0A90ED7B0A38
:106E080002F07AF8F0EE400A94ED610A02F074F8A4
:106E1800BCEEC00AD4F8A43510EE102AEB1A93423F
:106E280080F08C8094F8E435002B4DD094F8E5354B
:106E38005BB9D4ED7D7AD4F8A835FCEEE77AEB1A85
:106E480017EE902A934280F0FC80D4ED5C7A236E92
:106E5800FCEEE77AEB1A17EE902A9A42C0F09B8074
:106E6800FDF7FAFD38B9FDF787F98378042B02D0CE
:106E7800FDF77EF890BBFCF741FFD4F8103353B10F
:106E8800D4E9C8310322EB1A8B42C4E9CB5228BF9C
:106E98000B46C4F82833227800230021092AA4F8D5
:106EA800E235C4F8103384F82C32C4F8141203D035
:106EB80040F60653A4F801300923237029462046DA
:106EC800BDE83840FFF70CBCD4ED5C7A236EFCEECD
:106ED800E77AEB1A17EE902A93425CD8D4F810336D
:106EE800002B7BD138BDFDF713F918B1FDF71EF95A
:106EF800002846D1FCF702FFD4F8103353B1D4E987
:106F0800C8310322EB1A8B42C4E9CB5228BF0B4687
:106F1800C4F8283322780023092A4FF00001A4F886
:106F2800E235C4F8103384F82C3218BF40F6062333
:106F3800C4F8141218BFA4F80130BDE7FCF7DEFE50
:106F4800D4F8103353B1D4E9C8310322EB1A8B4279
:106F5800C4E9CB5228BF0B46C4F828332278002353
:106F68000021092AA4F8E235C4F8103384F82C3239
:106F7800C4F81412A0D040F60573A4F801309BE7BA
:106F88007047FDF7F9F8037F002BB3D1D4F8C43567
:106F9800EB1AF92BA6D9FCF7B1FED4F8103353B18C
:106FA800D4E9C8310322EB1A8B42C4E9CB5228BF7B
:106FB8000B46C4F82833227800230021092AA4F8B4
:106FC800E235C4F8103384F82C32C4F814123FF4B4
:106FD80073AF40F20223A4F801306DE704F5CE70D8
:106FE800FEF7A6F900283FF47DAFD4F81433EB1A66
:106FF80013F1020F3FF576AFD4F8DC25D4F89C05E1
:107008002946FDF7D7F900287FF435AFD4F8DC25F9
:10701800D4F8103307EE902AF8EEE77A73B1D4E982
:10702800C831EB1A8B4228BF0B46C4E9CA35022285
:10703800C4F83023C4F81003C4EDE77AC4ED8A7AA3
:1070480038BDFCF75BFED4F8103353B1D4E9C8312E
:107058000322EB1A8B42C4E9CB5228BF0B46C4F873
:107068002833227800230021092AA4F8E235C4F83D
:10707800103384F82C32C4F814123FF41DAF40F6D4
:107088000503A4F8013017E7002800F05D812DE919
:10709800F04F2DED048B0D46B3B0002900F0E680CB
:1070A8000B7F16460446002B00F0E5804B7F002B33
:1070B80000F0E1808B69002BC0F2DD8090F8E935A3
:1070C800002B40F00A8131462046FFF787FEAE4686
:1070D800BEE80F0004F1580C94F8E385ACE80F0003
:1070E8009EE80F004FF00109EF688CE80F0084F864
:1070F800E995B8F1000F04D094F87430002B40F0F3
:10710800A78107EE907A94ED6B7AF8EE677A002300
:10711800F4EEC77AF1EE10FA0A9380F21681D4EDF4
:10712800686AB7EE007AF4EE476AF1EE10FA0DD10C
:1071380094ED6C6A94ED6D7AD4ED716AA7EE867A57
:10714800B4EEE67AF1EE10FA80F2FF8004F5CE781C
:10715800AA6939460AAB4046FEF76EFC002800F0E3
:107168008A80D4F83033012B40F21081D4F84033B0
:10717800002B40F00B8194F8E935002B00F0868154
:1071880094F87420002A00F0D88194F8750000283B
:1071980040F0158594F8E335002B00F0D38194F87E
:1071A800E235002B40F08781002A00F0FD8094F83A
:1071B8007500002800F0F880D4ED5D7A236EFCEEAF
:1071C800E77AF31A17EE902A934200F2ED8094F8CA
:1071D800E4A59DED0A7AD4ED737ABAF1000F40F078
:1071E800B781EB68D5ED066A2A68C4F87032D5E92C
:1071F8000113F8EEE66AB4EEE77AF1EE10FAC4E9A4
:107208009223C4F84412C4EDDF6A2BDB31462046D2
:10721800FFF742FB30BBFCF771FDD4F8103353B1D4
:10722800D4E9C8310322F31A8B42C4E9CB6228BFE0
:107238000B46C4F82833227800230021092AA4F831
:10724800E235C4F8103384F82C32C4F8141203D091
:1072580040F60623A4F8013009232370314620465E
:10726800FFF73EFA31462046FFF73AFA33B0BDEC55
:10727800048BBDE8F08FB4F8E235002BF6D0FCF7AC
:107288003DFDD4F8103353B1D4E9C8310322F31AC1
:107298008B42C4E9CB6228BF0B46C4F82833227856
:1072A8000023092A4FF00001A4F8E235C4F810338E
:1072B80084F82C3218BF40F20233C4F8141218BFF5
:1072C800A4F801300923237031462046FFF708FA55
:1072D80033B0BDEC048BBDE8F08FD0E91623D1E9BB
:1072E8000001FEF75DFC002800F0818094F8E93584
:1072F800002B3FF4E8AEAB68226E9B1A002BC0F25D
:10730800BF800CD0D4F8D0220AB19A4201D9C4F86F
:10731800D032D4F8D4229A4238BFC4F8D432D5E94E
:107328000032A16D013B42F1FF325B1AE16D62EB65
:107338000102002A4FF0FF31D4F8B42218BF0B46DF
:107348001A44C4F8B422BEE67047FCF7D7FCD4F858
:10735800103353B1D4E9C8310322F31A8B42C4E97C
:10736800CB6228BF0B46C4F82833227800230021BB
:10737800092AA4F8E235C4F8103384F82C32C4F88A
:1073880014129FD00323A4F801309BE794F8E33547
:10739800002B7FD094F8E935002B40F0368394F821
:1073A800E235002B7FF45EAFFCF7A8FCD4F810336D
:1073B80053B1D4E9C8310322F31A8B42C4E9CB6232
:1073C80028BF0B46C4F82833227800230021092A55
:1073D800A4F8E235C4F8103384F82C32C4F8141237
:1073E8003FF470AF40F20223A4F801306AE7B4F822
:1073F800E235002B3FF43AAFD5E90002D4E9161381
:107408009A4208BF88423FF431AFFCF777FCD4F8C2
:10741800103353B1D4E9C8310322F31A8B42C4E9BB
:10742800CB6228BF0B46C4F82833227800230021FA
:10743800092AA4F8E235C4F8103384F82C32C4F8C9
:1074480014123FF43FAF40F20243A4F8013039E789
:1074580094F87530002B3FF454AED4ED5D7A236E6A
:10746800FCEEE77AF31A17EE902A93423FF649AEFC
:10747800D4F8E432BB423CBFAB68C4E9B97340E618
:10748800B4F8E235002B3FF4F1AEBEE794F8E335EB
:10749800002B84D194F8E235002B3FF4E3AE94F846
:1074A800E935002B3FF4DEAE94F87420002A3FF44F
:1074B800D9AE94F8750000283FF4D4AED4ED5D7AC7
:1074C800236EFCEEE77AF31A17EE902A93423FF602
:1074D800C9AEAB68D4F8C4259B1A002BFFF6C2AE20
:1074E8002378012B06D194F894301BB1A36F002B9D
:1074F80000F33D84FCF702FCD4F8103353B1D4E90F
:10750800C8310322F31A8B42C4E9CB6228BF0B4669
:10751800C4F82833227800230021092AA4F8E23588
:10752800C4F8103384F82C32C4F814123FF494AE23
:1075380040F60613A4F801308EE694F8E335002BE4
:107548007FF42DAF94F8E235002B3FF48BAEADE716
:10755800D4F89032B4EEE77A002B00F00882F1EE0E
:1075680010FA00F1A883D4ED5B7AAA68D4F8AC3598
:10757800FCEEE77AD31A17EE901A8B42FFF476AE38
:10758800D5ED067AEB68C4F87032D5E90031F8EE2B
:10759800E77AC4F84C226422C4E99113C4EDDF7A77
:1075A80004F59C710DEB020001F04EFC4046FDF71E
:1075B800BFFE94ED1E7ADDED0A7AD4F81033F8EEAA
:1075C800C78A814678EEE78AB0EE670A002B00F09A
:1075D800E38194ED797AB4EEE87AF1EE10FA80F26C
:1075E800F581D4ED816A76EEE76AB4EEE67AF1EEDB
:1075F80010FA80F2EB8123780E2B00F0E78194F8E3
:10760800E135002B40F0C28294F8E575002F40F078
:10761800BD82D4F89032002B00F0B882B4EEE87A3C
:10762800F1EE10FA40F1B282B0EE670AB9F1000F3C
:1076380000F09A82A36FFA2B00F04C82D4F8AC25A4
:10764800AB68DFEDD07A9B1A08EE103AB8EE488A9C
:1076580004F5017828EE278A0CAAF0EE480A19A941
:107668004046FEF7A1FD002800F00B829DED169A1A
:10767800D4F81033BDEEC99AE3B1DFB9B9F1000F00
:1076880018D019EE103A013BB3F5347F80F0DB8354
:10769800D4ED767A19EE103ABDEEE79AC4F8DC35E7
:1076A800189BCDED207AF8EEC97A43F01003CDEDA2
:1076B800167A1893D4ED656A94ED5D7AD4ED5E7A06
:1076C8008DED059AFCEEE66ABCEEC77AFCEEE77A29
:1076D8000196CDED046A8DED037ACDED027AAB68A3
:1076E80000930DF1270307930BAB0693D5E900230D
:1076F800D4F89C05FCF766FF002840F0B8829DF896
:1077080027301BB1189B43F004031893B8EEC99AAD
:10771800DDED167AB4EE679AF1EE10FA03D0189BF5
:1077280043F0080318930B9B0CAA19A94046FEF7CF
:10773800F5FE002800F0A5810B9AD4F8103307EE67
:10774800902AB8EEE77AD3B1002A05DDD4F83433AD
:10775800934238BFC4F834238FB10023C4F81033E0
:107768000223C4E9CB63D4F82033D4F8241384ED7E
:10777800E77AF31A8B4228BF0B46C4F82833AB6864
:10778800C4F8AC3595ED006BD4F85432DDED0F9AA2
:10779800DDED107ADDF834A0DDF83890DDF84480AE
:1077A800DDF848E0DDF84CC0149F159D1698179930
:1077B800013304F5B66B8BED006B84EDD18A84ED53
:1077C800E09AC4F85432C4F850A3C4F85493C4F8E7
:1077D8005C83C4F860E3C4F864C3C4F86873C4F88D
:1077E8006C53C4F84062C4F88403C4EDD29AC4ED63
:1077F800D67A84EDDC7AC4F87413189B94ED899AD0
:1078080094ED888AC4F87432B4EEC89AF1EE10FA8E
:1078180003F00103C0F2238194ED637AF0EEE77A76
:10782800F4EEC77AF1EE10FA40F3198194F8E705FF
:10783800002B40F0EE8208B9C4F8BC650021C4F8FA
:10784800AC12D4F8BC1584F8E635A6EB0108012182
:1078580084F8E715002AC4F8B08240F30A81D4ED11
:10786800607AF4EEE87AF1EE10FA40F1028194F8C9
:10787800E02552B904F2D4510A9AC4F8CC65C4F888
:10788800C8650A6004F5BB610A60D4ED7E7AD4F855
:10789800C815FCEEE77A012284F8E02517EE902A55
:1078A800711A914216D304F2D451D1ED007A9DEDAC
:1078B8000A7AD4ED7F6A77EE677AF4EEE67AF1EE2B
:1078C80010FAC4EDE57AA4BFC4F8CC6581ED007A5E
:1078D800C4F8C865D4F8CC75F71BBA42C4F800736D
:1078E80040F23B8204F5BB62DDED0A7AD2ED006A14
:1078F80094ED7F7A77EEE67AF4EEC77AF1EE10FA35
:10790800C0F22B82002B0CBF03250125B4EEC89AC8
:10791800F1EE10FAACBF01230023C4F80433D4ED10
:10792800800A94ED620AC4F8FC5201F0E5FABCEE54
:10793800C00A10EE103ABB4240F27481B4EEC89A05
:10794800F1EE10FAC0F25B81D4ED647AFCEEE77ACE
:1079580017EE903A434500F2DA81EB0700F1D78140
:107968003346112205212046FFF72AF87AE4F1EE82
:1079780010FAFFF6F8ADEB68C4F89C320123C4F89E
:107988009032F0E56F12833A000034440000C84298
:107998000000484300007A4494F8E175002F40F055
:1079A800948094F8E535002B7FF448AED4F89032F3
:1079B800002B3FF443AE94ED797AF4EEC78AF1EEEA
:1079C80010FA3FF731AEB0EE670A37E6D4F89C05F7
:1079D800FCF7CAFC0746002800F0C18194F8E1359D
:1079E800002B74D194F8E535002B70D1D4F890327F
:1079F800002B40F01C82D4F81033DDED0A7A002BFE
:107A0800E1D0B0EE670A574618E694F8742094F867
:107A1800E235002A3FF4C5AC94F8750000283FF41D
:107A2800C0ABD4ED5D7A276EFCEEE77AF71B17EE54
:107A3800901A8F423FF6B5ABDDED0A7A94EDE67AFF
:107A4800B4EEE77AF1EE10FA05D5C4EDE67A002B2C
:107A58003FF4AFAB2FE5002B3FF4ABAB2BE5002B8E
:107A680040F09C80A4F8E635C4F8AC324FF000082A
:107A7800F0E600231D4684F8E035C4F800331F46BD
:107A880044E7FCF73BF9D4F8103353B1D4E9C831D3
:107A98000322F31A8B42C4E9CB6228BF0B46C4F811
:107AA8002833227800230021092AA4F8E235C4F8F3
:107AB800103384F82C32C4F814123FF403AC41F2AA
:107AC8000723A4F80130FFF7FDBB1F46B6E59DED7F
:107AD8000A0AB3E594ED4E6AF2EE046AB4EE666AF9
:107AE800F1EE10FA7FF4AAADD4ED4F6AF5EE406AD4
:107AF800F1EE10FA7FF4A2ADD4ED506AF5EE406ACB
:107B0800F1EE10FA7FF49AAD5FED616A94ED556A73
:107B1800B4EE666AF1EE10FA7FF490AD5FED656A37
:107B280094ED566AB4EE666AF1EE10FA7FF486AD0B
:107B38005FED696A94ED526AB4EE666AF1EE10FA86
:107B48007FF47CAD5FED6D6A94ED536AB4EE666ABE
:107B5800F1EE10FA7FF472AD94ED546AB4EE666AF1
:107B6800F1EE10FA7FF46AADD4ED816A76EEE76A39
:107B7800F4EEC76AF1EE10FA00F36D81D4F8103311
:107B8800002B3FF420AF002F7FF43BAFB0EE670A25
:107B9800B9F1000F00F0DC8000274FE594F8E615F6
:107BA80021B90121C4F8B86584F8E615002184F8E4
:107BB800E715D4F8B815711AC4F8AC1256E7D4ED25
:107BC8005D7A276EBCEEE77AF11B17EE103A994200
:107BD8000DD8A968D4F82C33CB1A002B07DB0A9BE5
:107BE800C4F8A4330123C4F83C13C4F8403394F810
:107BF800E335002B3FF4A6AC94F8E23514E7D4ED56
:107C08001E7AF8EEE77A77EEE97AF0EEE77A2378EB
:107C18000E2B00F0F5800D2200232270C4F80833E3
:107C2800FFF720BBFCF76AF8D4F8103353B1D4E956
:107C3800C8310322F31A8B42C4E9CB6228BF0B4632
:107C4800C4F8283322780023092A4FF00001A4F849
:107C5800E235C4F8103384F82C3218BF41F205031A
:107C6800C4F8141218BFA4F80130FFF7F5BAFCF7EE
:107C780045F8D4F8103353B1D4E9C8310322F31AC4
:107C88008B42C4E9CB6228BF0B46C4F8283322785C
:107C980000230021092AA4F8E235C4F8103384F837
:107CA8002C32C4F814123FF40DAB40F60623A4F8A6
:107CB8000130FFF707BBD4F89432EA68C4F8A02271
:107CC8000133C4F89432FCF719F8D4F8103353B1DF
:107CD800D4E9C8310322F31A8B42C4E9CB6228BF26
:107CE8000B46C4F82833227800230021092AA4F877
:107CF800E235C4F8103384F82C32C4F814123FF477
:107D0800E1AA40F60263A4F80130FFF7DBBAD4ED2C
:107D18001E7A94ED5F7AF8EEE77A77EEE97AF0EE7C
:107D2800E77AB4EEE77AF1EE10FAFFF670AF23784F
:107D38000E2B18BFC4F8D065D4F8D0350E21012217
:107D4800F31A217084F8E525C4F80833FFF78ABAD6
:107D5800D4F8D83120934F4670E40225D6E533464F
:107D68000A2206212046FEF72BFEFFF77FBA94ED84
:107D7800687AF7EE007AB4EE677A07EE903AF1EE99
:107D880010FAB8EEE70A0CBF012100214046FDF7C2
:107D9800C9FD074600287FF4ADAB04F59C7529465C
:107DA8004046FDF73BFF00283FF4A4ABFCF7BEF9C3
:107DB80000283FF49FABFCF7ABF900283FF49AABDF
:107DC800FCF7DAF9437F002B7FF494ABD4ED1E7AED
:107DD8009DED0A0A2946F8EEE70A04F56472404662
:107DE800FDF73EFF0546C4F8F802002800F08E8033
:107DF8003346092206212046FEF7E2FDFFF732BA94
:107E080094ED607AB4EEE77AF1EE10FA7FF52AAADB
:107E180001E794F8E61509B9C4F8B865D4F8B815B7
:107E2800711A00287FF40BADC4F8BC6507E594ED22
:107E3800797AF4EEC78AF1EE10FA7FF7DCADDDED62
:107E48000A7AFFF7F1BB3346122207212046FEF7D4
:107E5800B7FDFFF70BBA4046FDF756FE40B394ED69
:107E6800777AD4ED787AD4F81833BCEEC77AFCEE7A
:107E7800E77A17EE108A08EB030B17EE903A9B454A
:107E880016D8D4ED7A0A94ED7B0A01F035F8F0EEB5
:107E9800400A94ED610A01F02FF8D4F8A435BCEE3D
:107EA800C00AA8EB030310EE102A3344934202D30E
:107EB800DDED0A7A62E642464FF00108D4F89C05E7
:107EC800C4F818B384F8E1853146FCF70BFA0028AA
:107ED8003FF445AF94ED777ADDED0A7AC4F8108364
:107EE800BCEEC77AC4F8308317EE103A3344C4F8AE
:107EF8001433AB68C4F82063C4EDE87A84EDC97A1A
:107F0800C4F83833002F7FF47CAD3FE60023199383
:107F18004FF08073226F616E84F8EA0584F8E805F3
:107F2800C4F8D005C4F8E405C4F8E035404619ABF8
:107F3800C4F8A465C4F8C865C4F8CC65FDF77CFD31
:107F4800D4F8A035DDF86480D4F8189304F2D4523C
:107F58000133012BC2F8008004F5BB6238BF01234E
:107F68002946C2F8008004F50C70C4F8A0354FF417
:107F7800BC72D4F8905300F03AFFD4ED1C7A636ECB
:107F8800A26DC4F87032F8EEE77AC4F8E432236ED2
:107F9800C4F84822C4F8E8320C22C4F84C32E36D25
:107FA800C4F81893C4F89053C4F89883C4EDDF7AE2
:107FB8002270C4F8443231462046FEF76DFC60B1A9
:107FC8002378C4F8A865092B08BF0727C4F8906070
:107FD800C4F89862E770FFF745B9FBF78FFED4F84D
:107FE800103353B1D4E9C8310322F31A8B42C4E9E0
:107FF800CB6228BF0B46C4F8283322780023092A0D
:10800800A4F8E235C4F8103384F82C3218BF40F6CF
:1080180006234FF0000118BFA4F801300923C4F863
:108028001412237031462046FEF75AFBC8E700BFFA
:1080380000286BD038B590F8E335044603B938BD4D
:108048000D46FCF799F894F8E43583B38378042B4C
:108058005DD033B3FBF752FED4F8103353B1D4E9F3
:10806800C8310322EB1A8B42C4E9CB5228BF0B4616
:10807800C4F82833227800230021092AA4F8E2351D
:10808800C4F8103384F82C32C4F8141203D040F624
:108098000623A4F801300923237029462046FEF759
:1080A8001FFB29462046BDE83840FEF719BB037F71
:1080B800002BF6D1D4F88820002AF2D041698A42F0
:1080C80002D18278012A46D0FBF718FED4F8103383
:1080D80053B1D4E9C8310322EB1A8B42C4E9CB521D
:1080E80028BF0B46C4F82833227800230021092A28
:1080F800A4F8E235C4F8103384F82C32C4F814120A
:10810800C9D040F20563A4F80130C4E77047FBF713
:10811800F5FDD4F8103353B1D4E9C8310322EB1A72
:108128008B42C4E9CB5228BF0B46C4F828332278C7
:108138000023092A4FF00001A4F8E235C4F81033EF
:1081480084F82C3218BF40F60653C4F8141218BF2E
:10815800A4F801309FE705F13201C4F8883084F8AB
:10816800E825C4F8C0159CE790B130B5044683B043
:108178000D46FEF733FE94F8E33513B194F8E43571
:108188003BB12946204603B0BDE83040FEF7A8BA07
:108198007047FBF7F1FF037F002BF2D194F8E83525
:1081A80043B1D4F8C035EA1A002AEADB226ED21AA3
:1081B800002AE6DBD4E90A23616A00950020FBF770
:1081C800F7FD48B3FBF79AFDD4F8103353B1D4E95F
:1081D800C8310322EB1A8B42C4E9CB5228BF0B46A5
:1081E800C4F8283322780023092AA4F8E235C4F811
:1081F800103384F82C3218BF40F606134FF00001F4
:1082080018BFA4F801300923C4F8141223702946B2
:108218002046FEF765FAB4E7FBF7AEFF4369C4F8FA
:108228008830AEE7052809D0062801D0002070471D
:10823800A1F58073042B07D8012070471039012954
:108248008CBF002001207047A1F5887131298CBFAF
:1082580000200120704700BF2DE9F04FEFB038B182
:1082680005290D4616461F4600F02181062904D02F
:10827800062528466FB0BDE8F08FA2F58073042B61
:10828800044600F22281B2F5817F00F0278125782B
:10829800012D40F00781B4F8E235002B40F002814F
:1082A800FBF736FF002800F0FD80FBF765FF037F32
:1082B800002B40F0F780B6F5827F00F0658440F22D
:1082C8000312964200F08084B6F5807F00F06A843D
:1082D80094F8EA35002B00F0A984B6F5887F80F081
:1082E80089844CF201139F42C3D17B4BD4F8881583
:1082F800D4F88C259A4208BFB1F1FF3FB9D1D4F820
:108308009025D4F894359A42B3D1B4F82025B4F81E
:108318002235B4F8241543EA02435593B4F82635B8
:10832800B4F8282543EA01435693B4F82A35B4F83B
:108338002C1543EA02435793B4F82E35B4F8302588
:1083480043EA01435893B4F83235B4F8341543EA94
:1083580002435993B4F83635B4F8382543EA014353
:108368005A93B4F83A35B4F83C1543EA02435B93A0
:10837800B4F83E35B4F8402543EA01435C93B4F8B9
:108388004235B4F8441543EA02435D93B4F84635E0
:10839800B4F8482543EA01435E93B4F84A3543EA02
:1083A80002435F93B4F84C25B4F84E3543EA0243D0
:1083B8006093B4F85025B4F8523543EA0243619308
:1083C800B4F85425B4F8563543EA02436293B4F836
:1083D8005825B4F85A3543EA02436393B4F85C2548
:1083E800B4F85E3543EA02436493B4F86025B4F800
:1083F800623543EA02436593B4F86425B4F86635F8
:1084080043EA02436693B4F86825B4F86A3543EA48
:1084180002436793B4F86C25B4F86E3543EA024317
:108428006893B4F87025B4F8723543EA0243699347
:10843800B4F87425B4F8763543EA02436A93B4F87D
:108448007825B4F87A3543EA02436B93B4F87C256F
:10845800B4F87E3543EA02436C93B4F88025B4F847
:10846800823555A943EA024304F5CE706D9304F5AD
:108478009C77FDF7D3FB002800F0E783EFF3108625
:1084880072B6BFF35F8F2378012B07D1B4F8E2559A
:1084980025B9FBF73DFE002840F0DB83BFF35F8F73
:1084A80086F31088032528466FB0BDE8F08FA2F147
:1084B8001003012B3FF6DCAEB7F57F4F00F0568373
:1084C800012528466FB0BDE8F08FA2F58873312BDF
:1084D8007FF6DDAECDE600BFFFFF03004DF20113CE
:1084E8009F42EDD1EFF31083539372B6BFF35F8FC2
:1084F800D4E994230193D4F858320293D4F85C3227
:108508000393D4F860320493D4F864320593D4F812
:1085180068320693D4F86C320793D4F87032089313
:10852800D4F874320993D4F878320A93D4F87C32A8
:108538000B93D4F88032D0E98C8ED0E98EC7D0E97D
:108548009065D0E992010C93D4F884320D93D4F855
:1085580088320E93D4F88C320F93D4F8903210935B
:10856800D4F894321193D4F898321293D4F89C32F8
:108578001393D4F8A0321493D4F8A4321593D4F8F2
:10858800A8321693D4F8AC321793D4F8B0321893B3
:10859800D4F8B4321993D4F8B8321A93D4F8BC3258
:1085A8001B93D4F8C0321C93D4F8C4321D93D4F86A
:1085B800C8321E93D4F8CC321F93D4F8D03220930B
:1085C800D4F8D4322193D4F8D8322293D4F8DC32B8
:1085D8002393D4F8E0322493D4F8E4322593D4F8E2
:1085E800E8322693D4F8EC322793D4F8F032289363
:1085F800D4F8F4322993D4F8F8322A93D4F8FC3218
:108608002B93D4F800332C93D4F804332D93D4F857
:1086180008332E93D4F80C332F93D4F810333093B7
:10862800D4F814333193D4F818333293D4F81C3374
:108638003393D4F820333493D4F824333593D4F8CF
:1086480028333693D4F82C333793D4F8303338930F
:10865800D4F834333993D4F838333A93D4F83C33D4
:108668003B93D4F840333C93D4F844333D93D4F847
:1086780048333E93D4F84C333F93D4F85033409367
:10868800D4F854334193D4F858334293D4F85C3334
:108698004393D4F860334493D4F864334593D4F8BF
:1086A80068334693D4F86C334793D4F870334893BF
:1086B800D4F874334993D4F878334A93D4F87C3394
:1086C8004B93D4F880334C93D4F884334D93D4F837
:1086D80088334E93D4F88C334F93D4F89033509317
:1086E800D4F894335193D4F898335293D4E9E7BA31
:1086F800D4F8A493BFF35F8F539B83F31088019B37
:10870800A4F8CE331B0CA4F8CC33029BA4F8D233C4
:108718001B0CA4F8D033039BA4F8D6331B0CA4F885
:10872800D433049BA4F8DA331B0CA4F8D833059B84
:10873800A4F8AA83A4F8AEE3A4F8B2C3A4F8B67365
:10874800A4F8BA63A4F8BE53A4F8C203A4F8C613E5
:10875800000C090CA4F8CA23A4F8DE33120C1B0C75
:108768004FEA18484FEA1E4E4FEA1C4C3F0C360C95
:108778002D0CA4F8C003A4F8C413A4F8C823A4F8C3
:10878800A883A4F8ACE3A4F8B0C3A4F8B473A4F81D
:10879800B863A4F8BC53A4F8DC33069BA4F8E2330E
:1087A8001B0CA4F8E033079BA4F8E6331B0C0898CD
:1087B800A4F8E4334FEA1A4100231A4661F30F0381
:1087C8004FEA194161F30F02010CA4F8E813099963
:1087D800A4F8EE13090CA4F8EC130A99A4F8F21300
:1087E800090CA4F8F0130B99A4F8F613090CA4F8D3
:1087F800F4130C99A4F8FA13090CA4F8F8130D99BA
:10880800A4F8FE13090CA4F8FC130E99A4F802149A
:10881800090CA4F800140F99A4F80614090CA4F87C
:1088280004141099A4F80A14090CA4F8EA03A4F88B
:1088380008141199A4F80E14090CA4F80C14129930
:10884800A4F81214090CA4F810141399A4F8161417
:10885800090CA4F814141499A4F81A14090CA4F80F
:1088680018141599A4F81E14090CA4F81C141699C8
:10887800A4F82214090CA4F8201417991898A4F83D
:108888002614090CA4F82414010CA4F82814199926
:10889800A4F82E14090CA4F82C141A99A4F832146C
:1088A800090CA4F830141B99A4F83614090CA4F880
:1088B8002A04A4F834141C99A4F83A14090CA4F84E
:1088C80038141D99A4F83E14090CA4F83C141E99F8
:1088D800A4F84214090CA4F840141F99A4F84614EB
:1088E800090CA4F844142099A4F84A14090CA4F813
:1088F80048142199A4F84E14090CA4F84C14229990
:10890800A4F85214090CA4F850142399A4F8561486
:10891800090CA4F854142499A4F85A14090CA4F8BE
:1089280058142599A4F85E14090CA4F85C14269927
:10893800A4F86214090CA4F860142799A4F8661422
:10894800090CA4F8641428992998A4F86A14090C45
:10895800A4F86814010CA4F86C142A99A4F87214E9
:10896800090CA4F870142B99A4F87614090CA4F82F
:1089780074142C99A4F87A14090CA4F878142D9975
:10898800A4F87E14090CA4F87C142E99A4F8821477
:10899800090CA4F880142F99A4F88614090CA4F8DB
:1089A80084143099A4F88A14090CA4F8881431990D
:1089B800A4F88E14090CA4F86E04A4F88C14329947
:1089C800A4F89214090CA4F890143399A4F89614F6
:1089D800090CA4F894143499A4F89A14090CA4F86E
:1089E80098143599A4F89E14090CA4F89C14369987
:1089F800A4F8A214090CA4F8A0143799A4F8A61492
:108A0800090CA4F8A41438993998A4F8AA14090CE4
:108A1800A4F8A814010CA4F8AC143A99A4F8B21458
:108A2800090CA4F8B0143B99A4F8B614090CA4F8DE
:108A3800B4143C99A4F8BA14090CA4F8AE04A4F828
:108A4800B8143D99A4F8BE14090CA4F8BC143E99B6
:108A5800A4F8C214090CA4F8C0143F99A4F8C614C9
:108A6800090CA4F8C4144099A4F8CA14090CA4F871
:108A7800C8144199A4F8CE14090CA4F8CC1442994E
:108A8800A4F8D214090CA4F8D0144399A4F8D61465
:108A9800090CA4F8D4144499A4F8DA14090CA4F81D
:108AA800D8144599A4F8DE14090CA4F8DC144699E6
:108AB800A4F8E214090CA4F8E0144799A4F8E61401
:108AC8006AF31F43090CA4F8E414C4F818354B9B47
:108AD800A4F8F6341B0CA4F8F4344C9BA4F8FA342C
:108AE8001B0CA4F8F8344D9BA4F8FE341B0CA4F816
:108AF800FC344E9B4899A4F802351B0CA4F8EA14E0
:108B0800A4F80035090C4F9BA4F8E81449994A9831
:108B1800A4F806351B0C69F31F42A4F8EE14A4F858
:108B28000435090C509BA4F8EC14C4F81C25010C5E
:108B3800519AA4F8F014A4F80A355299A4F8F2044A
:108B48001B0CA4F80835130CA4F80C350B0CA4F86E
:108B58000E25A4F810354FEA1B43A4F81215A4F803
:108B68001435A4F816B50025FFF783BB102A08BFF3
:108B78000A250023789A8DF8545155A95693FEF783
:108B880029F80546FFF775BBD4ED677AFCEEE77A5E
:108B980017EE902A92B2BA42E5D0C4F8F85284F897
:108BA80094308DE44BF201139F427FF489AC04F5B5
:108BB800B2630020002143E90201D4F89435C4F8D7
:108BC800903584F8EA55CEE707EE907A2946B8EE54
:108BD800670A04F5CE700193FCF7A4FEC4F8F80206
:108BE80038B3019B789984F894302046FFF7BCFA93
:108BF800FFF73FBBA6F59873C6F5987225FA02F2FF
:108C080005FA03F3D4F88815A6F588701343D4F849
:108C18008C2505FA00F004EB460601431A43A6F832
:108C28000073C4F88815C4F88C259CE70425FFF761
:108C380020BB0723789A8DF8543155A920465697BA
:108C4800FDF7C8FF0546FFF714BB84F8EA05FFF7F0
:108C580010BB55A96422384600F0F6F855A8FDF770
:108C6800ABF8D4F89435C4F898050133012B38BF14
:108C780001232C22C4F89435294604F5017000F02C
:108C8800B6F884F8EA55BFF35F8F86F310887899B1
:108C98002046FFF769FAFFF7ECBA00BFD0B143B33B
:108CA800C9B1B2F5C07F26D2B2F5827F37D040F283
:108CB80003118A423AD0A2F58871312919D851088E
:108CC800883900EB8100D207D0F838111ED40A0C7D
:108CD8001A8001207047A2F50071BB2918D9A2F5A6
:108CE8008072072A05D8DFE802F0544845423E3A28
:108CF800363300207047B2F5DA7FFAD25108C0390E
:108D080000EB8100D0F89C11D007E0D50A46DFE7D8
:108D180000EB420232F8582C1A8001207047D0ED3F
:108D2800677AFCEEE77A17EE902AD1E790ED687A39
:108D3800F7EE007AB4EE677AF1EE10FA06D190F801
:108D48009420002AC4D0B0F87820C1E70022BFE7F9
:108D5800D0F89825BCE7B0F89A251A80DDE7D0F856
:108D680094251A80D9E7B0F896251A80D5E7BC2251
:108D78001A80D2E732221A80CFE700B583B0019378
:108D8800FBF7FAF9019B427F1A80012003B05DF8D6
:108D980004FB4FF205121A80BFE700BF10B5013976
:108DA8000244904201D1002005E0037811F8014FF8
:108DB800A34201D0181B10BD0130F2E7884210B55C
:108DC80001EB020402D98442234607D8431EA1427C
:108DD80007D011F8012B03F8012FF8E7024482426B
:108DE80000D110BD13F8011D02F8011DF7E7024478
:108DF8000346934200D1704703F8011BF9E70000CE
:108E080070B50D4B0D4D5B1B9C100026A64209D179
:108E180000F0A4FA0A4D0B4B5B1B9C100026A642DF
:108E280005D170BD55F8043B98470136EEE755F873
:108E3800043B98470136F2E7F4940008F4940008DC
:108E4800F4940008F89400080A44914200F1FF33B2
:108E580000D1704710B511F8014B03F8014F91424A
:108E6800F9D110BD08B52DED028BB0EE408A00F0A7
:108E780087F8B4EE488AF1EE10FA06D6DFED098AD3
:108E8800B4EEE88AF1EE10FA02D4BDEC028B08BD0C
:108E980000F0E2F888EEA80ABDEC028B21230360FB
:108EA80008BD00BF0000000008B52DED028BF0EEF4
:108EB800408AB0EE608A00F047F820B9B0EE480A60
:108EC800BDEC028B08BDB0EE480A00F03DF858B181
:108ED800F4EEC88AF1EE10FAC8BFB0EE688AB0EEB8
:108EE800480ABDEC028B08BDB0EE688AB0EE480AAD
:108EF800BDEC028B08BD00BF08B52DED028BF0EE6E
:108F0800408AB0EE608A00F01FF820B9B0EE480A37
:108F1800BDEC028B08BDB0EE480A00F015F858B158
:108F2800F4EEC88AF1EE10FA48BFB0EE688AB0EEE7
:108F3800480ABDEC028B08BDB0EE688AB0EE480A5C
:108F4800BDEC028B08BD00BF10EE103A33F00040B4
:108F58000ED0A0F50003B3F1FE4F0DD3074B421E10
:108F68009A4207D9A0F1FF40B0FA80F04009704753
:108F7800022070470320704704207047FEFF7F00DF
:108F8800B1EEC00A704700BF10EE102AC2F3C753F3
:108F98007F3B162B22F000411BDC002B10461EDB0A
:108FA8001A4919410A4223D0DFED197A70EE277A5F
:108FB800F5EEC07AF1EE10FA1ADD002A04DA4FF461
:108FC800000242FA03F3184420EA010300EE103AC3
:108FD8007047B1F1FF4F0BD330EE000A7047DFED59
:108FE8000C7A70EE277AF5EEC07AF1EE10FA00DC12
:108FF8007047002A02DB9FED070A704711B99FED01
:10900800060A7047BFEE000AF2E700BFFFFF7F00C5
:10901800CAF24971000000000000008010EE103A0A
:10902800C3F3C7527F3A162A19460BDC002A03F00D
:10903800004309DB074840FA02F20A40134300EEF6
:10904800103A7047802A02D000EE103A704730EE8E
:10905800000A7047000080FF014B1868704700BF86
:109068000C0000202DE9F047089D0F4604468C4669
:10907800002B48D18A42164661D9B2FA82F34BB125
:10908800C3F1200201FA03FC20FA02F29E4042EAF0
:109098000C0C9C404FEA164EB7B2BCFBFEF1220CFA
:1090A8000EFB11CC42EA0C4201FB07F0904209D9B1
:1090B800B21801F1FF3C80F0EE80904240F2EB8064
:1090C80002393244121AA4B2B2FBFEF00EFB10228F
:1090D80044EA024400FB07F7A74209D9341900F112
:1090E800FF3280F0DA80A74240F2D7803444023859
:1090F80040EA0140E41B00211DB1DC400023C5E922
:109108000043BDE8F0878B4206D90DB1C5E90001DF
:1091180000210846BDE8F087B3FA83F1002948D159
:10912800BB4202D3824200F20781841A67EB030232
:1091380001209446002DE4D0C5E9004CE1E7002A5F
:1091480000F09280B2FA82F3002B40F0A8808A1ACD
:109158004FEA164E1FFA86FC0121200CB2FBFEF7DF
:109168000EFB172240EA02420CFB07F0904207D997
:10917800B21807F1FF3802D2904200F2E280474667
:10918800121AA4B2B2FBFEF00EFB102244EA02440B
:109198000CFB00FCA44507D9341900F1FF3202D2B8
:1091A800A44500F2CB801046A4EB0C0440EA07402B
:1091B800A2E7C1F120068B4022FA06FC4CEA030C18
:1091C80007FA01F420FA06F3F7404FEA1C49234353
:1091D80000FA01F81FFA8CFEB7FBF9F01C0C09FB2A
:1091E800107744EA074400FB0EF7A74202FA01F29F
:1091F8000AD91CEB040400F1FF3A80F09B80A742D7
:1092080040F2988002386444E41B9FB2B4FBF9F33F
:1092180009FB134447EA044403FB0EFEA64509D99B
:109228001CEB040403F1FF3780F08280A6457FD948
:10923800023B644443EA0040A4EB0E04A0FB02E7AF
:10924800BC427346B94663D360D05DB1B8EB030244
:1092580064EB090404FA06F622FA01F31E43CC4033
:10926800C5E9006400214CE76208480842EAC17178
:109278000B0C43EA00438AB242EA0342B3FBF6F11D
:10928800E407B4463746B6461F23B0FBF6F0D21BB8
:1092980041EA004161E7614614E7104628E7C3F157
:1092A800200120FA01F29E4027FA01F19F403A433B
:1092B8004FEA164E1FFA86FCB1FBFEF70EFB17109D
:1092C800110C41EA004107FB0CF8884504FA03F445
:1092D8003AD9711807F1FF3001D288451FD8A1EBA0
:1092E8000801B1FBFEF808FB0CF70EFB181192B24F
:1092F80042EA0142BA422FD2B21808F1FF31C6D26F
:10930800BA42C4D2A8F102013244C0E7F0459CD267
:10931800BEEB020367EB0C070138B94695E7A6EBED
:1093280008084144B81EB1FBFEF808FB0CF7DCE75F
:109338003B467FE7504667E70846FBE63444023879
:1093480032E7023F32441BE7A1EB08013846B1FB84
:10935800FEF808FB0CF7C8E7414698E7F8B500BFE8
:10936800F8BC08BC9E467047F8B500BFF8BC08BCFE
:049378009E46704756
:10937C0000000000010203040000000000000000D7
:10938C000102030406070809130100001400000081
:10939C00050000000A000000C800000032000000B8
:1093AC00FA0000001027000014000000320000003A
:1093BC00102700000A00000028000000881300009D
:1093CC000A000000280000003075000001010000B8
:1093DC004501000005F100000701534601000000A3
:1093EC0013010000450100008813000070170000F5
:1093FC0064000000FA000000FA0000007D0000008C
:10940C0082000000D0020000640000000100000097
:10941C0001000000000040400000000000000000BF
:10942C00000000000080A2430000803F000000000C
:10943C000000000000000000008089430080A2436F
:10944C00000000000000A041000034440000C842AD
:10945C000080BB45000020410000204100009042EC
:10946C0000409C4500409C4500409C4500409C456C
:10947C000000FA430000004000409C4500002041E1
:10948C0000000000000000000AD7A33C0000484385
:10949C0000007A4400007A44000034440000C842C2
:1094AC0000007AC400007A440000A04000000000D4
:1094BC000000A0400000FA420000A041000002435E
:1094CC000000A0400000204100C82F4700409C45F0
:1094DC000000484200401C46000000400000FA43D7
:0894EC0080FBFF7F010000007E
:0494F4003502000835
:0494F8000D02000859
:1094FC008096980001000000100000001000002071
:10950C0000000000D8090020400A0020A80A002012
:10951C00000000000000000000000000000000003F
:10952C00000000000000000000000000000000002F
:10953C00000000000000000000000000000000001F
:0C954C0000000000000000000000000013
:040000050800025994
:00000001FF
