:020000040800F2
:10000000000002205902000899030008A903000813
:10001000B1030008B9030008C10300080000000094
:10002000000000000000000000000000C9030008FC
:10003000CD03000800000000D1030008D50300082C
:10004000A9020008A9020008A9020008A9020008E4
:10005000A9020008A9020008A9020008A9020008D4
:10006000A9020008A9020008A9020008A9020008C4
:10007000A9020008A9020008A9020008A9020008B4
:10008000A9020008A9020008A90200080000000057
:10009000000000000000000000000000A9020008AD
:1000A000A9020008A9020008A9020008A902000884
:1000B000A9020008A9020008A9020008A902000874
:1000C000A9020008A9020008A9020008A902000864
:1000D000A9020008A9020008E103000800000000CE
:1000E000A9020008A9020008A902000800000000F7
:1000F000000000000000000000000000A90200084D
:1001000000000000A9020008D9030008A9020008A5
:1001100000000000000000000000000000000000DF
:10012000A9020008A9020008A9020008A902000803
:10013000A90200080000000000000000000000000C
:10014000000000000000000000000000A9020008FC
:10015000A9020008A9020008A9020008DD0300089E
:10016000A9020008A9020008000000000000000029
:10017000000000000000000000000000000000007F
:1001800000000000A90200080000000000000000BC
:08019000A9020008A902000801
:1001980053B94AB9002908BF00281CBF4FF0FF31E6
:1001A8004FF0FF3000F00CB8ADF1080C6DE904CE4B
:1001B8000DF010FFDDF804E0DDE9022304B070471C
:1001C800704700BF0348044B834202D0034B03B17E
:1001D800184770477C0000207C00002000000000C9
:1001E8000548064B1B1AD90F01EBA301491002D091
:1001F800034B03B1184770477C0000207C000020A7
:100208000000000010B5064C237843B9FFF7DAFF69
:10021800044B13B10448AFF300800123237010BDD1
:100228008000002000000000D4E2000808B5054B5B
:100238001BB105490548AFF30080BDE80840FFF74A
:10024800CFBF00BF0000000084000020D4E20008F7
:10025800DFF834D000F0DCF80C480D490D4A0023D3
:1002680002E0D458C4500433C4188C42F9D30A4A63
:100278000A4C002301E013600432A242FBD30DF0C4
:1002880043FD00F00FF87047000002200000002036
:100298007C00002018E7000880000020E00F002004
:1002A800FEE7000030B591B001F07CFC00F026F9C3
:1002B800042302221946602000F0B4F820B901F0A6
:1002C800D7FB04F077F808B101F0D4FB00F038F957
:1002D8002D4902462D4801F0D9FB2C4801F060FC5D
:1002E800054601F07FFD0028EED04FF47A7000F04B
:1002F8002DF901F0F5FD0028E6D0284601F0DCFED6
:100308000028E1D000F01CF9012102461F4801F045
:10031800CFFB002DD8D02B78012BD5D115E01B4869
:10032800214601F01DFC04F0F5FA28BB01F056FF48
:10033800204601F08FFF10B9204601F091FF1348C5
:10034800214601F029FC01F0A1FF00F0F9F804466C
:1003580001F044FF00F0F4F801F07CFF684601F07A
:10036800F3FD0028DBD000F0EBF8694604460246AE
:10037800064801F0A1FBD2E723460A2206212846B7
:1003880008F00EFAD2E700BF04E30008A00000203E
:1003980008B501F0C5FCBFF34F8F30BFFBE700BFC6
:1003A80008B5FFF7F5FF00BF08B5FFF7F1FF00BF7D
:1003B80008B5FFF7EDFF00BF08B5FFF7E9FF00BF7D
:1003C800704700BF704700BF704700BF00F0ACB86F
:1003D80003F048BB01F0B2BD01F0FABE10B5044607
:1003E80001F0D4FD00B110BD2046BDE8104001F079
:1003F80053BF00BF01F074BF10B5044601F0F4FD0F
:1004080000B110BD2046BDE8104001F093BF00BF09
:10041800034AD2F8883043F47003C2F88830704732
:1004280000ED00E0F0B595B01F4D204C0027019776
:100438002E6C46F080562E642D6C05F08055019583
:10044800019D0297256845F4404525602468119070
:1004580004F4404402944FF480350124CDE9084562
:1004680008A802244FF48005CDE90E45CDE91223F2
:10047800029C109100F006FA10B1012015B0F0BDF1
:1004880003460F240220CDE903404FF48052032194
:1004980003A8CDE90532079300F00EFCC01B18BF76
:1004A800012015B0F0BD00BF0038024000700040C8
:1004B800704700BF38B50E4A0E4B127805461868CB
:1004C8004FF47A73B3FBF2F3B0FBF3F000F0BEF82D
:1004D80008B90F2D01D9012038BD04460246294626
:1004E8004FF0FF3000F056F8034B20461D6038BD32
:1004F80004000020000000200800002008B5094B77
:100508001A6842F400721A601A6842F480621A602B
:10051800032000F02DF80F20FFF7CCFFFFF7C8FFEE
:10052800002008BD003C0240034A044B11681B78B8
:100538000B441360704700BF8009002004000020AE
:10054800014B1868704700BF8009002038B5044681
:10055800FFF7F6FF631C054602D0044B1B781C44CA
:10056800FFF7EEFF401BA042FAD338BD040000207D
:100578000749CA6803024FF6FF0003F4E06302402C
:10058800134343F0BF6343F40033CB60704700BFAD
:1005980000ED00E01B4BDB68C3F3022300B5C3F199
:1005A800070EBEF1040F03F1040C28BF4FF0040E30
:1005B800BCF1060F1CD9A3F1030C4FF0FF3303FA6B
:1005C8000CF322EA03024FF0FF3303FA0EF321EA99
:1005D800030303FA0CF313431B010028DBB20ADB05
:1005E80000F1604000F5614080F800335DF804FBDD
:1005F80000229446E7E7044A00F00F00024413760D
:100608005DF804FB00ED00E0FCEC00E0002807DBEF
:10061800044A4109012300F01F00834042F82130B9
:10062800704700BF00E100E000280CDB43090649E1
:1006380000F01F0020330122824041F82320BFF33D
:100648004F8FBFF36F8F704700E100E00138B0F1C2
:10065800807F01D30120704710B44FF0E023074C8E
:1006680058614FF0F00C84F823C00022072110468F
:100678009A615DF8044B1961704700BF00ED00E016
:10068800002808DB4309044900F01F0001226033F9
:10069800824041F82320704700E100E02DE9F04F47
:1006A80000230C68DFF8C8A185B04FF0010B89461C
:1006B80003E00133102B00F087800BFA03F202EA03
:1006C8000408A243F5D1D9F8041001F0030C5A002C
:1006D80003250CF1FF379540012F6FEA050576D900
:1006E800BCF1030F08D0C76807EA050ED9F80870EF
:1006F800974047EA0E07C76007680CFA02F23D40C8
:100708002A4311F4403F0260D3D000220392DAF862
:10071800442042F48042CAF84420DAF8442002F423
:1007280080420392039A23F0030202F1804203F00D
:1007380003070F2602F59C32BF0006FA07FC494E54
:100748009568B04225EA0C0515D006F58066B042DA
:1007580075D0454EB04278D0DFF818C160457AD0E0
:10076800DFF814C160450CBF4FF0040C4FF0070CC4
:100778000CFA07F73D4395603C4A9268CE026FEA4F
:1007880008053A4E54BF2A4048EA0202B260F268AD
:10079800364E8F0254BF2A4048EA0202F26072685D
:1007A8008E03324E54BF2A4048EA02027260326811
:1007B800C90303F101032D4954BF2A4048EA020244
:1007C800102B0A607FF479AF05B0BDE8F08F876819
:1007D80007EA050ED9F80C70974047EA0E078760BC
:1007E800476827EA080EC1F300179F4047EA0E073B
:1007F8004760C76807EA050ED9F80870974047EAC6
:100808000E07BCF1020FC7607FF476AFDF0800EB7C
:10081800870700973E6AD9F81070019603F0070E13
:100828004FEA8E0E0F2607FA0EF706FA0EFE019E05
:1008380026EA0E0E009E47EA0E0737625CE74FF085
:10084800010C0CFA07F73D4395E74FF0020C0CFA40
:1008580007F73D438FE74FF0030C0CFA07F73D43CA
:1008680089E700BF0000024000080240003C014048
:1008780000380240000C02400010024002B909048E
:1008880081617047002800F06A812DE9F041036812
:10089800DD0782B004462FD59F498A6802F00C0212
:1008A800042A00F0EF808A6802F00C02082A00F09F
:1008B800E5806368B3F5803F00F0EE80B3F5A02FC4
:1008C80000F07981944D2A6822F480322A602A68DF
:1008D80022F480222A60002B40F0E380FFF730FEEC
:1008E800064605E0FFF72CFE801B642800F2038112
:1008F8002B689F03F6D423689D0728D5864A9168FC
:1009080011F00C0F00F09280916801F00C01082999
:1009180000F08880E368002B00F010817F4B7E4E4A
:1009280001221A60FFF70CFE054605E0FFF708FEF6
:10093800401B022800F2DF8033689F07F6D5336832
:10094800226923F0F80343EAC203336023681A07D5
:1009580053D45D0730D5704A136C13F0805300F000
:10096800818000256E4E3368D80540F1B480A368B5
:10097800012B00F0C480052B00F02D81664E326FEC
:1009880022F001023267326F22F004023267002B34
:1009980040F0BA80FFF7D4FD41F28838074605E0F9
:1009A800FFF7CEFDC01B404500F2A580336F9B07C3
:1009B800F6D4002D40F00981A369D3B1564DAA6839
:1009C80002F00C02082A00F0CC80022B534B4FF0A7
:1009D80000021A6600F00981FFF7B2FD044605E03F
:1009E800FFF7AEFD001B022800F285802B689B01F3
:1009F800F6D4002002B0BDE8F08163690BB3474B21
:100A0800454E0122C3F8802EFFF79AFD054604E003
:100A1800FFF796FD401B02286DD8736F9B07F7D52B
:100A2800236896E7526851023FF574AF3A4A126854
:100A3800920744D5E268012A41D0012002B0BDE8FE
:100A4800F081364A344EC2F8803EFFF779FD0546FC
:100A580004E0FFF775FD401B02284CD8736F9F0711
:100A6800F7D4DDE70193136C43F080531364136CE0
:100A780003F080530193019B012573E74A685102F3
:100A88007FF517AF244A126892037FF535AF626885
:100A9800002A7FF431AFD0E71F4A136843F480334C
:100AA8001360FFF74DFD1C4E054604E0FFF748FDB7
:100AB800401B64281FD833689B03F7D51BE71649EA
:100AC80020690A6822F0F80242EAC0020A601A079E
:100AD8007FF53FAF91E7336843F480733360FFF7E6
:100AE8002FFD07463368D9053FF541AFFFF728FDCD
:100AF800C01B0228F6D9032002B0BDE8F081064ADF
:100B0800136F43F001031367FFF71AFD024F064600
:100B180041F288380BE000BF00380240000047422D
:100B280000700040FFF70CFD801B4045E3D83B6F89
:100B38009A07F7D5002D3FF43FAF46E0424A434EAF
:100B48001360FFF7FDFC054604E0FFF7F9FC401BC6
:100B58000228D0D833689907F7D42368F7E601202C
:100B68007047012B3FF469AF6B68E26903F48001B9
:100B780091427FF462AF226A03F03F0191427FF411
:100B88005CAF616A47F6C0721A40B2EB811F7FF40E
:100B980054AFA26A520803F44031013AB1EB024F54
:100BA8007FF44BAFE26A03F07063B3EB026F14BFDC
:100BB800012000201EE7254B1A6842F480221A60A3
:100BC8001A6842F480321A606BE7204A136C23F0EB
:100BD80080531364F0E61D4B1A6F42F004021A6743
:100BE8001A6F42F001021A678EE7FFF7A9FC064662
:100BF80005E0FFF7A5FC801B02283FF67CAF2B68B9
:100C08009901F6D4D4E90731626A0B4343EA8213A7
:100C1800D4E90A2052080C4943EA0063013A43EA3E
:100C2800024301226B600A66FFF78AFC074D0446FF
:100C380005E0FFF785FC001B02283FF65CAF2B6838
:100C48009A01F6D5D5E600BF0000474200380240B9
:100C5800164908B58B6803F00C03042B1BD0082B2E
:100C680001D0134808BD4A684B68496813F48003EB
:100C780002F03F0211D10E48C1F38811A1FB000117
:100C8800FFF786FA094B5B68C3F3014301335B0046
:100C9800B0FBF3F008BD074808BD0648C1F388114A
:100CA8000023A1FB0001FFF773FAEBE700380240CD
:100CB8000024F40000127A00002800F08780484AD7
:100CC800136803F007038B422DE9F0410D460446F3
:100CD80009D2CBB21370136803F007038B4202D01A
:100CE8000120BDE8F0812368980714D5590704D579
:100CF8003C498A6842F4E0528A601A0704D53949A7
:100D08008A6842F460428A603649A0688A6822F09C
:100D1800F00202438A60DF0721D56268012A57D0B2
:100D2800931E012B2F4B1B684DD99907D8D52D4EF3
:100D3800B36823F003031343B360FFF701FC41F2E8
:100D48008838074604E0FFF7FBFBC01B404544D842
:100D5800B368626803F00C03B3EB820FF3D1204A47
:100D6800136803F00703AB4206D9EBB2137013689C
:100D780003F00703AB42B3D123685A0706D51949D4
:100D8800E0688A6822F4E05202438A601B0707D5AC
:100D9800144A2169936823F4604343EAC1039360CA
:100DA800FFF756FF0F4A104C92681049C2F303121E
:100DB8000346A25C0E48D34000680B60FFF77AFB3D
:100DC8000020BDE8F0819801B1D489E7012070477F
:100DD800044B1B689E03AAD482E7032081E700BF67
:100DE800003C024000380240F4E200080000002005
:100DF80008000020044B05499B68054A0868C3F3AE
:100E08008223D35CD840704700380240000000209D
:100E1800ECE20008044B05499B68054A0868C3F3DF
:100E28004233D35CD84070470038024000000020AD
:100E3800ECE20008026802F10C0353E8003F23F4D7
:100E4800907302F10C0C4CE800310029F3D102F147
:100E5800140353E8003F23F0010302F1140C4CE89B
:100E680000310029F3D1036B012B05D02022002388
:100E780080F842200363704702F10C0353E8003FF7
:100E880023F0100302F10C0C4CE800310029F3D1D7
:100E9800ECE700BF0268116938B50446C068A3686A
:100EA80021F4405101432069116103436069D1680D
:100EB8000343E06921F4164121F00C0103430B437D
:100EC800D3605369A069234923F4407303438A42DA
:100ED800536105D0204B9A4202D0FFF78BFF01E007
:100EE800FFF798FFE2691921B2F5004FD4E90053E2
:100EF800A0FB010113D09A009B0FFFF749F9174A8D
:100F0800A2FB00135B09642101FB130000013230CE
:100F1800A2FB00201B0103EB5013AB6038BDDA18AD
:100F28004FF000035B41FFF733F90C4AA2FB003195
:100F38004909642303FB1103DB003233A2FB0323BB
:100F4800C3F342121B0902EB011203F4F8731344B2
:100F5800AB6038BD00100140001401401F85EB5103
:100F6800704700BF70B310B590F84130044603F0E5
:100F7800FF0213B32268242384F84130D36823F492
:100F880000532046D360FFF785FF2368196921F4D1
:100F980090411961596921F02A015961D9680022E3
:100FA8004FF0200C41F40051D960626484F841C0CC
:100FB80084F842C01046626310BD80F84020FFF7F5
:100FC800CFFFD7E701207047704700BFB8B102686C
:100FD800242310B580F84130D36823F40053044625
:100FE800D360FFF7F1FF0023636484F8403084F88E
:100FF800413084F8423018462363636310BD0120F2
:10100800704700BF90F84130202B15D101B10AB9C3
:101018000120704710B40023046801622121C284B2
:10102800436480F84110E168828441F08001E16006
:1010380018465DF8044B70470220704790F842301C
:10104800202B03D101B11AB9012070470220704743
:1010580010B4046981620023222103638285C2855A
:101068004364036880F842101CB1DA6842F4807265
:10107800DA605A695DF8044B42F001025A61DA6895
:1010880042F020020020DA60704700BF036810B504
:10109800044603F10C0252E8002F22F4907203F187
:1010A8000C0040E800210029F3D103F1140252E8B2
:1010B800002F22F0010203F1140040E8002100296A
:1010C800F3D1226B012A28D05A69520607D400238B
:1010D8002022E38584F842201846236310BD03F1DB
:1010E800140252E8002F22F0400203F1140040E8F5
:1010F80000210029F3D1E06B0028E8D00023036524
:1011080000F058FC0028E2D0E06B00F0AFFC20288B
:10111800DDD110236364032010BD03F10C0252E8F3
:10112800002F22F0100203F10C0040E800210029F2
:10113800F3D1C9E708B5806B0023C385FFF75CF9D5
:1011480008BD00BF704700BF90F84230222B49D13C
:1011580083680168826AB3F5805F44D0002B4BD165
:101168000369002B48D14B68DBB21370826A0132E5
:10117800C38D8262013B9BB2C385002B32D100B57F
:101188000268D16821F0200183B0D160D16821F4D0
:101198008071D16051694FF0200C21F0010151613B
:1011A80080F842C04363016B012929D1036302F12E
:1011B8000C0353E8003F23F0100302F10C0C4CE839
:1011C80000310029F3D11368DB0605D501911368B6
:1011D800019353680193019B818DFFF7B3FF03B01F
:1011E8005DF804FB70470369002BBCD14B68C3F35F
:1011F800080322F8023BBBE74B6803F07F03B4E720
:10120800FFF7ECF803B05DF804FB00BF70B50568A4
:101218002B68EE68696913F00F0F82B004462A46FE
:1012280013D19D0602D5B10600F1E080216B01299A
:101238003DD0180602D5310600F1AE805B0602D516
:10124800750600F1C88002B070BD11F0010140F0D0
:101258008D8016F4907FE9D0DA070BD5F00540F1C0
:101268005381626C580742F00102626440F1CD80FC
:1012780000297FD1980740F1CA80190700F103813E
:10128800626C002ADFD09A0602D5B30600F14081CD
:101298006B69626C03F0400302F0080253EA02062D
:1012A800204640F0C080FFF7A7F86664CBE7D80671
:1012B800BFD5F106BDD50023019313680193536888
:1012C8000193019B5169A38D4D0640F1E380E06BCA
:1012D8000168496889B2002900F01F81994280F0AD
:1012E8001C81E185C169B1F5807F36D002F10C031C
:1012F80053E8003F23F4807302F10C0545E8003100
:101308000029F3D102F1140353E8003F23F001034D
:1013180002F1140545E800310029F3D102F1140364
:1013280053E8003F23F0400302F1140545E800317B
:101338000029F3D1202384F84230216302F10C0301
:1013480053E8003F23F0100302F10C0545E8003193
:101358000029F3D100F02EFBA38D02226263E18DF8
:10136800591A204689B2FFF7EDFE6CE7DA0747D431
:10137800580740D5626C990742F0020262643CD576
:10138800626C42F0040262641A077FF579AF626CFE
:1013980042F00802626473E794F84130212B7FF42D
:1013A80052AFA168236AB1F5805F00F0BF80591C75
:1013B80021621B785360E38C013B9BB2E384002BD2
:1013C8007FF441AFD36823F08003D360D36843F040
:1013D8004003D36037E7D368202123F04003D3606C
:1013E800204684F84110FFF705F82CE702B0BDE865
:1013F8007040FFF7A9BE9907C2D41A07C7D43FE7C0
:10140800F0053FF52EAF5A07B4D498073ED4180715
:101418007FF536AF06F020020A43B8D1636C002B83
:101428007FF436AF0FE7FFF705FD6B695E0626D53B
:1014380005F1140353E8003F23F0400305F11401BC
:1014480041E8003262B1226802F1140353E8003F18
:1014580023F0400302F1140040E800310029F3D1E1
:10146800E06B60B1374B036500F0EEFA00283FF4FB
:10147800EAAEE06B036D02B0BDE870401847204645
:10148800FEF7BAFFDFE6B20681D4C7E700293FF4CA
:10149800F4AE75E7E08DE18D89B280B200293FF4A2
:1014A800D2AE1B1A99B200293FF4CDAE02F10C035B
:1014B80053E8003F23F4907302F10C0545E800302F
:1014C8000028F3D102F1140353E8003F23F001038D
:1014D80002F1140545E800300028F3D1202384F8F0
:1014E8004230206302F10C0353E8003F23F010035D
:1014F80002F10C0545E800300028F3D102236363AC
:101508002046FFF71FFE9EE65A073FF5B3AE7CE77D
:101518002046FFF719FE2568BAE699427FF493AE94
:10152800C369B3F5807F7FF48EAEE7E721690029B0
:101538007FF43DAF33F8021BC1F308015160236209
:1015480039E700BF3D110008036A026A22F0010270
:1015580070B40262446882690D6822F073022A43FB
:101568008D6823F002032B430B4DA84206D049682F
:101578004460826170BC416303627047CD6823F0A8
:1015880008032B43D1E9055624F44074354323F06E
:1015980004032C43EBE700BF00000140036A026A22
:1015A80022F4807270B402624468C2690D6822F045
:1015B80073022A438D6823F4007343EA05230C4D14
:1015C800A84206D049684460C26170BCC163036226
:1015D8007047CD6823F4006343EA0523D1E9055633
:1015E80024F44054354323F4806344EA0514E9E7BE
:1015F80000000140036A026A22F4805230B4026299
:101608004468C2690D6822F4E64242EA05228D6800
:1016180023F4005343EA0533074DA84206D049682E
:101628004460C26130BC0164036270474D6924F4B0
:10163800804444EA8514F2E70000014091BB90F829
:101648003E30012B3AD1022380F83E30036801F086
:101658001F01186A01228A4020EA02001862186AEB
:10166800224902438B421A6232D0B3F1804F0ED026
:101678001F4A93420BD002F58062934207D002F5CD
:101688008062934203D002F59A32934204D19A6859
:1016980002F00702062A03D01A6842F001021A6013
:1016A8000020704704290BD0082916D090F8413043
:1016B800012B03D1022380F84130C7E7012070478E
:1016C80090F83F30012BF9D1022380F83F30BDE775
:1016D8005A6C42F400425A64D9E790F84030012B22
:1016E800ECD1022380F84030B0E700BF0000014091
:1016F80000040040036810B41A6A01F01F044FF098
:10170800010C0CFA04FC22EA0C021A621E4A1C6A3A
:101718001C62934222D01C6A41F21112144204D175
:101728001C6A40F24442144213D0012329B980F8BC
:101738003E305DF8044B0020704704291DD008296D
:101748000CBF80F8403080F841305DF8044B002031
:1017580070471A6822F001021A60E6E71C6A41F233
:1017680011121442D7D11C6A40F244421442D2D119
:101778005A6C22F400425A64CDE780F83F305DF895
:10178800044B0020704700BF00000140704700BFB5
:10179800FFF754BFFFF7AEBF70B4264E4A6903681F
:1017A8008D680C68B04235D0B0F1804F1CD0A6F5DA
:1017B8007C46B04218D006F58066B04214D006F5D3
:1017C8008066B04210D01C4EB04211D006F580663B
:1017D800B0420DD006F58066B04209D023F08003F0
:1017E800C5621A4384620CE04E6823F070033343E9
:1017F800C968C56223F440730B4323F080031A437E
:1018080084620368012143F00403036070BC4161F2
:10181800026070474E6823F070033343CE68C56298
:1018280023F44073846233430969016323F080031E
:101838001A43E6E7000001400040014050B310B5EC
:1018480090F83D30044603F0FF02F3B1214602232D
:1018580084F83D3051F8040BFFF79EFF012384F80C
:10186800463084F83E3084F83F3084F8403084F8BD
:10187800413084F8423084F8433084F8443084F8A6
:10188800453084F83D30002010BD80F83C20FFF73B
:101898007DFFDBE701207047036A026A22F010022D
:1018A80070B40262446882690D6822F4E64242EA32
:1018B80005228D6823F0200343EA05130C4DA84246
:1018C80006D049684460826170BC816303627047D6
:1018D800CD6823F0800343EA0513D1E9055624F4C3
:1018E8004064354323F0400344EA8504E9E700BF38
:1018F8000000014038B590F83C30012B57D0012347
:1019080004460D4680F83C300C2A08D8DFE802F07F
:101918001E0707072E0707073F0707070C000120C8
:10192800002384F83C3038BD0068FFF763FEC369C4
:101938002A6943F40063C361C36923F48063C36104
:10194800C36943EA0223C3610020E9E70068FFF79F
:10195800FBFD83692A6943F008038361836923F0E7
:1019680004038361836913438361EDE70068FFF72C
:1019780093FF83692A6943F400638361836923F4CD
:1019880080638361836943EA02238361DCE700683B
:10199800FFF704FEC3692A6943F00803C361C369FA
:1019A80023F00403C361C3691343C361CCE7022076
:1019B80038BD00BF70B50446866DFEF7C1FD94F8CA
:1019C8003530022B06D080236365002384F8343039
:1019D800012070BD23681A6822F016021A605A693D
:1019E80022F080025A61226C054642B31A6822F03E
:1019F80008021A601A6822F001021A6005E0FEF770
:101A08009FFD431B052B10D823681B6813F00103A7
:101A1800F5D1E16D3F228A40184601210023B260CA
:101A280084F8351084F8343070BD032320226265B1
:101A3800184684F83530002384F8343070BDA26C21
:101A4800002AD3D1D6E700BF90F83530022B03D057
:101A580080234365012070470268052380F83530EC
:101A6800136823F00103002013607047406D70472E
:101A780000F0F8B808B500F093F930BFFDE700BFF3
:101A880011B10860012070470846704778B170B5F9
:101A98000D46164604464FF40E6200210CF02BF951
:101AA800324629462046BDE8704006F07DBE7047A4
:101AB80008B106F0C3BE70472DE9F04188B006466C
:101AC80017460C462022002168460CF014F9002E17
:101AD80041D0002C3FD096F8D308D4E90423A0B312
:101AE800D6F8D808D6F8DC18994208BF904206F50F
:101AF8000E6830D0CDE90023D4E90D212346C6E98C
:101B0800D42133F8022BD4F8020003920490104633
:101B1800A269029201259A889B79ADF8142006A93A
:101B28008DF816308DF81C50FFF7AAFF3A468DF84D
:101B38001D003046D4E90467694648E9026706F0A3
:101B4800F9FF284608B0BDE8F08152EA0301F9D050
:101B580006F50E68CEE7002008B0BDE8F08100BFAA
:101B6800C0B170B50D46044606F0A4FF284602F041
:101B780029FD28B929462046BDE8704007F0C2BFB4
:101B880002F0B6FC2B4620460A22BDE8704006212A
:101B980006F006BE704700BF08B107F0C5BF704722
:101BA800704700BF1C4A1D4B116B41F0020182B007
:101BB8001163116B01914FF4C02001999861D968A4
:101BC800174821F03C0141F02801D960596821F0FB
:101BD80006015960196821F03C0141F014011960AF
:101BE800136C43F003031364136C01934FF0804CA0
:101BF8000021019BCCF83C10C163DCF8203023F4B1
:101C08008073CCF82030036A23F480730362BFF337
:101C18004F8F02B0704700BF0038024000040240F6
:101C28000004004010B59AB004464422002109A8D7
:101C38000CF061F8002341F2BF21602208A8CDE929
:101C48000333CDE9053302930B910192079308946E
:101C5800FFF7F4FD082201A908A8FFF74BFE1AB008
:101C680010BD00BF70B58AB02A4B002401941A6BCE
:101C780042F002021A631A6B02F002020192019A00
:101C880002941A6C42F001021A641A6C02F0010202
:101C98000292029A03941A6C42F002021A641B6CB4
:101CA80003F002030393039B00F03AF81A490894DF
:101CB8004FF4C0228A6102250623012604A916488A
:101CC8000493CDE905650795FEF7E8FC04A94FF4F0
:101CD8008062022310480896CDE90423CDE9064521
:101CE800FEF7DCFC0122022304A90B480694CDE987
:101CF8000423CDE90755FEF7D1FC4FF08040FFF7EC
:101D080091FF0648FFF78EFF0AB0BDE8704000F06B
:101D180047B800BF003802400004024000040040F9
:101D28001C4A1D4B116B41F0020182B01163116B0B
:101D380001914FF4C02001999861D968174821F0A2
:101D48003C0141F02801D960596821F00601596029
:101D5800196821F03C0141F014011960136C43F03B
:101D680003031364136C01934FF0804C0021019B13
:101D7800CCF83C10C163DCF8203023F48073CCF835
:101D88002030036A23F480730362BFF34F8F02B0DD
:101D9800704700BF003802400004024000040040C1
:101DA800FFF7BEBF08B568B90B490C480122FFF719
:101DB80045F908B9012008BD094AD3690133002053
:101DC800D36108BD0548FFF761F90028ECD0044A43
:101DD800936901339361E7E7000A0020080A0020AD
:101DE80084090020F0B5282287B000213548364DF7
:101DF80000240BF080FF354800F0C6FACDE9014415
:101E0800CDE90344009405942B6B314843F0040357
:101E18002B632B6B03F00403224600934FF480716D
:101E28000227009B0126FEF729FD4FF480732848FE
:101E3800039401A9CDE901360497FEF72FFCC023CE
:101E48002348019301A908230593CDE90347029785
:101E5800FEF724FC01946B6C43F020036B646B6CFD
:101E680003F020030193019A1A4A1B4B13604FF4A5
:101E7800E133536010460C23C2E90244C2E904432B
:101E8800C2E90644FFF76EF810B1002007B0F0BDB4
:101E9800024605214720FEF77DFB4720FEF7B6FBEB
:101EA8000E490C483246FFF7C9F810B9304607B05A
:101EB800F0BD044AD36947203344D361FEF7B4FB2D
:101EC800E3E700BF8409002000380240B009002081
:101ED80000080240080A002000140140000A0020FF
:101EE80008B54720FEF7A0FB1048FFF7CFF80F48CA
:101EF800FFF76CF808B1002008BD0C48FFF732F86E
:101F08000028F8D10A4800F03FFA4720FEF77EFB88
:101F1800084906480122FFF791F808B9012008BDD1
:101F2800054AD3690133D361E5E700BF080A0020F9
:101F3800B0090020000A0020840900200148FFF7AA
:101F480065B900BF080A002038B50446D0B1EFF3E0
:101F5800108572B60C4800F0ABFA8646BEE80F0052
:101F6800A446ACE80F00BEE80F00ACE80F00BEE8DE
:101F78000F00ACE80F009EE80F008CE80F0005B9D1
:101F880062B6012038BD00BFB009002028B1114B4E
:101F980002689A4202D000207047704710B50E4C74
:101FA800236801332360FEF7CBFA0C49034601226C
:101FB8000B4800F0EFF909490A480122FFF73EF8FB
:101FC80008B9012010BDE36901200344E361FFF76C
:101FD800E9FEF6E70014014084090020000A002009
:101FE800B0090020080A002028B1174B02689A425D
:101FF80002D000207047704710B5144B446C5A68E3
:1020080090F842101C6201325A60426C5962120701
:1020180002D59A6801329A60426C540702D5DA6890
:102028000132DA60426C910702D51A6901321A61ED
:10203800426CD20702D55A6901325A610120FFF772
:10204800B1FE012010BD00BF00140140840900202A
:10205800B0B170B50D4649B116464FF6FE73013A58
:102068009A4203D80446FFF711F808B1002070BD62
:10207800B2B229462046FEF7C5FF18B9012070BD47
:1020880000207047054906480122FEF7D7FFB0FA3D
:1020980080F14909034800F0C7FEE7E7900B0020EC
:1020A800980B0020500A00200A4602480221FEF739
:1020B800E5BB00BF0000024000286ED02DE9F041CA
:1020C800014688B03848394E002400F0C5FB38482E
:1020D80000F050FECDE90344CDE90544029407948D
:1020E800336B344843F001033363336B03F001036C
:1020F8002246029302210225029B0127FEF7BEFB1E
:102108002C4803A9CDE90357CDE905454FF00C0844
:10211800FEF7C4FA07232748049503A90695264D18
:1021280007930594CDF80C80FEF7B8FA234B244AA0
:102138001D492448009500F0B5FDC5E90244C5E9EC
:1021480006440394C5F814802C61336C1E4A43F48A
:1021580000333364336C03F40033039328464FF49D
:10216800E133C5E900230399FEF7FCFE18B100200E
:1021780008B0BDE8F081024605212620FEF70AFADC
:102188002620FEF743FA11493A462846FEF756FF3D
:1021980028B9384608B0BDE8F081002070472620ED
:1021A800FEF742FAE3E700BFBC0A0020003802400D
:1021B800500A002000000240980B00205920000817
:1021C800B1200008A80A002000440040900B00201D
:1021D8000148FFF71BB800BF980B002070B5194BDA
:1021E80090B026205E68FEF71FFABFF35F8F3F228C
:1021F8006946154800F0ECFD0546134800F036FE28
:102208000446BFF35F8F710606D455B9A2070FD4F1
:10221800E30712D410B070BD2620FEF7F7F9002DA1
:10222800F4D02A460948694600F022FBA207EFD5F8
:10223800074800F08BFD10B070BD054800F072FD36
:1022480010B070BD00E100E0500A0020BC0A002078
:10225800A80A00200146014800F04CBBBC0A002037
:1022680010B50446084800F033FB08B9002010BD3B
:10227800054800F037FB0028F8D121460248BDE8A0
:10228800104000F0B7BB00BFBC0A0020014800F0B6
:102298001BBD00BFA80A002028B10D4B02689A4256
:1022A80002D000207047704710B50A4C0A482178C0
:1022B80000F070FD012221460848FEF7BFFEB0FA83
:1022C80080F14909044800F0AFFD012010BD00BFAE
:1022D80000440040900B0020500A0020980B00207A
:1022E800E0B108B502680E4B9A4201D0002008BD43
:1022F80000220C480221FEF7C1FA0B48012100F028
:10230800A9FD012209490A48FEF798FEB0FA80F1B2
:102318004909054800F088FD012008BD704700BF45
:102328000044004000000240500A0020900B0020AA
:10233800980B0020E0B108B502680E4B9A4201D014
:10234800002008BD00220C480221FEF797FA0B482E
:10235800022100F07FFD012209490A48FEF76EFEBE
:10236800B0FA80F14909054800F05EFD012008BD7A
:10237800704700BF0044004000000240500A00209F
:10238800900B0020980B002018B1502200210BF070
:10239800B2BC7047002800F08A80002900F08780CE
:1023A800002A00F084802DE9F041013A82B01F46EE
:1023B80004464D1E8E184FF0000809E0FD2820D075
:1023C800226BE36B013201332263E363B5421DD014
:1023D800A26815F8010F002AF0D0511C0729A05453
:1023E800A160F3D101AA2046ADF8048000F05EFD9B
:1023F80090B304280DD005280ED1A36B0133A36335
:102408000AE00123B5422070A360E1D102B0BDE823
:10241800F081636B01336363A268D4F83CC0012A7E
:1024280041D92346012102E0013191420FD013F82E
:10243800010FFD28F8D10CEB01038A42E36308D9A8
:10244800521AA260214420460BF03CFCBEE76144CE
:10245800E1630023A360B9E72346A28853F8121B5F
:10246800C4F81210A17999719A80E36ABDF8040042
:1024780053B1226C616CBA1A09B18A4200D2626403
:10248800A16C8A4288BFA2640133C4E90A73236A33
:10249800208201332362636A276443F10003636285
:1024A8000023A36092E70CF10103E363D1E77047CF
:1024B80000B11030704700BF2DE9F0410C4684B0E0
:1024C80015460127064600222946204698468DF8DB
:1024D8000870039207F03AFBA8B95EB1062C0DD03C
:1024E800052C0CD1012D19D0AB1E012B07D8B8F53E
:1024F8007F4F2FD0384604B0BDE8F081EDB10620FB
:1025080004B0BDE8F0810A9B00932A464346214661
:10251800304607F041FB04B0BDE8F081B8F57F4FC5
:102528001DD0B8F1000F13D12B460A9A8DF8083048
:1025380002A9304606F0C8F9E2E707230A9A8DF89F
:10254800083002A93046CDF80C8006F0BDF9D7E76F
:102558002846D5E7032D14BF09230823E5E70346DA
:10256800E3E700BF70B513460C4615460A4601213D
:10257800064608F085FA30B936B12DB124B996F877
:10258800943013B92C80012070BDB6F87840F9E773
:102598002DE9F8430C4617460A46002180461E4698
:1025A80008F06EFA60BB0546B8F1000F29D046B3B3
:1025B80002F054FA814620B3A4F10B03062B1AD972
:1025C800A4F11403032B1FD9242C1AD8DFE804F034
:1025D800BDB1ADA9A5A19E969390741919191919A1
:1025E8001919706C19191919686460574E4A4642CE
:1025F8003E3734312F0008EB040090F85D3033800B
:1026080001252846BDE8F883C4F11704D8F85C1002
:10261800D8F858302401C4F12002E34001FA02F24C
:10262800203C134321FA04F423433380E8E737803E
:10263800E6E73A0C3280E3E700233380E0E798F8D6
:102648009430002BDBD0B8F87830D8E7D8F8A4302D
:102658003380D5E7B8F8A6303380D1E7D8F8A03072
:102668003380CDE7B8F8A2303380C9E7D8F8AC207A
:102678004FF6FF73934228BF13463380C0E7D8F85C
:10268800A8204FF6FF73934228BF13463380B7E75D
:10269800B8F8B0303380B3E7D8F860303380AFE7AC
:1026A800B8F862303380ABE790F82C303380A7E776
:1026B80090F82B303380A3E73946404606F0EAF815
:1026C80099F8283099F8291099F82A209B0043EAAC
:1026D800C10398F8941043EA410343EA021398F8B7
:1026E8004C2003439BB2002A3DD143F0200386E7E8
:1026F800C38C338084E7838C338081E742684FF64C
:10270800FF73934228BF1346338079E703783380F9
:1027180076E798F80330338072E798F80230338010
:102728006EE798F8013033806AE798F80030338014
:1027380066E798F874309BB1D8F864204FF6FF73B9
:10274800934228BF13469BB259E798F874303BB1BF
:1027580098F8753023B1D8F87030B3F5803FF2D3CC
:102768004FF6FF734BE743F0600348E7436A072BD4
:1027780071D970B50446051D461D0621284600F08E
:10278800B9FB62892379824211D0012B04D1D4F894
:10279800B4300133C4F8B430D4F8BC30626A0133C1
:1027A800012AC4F8BC302CD80023636270BD012B09
:1027B80013D0D4E92E13626A01310833082AC4E918
:1027C8002E13F1D9083A626204F10C0128460BF085
:1027D80079FA636A072BD0D870BDD4F8B020617934
:1027E80001320529C4F8B02012D0A36C032B1FD9DD
:1027F800D4F8C4300133C4F8C430626A082AD3D983
:10280800E0E7013A6262314628460BF05BFAE0E7FE
:10281800E288B2F5807FE8D12289002AE5D194F8D0
:1028280054208AB1D4F8C8300133C4F8C830E4E77A
:1028380005332868696844F8330004EBC302516023
:10284800A36C0133A364D8E72A6869682165E26448
:1028580084F85430D1E7704748B138B504460D467E
:10286800D022002104300BF046FA256038BD7047AD
:1028780068B361B35AB3013A2DE9F04705464E1ED5
:102888008F184FF01F0A00F1050900F104080AE04B
:10289800621C2C4416F8013F237128466A62FFF730
:1028A80065FFBE4211D06C6A202CF1D1D5F8BC303E
:1028B800C5F824A001331F22C5F8BC30494640465C
:1028C8000BF000FA22461F24E3E7BDE8F0877047C3
:1028D80010B5044628B1FFF749FFA06C003818BFAF
:1028E800012010BD10B5044618B1FFF73FFF94F85A
:1028F800540010BD2DE9F04184B040B1036804468E
:102908002BB10D46FFF732FF94F8546026B9002624
:10291800304604B0BDE8F0810095E06C216DB4F854
:102928004E2002AB03C3B4F8503094F84D10206821
:10293800002552BA5BBA9BB292B284F85450FFF7A2
:10294800BBFDD4F8CC30A26CA5641344C4F8CC30D9
:1029580094F8AC30002B39D100283DD048F201530F
:102968000128A4F8853004F1850841D006280CBF59
:102978000223042384F887300321404600F0BAFA82
:10298800030A84F88930D4F8C03084F88800052216
:102998000133C4F8A820C4F8C03094F88450012743
:1029A80084F8AC70002DB3D1D4F8A820414604F1C6
:1029B8005D000BF0CDF9D4F8A830C4F8803084F865
:1029C8008470C4F8A85084F8AC50A1E7D4F8D0308B
:1029D8000133C4F8D0309BE702AB03CB082304F1E2
:1029E8008508C4F88500C4F88910C4F8A830D4E76D
:1029F8000323BFE700285FD02DE9F047036884B0C0
:102A0800044643B10D46FFF7B1FE94F8543013B9AC
:102A180094F884301BB1002004B0BDE8F08720464C
:102A2800FFF7A4FEA16C0029F5D0A26AC4F85520CE
:102A38000129E26AC4F8592004F1550604F1280373
:102A48000CD00122194653F8080FD3F804C0C1F876
:102A580004C00860A16C01329142F3D894F8568002
:102A6800A8F103030139012BA16464D9A8F1050376
:102A7800012B23D9012568F07F0884F85D5084F87C
:102A88005E8084F85F50032104F15D0000F032FAA3
:102A9800D4F8C03084F86000010A05222B4484F879
:102AA8006110C4F8802084F88450C4F8C0302046EF
:102AB800FFF75CFE0120AFE700207047B4F857A08D
:102AC800B4F859309AFA9AF7BFB25BBA3946404619
:102AD8001FFA83F907F03AF898B9B8F1060F0DD044
:102AE8007B1E022B0DD9012568F07F08022384F88C
:102AF8005D5084F85E8084F85F30C4E7BAF1000F57
:102B0800F1D1009520684B463A464146FFF7D4FC80
:102B180000285FD0012800F0908006280CBF02230F
:102B28000423012568F07F0884F85D5084F85E80EE
:102B380084F85F30A7E7B4F85990B4F8577099FA59
:102B480099F91FFA89F909F1FF337FBA0A2BBFB245
:102B580068D84FEA490A264604EB490913E00DF103
:102B68000E032A46FFF714FD0137B0B1BDF80E3049
:102B780086F861301B0A86F860300236B14537D0D6
:102B8800B7F5803F09D0B8F1030F2068B9B2E6D194
:102B98000DF10E02FFF7E6FCE6E7012568F07F0875
:102BA800022384F85D5084F85E8084F85F30032146
:102BB80004F15D0000F09EF9D4F8C03084F860009C
:102BC800010A052284F86110C4F8802084F8845032
:102BD8002B446AE77168D4F85500C4F85D000822F0
:102BE8000123C4F86110C4F8802084F884305EE7BB
:102BF80004F15D0501260AF105030AF103072846D9
:102C080084F85D6084F85E8084F85FA0C4F8803042
:102C1800394600F06FF9E8555544000A287184F8E0
:102C2800846044E70321012568F07F0884F85D503B
:102C380084F85E8084F85F10BAE7032371E700BF69
:102C480048B149B190F8843023B1D0F880300B6096
:102C58005D307047184670470846704770B138B500
:102C680090F8AC300025044680F88450C0F88050B5
:102C78002BB92046BDE83840FFF778BD7047D0F83B
:102C8800A82000F185015D300BF062F8D4F8A82087
:102C9800C4F88020012384F88430C4F8A85084F84C
:102CA800AC50E6E710B4019C50B1C0E90012002115
:102CB800C0E9023401611AB120465DF8044B10479F
:102CC8005DF8044B704700BF40B330B50446006858
:102CD80083B028B163681BB1A3680BB1237C1BB117
:102CE8000021084603B030BD01A9FFF7A9FF05463A
:102CF8000028F5D06368E068012198472946A36851
:102D0800019AE0689847014620B1012308462374D8
:102D180003B030BD6368E0689847E1E700210846E2
:102D2800704700BF80B1436810B5044623B1C0683E
:102D380000219847237C03B910BD00232068237421
:102D4800BDE81040FFF78ABF704700BF80B14368F5
:102D580010B5044623B1C06800219847237C03B905
:102D680010BD002320682374BDE81040FFF776BF2C
:102D7800704700BF68B110B54022002104460AF030
:102D8800BAFF002323646364A364E3642365636573
:102D980010BD7047C8B1026CBFF35B8F531C03F0C2
:102DA8003F03D0F844C0BFF35B8F634505D081541F
:102DB800BFF35B8F036401207047483050E8003F41
:102DC800013340E80032002AF8D10020704700BFE4
:102DD80070B5864610B111B30AB9104670BD436C80
:102DE800BFF35B8F056CBFF35B8F9D4219D0013A2F
:102DF8008E1801F1FF3C5C1C1EF80300624604F0CB
:102E08003F030232AB420CF8010FA2EB010001D0E4
:102E1800B445F0D1BFF35B8FCEF8443070BD08469F
:102E280070BD0020F6E700BF50B100F14C0353E835
:102E380000CF0CF1010C43E800C2002AF7D101B120
:102E48007047503050E8003F013340E80032002A14
:102E5800F8D1704748B1BFF35B8F543050E8003F5A
:102E68000B4340E80032002AF8D1704760B1BFF345
:102E78005B8F00F15403002253E8000F43E8002160
:102E88000029F9D1BFF35B8F704700BF60B151B122
:102E98000139431E4218002013F8011F934280EAAB
:102EA8000100F9D170470846704700BFE0B170B51E
:102EB8001546DAB1072911D10378FD2B04460FD145
:102EC80005214679FFF7E2FF86420BD1A379FE2B55
:102ED8000ED1B4F801302B80002070BD022070BDE7
:102EE800032070BD042070BD01207047012070BD13
:102EF800052070BD8446E0B1C9B100B500EB010EF4
:102F08004FF6FF701CF8013B0822584000F00103FF
:102F180003EB830103EB413383EA5000531E13F0A4
:102F2800FF0280B2F2D1E645ECD15DF804FB084619
:102F3800704770470120704748B91D4B5B6903F023
:102F48000603062B0A46014609D000207047184B95
:102F58005B6903F00603062B4FF00002F5D14FF032
:102F68008043186A10F4807014D010B4114C206A91
:102F780010F480700BD0186810F0010007D020689A
:102F880010F0010003D0D86B904204D000205DF807
:102F9800044B70477047E26B8A42F7D1DB6B23B171
:102FA800E06BB0FA80F04009F1E70120EFE700BFDD
:102FB8000004024000040040F0B5044689B00D4604
:102FC800164600214822CDE90211CDE90411CDE9C8
:102FD80006111F460AF08FFE41F2BF22E26025600B
:102FE800602220460192FEF729FC20B1084B1E7092
:102FF800002009B0F0BD082201A92046FEF77AFC9E
:1030080010B9012009B0F0BD014B1F70F0E700BFF7
:10301800E00B002010B5FDF7EDFE1B4B9B6813F489
:10302800E05F1A4B18BF4000984201D0002010BD45
:103038004FF08042906A0028F8D1154CA16A002907
:10304800F5D1D36A41F2BF208342EFD1E06A9842BA
:10305800ECD1D36903F07003602BE7D1E36903F087
:103068007003602BE2D1136A13F40073DED1216A76
:103078008905DBD4D3695B07D8D4E069C0F3800045
:1030880080F00100C0B210BD0038024000D8B80579
:10309800000400402DE9F0474FF08044A44FA54DAF
:1030A8000026814688463E70FEF73AFE236823F0E4
:1030B800010323602B6823F001032B6026612E6136
:1030C800BFF34F8F9C4B93F800A0BAF1000F41D08B
:1030D80008F1FF339BB241F2BE22934227D8FFF793
:1030E80029FF0646002848D008219448FEF752FBDD
:1030F800082106469248FEF74DFB002E40F0D98085
:1031080000283CD00B233B70FEF70AFE4FF08042AC
:10311800884B116821F0010111601968002021F025
:103128000101196010611861BFF34F8F0FE0082388
:103138003B70FEF7F5FD236823F0010323602B683D
:1031480023F001032B6026612E61BFF34F8F00200F
:10315800BDE8F08707233B70FEF7E2FD236823F004
:10316800010323602B6823F001032B60C4F810A02F
:10317800C5F810A0BFF34F8FE9E70923D8E76F4BD5
:103188001B68D8636E4B1B68D86301236062686252
:1031980063616B6120612861BFF34F8F694B5B6985
:1031A80013F0060F40F08380E36B002B7FD1EB6BAD
:1031B800002B7CD1636A002B79D16B6A002B76D106
:1031C8004FF080452B6ADA0571D45A4E336ADB0515
:1031D8006DD42B68DC076AD4336813F0010A66D112
:1031E80056480821FEF7D4FA0446002865D1544809
:1031F8000821FEF7CDFA002872D1BFF34F8F514B4B
:103208005B6913F0060F56D1EB6B002B53D1F36BB0
:10321800002B50D12B6AD8054DD5464D2B6AD905C0
:1032280049D54FF080463368DA0744D52B68DB0769
:1032380041D5DFF810A16FF0010300247462012268
:103248006C620621336150462B61FDF717FBBFF313
:103258004F8FDAF8143003F00603062B56D1374B9C
:103268001A68374B1B68B9F1000F4AD0D463C3F80A
:103278003C80BFF34F8F41464846FFF75DFE04464A
:1032880000287FF465AF32233B70FEF749FD4FF00D
:103298008042284B116821F001011160196821F062
:1032A8000101196014611C61BFF34F8F4FE72D2393
:1032B80029E70A2327E7302325E72E233B70FEF76B
:1032C8002FFD2B6823F001032B60336823F00103E3
:1032D8003360C5F810A0C6F810A0BFF34F8F36E7CB
:1032E8002F233B70FEF71CFD2B6823F001032B6096
:1032F800336823F0010333602C613461BFF34F8FCF
:1033080025E7C2F83C80C3F83C90B2E731233B7014
:10331800FEF706FD336823F0010333602B6823F0C2
:1033280001032B6034612C61BFF34F8F0FE700BF9F
:10333800E00B002000040040740C00202C0C00203E
:10334800E40B00200004024008B5FEF7E9FC4FF04A
:103358008042074B116821F00101116019680020B3
:1033680021F00101196010611861BFF34F8F08BD8A
:10337800000400400F4B586910F0060018D14FF0B8
:103388008043DA6B9AB90C49C86B88B91A6A12F487
:1033980080720CD1086A10F4807007D11B68DB07B3
:1033A80005D40868C04300F0010070471046704714
:1033B8000020704700040240000400402DE9F0435B
:1033C8006C4E6D4B6D4D6E4F4FF0000885B086F812
:1033D80000801A6B85F8008042F002021A631A6CAA
:1033E80042F003021A641A6B03921A6C039B4FF0A3
:1033F800804453400393039BFEF792FC236823F019
:10340800010323603B6823F001033B60C4F810808C
:10341800C7F81080BFF34F8F5A4B5B484FF4C02258
:103428009A615A6822F006025A609A6842F03C0291
:103438009A60DA6822F03C0242F02802DA601A68E0
:1034480022F03C0242F014021A601A6822F4401278
:1034580042F400121A605A6822F480625A609A682C
:1034680042F440129A60DA6822F44012DA605A6A2A
:1034780022F4706242F480725A621A6822F00302DF
:1034880042F002021A605A6822F001025A609A68F1
:1034980042F003029A60DA6822F00302DA601A6ADC
:1034A80022F00F0242F002021A6221460223012290
:1034B800FFF782FD18B33548042303223946FFF786
:1034C8007BFD8146E0B1FEF72BFC236823F0010366
:1034D80023603B6823F001033B60C4F81080C7F801
:1034E8001080BFF34F8FFFF795FD8046E0B1FFF7DF
:1034F80041FF60B301232B7005B0BDE8F08381461E
:10350800FEF70EFC236823F0010323603B6823F0D9
:1035180001033B60C4F81090C7F81090BFF34F8FB9
:10352800002005B0BDE8F08305233370FEF7F8FBF3
:10353800236823F0010323603B6823F001033B6009
:10354800C4F81080C7F81080BFF34F8FE8E7062350
:1035580001903370FEF7E4FB2368019823F0010320
:1035680023603B6823F001033B6020613861BFF3AF
:103578004F8FD5E7E00B002000380240740C002084
:1035880000040040000402402C0C0020E40B002042
:1035980001460120FFF77EBD01460020FFF77ABDF6
:1035A800014B1878704700BFE00B002070B50E463D
:1035B800044648B32C4BDD6B2C4B1B786BB1FFF7E3
:1035C800B9FC50B1ADB245B1731E9BB241F2BE22F7
:1035D800934202D8FFF71EFDD0B9254B32221A704C
:1035E800FEF79EFB4FF080421F4B116821F001014E
:1035F80011601968002021F001011960106118613B
:10360800BFF34F8F002070BD4FF08043DD6BD3E7D1
:1036180029462046FFF790FC0028DED0FCB1124B6B
:10362800DE63BFF34F8F20463146FFF785FC044623
:103638000028E8D10E4B32221A70FEF771FB4FF0CA
:103648008042094B116821F001011160196821F0CD
:103658000101196014611C61BFF34F8FD2E74FF06D
:103668008043DE63DDE700BF00040040740C0020E7
:10367800E00B002038B50C4640B9A9B1FFF7CAFCE9
:1036880080B12146BDE83840FFF756BC51B9054620
:10369800FFF7C0FC30B12C4621460020BDE8384079
:1036A800FFF74ABC002038BDBDE83840FFF762BECE
:1036B80008B5074B1B780BB9002008BDFFF7AAFC1B
:1036C8000028F9D0BDE8084000210120FFF734BCEC
:1036D800740C002070B51F4C237813B1FFF72AFC37
:1036E800B0B91D4B32221A70FEF71AFB4FF0804218
:1036F8001A4B116821F0010111601968002021F0AE
:103708000101196010611861BFF34F8F002070BD6F
:10371800FFF780FC0028E4D0104DE96B012089B246
:10372800FFF70AFC0028DCD04FF080430026DE6358
:10373800EE63BFF34F8F2378002BD2D0FFF76AFCDC
:103748000028CED031460120FFF7F6FB0028C8D06C
:1037580070BD00BF740C0020E00B00200004004086
:1037680038B5274B1B78B3B9264B32221A70FEF7AF
:10377800D7FA4FF08042244B116821F00101116003
:103788001968002021F00101196010611861BFF368
:103798004F8F002038BD0446FFF73CFC0028E3D0DB
:1037A80000210120FFF7C8FB0028DDD0FFF7C2FB8E
:1037B8000028D9D0631E9BB241F2BE229342D3D8CF
:1037C800114DEC63BFF34F8F01202146FFF7B4FB87
:1037D80004460028DED10B4B32221A70FEF7A0FAFD
:1037E8004FF080431A6822F001021A602A6822F01A
:1037F80001022A601C612C61BFF34F8FC9E700BF2B
:10380800740C0020E00B0020000400400A4B00224A
:1038180010B5DA601968094C21F0010119603220ED
:103828001A615A622270FCF7FFFE3220FCF728FF6B
:10383800BFF34F8F10BD00BF000C0040790C002073
:10384800F0B53149314E324C324A334D002383B002
:1038580008603370237013702B70002851D02F4FDD
:103868002F49386C40F008003864386C0190019892
:10387800CB60086820F0010008600B6132204B62C1
:103888001370FCF7D1FE3220FCF7FAFEBFF34F8F1E
:10389800FDF7B0FABB68234A13F4E05F18BF400095
:1038A800A0F51C53103B934226D81F4B1F4A00FB20
:1038B80003F3B2EB331F1FD31D4A194BA2FB0020A1
:1038C800400B1C4A013810600C221A6001260022A5
:1038D8004FF0FF315A609A609A611A629862D96211
:1038E80032205A6304215E611A61FCF753FE3046A8
:1038F80026702E7003B0F0BD12233370002003B081
:10390800F0BD11233370F9E7800C0020770C0020FC
:103918007A0C0020790C0020780C00200038024036
:10392800000C0040FFFF0F27917EFB3AB88D060080
:103938005917B7D17C0C00202DE9F041354C364F92
:10394800364B002582B03D70E560226822F0010206
:103958002260064625613220656288461D70FCF7A4
:1039680063FE3220FCF78CFEBFF34F8F2C4A12788F
:10397800002A45D02B490A78002A41D0002E3FD092
:1039880046453DD20A20A6FB0036A8FB0080064328
:10399800002E3CD14FF00C0E234E0192C4F800E0EB
:1039A8003668A66208F1FF30E062012603206363EF
:1039B800656266612561E0603220FCF761FE20687F
:1039C800164B30431E702060BFF34F8F2568019A55
:1039D8001449354017D115223A700D70E5602368F7
:1039E80023F0010323600D4B2561322065621D70B1
:1039F800FCF71AFE3220FCF743FEBFF34F8F01E0BD
:103A080013223A700022104602B0BDE8F081142259
:103A18003A70F7E7000C0040770C0020790C002082
:103A28007A0C0020780C00207C0C0020034B1878BE
:103A380018B1034B186800F001007047790C00209A
:103A4800000C0040024B187808B1024B18787047F8
:103A58007A0C0020780C0020014B1878704700BFC2
:103A6800770C0020F8B5424B424C1A682369002AAB
:103A780057D0414E357825B313F4007111D03F4823
:103A88003F49404F404D00230370192008703B7098
:103A98002B70022090473B7800222A704BB33A7073
:103AA800F8BD13F0010036D113F0020350D13449A8
:103AB800344F354D3B701A20087030492B700B700D
:103AC800E7E72E492E4B0D700220182119709047F8
:103AD800E560236823F001032360322025616562D5
:103AE8003570FCF7A1FD3220FCF7CAFDBFF34F8FFC
:103AF800F8BD204AD360116821F00101116032201D
:103B0800136153623370FCF78FFD3220FCF7B8FD68
:103B1800BFF34F8FF8BD1B4F1B4D39702970012023
:103B2800B8E71749154B1B2008701A70E260236824
:103B3800114923F0010323603220226162620A7076
:103B4800FCF772FD3220FCF79BFDBFF34F8FF8BDE9
:103B580023680C4F0C4D387013F0080306D001236E
:103B68002B706FF002032361002093E72B70FBE7B3
:103B7800800C0020000C0040790C0020780C0020FC
:103B8800770C0020750C0020760C002038B5104BFF
:103B9800104D1B7800222A707BB10F4B1C7864B142
:103BA8000E4A126940F203231A420BD13220FCF765
:103BB8002DFDBFF34F8F204638BD16232B700024F0
:103BC800204638BD17242C70FFF74CFF2C70F6E701
:103BD800790C0020770C0020780C0020000C0040A5
:103BE800F8B51F4B1C78002C38D01E4B1C78002CC5
:103BF80034D01D4F3C78002C30D1831E802B0546D5
:103C08002CD81A4EF460336823F001033360322055
:103C1800346174623C70FCF707FD3220FCF730FD1C
:103C2800BFF34F8F04233360114B05EB85001B68EE
:103C3800B36240004FF0FF33F3620A3801230322D6
:103C48007063746273613461F2603B70336843F08F
:103C580001033360BDE8F840FFF798BF0020F8BDC6
:103C68007A0C0020780C0020790C0020000C004011
:103C78007C0C002070B51E4D1E4C2B78616A626B5F
:103C880023B32368DB0721D51B4B1B78F3B1831EB5
:103C9800802B1BD8266940F203231E4024D18A1AA0
:103CA800002A15DB154B30461B689847E6602368E9
:103CB80023F0010323603220266166622E70FCF730
:103CC800B3FC3220FCF7DCFCBFF34F8F002070BD43
:103CD80000EB80000A3901EB40016163BFF34F8FAD
:103CE800BDE87040FFF752BFFFF7BCFEEEE700BF2C
:103CF800790C0020000C0040780C0020800C00207B
:103D0800244A1378002B40D0234B1968C9073CD5A7
:103D180030B4224D2978002939D01C6940F203219A
:103D28000C4234D11968090731D55C6AD96A8C42CA
:103D38002DD2811E80292AD8596A00EB80000A39C1
:103D480001EB40014FF0FF305963D862196821F048
:103D580008011960BFF34F8F1278C2B11B68DB07E7
:103D680015D5287898B10C4A116940F203231942F5
:103D78000DD1536A526B9B1A002B08DA084B1B783B
:103D880033B1084B01221A7002E00020704700206E
:103D980030BC7047790C0020000C0040780C0020E3
:103DA800760C0020750C0020F0B4274D2B786BB1F1
:103DB800264C236813F0010308D0254E33782BB125
:103DC800236940F20322134003D000231846F0BCB5
:103DD8007047226812F00802F8D1636A676BDB1B30
:103DE800002BF2DA0028F0D0884229D2822927D87D
:103DF800636A00EB800003EB400001EB8101013BAB
:103E080003EB41036063E362236843F00803236024
:103E1800BFF34F8F2B78002BD8D0236813F0010302
:103E2800D4D03378002BD1D0216940F20323194232
:103E3800CBD1636AE26A93422CBF00230123C5E712
:103E480013461846F0BC7047790C0020000C00405F
:103E5800780C0020194B9A6A10B4C2F10102DC6890
:103E680002441444DC605C6AA24216D95968121BE9
:103E780011445960D96901291BD0114AD86201241B
:103E88004FF4807114700422A3F85C109A630D4BF0
:103E98005DF8044B00221A7070474A1E4FF4807474
:103EA800012AA3F85C40D8629963F0D85DF8044B06
:103EB8007047996811449960DFE700BF880C0020BB
:103EC800110D0020130D00202DE9F0473C4F3B78E1
:103ED800002B71D03B4D95F85C30002B6CD0DFF88F
:103EE800E88098F80030002B66D1DFF8E09099F868
:103EF8000140002C60D12B6BC31A002B5CDA6B6B72
:103F0800C01A002858DA0E46B9F82400B9F8261065
:103F1800FFF7B0FB00284FD0FFF7DCFB00284BD0A1
:103F28003B78002B48D098F80030002B44D1FCF7A0
:103F380007FB2B6BC31A002B3EDA6B6BC21A002AE5
:103F48003ADAA3EB000AEB69012B504630D0FFF7B1
:103F5800D7FE88B33B787BB398F8003063BBFCF797
:103F6800EFFA2B6BC31A002B074625DA6B6BC21AC4
:103F7800002A21DA95F85C201AB13146FFF76AFF6A
:103F88006B6B2B650022C9E9033307210123EF641A
:103F9800C9F808A085F85E30AA6489F8001089F885
:103FA8000230C9F80420C9F8242089F8283004E030
:103FB800FFF760FE0028CDD103242046BDE8F08736
:103FC800130D0020880C0020140D0020180D00206F
:103FD80070B50546FFF7CEF9224EF0B13378BBB184
:103FE800214C94F85C3013B994F85E30BBB11F4B88
:103FF8001A78E06D10F0FF1004D01D4B186DC4E95D
:10400800040270BD3378002BF7D0C4E9040270BDF8
:10401800184A012315603370E2E73070E0E7FFF7D4
:10402800A9F912490A780028E3D0A2B1114B104827
:104038001B68006DEE1AB04211D822680023501C8C
:104048002060C4E90133C4E915331A46E3606364A8
:104058000B701846D3E76368002BCAD0E6E7034421
:10406800581BCCE7100D0020880C0020110D0020F3
:1040780054E60008080D0020F8B51A4C94F85C3096
:1040880094F85E7006460D4653B3FFF7E3FE94F8C6
:104098005E3063B1E36CA26DC3F1010333441A448B
:1040A800A265E2681A440023E26084F85E30FFF7F4
:1040B80061F90D4B90B11A785AB11FB1A36B042B5B
:1040C80018BFA563013D012D02D9084B00221A70C3
:1040D800F8BD074A166001221A70EEE71870ECE77F
:1040E8003B46D6E7880C0020100D0020130D002059
:1040F800080D002010B52A4B044648BB93F85C20F5
:10410800E2B1284A52781AB91A6C023A012A38D907
:1041180093F85E2062B3FFF717F90124FCF710FA51
:104128000421FFF7A9FFFFF771FB1F4A1F49204B26
:104138000020107001220C701A7010BD93F85E30C8
:10414800002BE8D1FFF700F9FCF7FAF90121E8E7BD
:1041580093F85E20002ADED193F85C2012B1DB6967
:10416800012BD8D0FFF7F0F8FCF7EAF90421D8E7DB
:10417800DB69012BCFD0FFF7E7F8FCF7E1F9012164
:10418800CFE7FCF7DDF90121FFF79EFE0028D4D028
:10419800FFF7DAF80224FCF7D3F90421C1E700BFDE
:1041A800880C0020180D0020980D0020150D002007
:1041B800140D002010B5FFF7C7F8FFF727FBFEF72F
:1041C800B9FE104C80F0010084F82900FFF7D2F8FE
:1041D80084F82A0018B1FFF729FC48B910BD94F8F3
:1041E8002B301BB942F60403A4F82B30042010BD71
:1041F80094F82B301BB942F60313A4F82B30032094
:1042080010BD00BF180D002070B54C4C2378062B4C
:10421800054636D0FDB1FFF797F8FCF791F9042170
:10422800FFF72AFFFEF786FE80F0010084F82900D8
:10423800FFF7A0F884F82A0000284AD0022D36D0CB
:10424800012D4FF0000068D003220023A2706362A2
:1042580084F8283070BDFEF76DFE80F0010084F808
:104268002900FFF787F884F82A0090B32378052BF4
:10427800284659D001220023A270636284F82830AE
:1042880070BD2F4B9E6B042EC4D1FFF75DF8FCF771
:1042980057F93146FFF7F0FEFEF74CFE80F00100BB
:1042A80084F82900FFF766F884F82A0088B1FFF738
:1042B800D3FB94F82B200346002A3CD100284FF06A
:1042C800030208BF2C23104684F82B2084F82C30D6
:1042D800D1E7FFF739F8FEF72DFE80F0010084F8EA
:1042E8002900FFF747F884F82A00FFF759F994F8EE
:1042F8002B3083B900284FF0040508BF2220032281
:10430800002384F82C0084F82B50A270284663629E
:1043180084F8283070BD042096E702220023A2709A
:10432800636284F8283070BD04220023A27063629F
:1043380084F8283070BD032002469CE7180D002041
:10434800880C002070B514461D46B8B94A1E42F6BE
:10435800DF639A422BD854B34DB32080024645F60A
:10436800BF5341F2BF20E1FB00321846114600233B
:1043780045F6C052FBF70CFF288016E0012816D13D
:104388004B1E632B12D88AB185B1002641F2BF2299
:1043980045F6BF503346E1FB0203194645F6C052C5
:1043A8000023FBF7F5FE20802E80002070BD012041
:1043B80070BD00BFF8B5424D424E0024FEF7C4FF61
:1043C80030220021284609F096FC21466C223E48FE
:1043D800347009F090FC3D4A3D4B14701C70FCF79A
:1043E800AFF83C4B18603C4B01271F70FEF7C2FF2B
:1043F8003A4B2C7018703A4BA5F82B401C70394B6F
:104408001C70394B02221A70FEF794FD784085F82B
:104418002900FEF7AFFF85F82A00FEF7CFFF88B125
:104428003248FFF70DFA80B33770FEF783FD80F04E
:10443800010085F82900FEF79DFF85F82A00D8B10C
:104448002046F8BDFEF780FFFEF774FD784085F83A
:104458002900FEF78FFF85F82A00FFF7A1F895F8E5
:104468002B303BB9A04208BF2C20042385F82B3001
:1044780085F82C000420F8BD95F82B30002BF9D1D5
:1044880041F60443A5F82B30F4E7FEF75DFFFEF78D
:1044980051FD80F0010085F82900FEF76BFF85F8D3
:1044A8002A00FFF7D9FA95F82B303BB9002808BF46
:1044B8002C20032385F82B3085F82C000320F8BD29
:1044C800180D0020160D0020880C0020130D002068
:1044D800120D0020080D0020110D0020100D0020E5
:1044E800980D0020140D0020150D0020FD40000837
:1044F80070B5EFF3108672B6BFF35F8F2C4B2D4C5F
:1045080000251D70FEF720FFFCF71AF80321FFF7BE
:10451800B3FD294B1D70FFF779F9284A284B157010
:104528000222C4E90155C4E903552570656284F87F
:1045380028501A70FEF7FEFC80F0010084F829006C
:10454800FEF718FF054684F82A00FFF76FFA2DB129
:10455800F0B9BFF35F8F86F3108870BD94F82B30E5
:104568001BB942F60423A4F82B30FEF7EDFEFEF744
:10457800E1FC80F0010084F82900FEF7FBFE034609
:1045880084F82A300420BFF35F8F86F3108870BD4B
:1045980094F82B301BB942F60333A4F82B30FFF7FD
:1045A80035F90320BFF35F8F86F3108870BD00BF15
:1045B800980D0020180D0020130D0020140D002068
:1045C800150D00202DE9F0416C4C23783BB16C4A65
:1045D800002310782370BDE8F041FFF715BE03F003
:1045E800FF070546FEF7A6FC664E80F0010086F838
:1045F8002900FEF7BFFE237886F82A0003F0FF089B
:1046080033B15F4B18782770BDE8F041FFF7FCBD68
:1046180096F828301BBB002844D0FFF707FA70B97A
:10462800FFF710FA034600283AD12278002A62D010
:10463800534A10782370BDE8F041FFF7E5BDFEF757
:1046480083FEFFF7E3F896F82B300322B2701BB90C
:1046580042F60313A6F82B300320BDE8F081FFF7DC
:10466800F1F90346B8BB2278002AE1D1FFF7F4F943
:1046780096F82B303BB9002808BF2320032386F87F
:104688002B3086F82C00FEF75FFEFFF7BFF8BDE879
:10469800F0410220FFF7B8BD3B4B1B68002B51D1FE
:1046A8000020DAE7FEF750FEFFF7B0F8FEF742FC0D
:1046B80080F0010086F82900FEF75CFE96F82B30A2
:1046C80086F82A000322B2701BB942F60403A6F842
:1046D8002B300420C1E7FFF7A9F90346D0B92278A7
:1046E800002AA5D196F82B30002BCCD142F20343F7
:1046F800A6F82B30C7E7FFF7AFF996F82B30002B59
:10470800AAD1002808BF2320032386F82B3086F877
:104718002C00A1E73369E81A002809DB237823B3C2
:10472800174B187884F80080BDE8F041FFF76CBD9E
:1047380096F82A30002BB3D0144B1B7813B133787A
:10474800052BA9D02378002B7FF441AF96F82B30A6
:104758001BB942F20463A6F82B30FEF7F5FDFFF70C
:1047680055F80220FFF750FDB3E796F82B30002BE1
:1047780089D142F20353A6F82B3084E7140D0020A8
:10478800150D0020180D0020840D0020980D002024
:10479800F8B55A4C23789A1F012A29D9052B0DD12F
:1047A800574E337803F0FF0543B9564F3B781BB19A
:1047B80094F82830002B71D13378BBB1FEF7BAFBDF
:1047C80080F0010084F82900FEF7D4FD94F8283021
:1047D80084F82A004BB14A4E337823B994F829302B
:1047E8000BB900284DD033786BBB00252846F8BD9F
:1047F800EFF3108672B6BFF35F8F414B1B7803F05F
:10480800FF059BBB404B1B78ABB394F8283093B3A0
:104818003E4FFB6D13F0FF1F2DD063785BBBFFF796
:1048280005F940B3FFF70EF928B3FEF783FB10B381
:10483800FEF7A0FDF8B997F85E30002B58D0FEF7C8
:1048480037FF054617E0FEF775FB80F0010084F896
:104858002900FEF78FFD054684F82A000028C5D0F8
:10486800FFF7E4F880F00105EDB2BFE7FEF782FD3F
:104878000546002836D1BFF35F8F86F31088284697
:10488800F8BDFFF7D3F80028ADD0FFF7DBF80546F1
:104898000028A8D03378002BA5D1A7E7FFF7D2F8D6
:1048A800002889D0FFF7C2F8002885D0FEF742FB20
:1048B800002881D0FEF75EFD154B1B68B3FA83F321
:1048C8005B0983427FF478AFE18CA08CFEF7D2FEBF
:1048D800337800283FF471AF002B7FF46FAF3D7839
:1048E800EDB283E7FFF7A2F880F00105EDB2C2E769
:1048F800E18CA08CFEF7BEFE0546BCE7180D002033
:10490800140D0020980D0020130D0020880C0020A5
:10491800840D0020F8B5324D2B7873BBFEF70AFBE7
:10492800304C80F0010084F82900FEF723FD2B7835
:1049380084F82A00064603BB94F828300BB3FFF727
:1049480027FF2B78C0B9C3B9FEF7FEFCFEF75EFF60
:10495800FEF7F0FA80F0010084F82900FEF70AFD5E
:104968002B7884F82A0043B994F82B306BBB42F2B9
:104978000473A4F82B3028E0DBB1BDE8F840FFF75A
:1049880019BCFFF753F80746FEF7DEFC94F8283009
:104998008BB1FEF7CFFA80F0010384F82930FEF7D7
:1049A800E9FC2B7884F82A00002BE6D130B12EB12F
:1049B8006FB90020F8BDFEF729FFEAE794F82B301D
:1049C8001BB942F60403A4F82B300420F8BD94F870
:1049D8002B301BB942F60313A4F82B300320F8BD83
:1049E800140D0020180D002010B5FEF7A3FA054C91
:1049F80080F0010084F82900FEF7BCFC84F82A0046
:104A080010BD00BF180D002010B5FEF793FA114C29
:104A180080F0010084F82900FEF7ACFC0E4B84F806
:104A28002A001B780BB9002010BDFFF70BF80028EF
:104A3800F9D094F828304BB994F82A000028F3D01C
:104A4800FEF7F4FF80F00100C0B210BDBDE81040D1
:104A5800FFF79EBE180D0020160D002010B5FEF7BA
:104A680069FA054C80F0010084F82900FEF782FC01
:104A780084F82A00204610BD180D00200120704738
:104A8800F8B5044615461E46EFF3108772B6BFF315
:104A98005F8FFBF755FD164A1278034602F0FF00B8
:104AA8000AB12CB10020BFF35F8F87F31088F8BDDF
:104AB80010490A78002AF5D10F4C2478002CF1D13E
:104AC800A5F1030C4EF65D22944501D9002DE9D1DC
:104AD800002EE7D12B44094A003D18BF0125157067
:104AE800074A1360074B1E6001230B70DBE700BF0A
:104AF800980D0020780D0020880D0020770D0020EB
:104B0800700D0020640D0020F8B504461746EFF339
:104B1800108672B6BFF35F8FFBF712FD174B1B7839
:104B280003B12CB10020BFF35F8F86F31088F8BD66
:104B3800134B1B78002BF5D0124C2378002BF1D1A6
:104B4800FB1E012BEED8104B1B78054623B10F4BEB
:104B58001B681B1ABB42E5DDFFF71AFE0028E1D0EF
:104B68000B4B0C492F44C3E906570B4B1F600B4BEB
:104B78001D6001230B702370D5E700BF980D00203E
:104B8800780D0020750D0020770D0020700D002095
:104B9800180D0020760D00206C0D00205C0D002003
:104BA8000346EFF3108172B6BFF35F8F094A12789C
:104BB80002F0FF000AB12BB10020BFF35F8F81F331
:104BC80010887047044B18780028F6D0034B012250
:104BD8001A70F2E7980D0020760D0020740D002061
:104BE8002DE9F04F074683B01446EFF3108672B6EE
:104BF800BFF35F8F744DFBF7A3FC2B78002B00F0FD
:104C0800B280002F40F0AF80704B1B78002B00F073
:104C1800BE80DFF8E88198F80030002B00F0B780FC
:104C28006B4B1B78002B00F0B280002CC0F2AF80D9
:104C3800684B1B68A342C0F2AA80DFF8C491664F94
:104C4800D9F80030A342C0F2A3803B78002B40F093
:104C58009F80624B1B681B1A012B834640F3988088
:104C6800DFF8A0A1DAF800301B1A012B40F390807E
:104C78005B4B1B782BB15B4B1B681B1A012B40F35A
:104C88008780FFF785FD002800F08280FEF77EFF11
:104C980000287DD0002C00F08B8042F6E0639C4217
:104CA80076D841F2BF2345F6BF500021E4FB03014B
:104CB80045F6C0520023FBF76BFA83B21946012070
:104CC8009B46FEF773FC002862D0FEF753FB0028D2
:104CD8005ED159460020FEF7CDFC002858D0FEF7DB
:104CE80055FF002854D02B78002B51D03B78002B4F
:104CF8004ED1FBF725FCDAF80020A2EB000ABAF146
:104D0800010F034644DD364A12783AB1354A126833
:104D1800121A012A3CDD924528BF9246504601935B
:104D2800FEF7A8FF002833D0FEF730FF80B32A78BB
:104D380072B3397801F0FF0251BB2B4D019B6969B1
:104D4800C9F8004053440131C5E90431EB60274BF1
:104D58006C601A70264B88F80020AA84A5F826B043
:104D680014461A7001E0204D0124FEF7E3F880F0A4
:104D7800010085F82900FEF7FDFA85F82A00BFF33F
:104D88005F8F86F31088204603B0BDE8F08F124F7E
:104D980000232B70FEF7D8FAFEF738FD3B7823B9CD
:104DA800144A0221012311703B700F4D0424DCE7E3
:104DB800FEF7CAFAFEF7DEFA0028E9D00E4BC3F870
:104DC80000B0A34685E700BF980D0020780D0020AD
:104DD800880D0020640D0020140D00206C0D0020AB
:104DE800770D0020700D0020180D0020740D002094
:104DF800600D0020150D00207C0D0020760D002090
:104E0800840D0020680D0020F8B5044615461E469E
:104E1800EFF3108772B6BFF35F8FFBF791FB2E4B52
:104E28001B7803B12CB10020BFF35F8F87F3108884
:104E3800F8BD2A4B1B78002BF5D0294C2378002B82
:104E4800F1D1002DEFD0B542EDD2264B26491B6893
:104E58000A68023B9B1AB342E5D33244801A002801
:104E6800E1DA224B1A68002A2FDD214A0698D2F887
:104E780000C0844501DB0028D5DD069A42F6E060D3
:104E88008242D0DC079A002ACDDB9445CBDBFFF7C2
:104E98007FFC0028C7D01449144B0A681B681644C5
:104EA800069A9A42A8BF1A46124B1A60124B069AE3
:104EB8001A60124B079A1A60114B1D60114B1E6045
:104EC800114B1E6201232370AEE7ACD10F4A126862
:104ED800002ACADAA7E700BF980D0020760D002047
:104EE800600D00206C0D00205C0D0020840D00205A
:104EF800640D0020500D00204C0D0020480D0020AE
:104F0800580D0020540D0020180D0020800D0020A1
:104F1800164B1A78034602F0FF0032B31BBB144A43
:104F2800107810B3134A1078F8B11348134A10B523
:104F3800046812681248091B21EAE171914200686D
:104F480010D2104C24684FEAE17C001B4FEAE07E47
:104F580000FB0CFC01FB0ECCA0FB01016144FBF73C
:104F680017F9204410BD002070477047980D0020A5
:104F7800600D0020760D00205C0D0020580D0020EB
:104F88004C0D0020500D00202DE9F84F04469046A6
:104F98001D46EFF3108672B6BFF35F8FDFF8D0912E
:104FA800FBF7CEFA99F80030002B00F08680002C31
:104FB80040F08380B8F1000F7FD0002D7DD05F4B8B
:104FC8002C701B78002B00F08B805D4B5D4C1B78A0
:104FD800002B00F086802378002B40F082805A4B0B
:104FE8001B681B1A012B07467BDD584B1B681B1AD5
:104FF800012B76DD564B1B7823B1564B1B681B1AC9
:10500800012B6EDDFFF7C4FB00286AD0524BDFF896
:1050180064A11B68DAF800B0FB1A002B394671DA74
:105028000020FFF775FF834505465ADC4B4B1B688C
:10503800834256DB002854DBFEF7A8FD002850D039
:10504800DAF800B0AB4570D06A1E42F6DF639A42C8
:1050580047D841F2BF2345F6BF500021E5FB0301C5
:1050680045F6C0520023FBF793F887B2BBF1000F57
:105078005DD039460120FEF799FA90B339460020F1
:10508800FEF7F8FA68B3FEF781FD50B399F80030DF
:105098003BB3237803F0FF021BBB314CCAF8005026
:1050A8006369A284013363612E4B65600122E78442
:1050B8001A60C8F80050002701E0294C0127FDF7C5
:1050C80039FF80F0010084F82900FEF753F984F8CD
:1050D8002A00BFF35F8F86F310883846BDE8F88F43
:1050E800184C002389F80030FEF72EF9FEF78EFBE6
:1050F800237823B91C4A0221012311702370184C0C
:105108000427DCE7194B1C685C45A8BF5C462246AF
:105118000020FFF765FD074608B1114CCFE70123D2
:10512800C8F800400E4C2B70C9E70D4CC1E7384653
:10513800FEF72EFA0028A1D1D3E700BF600D0020AA
:10514800760D0020140D00206C0D0020680D002045
:10515800770D0020700D0020540D00204C0D00200C
:10516800180D0020800D0020150D0020480D00208E
:10517800980D0020840D00202DE9F04F074689B0D6
:1051880014461E46EFF3108972B6BFF35F8FDFF83F
:1051980004830023ADF81C30ADF81E30FBF7D0F9BE
:1051A80098F80030002B49D0002F47D1189B002BCE
:1051B80044D0199B002B41D0DFF8DCB29BF80030BB
:1051C8000546002B30D1A44B1B78002B4AD0A34BAB
:1051D8001B7823B1A24B1B68EB1A002B0FDAA14BEB
:1051E8001B78002B00F05C819F4B1B68EB1A002B8F
:1051F80005DA179B002B3CDC179B64333EDADFF89B
:105208009CA29A4F002388F80030FEF79DF8FEF71D
:10521800FDFA9AF800302BB9954B02221A70012337
:105228008AF8003004240BE0924BD3E90023A21A39
:1052380066EB0303012A73F10003C4DA8B4F0124E0
:10524800FDF778FE80F0010087F82900FEF792F854
:1052580087F82A00BFF35F8F89F31088204609B0CA
:10526800BDE8F08F179B002BC6DD7E4B1B78002B0B
:10527800C5D0179A42F6E0639A42C0DC149B822B91
:10528800BDD8159B142BBAD8169B012BB7D97A4BCE
:105298001B7823B1794B1878002800F00C81DFF8CF
:1052A800FCA19AF80030002BABD1149B022BA8D993
:1052B800DDE914329342A4D9129B159AEB1A934252
:1052C8009FD8149A013A9A429BD9169B642B98D876
:1052D800FDF730FE002894D09BF80030002B40F0FA
:1052E8001B81624F199A00231370179B002B40F300
:1052F800F480634B1A68002A40F01F810123614A39
:105308001268002A40F05581544B129A14991B7860
:105318000A440292521B009233B1514B1B685B1B2B
:105328009A4228BF1A4600924E4B1B78002B00F079
:10533800D080524B1B78002B00F00181524B179AFA
:105348001B689342B4BF002301230393464B009A82
:105358001B685B1B934228BF134601939BF80030E0
:105368000198002B00F0AF80FEF784FC80F0010369
:10537800DBB2002B7FF446AF98F80030002B3FF4E7
:1053880041AF9AF80030002B7FF43CAF179B002BFD
:1053980040F0D7803A4B1A680AB13C4A156004932A
:1053A800FDF7D2FFFDF7E6FF049B00283FF42AAF84
:1053B8000593FEF7EBFB00283FF424AF98F8002094
:1053C800002A3FF41FAF9AF8002002F0FF0304936D
:1053D800002A7FF417AF039A059B9AB100980393AC
:1053E800FEF748FC00283FF40DAFFEF7CFFB00287E
:1053F8003FF408AF1B4A049B13701F4A1370009BAD
:105408000193039B019A2A441546179A1A607B69EF
:1054180001337B61174BC3E90046012387F8283025
:105428008BF8003005233B70D30F7B7082EAE27360
:10543800A3EBE2737B60BDF81C30BB84BDF81E3063
:10544800FB84189B0024C7E90355BC70BC601A6034
:105458000F4B029A1A60F3E6780D0020770D0020B2
:10546800700D0020760D00206C0D0020180D002016
:10547800150D0020900D0020600D0020740D0020F7
:10548800840D0020800D0020640D00207C0D00207C
:10549800680D0020980D0020880D0020140D0020B4
:1054A800534B179A1B689342FFF6A9AE179B002B24
:1054B8003FF7A5AEA0E62946FFF72AFD179B9842BD
:1054C800BFF6EDAE9BE6FEF78BFB80F00103DBB287
:1054D8004FE70393009B019340E71AD0454B1A68A6
:1054E800002A63D04FF0FF32434900930968914284
:1054F8003FF40AAFFDF728FFFDF73CFF00283FF413
:1055080081AE3E4A009B156000221A60199A012359
:10551800137000231793F7E6FEF788FA00283FF484
:1055280070AEFFF735F9364F00283FF46BAEFB68D5
:10553800EB1A002BFFF6D6AE64E60122D4E70393FC
:1055480004E7179880EAE0710028A1EBE0710DF1FB
:105558001E03CCBF0020012007AAFEF7F3FE002897
:105568007FF450AE234B1A68002A30D0179A049360
:10557800002ACBBFBDF81E10BDF81C10012000206A
:10558800FEF714F8049B049300283FF43BAEFDF7A4
:10559800F1FE00287FF436AE179B174A002BD4BFC4
:1055A8004FF0FF310121049B116001E74FF0FF33F9
:1055B800A5E69A423FF4A8AE104B169A1B68EB1A60
:1055C8009342BFF4A1AE199A01231370A1E7179A69
:1055D8000493002A05DDBDF81E00FDF7D9FF049BE2
:1055E800D1E7BDF81C00FDF7D7FF049BCBE700BF50
:1055F800640D0020840D0020800D00207C0D00200B
:10560800180D0020F0B505469DB0EFF3108672B670
:10561800BFF35F8FFAF794FF184C0746FEF7D8FCE4
:105628006C222146684608F093FB94F85C20E368F6
:10563800D4E915CE1AB1A26A01339B1A3B4494F8F7
:105648005E205AB1E26CC2F10102D01960450344F0
:10565800864434BFACEB000C4FF0000CBFF35F8FF7
:1056680086F310886C2269462846CDE915CE039347
:1056780008F06EFB28461DB0F0BD00BF880C002066
:10568800054B1B781BB1054B1B68834201D00020DA
:105698007047FFF7B9B900BF130D00200C0D0020AB
:1056A80070B50C46EFF3108572B6BFF35F8FFAF74B
:1056B80047FFFEF78DFC14B11F4B1B782BB101205F
:1056C800BFF35F8F85F3108870BD1C4E3378002BB5
:1056D800F5D11B4B1B78002BF1D11A4B1B78002BF3
:1056E800EDD0194B93F82830002BE8D1174B1B78D5
:1056F800002BE4D1FDF73EFE0028E0D0FEF796F936
:105708000028DCD1FEF79EF90028D8D0FDF712FC5E
:105718000028D4D00E490B6801330ABF01221A466B
:10572800134623600A600B4B0B4A0020012131709D
:10573800107083F85D00C3E7110D0020130D0020E1
:10574800980D0020160D0020180D0020140D0020C3
:105758000C0D0020880C0020120D00202DE9F04FC0
:10576800054689B00C4691469846EFF3108A72B602
:10577800BFF35F8FFAF7E4FE002C00F0C081114FF1
:1057880097F85C3097F85E200192064603B3FB69F0
:10579800012B00F0B6810C4B0C4D1B780124FDF752
:1057A800C9FB80F0010085F82900FDF7E3FD85F8C5
:1057B8002A00BFF35F8F8AF31088204609B0BDE83E
:1057C800F08F00BF880C0020130D0020180D00205A
:1057D800DFF8D4B29BF80020002A00F09081A94A93
:1057E80012689542A84DD9D195F8282002921AB18D
:1057F800019A002AD2D00293A44B1B78002BCDD15A
:1058080097F85D30002BC9D1A14B1B78002B40F0D5
:105818008C813046FEF7DCFB9E4B1B78002B40F05A
:105828005781129BF31A142B00F25281FFF7ECF800
:10583800002800F04D81019B002B40F08B81029BDA
:10584800002B00F07D81E98C0198FDF713FF0028FB
:1058580000F03E81FEF79AF9002800F039819BF8A4
:105868000030002B00F03481884B1B78002B40F06F
:105878002F813B6BF31A002B80F22A817B6BF31A82
:10588800002B80F22581236A40F6B732591E9142D7
:1058980000F21E817E4A12781AB1BA6E934240F025
:1058A80017816269002A40F0138122680392012A55
:1058B80000F06B81039A023A012A00F209812269F9
:1058C800911E012900F20481616A002940F070816B
:1058D800032A00F06D81039A032A00F07A816E4A48
:1058E800D2E926126068002800F0F280884200F2AF
:1058F800EF80A169012940F2EB80914200F2E88033
:10590800A0680131884240F0E380E2691E2A03D092
:10591800B2F5C87F40F0DC80129A8232921B904226
:1059280080F0D680029A5AB197F85C202AB10221F9
:1059380030460493FEF78EFA049B002287F85D2018
:1059480097F85E2062B1FA6CB96DC2F10102324477
:105958001144B965F96811440022F96087F85E209E
:10596800039A012A00F03B81A2680492039A0499E1
:10597800FA617A68606879620A4448497A60C1E9DC
:1059880000984749BA69BE62C1E90098E169D4F84C
:1059980018903862C7E91913E3680499FB6323690F
:1059A8003B648B191299059382310132BA613B63CA
:1059B80007917963421E3649C7F8609042F6DF6363
:1059C8004FF0000801249A42C7F84880C7F8388089
:1059D8000C7001467CD841F2BF2E45F6BF50C44634
:1059E800E1FB0E0C069145F6C05200236146FAF71A
:1059F800CFFB059B039A069985F82840C5E9033330
:105A08006B696960013384B26B61012A4FF0060348
:105A180085F80280A5F82480C5F80890EC842B80CE
:105A280000F0FF80019B049948461BB9029B002B9C
:105A380000F00381FEF7B8F980F00106F6B2002EF7
:105A480046D14FF0010887F85C80FEF79FF80028E0
:105A58003ED09BF80030002B3AD00C4B1B78002B23
:105A680036D1104B1E70019B002B40F0F380029B37
:105A7800002B00F0E88040462146FDF797FD38B33B
:105A880014E000BF0C0D0020180D0020140D00209C
:105A9800120D0020110D002054E60008000D002012
:105AA800F80C0020100D0020130D002021460020C6
:105AB800FDF7E0FD60B1FEF769F848B19BF80030EA
:105AC80033B1684B1B7803F0FF04002B3FF467AE3B
:105AD800FDF73AFCFAF734FD0521FEF7CDFA00236D
:105AE8008BF80030FDF792FE5E4B1B782BB95E4BAE
:105AF80002221A705B4A0123137004244FE65B4D9F
:105B08004CE62368012B3FF446AEDFF874B19BF8EE
:105B1800003003F0FF020292002BF0D0544B1B68B8
:105B2800AB42524D7FF43AAE66E6524B4846D3E953
:105B38000023414601F0D6FD00287FF46AAE2DE629
:105B4800FDF718FC0028C3D0FDF770FF00283FF4CC
:105B58009AAEBDE7FDF7ACFD0028B9D0FEF716F800
:105B68000028B5D09BF80030002BB1D03D4B1B78F6
:105B7800002BADD13B6DF31A002BA9DAFB6A7A6EC4
:105B8800F31A9342BFF47FAEA2E7019A002A9FD18D
:105B98002269012A9CD1616841F28832914297D1E9
:105BA800A269002A94D1626A002A3FF4BBAE8FE74B
:105BB800C82B06D9B3F5487F07D22F4AD2E9281255
:105BC80090E6042241F27C518CE60E2242F6E06116
:105BD80088E6C82B1DD9082241F6583182E6DFF83D
:105BE80098C0B968DCF81000421A8842049214D9A7
:105BF800012A114611D9DCF8802005927A6C41F20D
:105C0800883C0CFB012205998A4206D8B8607A6460
:105C1800ACE6042241F2883164E6184A0123137085
:105C280056E7079B981B049B984228BF1846FDF728
:105C3800D7FF80F00106F6B201E7FDF77DFE80F0A0
:105C48000106F6B2FBE62046FDF7A2FC00287FF429
:105C58002DAF3DE72046FDF783FD00287FF426AFF2
:105C680036E700BF140D0020150D0020180D002088
:105C78000C0D0020000D002054E60008110D002036
:105C8800130D00202DE9F84F0446EFF3108672B685
:105C9800BFF35F8F484DFAF753FC2B781BB1474B86
:105CA8001B68A34212D0464C0125FDF743F980F04A
:105CB800010084F82900FDF75DFB84F82A00BFF392
:105CC8005F8F86F310882846BDE8F88F3D4F97F818
:105CD8005C30002BE7D0DFF8F880394C98F80030BA
:105CE8002BBB94F801A0BAF1000F3BD1FAF728FCBE
:105CF8008146FDF74BFFE0B198F8003003F0FF0B49
:105D0800BBB92B78ABB13B6BA9EB0303002B10DAC3
:105D18007B6BA9EB0303002B0BDA48460221BAF18F
:105D2800000F22D1FEF7D0F880BB0025BDE7012582
:105D3800BBE7FDF709FB48460421FEF79DF904225D
:105D4800214BBA6300222A7001251D70FDF75EFD04
:105D580098F8003023B91D4B02221A7088F80050B9
:105D68000325A2E7FDF7F0FAC0E7FEF785F9FDF78E
:105D78004DFD0123A370C4F824B084F828B0FDF7C2
:105D8800F9FA0028D1D1287004258EE7FDF7DCFA4E
:105D9800FAF7D6FB0421FEF76FF985F800A0FDF7A6
:105DA80035FD98F80030002BDAD1084B02221A7022
:105DB800012388F80030D3E7130D00200C0D0020D4
:105DC800180D0020880C0020110D0020150D002052
:105DD800140D00202DE9F84F04460D4690461F4645
:105DE800EFF3108A72B6BFF35F8FDFF8F090FAF71F
:105DF800A7FB99F800301BB1344B1B68A34207D0AE
:105E08000024BFF35F8F8AF310882046BDE8F88F1F
:105E1800DFF8CCB09BF85D30002BF1D0DBF8183000
:105E2800AB42EDD19BF85C30002BE9D1284B93F8BD
:105E3800283006461BB19BF85E30002BE0D0254D7C
:105E48002B78002BDCD1DBF83830013B012BD7D87D
:105E5800214B4046D3E90023394601F043FC002892
:105E6800CED00A9BF31A142BCAD8DBF82C300A9A26
:105E7800D31A002BC4DBFEF7C7FD04460028BFD0A9
:105E88009BF85E30E3B1FDF713FC0028B8D0DBF8CF
:105E98005030F31A002BB3DADBF83430F61A002E40
:105EA800AEDAFDF773FE0028AAD099F80030002B6F
:105EB800A6D02B78002BA3D100238BF85D30A0E768
:105EC800FDF758FA0028F7D19AE700BF0C0D00201B
:105ED800180D0020140D0020000D0020130D0020C7
:105EE800880C00202DE9F84F044690469946EFF3B8
:105EF800108772B6BFF35F8F444DFAF721FB2978FC
:105F080019B1434B1B68A34206D00120BFF35F8F32
:105F180087F31088BDE8F88FDFF808A19AF80030F9
:105F2800002BF2D10A9BC31A142B0646EDD8394B25
:105F38001B78002B5FD1DFF8F0B09BF85E0060B3F0
:105F4800DBF83430F31A002B3FDAFDF7B1FB0028F9
:105F58003BD00A9A9BF85C3002F182042BB1DBF843
:105F68003030E21A002AC8BF1C46A01BFDF782FE8B
:105F780058B32B784BB39AF8003033BB264BCBF889
:105F88003440C3E903449BF85E300BB1CBF8504072
:105F9800224B0020C3E90089B8E79BF85C30002B4E
:105FA800F6D0DBF81C30012BF2D1DBF83430F31AD1
:105FB800002B0ADADBF83030F31A002B05DA164B1F
:105FC800D98CFDF757FB0028C3D1FDF7BDF9FAF7C7
:105FD800B7FA0421FEF750F800232B70FDF716FCE2
:105FE8009AF800302BB90E4A0221012311708AF861
:105FF800003003208AE7094B4046D3E9002349468D
:1060080001F070FB002896D17FE700BF130D002038
:106018000C0D0020120D0020180D0020F80C002097
:10602800150D0020140D0020880C0020D0ED027AF8
:106038009FEDE37AF0EEE76AF4EE476AF1EE10FAC4
:1060480000F28782F5EEC07AF1EE10FA00F1818253
:10605800DFEDDC6AF4EEE67AF1EE10FA00F379820D
:10606800D0ED037AF0EEE76AF4EE476AF1EE10FA43
:1060780000F26F82DFEDD46AF4EEE67AF1EE10FA00
:1060880000F16782F7EE006AF4EEE67AF1EE10FAB4
:1060980000F35F82D0ED047AF0EEE76AF4EE476A27
:1060A800F1EE10FA00F25582DFEDC86AF4EEE67AF6
:1060B800F1EE10FA00F14D82DFEDC56AF4EEE67AF2
:1060C800F1EE10FA00F34582D0ED057AF0EEE76ABA
:1060D800F4EE476AF1EE10FA00F23B829FEDBB7ACC
:1060E800F4EEC77AF1EE10FA00F133829FEDB97A37
:1060F800F4EEC77AF1EE10FA00F32B82D0ED067AAF
:106108009FEDAF7AF0EEE76AF4EE476AF1EE10FA27
:1061180000F21F82F7EE006AF4EEE67AF1EE10FA6A
:1061280000F117829FEDAC6AF4EEC67AF1EE10FA30
:1061380000F30F82D0ED077AB0EEE76AB4EE476A53
:10614800F1EE10FA00F20582F5EEC07AF1EE10FADF
:1061580000F1FF819FEDA16AF4EEC67AF1EE10FA24
:1061680000F3F781D0ED087AB0EEE76AB4EE476A3B
:10617800F1EE10FA00F2ED81F4EEE67AF1EE10FAA3
:1061880000F1E781DFED8F6AF4EEE67AF1EE10FABE
:1061980000F3DF81D0ED095AF0EEE57AF4EE477AA4
:1061A800F1EE10FA00F2D581DFED8D7AF4EEE75AC0
:1061B800F1EE10FA00F1CD81F5EEC05AF1EE10FAC9
:1061C80000F3C78190ED0A6AF0EEC67AF4EE477ADA
:1061D800F1EE10FA00F2BD81B5EEC06AF1EE10FAE8
:1061E80000F1B781DFED7F7AB4EEE76AF1EE10FADD
:1061F80000F3AF81D0ED0B7AB0EEE75AB4EE475A10
:10620800F1EE10FA00F2A5819FED777AF4EEC77AE5
:10621800F1EE10FA00F19D81F4EEE67AF1EE10FA53
:1062280000F39781D0ED0C6A9FED657AB0EEE65ADF
:10623800B4EE475AF1EE10FA00F28B81F5EEC06A1F
:10624800F1EE10FA00F18581B7EE005AF4EEC56A56
:10625800F1EE10FA00F37D8108B52DED0A8B90ED73
:106268000DBAF0EECB6AF4EE476AF1EE10FA00F2DE
:106278006C81B4EEC5BAF1EE10FA00F16681DFED7B
:106288005B6AB4EEE6BAF1EE10FA00F35E81D0ED87
:106298000E8AF0EEE86AF4EE476AF1EE10FA00F2C0
:1062A8005481F0EE006AF4EEE68AF1EE10FA00F19D
:1062B8004C81DFED4F6AF4EEE68AF1EE10FA00F356
:1062C8004481D0ED0FAAF0EEEA6AF4EE476AF1EEE7
:1062D80010FA00F23A81F4EEC5AAF1EE10FA00F1D4
:1062E8003481B3EE047AF4EEC7AAF1EE10FA00F3A3
:1062F8002C8190ED109A9FED325AF0EEC96AF4EEB7
:10630800456AF1EE10FA00F22081F0EE086AB4EE68
:10631800E69AF1EE10FA00F11881DFED366AB4EE74
:10632800E69AF1EE10FA00F31081D0ED116AF0EE62
:10633800E64AF4EE454AF1EE10FA00F20681DFED86
:10634800234AF4EEE46AF1EE10FA00F1FE80F4EE6E
:10635800C76AF1EE10FA00F3F88090ED127AF0EEC9
:10636800C74AF4EE454AF1EE10FA00F2EE809FEDCE
:10637800225AB4EEC57AF1EE10FA00F1E6809FEDEC
:106388001F5AB4EEC57AF1EE10FA00F3DE8090EDF4
:10639800138ADFED0B4AB0EEC85AB4EE645AF1EE38
:1063A80010FA00F2D280B5EEC08AF1EE10FA00F1D0
:1063B800CC809FED135AB4EEC58AF1EE10FA2BE0AB
:1063C800FFFF7F7F0000C8426F12833ACDCCCC3DDF
:1063D8000000484300007A440050C34700803B4611
:1063E80000409CC500409C450AD7233C0000484219
:1063F8000000FA4200000243CDCC4C3E000020428F
:1064080000606A4700808943FFFF7F7F0000C84221
:106418000060EA466F12833A00F3978090ED14AA61
:10642800B0EECA5AB4EE645AF1EE10FA00F28D805A
:106438001FED0A5AB4EEC5AAF1EE10FA00F18580F4
:106448001FED0D5AB4EEC5AAF1EE10FA7DDC90ED01
:10645800155AB0EEC54AB4EE644AF1EE10FA74D893
:10646800F7EE004AB4EEE45AF1EE10FA6DD45FED9F
:106478001B4AB4EEE45AF1EE10FA66DCD0ED169A37
:106488001FED1F5AF0EEE94AF4EE454AF1EE10FA14
:106498005BD81FED224AF4EEC49AF1EE10FA54D4F8
:1064A8005FED254AF4EEE49AF1EE10FA4DDCD0EDFA
:1064B80017BAF0EEEB3AF4EE453AF1EE10FA44D89A
:1064C800F0EE003AF4EEE3BAF1EE10FA3DD4F4EE51
:1064D800C4BAF1EE10FA38DC90ED18CAB0EECC4A26
:1064E800B4EE454AF1EE10FA2FD8B5EEC0CAF1EE77
:1064F80010FA2AD4B4EEE4CAF1EE10FA25DCF4EE70
:10650800C65AF1EE10FA20D5F4EEC76AF1EE10FA89
:106518001BD5B4EEE8BAF1EE10FA16D5F4EEC98A36
:10652800F1EE10FA11D5F4EEC9AAF1EE10FA0CD575
:1065380067EEA87A5FED496A67EEA67AB7EE007A49
:10654800F4EEC77AF1EE10FA05D90020BDEC0A8BFB
:1065580008BD00207047B5EE408AF1EE10FA09D068
:10656800B4EECA8AF1EE10FAEFDBB4EEE98AF1EE86
:1065780010FAEADBB0EE4B0A07F0BEFCB4EE40BA04
:10658800F1EE10FAE1D1B0EE680A07F0B5FCF4EECE
:10659800408AF1EE10FAD8D1B0EE6A0A07F0ACFCE6
:1065A800F4EE40AAF1EE10FACFD1B0EE490A07F0A6
:1065B800A3FCB4EE409AF1EE10FAC6D1B0EE480A48
:1065C80007F09AFCB4EE408AF1EE10FABDD1B0EEB5
:1065D8004A0A07F091FCB4EE40AAF1EE10FAB4D1E1
:1065E800B0EE4C0A07F088FCB4EE40CAF1EE10FA9F
:1065F800ABD1B0EE690A07F07FFCF4EE409AF1EEF9
:1066080010FAA2D1B0EE6B0A07F076FCF4EE40BAAD
:10661800F1EE10FA0CBF0120002097E7034600288E
:1066280000F0B78110B4BF4CD0F800C0BE480021BC
:106638002CFA01F2D2B208314240202904FB02F0C0
:10664800F6D1D3F804C0B74C00212CFA01F2D2B22B
:1066580008314240202904FB02F0F6D1D3F808C0E3
:10666800B04C00212CFA01F2D2B208314240202964
:1066780004FB02F0F6D1D3F80CC0AA4C00212CFA86
:1066880001F2D2B208314240202904FB02F0F6D1CF
:10669800D3F810C0A34C00212CFA01F2D2B2083171
:1066A8004240202904FB02F0F6D1D3F814C09D4CD7
:1066B80000212CFA01F2D2B208314240202904FB11
:1066C80002F0F6D1D3F818C0964C00212CFA01F24A
:1066D800D2B208314240202904FB02F0F6D1D3F8A7
:1066E8001CC0904C00212CFA01F2D2B20831424071
:1066F800202904FB02F0F6D1D3F820C0894C0021F0
:106708002CFA01F2D2B208314240202904FB02F0EF
:10671800F6D1D3F824C0834C00212CFA01F2D2B26E
:1067280008314240202904FB02F0F6D1D3F828C0F2
:106738007C4C00212CFA01F2D2B2083142402029C7
:1067480004FB02F0F6D1D3F82CC0764C00212CFAC9
:1067580001F2D2B208314240202904FB02F0F6D1FE
:10676800D3F830C06F4C00212CFA01F2D2B20831B4
:106778004240202904FB02F0F6D1D3F834C0694C1A
:1067880000212CFA01F2D2B208314240202904FB40
:1067980002F0F6D1D3F838C0624C00212CFA01F28D
:1067A800D2B208314240202904FB02F0F6D1D3F8D6
:1067B8003CC05C4C00212CFA01F2D2B208314240B4
:1067C800202904FB02F0F6D1D3F840C0554C002133
:1067D8002CFA01F2D2B208314240202904FB02F01F
:1067E800F6D1D3F844C04F4C00212CFA01F2D2B2B2
:1067F80008314240202904FB02F0F6D1D3F848C002
:10680800484C00212CFA01F2D2B20831424020292A
:1068180004FB02F0F6D1D3F84CC0424C00212CFA0C
:1068280001F2D2B208314240202904FB02F0F6D12D
:10683800D3F850C03B4C00212CFA01F2D2B20831F7
:106848004240202904FB02F0F6D1D3F854C0354C5D
:1068580000212CFA01F2D2B208314240202904FB6F
:1068680002F0F6D1D3F858C02E4C00212CFA01F2D0
:10687800D2B208314240202904FB02F0F6D1D3F805
:106888005CC0284C00212CFA01F2D2B208314240F7
:10689800202904FB02F0F6D1D3F860C0214C002176
:1068A8002CFA01F2D2B208314240202904FB02F04E
:1068B800F6D1D3F864C01B4C00212CFA01F2D2B2F5
:1068C80008314240202904FB02F0F6D1D3F868C011
:1068D800144C00212CFA01F2D2B20831424020298E
:1068E80004FB02F0F6D1D3F86CC00E4C00212CFA50
:1068F80001F2D2B208314240202904FB02F0F6D15D
:10690800D3F870C0074C00212CFA01F2D2B208313A
:106918004240202904FB02F0F6D1D3F874C0014CA0
:10692800002103E093010001C59D1C812CFA01F2AE
:10693800D2B208314240202904FB02F0F6D1D3F844
:1069480078C0144C00212CFA01F2D2B2083142402E
:10695800202904FB02F0F6D1D3F87CC00D4C0021AD
:106968002CFA01F2D2B208314240202904FB02F08D
:10697800F6D1D3F880C0074900222CFA02F3DBB223
:1069880008324340202A01FB03F0F6D15DF8044B9E
:1069980070477047930100019FED077AF6EE007A81
:1069A800E0EE077A08B5B0EE670A07F0A5FAFDEE43
:1069B800C07A17EE900A08BD0000704378B3D0ED96
:1069C800017AF5EE407AF1EE10FA26D1D0ED027A8E
:1069D800F5EE407AF1EE10FA1FD108B52DED028BD5
:1069E80090ED008ADFED147AB0EEC87AB4EE677ADB
:1069F800F1EE10FA0DD8F7EE007AB4EEE78AF1EE70
:106A080010FA06DBDFED0D7AB4EEE78AF1EE10FA44
:106A180006D90020BDEC028B08BD002070477047E6
:106A2800B0EE480A07F068FAB4EE408AF1EE10FAC0
:106A38000CBF01200020EDE7FFFF7F7F00803B4572
:106A480010B485B00168426883680D4C0D48019107
:106A5800029203930DF1040C5CF8041B002321FA45
:106A680003F2D2B208335040202B04FB00F0F6D1D9
:106A780004AB6345F0D105B05DF8044B704700BF27
:106A880093010001C59D1C81002800F0ED8390ED65
:106A9800007ADFEDE87AF0EEC76AF4EE676AF1EEA5
:106AA80010FA00F2E18330B52DED108B90ED01BAAC
:106AB800B0EECB6AB4EE676AF1EE10FAB5B000F248
:106AC800CE8390ED026AF0EEC65AF4EE675AF1EE04
:106AD80010FA00F2C48390ED03DAB0EECD5AB4EEAA
:106AE800675AF1EE10FA00F2BA83D0ED04FAF0EE2C
:106AF800EF4AF4EE674AF1EE10FA00F2B08390ED37
:106B080005FAB0EECF4AB4EE674AF1EE10FA00F299
:106B1800A683D0ED06EAF0EEEE3AF4EE673AF1EE2F
:106B280010FA00F29C83D0ED07CAB0EEEC3AB4EE4E
:106B3800673AF1EE10FA00F29283D0ED08DAF0EE3F
:106B4800ED2AF4EE672AF1EE10FA00F2888390ED50
:106B580009AAB0EECA2AB4EE672AF1EE10FA00F2DA
:106B68007E8390ED0AEAF0EECE1AF4EE671AF1EEA3
:106B780010FA00F27483D0ED0BAAB0EEEA1AB4EE64
:106B8800671AF1EE10FA00F26A8390ED0CCAF0EE83
:106B9800CC0AF4EE670AF1EE10FA00F2608390ED89
:106BA8000D8AF0EEC80AF4EE670AF1EE10FA00F268
:106BB8005683D0ED0E6AF0EEE60AF4EE670AF1EEBF
:106BC80010FACDED046A00F24A8390ED0F9AF0EEC8
:106BD800C90AF4EE670AF1EE10FA00F24083D0ED2C
:106BE800108AF0EEE80AF4EE670AF1EE10FA00F205
:106BF8003683D0ED116AF0EEE60AF4EE670AF1EE9C
:106C080010FACDED036A00F22A83D0ED126AF0EE95
:106C1800E60AF4EE670AF1EE10FACDED056A00F225
:106C28001E83D0ED13BAB0EEEB0AB4EE670AF1EEAC
:106C380010FA00F21483D0ED146AB0EEE60AB4EE4E
:106C4800670AF1EE10FACDED066A00F20883D0ED7E
:106C5800156AB0EEE60AB4EE670AF1EE10FACDED69
:106C6800076A00F2FC82D0ED166AB0EEE60AB4EECE
:106C7800670AF1EE10FACDED086A00F2F082D0ED65
:106C8800176AB0EEE60AB4EE670AF1EE10FACDED37
:106C98000C6A00F2E482D0ED186AB0EEE60AB4EEAF
:106CA800670AF1EE10FACDED0D6A00F2D882D0ED48
:106CB800196AB0EEE60AB4EE670AF1EE10FACDED05
:106CC8000E6A00F2CC82D0ED1A6AB0EEE60AB4EE93
:106CD800670AF1EE10FACDED096A00F2C082D0ED34
:106CE8001B9AB0EEE90AB4EE670AF1EE10FA00F268
:106CF800B682D0ED1C6AB0EEE60AB4EE670AF1EE91
:106D080010FACDED006A00F2AA82D0ED1D7AF0EEFD
:106D1800676ACDED017ADFED477AB0EEE60AB4EEA8
:106D2800670AF1EE10FA00F29A82D0ED1E6AB0EE10
:106D3800E60AB4EE670AF1EE10FACDED026A00F247
:106D48008E82D0ED1F6AB0EEE60AB4EE670AF1EE65
:106D580010FACDED0A6A00F28282D0ED206AB0EE18
:106D6800E60AB4EE670AF1EE10FACDED0B6A00F20E
:106D78007682F0EE007AB4EE67BAF1EE10FA00F01F
:106D8800CA82F7EE007AB4EEE77AF1EE10FA8DEDEA
:106D9800116ACDED107A00F162829FED270AB4EEF8
:106DA800C07AF1EE10FA00F35A82B0EE470A8DED80
:106DB8000F7A07F0A1F89DED0F7AB4EE407AF1EE64
:106DC80010FA40F04C82B5EE40BAF1EE10FA9DEDA3
:106DD800116A07D0DDED107AB4EE67BAF1EE10FA59
:106DE80040F03D82B5EEC06AF1EE10FA00F137824C
:106DF800F2EE0E7AB4EEE76AF1EE10FA00F32F82A3
:106E0800B0EE460A8DED0F6A07F076F89DED0F6A31
:106E1800B4EE406AF1EE10FA40F02182B5EEC0DA25
:106E2800F1EE10FA00F11B82DFED037AF4EEE7FAD7
:106E38000EE000BFFFFF7F7F00FF7F470050C34782
:106E4800000016450000C8420000164600606A4768
:106E5800F1EE10FA00F30382B4EEEFDAF1EE10FA75
:106E680080F2FD81B0EE4D0A07F046F8B4EE40DA44
:106E7800F1EE10FA40F0F381B0EE6F0A07F03CF83B
:106E8800F4EE40FAF1EE10FA40F0E981B5EEC0FAFE
:106E9800F1EE10FA40F2E381B5EEC0AAF1EE10FA75
:106EA80040F2DD81B4EECEAAF1EE10FA80F2D7817D
:106EB8005FED1E7AB4EEE7EAF1EE10FA00F3CF8147
:106EC800B5EEC0CAF1EE10FA00F1C981B4EECCAA51
:106ED800F1EE10FA40F2C381F7EE007AB4EEE78AD9
:106EE800F1EE10FA00F1BB811FED2B7AB4EEC78AE0
:106EF800F1EE10FA00F3B3819DED047AB4EEE77A6F
:106F0800F1EE10FA00F1AB815FED327AB4EEE77A78
:106F1800F1EE10FA00F3A381B5EEC09AF1EE10FA83
:106F280000F19D815FED387AB4EEE79AF1EE10FA40
:106F380000F39581F5EEC08AF1EE10FA00F18F8129
:106F4800DDED037AF5EEC07AF1EE10FA00F18781F3
:106F5800DDED057AF5EEC07AF1EE10FA00F17F81E9
:106F68009DED097AB5EE407AF1EE10FA07D0F7EE0A
:106F7800007AB4EE677AF1EE10FA40F07081F5EE1F
:106F8800C09AF1EE10FA00F16A81F0EE007AF4EEA0
:106F9800E79AF1EE10FA00F36281B0EE690A06F0A2
:106FA800ABFFF4EE409AF1EE10FA40F05881DDEDB7
:106FB800007AF5EEC07AF1EE10FA00F15081DDEDBD
:106FC800017AF5EEC07AF1EE10FA00F148819DEDF4
:106FD800027AB5EEC07AF1EE10FA00F140815FED69
:106FE800657AB4EEE77AF1EE10FA00F33881DDED58
:106FF8000A7AF5EEC07AF1EE10FA00F13081DDED93
:107008000B7AF5EEC07AF1EE10FA00F12881DDED89
:10701800097AF5EE407AF1EE10FAF5EE409A00F0B2
:107028002581F1EE10FA00F01A81B5EEC09AF1EE62
:1070380010FA43DDF1EE007AF4EEE78AF1EE10FA89
:1070480000F10D81DDED007AB7EE007AF4EEC77A33
:10705800F1EE10FA00F10381DDED016AF4EEE67A53
:10706800F1EE10FA80F2FB80F0EE007A78EEE77A23
:10707800F4EEE76AF1EE10FA00F3F180DDED027A42
:10708800F4EEC77AF1EE10FA00F1E980DDED057A49
:10709800F5EEC07AF1EE10FA40F2E180DDED0A7A01
:1070A800F5EEC07AF1EE10FA40F2D9809DED0B7A38
:1070B800F4EEC77AF1EE10FA80F2D180F7EE007A9A
:1070C800F4EEE7BAF1EE10FA00F1C9801FEDA17AEB
:1070D800F4EEC7BAF1EE10FA00F3C180DDED066AEE
:1070E800F4EEE6BAF1EE10FA00F3B980F4EEC76AEE
:1070F800F1EE10FA00F3B3809DED077AB4EEE77A6B
:10710800F1EE10FA00F1AB80F4EEC7BAF1EE10FA26
:1071180000F1A5809DED086AB4EEE76AF1EE10FA79
:1071280000F19D80F4EEC6BAF1EE10FA00F19780F6
:10713800DDED0C5AF4EEE75AF1EE10FA00F18F800B
:107148009DED0E5AF4EEC55AF1EE10FA00F3878061
:10715800DDED0D7AF5EEC07AF1EE10FA7FD9F4EE96
:10716800C56AF1EE10FA7AD4F4EEEB8AF1EE10FA71
:1071780075DC5FEDCA7ADDED034AF4EEE74AF1EE1D
:1071880010FA6CDCF4EEE48AF1EE10FA67DCDDED5F
:10719800007ACDED13BACDED1B7ADDED017ACDED98
:1071A800146ACDED1C7ADDED027A8DED157A8DED40
:1071B800166ACDED175A8DED185ACDED198ACDED19
:1071C8001A4ACDED1D7A13AD0B24B5EC018AB0EE49
:1071D800480A06F091FEB4EE408AF1EE10FA3ED16C
:1071E800013CF2D1B5EE40BAF1EE10FA00F0C580DC
:1071F800B4EEEAEAF1EE10FA2FD5DFED6A7AF4EE92
:10720800E7AAF1EE10FA28D8F5EEC0CAF1EE10FAA6
:1072180023DBF4EECACAF1EE10FA1ED5F4EECEDA8C
:10722800F1EE10FA19DBF4EEE7DAF1EE10FA14D801
:10723800F0EE6E7AEDEE0F7AF4EEE7CAF1EE10FAA0
:10724800C0F2AD80B0EE6E4AAFEE8F4AB4EEC4EA3B
:10725800F1EE10FA94BF01240024204600E000203B
:1072680035B0BDEC108B30BD00207047F1EE10FA40
:10727800F5D1B5EE40BAF1EE10FAF0D1F7EE007A9A
:10728800B4EE67FAF1EE10FAE9D1F5EE40EAF1EE64
:1072980010FAE4D1B4EEC98AF1EE10FADFD5F5EEB2
:1072A80040BAF1EE10FADAD1DDED067AF5EE407A61
:1072B800F1EE10FAD3D1DDED077AF5EE407AF1EE72
:1072C80010FACCD1DDED087AF5EE407AF1EE10FA3D
:1072D800C5D1F5EE408AF1EE10FAC0D1DDED037AA2
:1072E800F5EE407AF1EE10FAB9D1DDED007AF5EE5F
:1072F800407AF1EE10FAB2D1DDED017AF5EE407A7E
:10730800F1EE10FAABD1B5EE407AF1EE10FA0CBFFF
:1073180001200020A4E70146842213A806F018FDE6
:10732800B5EE409A0023F1EE10FA2293209322D171
:10733800B5EE408AF1EE10FA1DD11B49842213A83C
:1073480006F0B0FC0446B0B9B0EE480A06F0D4FD29
:10735800B4EE408AF1EE10FA0AD1B0EE490A06F00E
:10736800CBFDB4EE409AF1EE10FA0CBF01240024D4
:1073780004F0010074E70024FAE7F5EE40EAF7EEBE
:10738800007AF1EE10FAB4EE67FA0CBF0120002083
:10739800F1EE10FA00F0010018BF002060E70024A9
:1073A80020465DE70050C3476CE50008002800F060
:1073B800A58038B5D0ED027A2DED048BDFED568A25
:1073C800B0EEE77AB4EE687AF1EE10FA05463DD8E9
:1073D800F5EEC07AF1EE10FA38D4B2EE0E7AF4EE89
:1073E800C77AF1EE10FA31DC90ED019AB0EE007A2E
:1073F800B4EE479AF1EE10FAB0EE408A0C4629D165
:10740800FFF742FB10B3002C74D0F0EEC87AF4EE0C
:10741800687AF1EE10FA6FD8F7EE007AB4EEE78AE0
:10742800F1EE10FA68DBDFED3D7AB4EEE78AF1EEB3
:1074380010FA61D8B0EE480A06F05EFDB4EE480ACC
:10744800F1EE10FA0CBF0020062000E00120BDEC90
:10745800048B38BD91BBB7EE007AB4EE479AF1EED3
:1074680010FA2BD0FFF710FB0028EFD0DFED2A7AB7
:10747800B0EEC87AB4EE677AF1EE10FA3CD8B5EE01
:10748800C08AF1EE10FA37D9D5ED097AF4EEC87A48
:10749800F1EE10FA30D4002C3AD0D5ED077AF4EE9C
:1074A800C87AF1EE10FA35DCD5ED087AF4EEC87A30
:1074B800F1EE10FA4CBF07200020C8E7FCEEE77A8F
:1074C80017EE903AD8071DD599071DD55A0717D535
:1074D8001B071BD52846FFF7D7FA0028B6D0F7EECA
:1074E800007AB4EE679AF1EE10FA0CBF012300237C
:1074F800A342BBD00A20AAE70620A8E701207047CC
:107508000420A4E70220A2E70320A0E705209EE7C5
:1075180020469CE707209AE7FFFF7F7F00803B45D6
:10752800F8B50D4617461E460446A0B190ED017AFF
:10753800F0EE007AB4EE677AF1EE10FA0BD143B1AF
:10754800FFF7A2FA30B140F6B8339D4201D8BD42E8
:107558005FD00020F8BD002EFBD02046FFF794FA3C
:107568000028F7D007EE905A94ED037AF8EE677A80
:10757800F4EEC77AF1EE10FAEBD494ED047AF4EE57
:10758800C77AF1EE10FAE4DAD4ED016AB7EE007AC0
:10759800F4EE476AF1EE10FA36D1D4ED056A94EDAF
:1075A800067AA7EEA67ADFED1E6A86ED007AF0EE7F
:1075B800C77AF4EE667AF1EE10FACAD8B5EEC07A58
:1075C800F1EE10FAC5DBD4ED0A7AF4EEC77AF1EEE3
:1075D80010FABEDDD4ED016AF7EE007AF4EE676AC0
:1075E800F1EE10FAB6D1D4ED077AF4EEC77AF1EEDF
:1075F80010FAAED8D4ED087AF4EEC77AF1EE10FAA4
:10760800ACBF01200020F8BD07EE907AB8EEE77A0B
:10761800C9E707EE905AF8EEE77AC6ED007AF8BDAA
:10762800FFFF7F7F10B50446FFF72EFA44B194EDB3
:10763800017AF0EE007AB4EE677AF1EE10FA40D0F3
:1076480000283DD0D4ED1A7AF5EE407AF1EE10FA22
:1076580043D0D4ED017AF5EE407AF1EE10FA08D075
:1076680094ED027AF2EE0E7AB4EE677AF1EE10FA41
:1076780033D1D4ED0F7A94ED0D7AF4EEC77AF1EEAA
:1076880010FA2ADD9FED167AF4EEC77AF1EE10FAB9
:1076980023D8D4ED107AF5EEC07AF1EE10FA1CDD9D
:1076A80094ED117AF4EEC77AF1EE10FA15D8D4ED0C
:1076B800127AF5EEC07AF1EE10FACCBF0120002064
:1076C80010BD0028FCD0D4ED0F7AF5EEC07AF1EEAB
:1076D80010FACCBF0120002010BD002010BD00BF53
:1076E80000803B46801A61EB0301012871F100011B
:1076F800ACBF01200020704758B3D0ED007A9FED51
:10770800167AF0EEE76AF4EE476AF1EE10FA20D83E
:10771800F5EEC07AF1EE10FA1BD4DFED106AF4EE44
:10772800E67AF1EE10FA14DCD0ED017AB0EEE76AF1
:10773800B4EE476AF1EE10FA0BD8F5EEC07AF1EE26
:1077480010FA06D4F4EEE67AF1EE10FA01DCFEF750
:107758006DBC0020704700BFFFFF7F7F00007A44A8
:1077680030B50D469BB0044648B141B190ED017A61
:10777800F0EE007AB4EE677AF1EE10FA1DD02046EA
:10778800FFF782F9B8B12846FFF7B6FF98B195ED33
:10779800077AD4ED0D7AB4EEE77AF1EE10FA2ED826
:1077A80095ED087AD4ED0E7AB4EEE77AF1EE10FA98
:1077B80094BF012000201BB030BD642201A806F050
:1077C800C7FA002320460893FFF75EF90028F2D095
:1077D8002846FFF791FF0028EDD00A49642201A846
:1077E80006F060FA58B995ED077AD4ED0D7AB4EE43
:1077F800677AF1EE10FA0CBF01200020DBE70020C9
:107808001BB030BDF0E5000870B52DED048B0E46B9
:1078180082B0B0EE408AF0EE608A1546044638B170
:10782800D0ED1A7AF5EE407AF1EE10FA00F0908079
:10783800002D00F0888031462046FFF791FF002890
:1078480000F08180DFED577AB0EEC87AB4EE677A3F
:10785800F1EE10FA77D89FED549AB4EEC98AF1EE9A
:1078680010FA70D4D4ED0A7AF4EEC87AF1EE10FA70
:107878005DD9D4ED017AF5EE407AF1EE10FA14BF35
:1078880001210021B0EE680A2046FFF78FFD00288D
:107898005AD178EEC80AF1EE087AF0EEE00A60EE06
:1078A800A77A96ED056A87EE867AF7EE086A60EEA3
:1078B800A68AD6ED047AB5EE407AF1EE10FAC8EE53
:1078C800A70A65D4B1EEC70A06F072FA85ED000A78
:1078D80094ED017AF0EE007AB4EE677AF1EE10FAE0
:1078E800B0EE408A52D0D6ED130A94ED140A06F091
:1078F80087FAF0EE400A94ED130A06F081FA9FED3C
:107908002B7AD6ED187A28EE078A78EE277AF4EEE5
:10791800C07AF1EE10FA37DCD4ED167AB4EEE78AC5
:10792800F1EE10FACCBF01200020C0000CE09FED62
:10793800200AB4EE408AF1EE10FA04D1F4EE408A3F
:10794800F1EE10FA09D0012002B0BDEC048B70BD35
:107958000B2002B0BDEC048B70BDD4ED017AF5EEBE
:10796800407AF1EE10FA14BF012100212046FFF7FA
:107978001DFD0028E8D196ED047AD6ED057AC9EE0A
:10798800070A89EE277A9DE70820DDE70020DBE774
:10799800B0EE470ACDED010A06F0E8F9DDED010A7F
:1079A80092E700BFFFFF7F7F0000000000007A44DD
:1079B80000803B4510B40346A44CA548D3F800C04A
:1079C80000212CFA01F2D2B208314240202904FBEE
:1079D80002F0F6D1D3F804C09C4C00212CFA01F235
:1079E800D2B208314240202904FB02F0F6D1D3F884
:1079F80008C0964C00212CFA01F2D2B2083142405C
:107A0800202904FB02F0F6D1D3F80CC08F4C0021DA
:107A18002CFA01F2D2B208314240202904FB02F0CC
:107A2800F6D1D3F810C0894C00212CFA01F2D2B259
:107A380008314240202904FB02F0F6D1D3F814C0E3
:107A4800824C00212CFA01F2D2B20831424020299E
:107A580004FB02F0F6D1D3F818C07C4C00212CFAB4
:107A680001F2D2B208314240202904FB02F0F6D1DB
:107A7800D3F81CC0754C00212CFA01F2D2B208319F
:107A88004240202904FB02F0F6D1D3F820C06F4C05
:107A980000212CFA01F2D2B208314240202904FB1D
:107AA80002F0F6D1D3F824C0684C00212CFA01F278
:107AB800D2B208314240202904FB02F0F6D1D3F8B3
:107AC80028C0624C00212CFA01F2D2B2083142409F
:107AD800202904FB02F0F6D1D3F82CC05B4C00211E
:107AE8002CFA01F2D2B208314240202904FB02F0FC
:107AF800F6D1D3F830C0554C00212CFA01F2D2B29D
:107B080008314240202904FB02F0F6D1D3F834C0F2
:107B18004E4C00212CFA01F2D2B208314240202901
:107B280004FB02F0F6D1D3F838C0484C00212CFAF7
:107B380001F2D2B208314240202904FB02F0F6D10A
:107B4800D3F83CC0414C00212CFA01F2D2B20831E2
:107B58004240202904FB02F0F6D1D3F840C03B4C48
:107B680000212CFA01F2D2B208314240202904FB4C
:107B780002F0F6D1D3F844C0344C00212CFA01F2BB
:107B8800D2B208314240202904FB02F0F6D1D3F8E2
:107B980048C02E4C00212CFA01F2D2B208314240E2
:107BA800202904FB02F0F6D1D3F84CC0274C002161
:107BB8002CFA01F2D2B208314240202904FB02F02B
:107BC800F6D1D3F850C0214C00212CFA01F2D2B2E0
:107BD80008314240202904FB02F0F6D1D3F854C002
:107BE8001A4C00212CFA01F2D2B208314240202965
:107BF80004FB02F0F6D1D3F858C0144C00212CFA3B
:107C080001F2D2B208314240202904FB02F0F6D139
:107C1800D3F85CC00D4C00212CFA01F2D2B2083125
:107C28004240202904FB02F0F6D1D3F860C007498E
:107C380000222CFA02F3DBB208324340202A01FB6F
:107C480003F0F6D15DF8044B704700BF93010001C3
:107C5800C59D1C8170B52DED028B82B0CDED010A5A
:107C68000546002859D00C46002956D0D1ED007A97
:107C7800DFED498AB0EEE77AB4EE687AF1EE10FAF1
:107C88004BD8F5EEC07AF1EE10FA46D49FED437A60
:107C9800F4EEC77AF1EE10FA3FDCD1ED017AF0EE9E
:107CA800E76AF4EE686AF1EE10FA36D8F5EEC07AB3
:107CB800F1EE10FA31D4F4EEC77AF1EE10FA2CDCBA
:107CC8000846B0EE408AFEF7B1F9064630B3F0EE4A
:107CD800C87AF4EE687AF1EE10FA1ED8B5EEC08ACA
:107CE800F1EE10FA19D4DFED2E7AB4EEE78AF1EE50
:107CF80010FA12DCDDED010AF0EEE06AF4EE686AD3
:107D0800F1EE10FA09D8F5EEC00AF1EE10FA04D92E
:107D1800F4EEE70AF1EE10FA05DD0026304602B06F
:107D2800BDEC028B70BD28220021281D05F0E3FF61
:107D3800DDED010AD4ED056A70EEC87AB1EE087A75
:107D4800F0EEE77A27EE877AB7EE086A87EE260A1A
:107D580067EE867A94ED047A85ED058AB5EE400AD9
:107D6800F1EE10FA85ED028A85ED008AC5ED060A66
:107D780087EE878A0BD4F1EEC00AB0EE480A06F007
:107D880017F8012385ED070A85F82830C6E705F0BE
:107D9800EDFFF0EE400AF0E7FFFF7F7F00007A4436
:107DA8000050C34770B504462DED048B002800F041
:107DB8009A811546002A00F0968190F8280000283C
:107DC80000F08E810846F0EE408AB0EE608A0E46DA
:107DD800FFF792FC002800F08381DFEDCB7AB0EE4C
:107DE800E87AB4EE677AF1EE10FA00F27C81F5EEEB
:107DF800C08AF1EE10FA00F176819FEDC47AF4EEB4
:107E0800C78AF1EE10FA00F36E81B0EEC87AB4EECC
:107E1800677AF1EE10FA00F26681D6ED0D7A9FEDE1
:107E2800BC7A67EE877AF4EEC87AF1EE10FA00F3BE
:107E38005A81D6ED0E7A67EE877AF4EEC87AF1EEBB
:107E480010FA00F15081D4ED007A9FEDAF7AF0EE90
:107E5800E77AF4EE477AF1EE10FA00F24481D4EDB5
:107E6800027AF0EEE77AF4EE477AF1EE10FA00F2D1
:107E78003A81D4ED037AF0EEE77AF4EE477AF1EE40
:107E880010FA00F23081D4ED047AF0EEE77AF4EEDD
:107E9800477AF1EE10FA00F22681D4ED087AF0EE76
:107EA800E77AF4EE477AF1EE10FA00F21C81D4ED8D
:107EB800077AF0EEE77AF4EE477AF1EE10FA00F27C
:107EC8001281D4ED097AF0EEE77AF4EE477AF1EE12
:107ED80010FA00F20881D4ED057AF0EEE77AF4EEB4
:107EE800477AF1EE10FA00F2FE80D4ED067AF0EE51
:107EF800E77AF4EE477AF1EE10FA00F2F4803022D5
:107F08000021281D05F0F7FE94ED079A94ED080A64
:107F180085ED008A38EE000AF0EE490A05F070FF98
:107F280094ED057AD4ED067A84ED080AB5EEC09A88
:107F3800F1EE10FA77EEC77A40F3E08080EE096A36
:107F4800F1EE086A67EEA66AF7EE005A75EEC65AB1
:107F580066EE866AF0EE004A66EEA56AB0EE085A4A
:107F6800C6EE895AA6EE645A66EE277A67EE867AD6
:107F7800A7EE857AD6ED0C7A96ED036AD4ED026AFF
:107F8800D4ED039A96ED014AD6ED080A78EE277AE1
:107F980038EE066A88EE275A38EEE60AC8EE063A40
:107FA800B0EE666AA5EE006AD6ED007A84ED007A36
:107FB80076EE666AC4ED015A86EE885A84ED026A46
:107FC80075EE696A77EE464AE3EEA69AB5EE404A40
:107FD800C4ED039A85ED017A96ED027AC5ED025A51
:107FE800F1EE10FA14BFD4ED046ADFED4A6A85EDAC
:107FF800036AB5EE407A64EEA77AF1EE10FA14BF80
:1080080027EE697A9FED437AC5ED057A77EEA68A61
:10801800DFED407AC5ED066A78EE878A85ED077A46
:1080280078EEA78AC5ED087AC5ED044AF1EE600A34
:10803800B0EE680AC5ED098A05F0BAFEF0EE400A0E
:1080480096ED070A05F0DCFED4ED097A9FED317A4A
:1080580067EE806AF4EE408AF1EE10FAB0EE409ACC
:1080680018BF0123F4EEC76A96ED060A18BF2B6302
:10807800F1EE10FAB4EEC79AD8BFF0EE477AF1EEF7
:1080880010FA28EE000AF0EE490A30DB37EE800AD3
:1080980005F0B6FEF0EE407AF4EE497AF1EE10FA09
:1080A800C5ED0A7A03D02B6B43F002032B639FEDD7
:1080B800167AF0EEE88AF4EE478AF1EE10FA12D852
:1080C800F0EEE77AF4EE477AF1EE10FA0BD8F0EE1C
:1080D800E99AF4EE479AF1EE10FA94BF01200020D5
:1080E800BDEC048B70BDBDEC048B002070BD37EE79
:1080F800C00A05F05DFEF0EE407ACDE737EE277A4C
:10810800DFED045A36E700BFFFFF7F7F0050C3470B
:108118006F12833A0000000040B52DED068B84B045
:1081280006460293002800F0C580002A00F0C280AD
:108138000192002900F0BE80D1ED007A9FED637AAC
:10814800F0EEE76AF4EE476AF1EE10FA00F2B28058
:10815800F5EEC07AF1EE10FA00F1AC80DFED5C6A62
:10816800F4EEE67AF1EE10FA00F3A48091ED01AA9C
:10817800F0EECA7AF4EE477AF1EE10FA00F29A803D
:10818800B5EEC0AAF1EE10FA00F19480B4EEE6AABA
:10819800F1EE10FA00F38E8008460391FDF746FFD2
:1081A800002800F08880019ADFED487AD2ED098A2C
:1081B800B0EEE87AB4EE677AF1EE10FA7AD8D2ED3A
:1081C800049AB0EEE97AB4EE677AF1EE10FA71D853
:1081D80092ED009AB0EEC97AB4EE677AF1EE10FA31
:1081E80068D8B5EEC09AF1EE10FA63D903999FEDFD
:1081F800397AD1ED0E7A67EE877AB4EEE79AF1EE26
:1082080010FA57DC029B07EE903AB8EEE78AD1EDF8
:10821800077AB4EEE78AF1EE10FA4BDCD1ED087A72
:10822800F1EE677AB4EEE78AF1EE10FA42D4136BF6
:108238005B0744D192ED0A0A0192CDE9020105F0EB
:10824800A5FEB4EE408AF1EE10FADDE901200399AB
:1082580035D1DFED218AB5EE40AAF1EE10FA31D022
:10826800D1ED0B7AD6ED040A68EEA78ADFED177A0E
:10827800E9EE8A8AE9EE280AB0EEE07AB4EE677A87
:10828800F1EE10FA16D891ED090A0191CDE9020232
:1082980005F08EFD0199F0EE400A91ED0A0A05F00D
:1082A800AFFD039A86ED040A029882ED0B0A86ED6B
:1082B800098A00E0002004B0BDEC068B40BD78EED2
:1082C800688AC8E7DFED040ADDE700BFFFFF7F7FAC
:1082D80000007A446F12833A000000002DE9F04351
:1082E8002DED028B00F5067583B09FED788A026F3D
:1082F8008DED018A01AB04460E46416E2846FFF714
:108308000FF980462846FEF789F98146EFF3108772
:1083180072B6BFF35F8FFCF7A1FBD4F8D032D4ED6F
:10832800927A94ED1E7AC4F8D4620133C4F8D0323C
:10833800D4F8E432F31AC4F8E832654B5B68C4F841
:10834800CC32D4F87838C4F8F032D4F86C38C4F8A1
:10835800F432D4F87038C4F8F8322378C4F8FC3210
:108368006378C4F80033A378C4F80433A36DC4F861
:108378005C33E36DC4F85833636EC4F86433236E1A
:10838800C4F86033B8EEC77AFCEEE77A4FF20D1303
:10839800C4F8C83204F2E44383ED007AC4EDCF7A1E
:1083A800D4ED867A94ED877AD4F8AC31C4F81C34CD
:1083B800FCEEE77AD4F8A831C4EDE17AFCEEC77A8E
:1083C8000546C4F88893C4EDE37AC4F81834B8F1C4
:1083D800000F03D094F8D338002B60D1DFED3B7A3F
:1083E8000023B0EE678AC4F8B43304F5A463C3ED80
:1083F800007A04F2245383ED008A94F8CD3823B12F
:10840800D4F87C38F31AC4F8A43394F8CE08EB688F
:10841800C4F8103318B195F82800002852D195F8FF
:108428002930AA8CC4F8203395F82A30C4F81823C8
:10843800EA8CC4F81403C4F82433C4F81C23DBBB47
:10844800D5ED017A6B78F8EE677AC3BBD4F87C284F
:1084580094F8C83804F5A261C1ED007AC4F8402345
:10846800D4F8C028C4F8F4230BB1B21AD30F94F887
:10847800CC28C4F8F833C4F87023E378D4F8A428D7
:108488003146C4E9DD23204602F07AFCBFF35F8F52
:1084980087F3108803B0BDEC028BBDE8F083B4EE1F
:1084A800487ADDED017A0123F1EE10FAC4F8B4330D
:1084B80018BFB0EE678A98E7DFED047AC6E7F1EEF9
:1084C800677AC3E7FCF764F9A9E700BF000000007A
:1084D80050E30008F8B504460F4619461D461646EF
:1084E80002F02AFCFCF704F8D4F80C240023A4F8C2
:1084F800B131D4F8A83322B90F2E45D00222C4F8DE
:108508000C24EBB1D4F8E03323B90D2E49D006235F
:10851800C4F8E0330023C4F8A8330323C4E9F153B3
:10852800D4F8B833D4F8BC23EB1A9342D4E9160133
:1085380028BF1346C4F8C03304F50963C3E9000132
:1085480094F8CD3843B1D4F8C4382BB12B44C4F8CF
:10855800C038012384F8C8380023A4F8CC38C4F8FC
:10856800A83384F8C4320023C4F8AC322378092B2A
:108578004FF009031CBF6770A67023702946204678
:10858800BDE8F840FFF7AABED4F810245AB9032270
:10859800C4F80C24002BD3D0D4F8E033002BB9D185
:1085A800B5E70723B4E70422C4F80C24002BC7D08E
:1085B800F2E700BFF0B52DED028B83B000260D4623
:1085C8004FF0807300210446026F80F8D46880F869
:1085D800D268C0F8B068C0F8CA38C0F8CE68C0F829
:1085E8007C58C0F8A858C0F8AC5801AB0191416E4E
:1085F80000F50670FEF794FF9DED018A94ED927ADE
:10860800D4F87838D4EDA47AB4EEC78AF1EE10FA2B
:1086180003F10103B8BF3246FCEEE77AA8BF012296
:10862800012B38BF012304F6B40104F6B80081ED2C
:10863800008A80ED008AC4F8783817EE903A3146FF
:1086480004F5A56684F8C928C4F8C4384FF426721E
:1086580004F53270376805F04EFBD4ED1E7A3760AA
:10866800F8EEE77A04F5A663B4EEE78AF1EE10FABD
:1086780083ED008A04DB0123C4F81034C4F81454D1
:10868800D4ED1C7AD4E91821F8EEE77A04F21453F1
:10869800C4E9DF12C4F80813A16DC3ED007AE36DD5
:1086A800C4F8DC320C23C4F8E012C4F8E4222370C6
:1086B8002946204603F046F840B12378092B0CBF21
:1086C8000720002003B0BDEC028BF0BD2B460A2228
:1086D80006212046FFF7FEFEEFE700BF90F8CD2801
:1086E800002A47D030B5D0F8A83383B004460BB978
:1086F80003B030BD002201928DF80320D0F8740831
:108708000DF1030301AA0D46FCF73EFC98BB019B43
:10871800002B03DDD4F8CC239A4237D307EE903AE6
:108728009DF80330F8EEE77AC4EDB07A002BDFD07D
:10873800D4F8A8330122C4F8E023002BD8D0D4E918
:10874800EE30EB1A834294ED166B28BF03460021E6
:10875800C4F8A813C4F8C033022004F5096104F270
:108768003453C4E9F15081ED006BC3ED007AC4F8CD
:10877800FC23BDE770470823C4F8E0330D222B46DD
:1087880006212046FFF7A6FE03B030BDC4F8CC335F
:10879800FCF764F9C28C019BC4F8E823BEE700BF6C
:1087A80008B1FFF797BE704700283DD070B50D4659
:1087B8001646002140F6D802044605F09CFA8DB30F
:1087C8004C22294604F1080005F0C2FA17494C2248
:1087D800284605F067FA28BB154B1B68A3F101036F
:1087E800B3FA83F35B0904F5DA7584F89530114917
:1087F8006422284605F0ACFA0F49842204F5067075
:1088080005F0A6FA0123C4F86C382846FFF7D2F819
:10881800C4F87008FBF76CFE31462046BDE870408E
:10882800FFF75CBD0023DEE7704700BF04E30008E4
:10883800A0E30008F0E500086CE5000848B370B54F
:108848000378044663B9154611B190F8953043B9D9
:1088580001222B4620461146BDE87040FFF73ABE7C
:1088680070BD00F5DA7100F50670FEF779FF002893
:10887800EED0FCF7B9F80028EAD0FCF7C5F80028D4
:10888800E6D00123237029462046BDE87040FFF753
:1088980025BD70470346A8B190F8D30890B193F866
:1088A800740078B193F8750060B1D3ED7C7A1B6ED3
:1088B800FCEEE77AC91A17EE900A81428CBF0020B5
:1088C80001207047704700BFF0B583B0B0B1A9B1BF
:1088D8000B78013B15460446092B06D8DFE803F060
:1088E8001205051263055705055E06262046E67043
:1088F8002946FFF7F3FC304603B0F0BD01263046A9
:1089080003B0F0BD294602F017FAD4F80C2400236E
:1089180084F8CC38A4F8B13112B90123C4F80C3466
:10892800D4F8A833B3B1D4E9EE320521C4F8E01382
:108938000021C4F8A8130321EB1AC4E9F151D4E9C2
:108948001601934228BF134604F50962C4F8C033E0
:10895800C2E9000194F8CD3813B1D4F8C43893BBF8
:108968000023002284F8CD38C4F8A83384F8C43230
:10897800C4F8AC2284F8D438FBF7BAFD00283AD101
:108988002378092B01D0012323700026AEE70023AA
:10899800A0F8B13180F894300226A7E70378012BBC
:1089A80018D00326A2E70378092BF5D1FCF71CF8A9
:1089B8000028F1D0FCF728F80028EDD00122002388
:1089C8002280A370E1E72B440122C4F8C03884F860
:1089D800C828C5E7B0F8CC38002BE2D190F8C838E1
:1089E80023B1D0F8C038EB1A002B3BDB94F8943055
:1089F8004BB904267AE72B460A2206212046FFF7C0
:108A080069FD072672E72946204602F097FA0028F2
:108A1800EFD094F8B231002BEBD094F8B131002BA1
:108A2800E7D004F5067604F5DA7739463046FEF7DE
:108A380097FE0028DDD0FBF7E7FF0028D9D0FBF729
:108A4800D3FF0028D5D0FCF709F890F82930002B7F
:108A5800CFD10023019394F8D3383BB90123C4F84C
:108A68009033C6E70C23C0F89033C2E7226F616EDB
:108A780001AB3046FEF754FD0028EFD0D4ED1E7A46
:108A88009DED010A3046F8EEE70A394604F5A5627D
:108A9800FEF7BAFE0646C4F890030028A9D10123C0
:108AA800A4F8B10184F8CC38C4F8A45884F8D408E0
:108AB8001CE700BFA8B390F8C83870B50D46044647
:108AC80043B994F8CC388BB929462046BDE87040A4
:108AD80002F080BAD0F8C038CB1A002BA4BF00230C
:108AE80080F8C83894F8CC38002BEDD0FBF77CFF21
:108AF80038B92B4620460A22BDE870400621FFF708
:108B0800E9BCFBF781FF0028F3D0FBF7A7FF90F83B
:108B18002830002BEDD1D4F8A438EB1AF92B01D862
:108B280070BD704702222B4620461146BDE87040B2
:108B3800FFF7D0BC002800F0C5802DE9F0472DEDE7
:108B4800048B0D46B2B0002900F0A8800B7F1646B2
:108B58000446002B00F0A7804B7F002B00F0A38079
:108B68008B69002BC0F29F80CA68B2F5803F80F005
:108B78009A80934240F0978090F8D338002B40F0C9
:108B8800CE8031462046FFF795FFAE46BEE80F007F
:108B980004F1580C94F8CD8894F8CC78ACE80F0020
:108BA8009EE80F004FF001098CE80F0084F8D39875
:108BB800B8F1000F40F0878000230A93002F00F0DF
:108BC800A58094F87430D5ED036A002B40F08F81AE
:108BD800F8EE667A94ED8A7AF4EEC77AF1EE10FA36
:108BE80080F2D28094ED876AB7EE007AB4EE476AD5
:108BF800F1EE10FA0DD1D4ED8B5A94ED8C7A94EDF8
:108C0800906AA7EEA57AB4EEC67AF1EE10FA80F271
:108C1800BB8004F50677AA6916EE901A0AAB3846A7
:108C2800FEF77EFC00283ED0D4F8C833012B40F272
:108C3800D280D4F8D833002B40F0CD8094F8D338C4
:108C4800002B00F0C88094F87430002B00F0888561
:108C580094F8752052B1D4ED7C7A216EFCEEE77A57
:108C6800711A17EE900A814240F2958094F8CD1857
:108C7800002900F07A859C46002A40F0528194F839
:108C8800CC18002940F0E280BCF1000F40F0878149
:108C98000222334611462046FFF71CFC32B0BDECD9
:108CA800048BBDE8F087B4F8CC38002BF6D03346F7
:108CB800032202212046FFF70DFC32B0BDEC048BE5
:108CC800BDE8F087704794F87430002B00F0E58019
:108CD80094F87530002B00F01381D4ED7C7A216E66
:108CE800BCEEE77A721A17EE103A9A4209D8EB6886
:108CF800D4F87C23934204D9C4F87C33AB68C4F815
:108D0800803300230A93002F40F0CF80314620465D
:108D180002F0FCF931462046FFF7E0FABEE7D0E959
:108D28001623D1E90001FEF7DDFC002875D094F880
:108D3800D338002B3FF425AFAB68226E9B1A002B6B
:108D48005BDB0CD0D4F868230AB19A4201D9C4F885
:108D58006833D4F86C239A4238BFC4F86C33D5E929
:108D68000032A16D013B42F1FF325B1AE16D62EB0B
:108D78000102002A4FF0FF31D4F84C2318BF0B46EC
:108D88001A44C4F84C23FCE633460022032120464B
:108D9800FFF7A0FB82E704F50963D3E90023D5E9CF
:108DA8000001FEF79FFCB0B1AA68D4F8C433D31A07
:108DB800002B10DBD5E9003104F23C50DDF828C067
:108DC800C0F800C0C4F808340123C4F8D423C4F898
:108DD8000414C4F8D83394F8CD386BB394F8D33866
:108DE800002B40F0938094F8CC38002B3FF450AF20
:108DF80031462046FFF772FA50E7B4F8CC38002B1A
:108E08003FF44CAF334604220221204632B0BDEC79
:108E1800048BBDE8F047FFF75DBBB4F8CC38002BF6
:108E28003FF43CAFD5E90002D4E916139A4208BFD3
:108E380088423FF433AFE5E794F8CC38002BD7D01D
:108E480094F8D338002BD3D094F87430002BCFD0BB
:108E580094F87520002ACBD0D4ED7C7A236EFCEEF2
:108E6800E77AF31A17EE902A9342C1D8AB68D4F880
:108E7800A4289B1A002BBBDB2378012B06D194F87E
:108E880094301BB1A36F002B00F36585334609228C
:108E980006212046FFF71EFBAAE700230A93002FAE
:108EA8003FF434AFD5ED036A92E6D5ED036AFCEEE4
:108EB800E77A711A17EE903A99423FF689AEAB6895
:108EC800D4F8A4289B1A002BFFF682AEA36F40F6B5
:108ED800B83293427FF47CAE16EE902A9A427FF421
:108EE80077AE31462046FFF765FBE07080E794F8DF
:108EF8007530002B3FF46CAE216ED4ED7C7AD6E74A
:108F080000230A93002F3FF401AFCBE794F87430A5
:108F1800002B3FF468AF94F875209446002A3FF47C
:108F280062AFD4ED7C7A216EBCEEE77A701A17EE48
:108F3800103A98420CD9FCEEE77A711A17EE903A7B
:108F4800994294F8CC0819D900283FF49DAE81E7DE
:108F5800D4F81034002BEED194ED1E7ADDED0A6AB8
:108F6800B8EEC77AB4EEE67AF1EE10FAE3D8AB6859
:108F7800C4F814340123C4F81034DCE704F5A663FC
:108F8800DDED0A7A93ED007AB4EEE77AF1EE10FAA5
:108F980040F12F83C3ED007A00287FF45BAF002AED
:108FA8003FF476AED4ED7C7A236EFCEEE77AF31AC2
:108FB80017EE902A93423FF66BAE94F8CE389BB1E9
:108FC800D4F8283383B994ED927ADDED0A7AB4EEB9
:108FD800E77AF1EE10FA07D8EA68C4F834230123D7
:108FE800C4F8283384F8C938D4F8FC33002B40F08F
:108FF800CC82D4F8A833002B00F0858004F5A76351
:10900800D3ED006ADDED0A7A04F5A86393ED007AE2
:10901800F4EEC77AF1EE10FAC8BFC3ED007A04F295
:10902800445393ED007A77EEE66AF4EEC77A94ED4E
:10903800A67AF1EE10FAB4EEE67AC8BFC3ED007A6C
:10904800F1EE10FA40F2F58394ED1E7A94ED986AE9
:10905800B8EEC77A37EE677AB4EEC67AF1EE10FA50
:1090680040F2788394EDA77A77EE677AF5EEC07AC6
:10907800F1EE10FA40F26E8323780E2B00F06A832B
:10908800D4EDA57AF4EEE76AF1EE10FAC0F2728236
:10909800D4F8BC88FBF7E2FC4368434538BF9846E0
:1090A8000223D4F87408C4F8E03342463146FBF78B
:1090B80097FD002840F0E38307EE908AD4F8A823B0
:1090C800F8EEE77A002A00F0CF830223C4E9F163BF
:1090D800D4F8B833D4F8BC23C4F8A803F31A9342DD
:1090E800D4E9168928BF1346C4F8C03304F23452B1
:1090F80004F509630121C3E90089C2ED007AC4F8C7
:10910800FC13C4EDB07A94F8CD38002B3FF4C6AD0B
:1091180094F8CE38AA68002B00F06F82D4ED7A7AE2
:10912800D4F88438FCEEE77AA2EB030817EE903AFD
:109138009845C0F0AF83EB68D5ED067AC4F80833DC
:10914800D5E90031F8EEE77AC4F8DC1204F21451DC
:10915800C1ED007A04F5DA79C4E9B83264224946E7
:109168000DEB020004F0F4FD07EE908A9FED567AAD
:109178009DED0A0AF8EE677A494627EE878AD4ED0C
:109188001E7A04F52779F8EEE78AF0EE480A0CAA69
:10919800484678EEC08AFEF705FE002800F067838F
:1091A800DDED167AD4F8A833FDEEE77A17EE90AA2B
:1091B800002B00F0EC82DDED107AF5EEC07AF1EECE
:1091C80010FA40F2168494F8CB88B8F1000F00F03A
:1091D800E482D4F874083146FBF79AFEB0F1000A2D
:1091E800C0F2458307EE10AADDED167ADDED156AAB
:1091F800189BB8EEC77A43F0100377EE677A8DEDC7
:10920800167A36EEA77A1893D4F85432CDED147A3C
:109218008DED157A20934FF00008D4ED846A94ED13
:109228007C7AD4ED7D7ACDF814A0FCEEE66ABCEE2B
:10923800C77AFCEEE77A0196CDED046A8DED037AE4
:10924800CDED027AAB6800930DF1270307930BABC2
:109258000693D5E90023D4F87408FBF78DFF00289E
:1092680040F01E839DF827301BB1189B43F0040380
:10927800189307EE90AAF8EEE79ADDED167AF4EE69
:10928800679AF1EE10FA03D0189B43F0080318937D
:109298000B9B0CAA19A94846FEF73EFF002800F0D0
:1092A800E682D4F8A8330B99002B00F060810029DE
:1092B80004DDD4F8CC338B42C0F04881B8F1000FFC
:1092C80000F0558102E000BF6F12833A0023C4F812
:1092D800A8330223C4E9F163D4F8B833D4F8BC2323
:1092E800F31A07EE901A9342D4E9168928BF134659
:1092F800F8EEE77AC4F8C03304F2345204F509638F
:109308000120C3E90089C2ED007AC4F8FC03D5E95D
:109318000089D4F8EC22AF68C4F884789DED0F9AE0
:109328009DED0D5ADDED0E5ADDED107A9DED116AB9
:10933800DDED126A9DED137ADDF850A0DDF854E0FA
:10934800DDF858C0179843E90289013204F2DC437A
:10935800C4F8EC22C4F8D86283ED008A04F59C6353
:1093680083ED009A04F59D6383ED005A04F2EC4303
:10937800C3ED005A04F59E63C3ED007A04F2F4438A
:1093880083ED006A04F59F63C3ED006A04F2FC43B1
:1093980083ED007A04F5A06307EE101AC3F800A065
:1093A80004F20453B8EEC77AC3F800E004F5A163E9
:1093B80083ED007A04F5A363C3ED009A04F21C530D
:1093C800C3F800C004F20C531860189A94EDAF8AE1
:1093D800D4EDAE9AC4F80C23B4EEE98AF1EE10FA93
:1093E80002F00102C0F26C8294ED827AF0EEE77A24
:1093F800F4EEC77AF1EE10FACCBF01230023184629
:10940800002A00F0558294F8D0580DB9C4F898682D
:10941800002840F0588284F8D138D4F89838F31AE4
:10942800C4F84433012384F8D0384FF000080029E9
:10943800C4F8488340F30882D4ED7F7AF4EEE87AE2
:10944800F1EE10FA40F1008294F8CA3853B904F6E4
:10945800B4010A9BC4F8A868C4F8AC680B6004F6A9
:10946800B8010B60D4ED9D7AD4F8A818FCEEE77A21
:10947800012384F8CA3817EE903A711A994218D322
:1094880004F6B401D1ED007A9DED0A7AD4ED9E6A16
:1094980077EE677A04F22C50F4EEE67AF1EE10FAE1
:1094A800C0ED007AA4BFC4F8AC6881ED007AC4F8B6
:1094B800A868D4F8AC78F71BBB42C4F8987340F29C
:1094C800968204F6B803DDED0A7AD3ED006A94EDCE
:1094D8009E7A77EEE67AF4EEC77AF1EE10FAC0F2E9
:1094E8008682002A0CBF03250125B4EEE98AF1EE35
:1094F80010FAACBF01230023C4F89C33D4ED9F0AB3
:1095080094ED810AC4F8945304F07AFCBCEEC00AC6
:1095180010EE103ABB4240F26282B4EEE98AF1EEF4
:1095280010FAC0F20582D4ED837AFCEEE77A17EEE2
:10953800903A434500F2DC81EB0700F1D9813346CC
:10954800112205212046FEF7C5FF51E4C4F8CC13CB
:10955800FBF784FAC38CC4F8E833B8F1000F00F0C5
:10956800C782D4F8A8330B99002B7FF4AFAE04F56B
:109578000963CCE6D4F8F033F31A002BFFF6C3AD39
:1095880031462046FFF7AAF8BDE504F50963D3E99B
:109598000023D5E90001FEF7A5F800283FF428AC20
:1095A800AB68D4F8C4239B1A002BFFF621AC04F255
:1095B800445393ED007ADDED0A7AB4EEE77AF1EEE2
:1095C80010FA48BFC3ED007A0023C4F8FC3304F551
:1095D800A763D3ED006A94EDA67A77EEE67AF4EE07
:1095E800C77AF1EE10FA80F2C7800123C4F800347C
:1095F800FFE400283FF4D3AC2CE4EB68D5ED067A01
:10960800D4ED926AC4F808339DED0A7AD5E90031A1
:10961800F8EEE77AF4EEC76AC4F8DC12F1EE10FA55
:1096280004F21451C1ED007AC4E9B8323FF6E0AB58
:10963800FAF75EFF002840F00F81D4E918310122C3
:10964800C4E9CC3184F8CE28C4F88038C4F8903006
:10965800226F0CAB3846FDF763FF002800F0FC8052
:10966800D4ED927A9DED0C0AF4EEC07AF1EE10FA80
:10967800D4ED1E7A94BF01230023F8EEE70AC4F85C
:10968800283304F5DA7104F52770FEF7E3FA0028A9
:1096980000F0E28004F67400FBF7F0F905460028B4
:1096A80040F0DA80D4ED800A94ED9A0A04F0A8FB21
:1096B800F0EE400A94ED990A04F0A2FBD4ED747A16
:1096C800D4F87408BCEEC07AFDEEE77A17EE102ADB
:1096D80017EE903A3146FBF7D3F9002800F0BC802A
:1096E800D4ED846A94ED7C7AD4ED7D7A0595FCEE10
:1096F800E66A0BAB0793CDED046ABCEEC77AFCEEC5
:10970800E77A216E8DED037ACDED027AD4E916233E
:10971800CDE9001619A9D4F874080691FBF72CFDB9
:10972800002840F09980D4E9168904F50963D4F833
:10973800A422206ED4F89C1243E9028904F59C63A4
:10974800C4F884081A6004F59D630D22196022701C
:10975800FFF74EBBFBF782F94FF000080323A0E4A4
:1097680094F8CD28002A7FF43EAB94F8CC28002A40
:109778003FF43EABFFF76ABB0223C4F8003414225F
:10978800334605212046FEF7A5FEFFF787BA94F871
:10979800CB88B8F1000F7FF43EAD3846FDF742FFA5
:1097A800002800F0A38094F8C938002B00F09E81AF
:1097B800D4F82833002B00F09981D4ED987AF4EE90
:1097C800E87AF1EE10FA80F2978194F8CF38002BFE
:1097D80040F09681DDED107AF5EEC07AF1EE10FAE0
:1097E80040F28C81D4EDB07AF5EEC07AF1EE10FA41
:1097F80000F18481D4ED967A94ED977AD4F8B03359
:10980800FCEEE77ABCEEC77A17EE902A17EE101A2C
:1098180013448B4240F2FF800623C4F8DC33D4F8AB
:10982800A833002B3FF4F9ACB8F1000F7FF4F5AC86
:10983800CFE40423C4F8E03313223346052120463D
:10984800FEF748FEFFF72ABA00231D4684F8CA38F7
:10985800C4F898331F4648E633460A2206212046B4
:10986800FEF738FEFFF7C4BAC4EDB07A4BE43346CE
:10987800122207212046FEF72DFEFFF70FBA082314
:10988800C4F8E0330D22334606212046FEF722FEB7
:10989800FFF704BA31462046FEF720FFFFF7FEB96E
:1098A80033460A2206212046FEF714FEFFF7F6B9D2
:1098B80048B984F8D02884F8D138C4F84423B4E5EA
:1098C800002318469CE594F8D10808B9C4F89C68A8
:1098D80084F8D02884F8D138002A7CD11346C4F8FB
:1098E8004433D4F89C38A6EB0308A0E5022394E798
:1098F800D4ED1E7A94ED7E7AF8EEE77A77EEC97A9F
:10990800F0EEE77AB4EEE77AF1EE10FA18DB237896
:109918000E2B18BFC4F8B068D4F8B0380E21012255
:10992800F31A217084F8CF28C4F8A033FFF760BA7F
:10993800D4ED1E7AF8EEE77A77EEC97AF0EEE77A98
:1099480023780E2B00F0C9800D2200232270C4F862
:10995800A033FFF74DBAD4ED877A07EE103AF5EE4B
:10996800407AF1EE10FA14BF01210021B8EEC70ABF
:109978003846FDF71BFD00287FF488AA04F5DA7540
:1099880029463846FDF7ECFE00283FF47FAAFBF78E
:109998003BF800283FF47AAAFBF726F800283FF4A2
:1099A80075AAFBF75BF890F82930002B7FF46EAAB4
:1099B800D4ED1E7A9DED0A0AF8EEE70A29463846E4
:1099C80004F5A562FDF720FFC4F8900300287FF492
:1099D8005DAAFFF786BAD4F89838F31A7FE73346BA
:1099E800102205212046FEF775FDFFF701BA022572
:1099F8007BE50323D4F87408C4F8E033FBF7D0F808
:109A0800804600283FF44CAF94F8CB38002B3FF445
:109A1800C4AE984601E4C4F8B0330123D4F87408FE
:109A2800C4F8BCA8C4F8DC3384F8CB383146FBF75B
:109A38006BF800283FF434AFD4ED957AD4EDA36ADF
:109A480094EDA27ACDF804A0FDEEE77A3146CDED8B
:109A5800007AFCEEE67AD4F8740817EE903AFCEE39
:109A6800C77A17EE902AFBF7CFF900283FF418AF12
:109A7800FAF7F4FFD4ED966AC269C4F8AC2301235F
:109A88008269C4F8B823FCEEE66A026AA868C4F8DA
:109A9800A833C4F8C83304F5A7630A9994ED957AF6
:109AA800D4EDA27AC4EDEF6A196004F5A863BCEEA0
:109AB800C77A1960FCEEE77A04F244531960C4F8D7
:109AC800D00384EDF97AC4EDFB7AC4F8F023B8F139
:109AD800000F7FF4A2ABFFF77CBB94ED7F7AB4EE66
:109AE800E77AF1EE10FA7FF583A92DE7032394E6D0
:109AF8000B9904F509630AE404238EE605238CE632
:109B080008238AE670B138B590F8CD38044603B911
:109B180038BD0D4601F042FA29462046BDE83840D6
:109B2800FEF7DCBB704700BF70B138B50D46044680
:109B3800FEF7C0FF2946204601F030FA29462046A4
:109B4800BDE83840FEF7CABB704700BF05281CD0E7
:109B5800062801D000207047A1F58073042B12D984
:109B6800A1F58873312B0ED9A1F5A063012B0AD971
:109B7800A1F5A463042B06D9A1F5A26109298CBF1C
:109B880000200120704701207047103901298CBF3F
:109B980000200120704700BF002877D02DE9F04F42
:109BA8000529ADF55B7D0D4616461F465BD0062997
:109BB80004D006200DF55B7DBDE8F08FA2F580731B
:109BC800042B04463ED9A2F58873312B0BD9A2F594
:109BD800A063012B07D9A2F5A463042B03D9A2F52E
:109BE800A263092BE5D82578012D37D1B4F8CC38F4
:109BF800A3BBFAF7F9FE88B3FAF730FF90F82830DC
:109C080063BBB6F5A06F84F8B23141D0A6F5A26166
:109C18008AB2092A40F20F8640F20152964200F0B9
:109C28002D86A6F5A4618BB2032B00F2B28694F8B8
:109C3800B131002B40F013860023A4F8B03184F82A
:109C4800943006E0B2F5817FCDD14DF201139F42E9
:109C58002CD001200DF55B7DBDE8F08F03200DF5BC
:109C68005B7DBDE8F08FA2F11003012BA1D8B7F5F9
:109C78007F4FEED1102A08BF0A250023E49A8DF8F9
:109C8800E452B9A9BA93FEF71FFE93E7062070477E
:109C98004BF201529742CFD1C4F8A031A4F8A431B5
:109CA800A4F8B05184F89430002083E7EFF31083D0
:109CB8009B9372B6BFF35F8FD4E9BC230193D4F8AA
:109CC800F8320293D4F8FC320393D4F800330493A7
:109CD800D4F804330593D4F808330693D4F80C3336
:109CE8000793D4F810330893D4F814330993D4F8AD
:109CF80018330A93D4F81C33D0E9B2A9D0E9B48E4A
:109D0800D0E9B6C7D0E9B865D0E9BA010B93D4F861
:109D180020330C93D4F824330D93D4F828330E93BE
:109D2800D4F82C330F93D4F830331093D4F8343359
:109D38001193D4F838331293D4F83C331393D4F8EE
:109D480040331493D4F844331593D4F84833169316
:109D5800D4F84C331793D4F850331893D4F85433B9
:109D68001993D4F858331A93D4F85C331B93D4F866
:109D780060331C93D4F864331D93D4F868331E936E
:109D8800D4F86C331F93D4F870332093D4F8743319
:109D98002193D4F878332293D4F87C332393D4F8DE
:109DA80080332493D4F884332593D4F888332693C6
:109DB800D4F88C332793D4F890332893D4F8943379
:109DC8002993D4F898332A93D4F89C332B93D4F856
:109DD800A0332C93D4F8A4332D93D4F8A8332E931E
:109DE800D4F8AC332F93D4F8B0333093D4F8B433D9
:109DF8003193D4F8B8333293D4F8BC333393D4F8CE
:109E0800C0333493D4F8C4333593D4F8C833369375
:109E1800D4F8CC333793D4F8D0333893D4F8D43338
:109E28003993D4F8D8333A93D4F8DC333B93D4F845
:109E3800E0333C93D4F8E4333D93D4F8E8333E93CD
:109E4800D4F8EC333F93D4F8F0334093D4F8F43398
:109E58004193D4F8F8334293D4F8FC334393D4F8BD
:109E680000344493D4F804344593D4F80834469322
:109E7800D4F80C344793D4F810344893D4F81434F5
:109E88004993D4F818344A93D4F81C344B93D4F833
:109E980020344C93D4F824344D93D4F828344E937A
:109EA800D4F82C344F93D4F830345093D4F8343455
:109EB8005193D4F838345293D4F83C345393D4F8AB
:109EC80040345493D4F844345593D4F848345693D2
:109ED800D4F84C345793D4F850345893D4F85434B5
:109EE8005993D4F858345A93D4F85C345B93D4F823
:109EF80060345C93D4F864345D93D4F868345E932A
:109F0800D4F86C345F93D4F870346093D4F8743414
:109F18006193D4F878346293D4F87C346393D4F89A
:109F280080346493D4F884346593D4F88834669381
:109F3800D4F88C346793D4F890346893D4F8943474
:109F48006993D4F898346A93D4F89C346B93D4F812
:109F5800A0346C93D4F8A4346D93D4F8A8346E93D9
:109F6800D4F8AC346F93D4F8B0347093D4F8B434D4
:109F78007193D4F8B8347293D4F8BC347393D4F88A
:109F8800C0347493D4F8C4347593D4F8C834769331
:109F9800D4F8CC347793D4F8D0347893D4F8D43434
:109FA8007993D4F8D8347A93D4F8DC347B93D4F802
:109FB800E0347C93D4F8E4347D93D4F8E8347E9389
:109FC800D4F8EC347F93D4F8F0348093D4F8F43494
:109FD8008193D4F8F8348293D4F8FC348393D4F87A
:109FE80000358493D4F804358593D4F808358693DE
:109FF800D4F80C358793D4F810358893D4F81435F1
:10A008008993D4F818358A93D4F81C358B93D4F8EF
:10A0180020358C93D4F824358D93D4F828358E9335
:10A02800D4F82C358F93D4F830359093D4F8343550
:10A038009193D4F838359293D4F83C359393D4F867
:10A0480040359493D4F844359593D4F8483596938D
:10A05800D4F84C359793D4F850359893D4F85435B0
:10A068009993D4F85835D4F85CB59A93BFF35F8FB9
:10A078009B9B83F31088019BA4F88E351B0CA4F8D6
:10A088008C35029BA4F892351B0CA4F89035039BE1
:10A09800A4F896351B0CA4F89435049BA4F862A583
:10A0A800A4F86695A4F86A85A4F86EE5A4F872C5C4
:10A0B800A4F87675A4F87A65A4F87E55A4F8820504
:10A0C800A4F88615A4F88A25090C120C4FEA1A4A36
:10A0D8004FEA19494FEA18484FEA1E4E4FEA1C4CFE
:10A0E8003F0C360C2D0C000CA4F88415A4F8882518
:10A0F800A4F860A5A4F86495A4F86885A4F86CE5AC
:10A10800A4F870C5A4F87475A4F87865A4F87C550B
:10A11800A4F88005A4F89A351B0CA4F89835059B7B
:10A12800069AA4F89E351B0CA4F89C35130CA4F8C9
:10A13800A035079BA4F8A6351B0CA4F8A435089BEA
:10A14800A4F8AA351B0CA4F8A835099BA4F8AE35C9
:10A158001B0CA4F8AC350A9BA4F8B2351B0CA4F868
:10A16800B0350B9BA4F8B6351B0CA4F8B4350C9B82
:10A17800A4F8BA351B0CA4F8B8350D9BA4F8BE3565
:10A188001B0CA4F8BC350E9BA4F8C2351B0CA4F814
:10A19800C0350F9BA4F8A225A4F8C6351B0CA4F85B
:10A1A800C435109BA4F8CA351B0CA4F8C835119BFC
:10A1B800A4F8CE351B0CA4F8CC35129BA4F8D235E4
:10A1C8001B0CA4F8D035139BA4F8D6351B0CA4F8A7
:10A1D800D435149BA4F8DA351B0CA4F8D835159B94
:10A1E800169AA4F8DE351B0CA4F8DC35130CA4F879
:10A1F800E035179BA4F8E6351B0CA4F8E435189B4A
:10A20800A4F8EA351B0CA4F8E835199BA4F8EE3538
:10A218001B0CA4F8EC351A9BA4F8E225A4F8F23537
:10A228001B0CA4F8F0351B9BA4F8F6351B0CA4F8FE
:10A23800F4351C9BA4F8FA351B0CA4F8F8351D9BC3
:10A24800A4F8FE351B0CA4F8FC351E9BA4F80236B6
:10A258001B0CA4F800361F9BA4F806361B0CA4F8A8
:10A268000436209BA4F80A361B0CA4F80836219B58
:10A27800A4F80E361B0CA4F80C36229BA4F8123650
:10A288001B0CA4F81036239BA4F816361B0CA4F854
:10A298001436249BA4F81A361B0CA4F81836259BF0
:10A2A800A4F81E361B0CA4F81C36269B279AA4F883
:10A2B80022361B0CA4F82036130CA4F82436289B4D
:10A2C800A4F82A361B0CA4F82836299BA4F82E36A5
:10A2D8001B0CA4F82C362A9BA4F832361B0CA4F8C5
:10A2E80030362B9BA4F836361B0CA4F834362C9B3E
:10A2F800A4F83A361B0CA4F838362D9BA4F83E3641
:10A308001B0CA4F83C362E9BA4F842361B0CA4F870
:10A3180040362F9BA4F846361B0CA4F84436309BD5
:10A32800A4F82626A4F84A361B0CA4F84836319B14
:10A33800A4F84E361B0CA4F84C36329BA4F85236BF
:10A348001B0CA4F85036339BA4F856361B0CA4F803
:10A358005436349BA4F85A361B0CA4F85836359B4F
:10A36800A4F85E361B0CA4F85C36369B379AA4F822
:10A3780062361B0CA4F86036130CA4F86436389BBC
:10A38800A4F86A361B0CA4F86836399BA4F86E3614
:10A398001B0CA4F86C363A9BA4F872361B0CA4F874
:10A3A80070363B9BA4F86626A4F876361B0CA4F8F6
:10A3B80074363C9BA4F87A361B0CA4F878363D9B7F
:10A3C800A4F87E361B0CA4F87C363E9BA4F8823693
:10A3D8001B0CA4F880363F9BA4F886361B0CA4F807
:10A3E8008436409BA4F88A361B0CA4F88836419B17
:10A3F800A4F88E361B0CA4F88C36429BA4F892362F
:10A408001B0CA4F89036439BA4F896361B0CA4F8B2
:10A418009436449BA4F89A361B0CA4F89836459BAE
:10A42800A4F89E361B0CA4F89C36469BA4F8A236CA
:10A438001B0CA4F8A036479B489AA4F8A6361B0C18
:10A44800A4F8A436130CA4F8A836499BA4F8AE3691
:10A458001B0CA4F8AC364A9BA4F8B2361B0CA4F823
:10A46800B0364B9BA4F8B6361B0CA4F8B4364C9BFC
:10A47800A4F8BA361B0CA4F8B8364D9BA4F8BE361F
:10A488001B0CA4F8BC364E9BA4F8C2361B0CA4F8CF
:10A49800C0364F9BA4F8C6361B0CA4F8C436509B94
:10A4A800A4F8CA361B0CA4F8C836519BA4F8AA26EF
:10A4B800A4F8CE361B0CA4F8CC36529BA4F8D2369E
:10A4C8001B0CA4F8D036539BA4F8D6361B0CA4F862
:10A4D800D436549BA4F8DA361B0CA4F8D836559B0E
:10A4E800A4F8DE361B0CA4F8DC36569BA4F8E2363A
:10A4F8001B0CA4F8E036579B589AA4F8E6361B0CB8
:10A50800A4F8E436130CA4F8E836599BA4F8EE3600
:10A518001B0CA4F8EC365A9BA4F8F2361B0CA4F8D2
:10A52800F0365B9BA4F8F6361B0CA4F8F4365C9B5B
:10A53800A4F8EA26A4F8FA361B0CA4F8F8365D9BB2
:10A54800A4F8FE361B0CA4F8FC365E9BA4F8023770
:10A558001B0CA4F800375F9BA4F806371B0CA4F863
:10A568000437609BA4F80A371B0CA4F80837619BD2
:10A57800A4F80E371B0CA4F80C37629BA4F812370A
:10A588001B0CA4F81037639BA4F816371B0CA4F80F
:10A598001437649BA4F81A371B0CA4F81837659B6A
:10A5A800A4F81E371B0CA4F81C37669BA4F82237A6
:10A5B8001B0CA4F82037679BA4F826371B0CA4F8BB
:10A5C8002437689B699AA4F82A371B0CA4F8283703
:10A5D800130CA4F82C376A9BA4F832371B0CA4F888
:10A5E80030376B9BA4F836371B0CA4F834376C9BB8
:10A5F800A4F83A371B0CA4F838376D9BA4F83E37FB
:10A608001B0CA4F83C376E9BA4F842371B0CA4F82B
:10A6180040376F9BA4F846371B0CA4F84437709B4F
:10A62800A4F84A371B0CA4F84837719BA4F84E3796
:10A638001B0CA4F84C37729BA4F82E27A4F85237A9
:10A648001B0CA4F85037739BA4F856371B0CA4F8BE
:10A658005437749BA4F85A371B0CA4F85837759BC9
:10A66800A4F85E371B0CA4F85C37769BA4F8623715
:10A678001B0CA4F86037779BA4F866371B0CA4F86A
:10A688006437789B799AA4F86A371B0CA4F8683762
:10A69800130CA4F86C377A9BA4F872371B0CA4F837
:10A6A80070377B9BA4F876371B0CA4F874377C9B17
:10A6B800A4F87A371B0CA4F878377D9BA4F86E278A
:10A6C800A4F87E371B0CA4F87C377E9BA4F882374D
:10A6D8001B0CA4F880377F9BA4F886371B0CA4F8C2
:10A6E8008437809BA4F88A371B0CA4F88837819B91
:10A6F800A4F88E371B0CA4F88C37829BA4F89237E9
:10A708001B0CA4F89037839BA4F896371B0CA4F86D
:10A718009437849BA4F89A371B0CA4F89837859B28
:10A72800A4F89E371B0CA4F89C37869BA4F8A23784
:10A738001B0CA4F8A037879BA4F8A6371B0CA4F819
:10A74800A437889BA4F8AA371B0CA4F8A837899BC0
:10A758008A9AA4F8AE371B0CA4F8AC37130CA4F8EB
:10A76800B0378B9BA4F8B6371B0CA4F8B4378C9B76
:10A77800A4F8BA371B0CA4F8B8378D9BA4F8BE37D9
:10A788001B0CA4F8BC378E9BA4F8C2371B0CA4F88A
:10A79800C0378F9BA4F8C6371B0CA4F8C437909B0E
:10A7A800A4F8CA371B0CA4F8C837919BA4F8CE3775
:10A7B8001B0CA4F8CC37929BA4F8D2371B0CA4F836
:10A7C800D037939BA4F8B227A4F8D6371B0CA4F86B
:10A7D800D437949BA4F8DA371B0CA4F8D837959B88
:10A7E800A4F8DE371B0CA4F8DC37969BA4F8E237F4
:10A7F8001B0CA4F8E037979BA4F8E6371B0CA4F8C9
:10A80800E437989B999A9A99A4F8EA371B0CA4F80C
:10A81800E837130CA4F8EC370B0CA4F8F0374FEA20
:10A828001B43A4F8EE27A4F8F217A4F8F437A4F809
:10A83800F6B7FFF739BA94F8B031002B3FF4FCA90A
:10A8480005FA01F3A6F2EC42B4F8A01104EB4202B7
:10A858000B43A2F83C71A4F8A031FFF725BA05FA1A
:10A8680001F3A6F59E62B4F8A41104EB42020B436F
:10A87800A2F83871A4F8A431FFF716BA4CF20152C5
:10A8880097427FF4D9A994F8B021002A3FF4D4A9BB
:10A89800B4F8A01184F8B03140F2FF3291427FF44D
:10A8A800CBA9D4F8A821531C3FF4C6A9B4F8840155
:10A8B800B4F88631B4F8881143EA00439D93B4F89C
:10A8C8008A31B4F88C0143EA01439E93B4F88E317F
:10A8D800B4F8901143EA00439F93B4F8923143EAE5
:10A8E80001439A427FF4A8A99DAD2846B4F8947113
:10A8F800B4F89661FCF762F800283FF49DA9284651
:10A90800FCF79EF846EA074686427FF495A95A491D
:10A918008422B9A803F01CFA58496422A0A803F0BD
:10A9280017FA9DED9E0AFCF737F807EE900AF8EE45
:10A93800E77A9DED9F0ACDEDC87AFCF72DF807EE72
:10A94800900AF8EEE77AA0A9B9A8CDEDC67ACDEDC0
:10A95800A77AFCF705FF00283FF46EA9EFF31089EA
:10A9680072B6BFF35F8F94F80080B8F1010F0AD177
:10A97800B4F8CC383BB9FAF737F820B1FAF76EF8E3
:10A9880090F82870DFB3BFF35F8F89F31088FFF763
:10A9980053B940F224539E427FF44EA94AF2015320
:10A9A8009F427FF449A994F8B131002B3FF444A9A0
:10A9B800B4F8A22140F6FF739A427FF43DA9B4F897
:10A9C800A4310F2B7FF438A9B4F89811B4F89A3150
:10A9D800D4F8A82143EA014393427FF42DA9B4F89F
:10A9E8009C11B4F89E31D4F8AC2143EA0143934258
:10A9F8007FF422A9012384F8B231FFF755B995E80D
:10AA08000700D4F8A83104F5BC7C01338CE80700B2
:10AA1800C4E96A36B9A9842204F5067003F098F9E6
:10AA2800A0A9642204F5DA7003F092F9A0A8FCF753
:10AA3800C1FFDDED9D7AD4F8A831C4F87008FDEEA9
:10AA4800E77A013384F89480C4F86C38C4F8A271AA
:10AA5800C4ED1E7A84F8B1812C22394604F527709A
:10AA680003F049F9BFF35F8F89F31088E499204612
:10AA7800FFF75AF8FFF718B96CE50008F0E5000889
:10AA880030B5044683B0D0B1CBB1D9B1B2F5C06FFF
:10AA980027D2B2F5A86F80F08C80B2F5806F37D2DC
:10AAA800B2F5C07F80F0A180B2F5827F6BD040F212
:10AAB80003118A426FD0A2F58871312936D9002056
:10AAC80003B030BDA2F50071B1F5A67F18D3A2F589
:10AAD8008072072AF3D8DFE802F0524A47433F3B27
:10AAE800373340F259618A42E9D851105548A1F5E7
:10AAF8004071D40750F8211016D40A0C1A8004E0CB
:10AB080000EB4202B2F860211A80012003B030BD88
:10AB180040F2C5418A42D2D851104B48A1F5007184
:10AB2800D40750F82110E8D50A46E7E751088839D4
:10AB380000EB8101D207D1F8B411DED50A46DDE772
:10AB4800D0F870281A80E0E7B0F872281A80DCE79D
:10AB5800D0F86C281A80D8E7B0F86E281A80D4E7A5
:10AB68004FF4A6721A80D0E732221A80CDE70193FB
:10AB7800F9F774FF019B90F829201A80C5E74FF276
:10AB88000D121A80C1E7D0ED867AFCEEE77A17EE4F
:10AB9800902A1A80B9E7D0ED877AF5EE407AF1EE7F
:10ABA80010FA3DD090F89420002AA7D0B0F8782069
:10ABB800A4E740F24B518A4281D8A2F5A865052D39
:10ABC80022D85208A2F5287200EB8202E807D2F8D0
:10ABD800782100D4120C92B21A80B4F8A221012371
:10ABE800AB401343A4F8A2318FE7B2F5E17FBFF47D
:10ABF80066AF5108C03900EB8101D007D1F81812AF
:10AC08007FF57BAF0A4679E7062D0BD0072D11D0CB
:10AC1800D0E96A12092D98BF0A46E907DBD4D9E7BB
:10AC280000226BE790ED5F0A0193FBF7B5FE019BED
:10AC380082B2D1E790ED600A0193FBF7ADFE019B6C
:10AC480082B2C9E754E60008E0E30008004870470C
:10AC58000D6C2EF870B590F8CD38D0F844212DED54
:10AC6800028B04460D46B0EE408AC0F844111BB171
:10AC780090F87731002B40D0F9F73AFC00284FD1F3
:10AC8800A26F216E40F6B835AA4214BF06220522EB
:10AC980004F5A660D0ED007AC4F80C244FF4807552
:10ACA80004F254520023C4F81414A4F8CC58012117
:10ACB800042584F87711C4F81014C4F83C5104F53D
:10ACC800AB61136004F5A3620B60136004F21C51BE
:10ACD80004F5A162F4EEC87A0B60F1EE10FA136085
:10ACE800C4F8C032C4F8AC324FF0100348BF80ED4E
:10ACF800008A2370BDEC028B70BDD0F83C31012B6B
:10AD0800BAD00C49D0F84031496D8B42B4D2AA1A56
:10AD1800C91A8A4294BF9B185B18C0F84031ABE748
:10AD2800BDEC028B2B4620460A22BDE87040062166
:10AD3800FDF736BD54E6000890F8CD38D0F8442128
:10AD4800C0F8441103B9704790F87731002BFAD155
:10AD5800D0F83C31012BF6D010B4084CD0F8403173
:10AD6800646DA34207D2891AE41AA14294BF5B1802
:10AD78001B19C0F840315DF8044B704754E60008D1
:10AD88002DE9F0439DB0044601A80E46FAF73AFCB7
:10AD98000123C4F82034099D069FDDE90489FFF7E3
:10ADA80055FF0023C4F8A034C4F8A434C4F8A83468
:10ADB800C4F8AC34C4F8B034C4F8B434D4F83C3172
:10ADC800C4F82834079BC4F82C34089BC4F83034E2
:10ADD8000A9BC4F838340B9BC4F83C340D9BC4F868
:10ADE8004034109BC4F88834119BC4F88C34199BE8
:10ADF800C4F89034D4F85431C4F89834D4F85031A5
:10AE0800C4F89434129BC4F82404C4F83454C4F825
:10AE18009C349DF86230C4F8B83403B1159B179A76
:10AE2800C4F8C0241A9AC4F8C4240C9AC4F8442458
:10AE38000F9AC4F8482494F87521C4F84C24029A4F
:10AE4800C4F86824039AC4F86C24019AC4F8BC3482
:10AE5800C4F8642494F8CD38D4F84821D4F84011C3
:10AE6800C4F87C24D4F84C21C4F87084C4F87494D1
:10AE7800C4F87874C4F88414C4F89813C4F8802407
:10AE88009BB194F87731002B4DD1B1F5FA7F4CD2B4
:10AE980004F22C5393ED007AF0EE007AB4EEE77AE0
:10AEA800F1EE10FAACBF03230223C4F8943304F57F
:10AEB800AA629DF86030D4F868111160C4F8A483C0
:10AEC80053B307EE905A9FED1A6ADFED1A6AF8EE4F
:10AED800677A87EE867A67EEA66A04F21C53C3ED9A
:10AEE800007A04F25453C3ED006A04F5AB6383EDB2
:10AEF800007A0E9BC4F81033189B03F0FF13003B35
:10AF080018BF0123C4F814331FB101234E44C4E908
:10AF1800FD631DB0BDE8F0839FED077AF0EE476A48
:10AF2800F0EE477AD9E70023BFE70223BDE700BF69
:10AF3800000070436F12833A0000000030B50446E9
:10AF48009DB001A80D46FAF75DFB019BD4F83821A6
:10AF580093420AD00022C4F83831C4F8402184F85A
:10AF6800742100230022C4E9522301A82946FAF7D4
:10AF780049FB069860B994F875313BB9064BD4F88B
:10AF880040015B6D98422CBF002001201DB030BDF0
:10AF980000201DB030BD00BF54E6000830B504469F
:10AFA8009DB001A80D46FAF72DFB94F8CD382BB1CA
:10AFB80094F8773113B90F9B032B01D81DB030BD1E
:10AFC8002B461722062120461DB0BDE83040FDF76C
:10AFD800E7BB00BF30B590F8CD38D0F844219DB01C
:10AFE80004460D46C0F844111BB190F87731002B88
:10AFF80054D0294601A8FAF705FB019BD4F838215B
:10B0080093420AD00022C4F83831C4F8402184F8A9
:10B01800742100230022C4E9522394F8CD38002B70
:10B028003AD0D4ED7B7A236EFCEEE77AEB1A17EE72
:10B03800902A934256D894F87731002B4AD1294662
:10B0480001A8FAF7DFFA0F9B032B3AD8D4F8740853
:10B05800FAF716FB00284ED0189B13F0FF1F03D0F9
:10B068000E9BEB1A002B2CDA9DF860301BB10D9B60
:10B07800EB1A002B25DA9DF862301BB1159BEB1AF1
:10B08800002B1EDAD4F83C31012B05D01E4BD4F826
:10B0980040215B6D9A4232D21DB030BDD0F83C31B0
:10B0A800012BA6D01849D0F84031496D8B42A0D267
:10B0B800AA1AC91A8A4294BF9B185B18C0F8403173
:10B0C80097E72B461722062120461DB0BDE83040E1
:10B0D800FDF766BBF9F788FC0028DDD12B460A226C
:10B0E8000621F1E702222B46114620461DB0BDE895
:10B0F8003040FDF755BB2B460D220621E4E72B46D1
:10B1080016220521E0E700BF54E600082DE9F04FBC
:10B118002DED028BD7B00446466E0D46FDF7BAFBFF
:10B1280094F8CD38002800F08980616E07EE906AA7
:10B1380040F6B7329142B8EE678A5BD9002B40F0EF
:10B148008380A26F40F6B8339A4240F0838094F827
:10B158007731002B7ED0DFED5F7AB4EEE78AF1EE2F
:10B1680010FA77DC94F8CD38002B52D129463BA849
:10B17800FAF748FA94F8CD38DDF80491469EDDF8E0
:10B188002C81002B51D094F87731002B4DD1529B54
:10B1980013F0FF1F40F0858294F875716FB19DF828
:10B1A80048A1BAF1000F63D094F8CD380027002BDE
:10B1B8003FD094F87731002B3BD1D4F83C31D4F808
:10B1C8004421C4F84451012B06D0434B596DD4F89F
:10B1D80040318B42C0F035829DF848B1216ED4E9E8
:10B1E8001623BBF1000F79D0B8F1010F00F01F82D0
:10B1F800584678E0002BB9D094F877314BB9D4EDA4
:10B208001E7AF8EEE77AF4EEC87AF1EE10FA40F218
:10B218003D8204F5A663D3ED007AF4EEC87AF1EE28
:10B2280010FA48BF83ED008AA0E794F87531002B27
:10B23800B5D157B0BDEC028BBDE8F08F002BF8D02C
:10B2480002222B4611460BE0A26F40F6B8339A4211
:10B2580000F081810223C4F80C3400222B4603211C
:10B26800204657B0BDEC028BBDE8F04FFDF798BA09
:10B27800D4E95823D4E91601FCF734FA94F8CD3808
:10B288000746002893D0226E911B0029C0F238820D
:10B2980023B194F87731002B00F03F8204F5A96CB4
:10B2A800D4F86CE1D4E91610CCF800E004F24C5C58
:10B2B8008CED008AC4F858240122C4F850240022D6
:10B2C800C4F85494C4F85C04C4F8601484F8752174
:10B2D8006DE700BF00803B4554E60008B8F1010F58
:10B2E80008BF5E465846CDE9020614AE00913046C6
:10B2F800B0EE480A019501F0D5FBB36AC4F84C31A9
:10B30800736AC4F84831B369C4F8CC34F369C4F833
:10B31800D034336AC4F8D4347369C4F8C83496F89E
:10B328003530C4F8D83404F25C53326B1A60D6E96D
:10B338000091D6E90230D6F82CA087B1D04AD4EDD6
:10B348005A7A926D059207EE102A78EE677AB8EE6F
:10B35800477AF4EEC77AF1EE10FA80F21F8121B134
:10B3680094F87621002A00F00381002B40F0EF804A
:10B37800D4F83C21012A00F06D81022A14BF0F2263
:10B388000D22B9F1040F227000F08081B9F1020F8B
:10B3980000F06281B9F1010F00F00A81B9F1030FE1
:10B3A80000F0968194ED7A7A266ED4F8842807EE18
:10B3B80090AABCEEC77AF8EEE77A04F5A363C3ED6A
:10B3C800007A17EE103AB61A9E42FFF432AF6422A2
:10B3D80004F5DA7122A802F0BBFC07EE906ADFEDF3
:10B3E800A90AF8EE677A04F5277807AE67EEA00A8F
:10B3F800B0EE480A324622A94046FCF7D3FC0028A2
:10B4080000F06B819E4B5B6A059307EE903AF8EE6D
:10B41800677ACDED297AF9F7E7FA002800F0798103
:10B42800002722A940463B463246FCF775FE002815
:10B4380000F05381D4E916CE07EE907AD4F8EC7276
:10B44800D6ED005A236EC4F888C8C4E9B7EC96ED67
:10B45800016A94ED1C7AC4F88438013704F2DC4C94
:10B46800C4F8EC72C4F8E432676EC4F88CE8C4F827
:10B47800D852CCED005A04F59D6C8CED006A04F2AC
:10B48800EC4CB8EEC77AD6F808B0CCF800B0EB1A96
:10B49800C4F8087304F2145787ED007AC4F8E83248
:10B4A80004F59C63326BD6F80CA0C4F80C23D6EDD7
:10B4B800046AC3F800A004F2F443D6F81490D6F84E
:10B4C800188004F59E61C1ED006AC3F8009004F588
:10B4D8009F63F8EEE77AC3F8008004F2FC43F26950
:10B4E80094EDAF6A94EDAE7A1A6004F5A063326AFF
:10B4F8001A6004F20453726A1A60B4EEC76A04F25E
:10B508000C53F26A1A60F1EE10FA04F5A163ACBFAD
:10B5180001220022C3ED007AC4F89C23C0F2E48023
:10B52800DDED377AF0EEE66AF4EEE76AF1EE10FA4E
:10B5380040F3DA8094F8D138002B00F0FC80D4F87E
:10B548009C38EB1A84F8D108C4F8483371E6C4F87B
:10B558003C311A460EE794F87731002B6AD0DFEDBC
:10B568004A7AB4EEE78AF1EE10FA7FF752AE71E646
:10B57800F2EE047AB4EEE78AF1EE10FAFFF6F5AED1
:10B58800226EC4F88028C4F83023012284F876217A
:10B59800C4F82823626EC4F83423E6E604F22C5279
:10B5A800C2ED007A002284ED5A8AC4F84021D6E61A
:10B5B800BBF1000F03D0B8F1010F7FF4F3AEA26F17
:10B5C800229396F8343028902A920130002226914E
:10B5D800CDF88CA0CDF894A024902792002B40F0B1
:10B5E8008D80A1F10301B1FA81F1490933692B91E9
:10B5F800BAF1000F29937ADD236ECDE9003522A92F
:10B60800D4E91623D4F87408FAF7A8F800286ED1FC
:10B61800D4E91623A9F10109B9FA89F94FEA5919A8
:10B62800C4E9582384F8759184ED5B8ABAE600264C
:10B63800304658E6B0EE480A29462046FFF70AFB8E
:10B648007FE5AA1AC91A8A4294BF9B185B18C4F8E6
:10B658004031C1E50C2294E6BBF1000F3FF4A2AEE5
:10B66800D4F874082946FAF70DFB00283FF49AAE7F
:10B678002B46172206212046FDF792F892E600BFD6
:10B6880054E600086F12833A00803B45B0EE480A42
:10B698002946204657B0BDEC028BBDE8F04FFFF7B6
:10B6A800D9BA236ECDE90035D4E91623D4F8740845
:10B6B800FAF718FC30BB29463BA8F9F7A3FF94F822
:10B6C8007571469EDDF82C8107BB94F8CD386EE580
:10B6D800BBF1000F7FF466AE71E72B4612220721FB
:10B6E8002046FDF75DF8A4E5002003462AE72B462F
:10B6F800092206212046FDF753F89AE5012175E74E
:10B70800574654E52B460D220621A9E5DDF804919C
:10B7180045E5F9F7A3F9476883E6CDE900254946E9
:10B72800D4E91623D4F87408FAF754FB30B1226E22
:10B7380094F8CD38B2E5C4F89C5803E72B460922A3
:10B7480006218DE570B52DED028B04469EB003A849
:10B758000D46F9F757FF039BD4F83821934204D0DC
:10B768000022C4F83831C4F84021414BD4ED197A8D
:10B778009B680193B8EE678A07EE903AF8EE677A0D
:10B788000023F4EEC87AD4ED1E7AC4F84451F8EEDA
:10B79800E70AF1EE10FAF4EEC80A94BF01221A463D
:10B7A8000126F1EE10FAC4E95233C4E9555384F87E
:10B7B8007731C4F8503184ED5C8A84F87621C4F876
:10B7C800282384ED5A8A84F87461B0EE480A41D976
:10B7D80004F5DA7104F52770FCF73CFA20B900206B
:10B7E8001EB0BDEC028B70BD04F674012846F9F753
:10B7F80057FF0028F3D1D4ED1E7A236EC4F884389D
:10B80800B8EEE70A284601F075F8F2EE047AB4EECD
:10B81800E78AF1EE10FA0CD5D4ED1E7AF8EEE77A45
:10B82800B0EE087A77EEC87AF4EEC77AF1EE10FA3D
:10B838001CDC02260D232046C4F83C6123702946EF
:10B84800FFF764FC2078093818BF01201EB0BDEC52
:10B85800028B70BD20462946FFF7FCF9207809388D
:10B8680018BF01201EB0BDEC028B70BD0C23E2E7AF
:10B8780054E60008314AD2ED007AF4EEE07AF1EEAF
:10B8880010FA08DD9FED2E7A2E4B82ED007A00210A
:10B89800F0EE477A19702C4B9FED296A93ED007AE8
:10B8A800B4EEC67AF1EE10FA1DDB37EE407AF7EE09
:10B8B800006AB4EEE67AF1EE10FA19D4F0EE086AEE
:10B8C800B4EEE67AF1EE10FA28DDB6EE007A77EEFD
:10B8D800C77A1C49F5EEC07A0020F1EE10FA08701C
:10B8E80026D4C2ED007A83ED000AB0EE670A7047ED
:10B8F800144801780131C9B2012917D9B6EE007A86
:10B9080077EE877A0021F4EEE07AF1EE10FA017012
:10B91800E7DDF0EE607AC2ED000AE4E7094A83ED5C
:10B92800000A00211170B0EE670A70470170DAE76B
:10B93800F0EE467A82ED006AD5E700BF740E00206B
:10B9480000000000700E00200C000020C44B9FED8A
:10B95800C57AD3ED007A93ED015A2DE9F04FF4EE54
:10B96800C77AF1EE10FA83B0C0F2C8809FEDBE7AB4
:10B97800F4EEC77A0022F1EE10FA019294BF4FF06C
:10B98800010C9446B94A92ED007AB5EEC07AF1EE10
:10B9980010FAC0F2C080B64DB64C2E682768BE4279
:10B9A80000F0FA8235EE477AF7EE006AB4EEE67AEE
:10B9B800F1EE10FA00F1E583F0EE006AB4EEE67AF3
:10B9C800F1EE10FA40F2C982AB4EDFF8B8A2AB4FE5
:10B9D800DFF8B482F1EE006A4FF0000EB4EEE67ABA
:10B9E800F1EE10FA86F800E09AF8006087F800E0B7
:10B9F800CBBF032702274FF0020E4FF0010EBE42C5
:10BA080086BFF61BF6B200268AF8006098F8006038
:10BA1800764588BFA6EB0E06DFF870E28CBFF6B25B
:10BA2800002688F800609EF80060F1EE006AB742D0
:10BA380038BFF61BB4EEE67A34BFF6B20026F1EE54
:10BA480010FA8EF8006000F39982D3ED026AB2EE24
:10BA5800046AF4EEC66AF1EE10FA00F26C85B0EEF4
:10BA6800006AB4EEC67AF1EE10FA00F38782B0EEFF
:10BA7800086AF4EEC66AF1EE10FADFF814925FD99C
:10BA880099F80070012F00F20981DFED836A7A4F7F
:10BA98007A4E4FF0000BF4EEE67A87F800B0F1EE3C
:10BAA80010FA4FF0020786F800B089F8007080F2AB
:10BAB800B6849EF800608AF800B0062E88F800B0B8
:10BAC80040F243839FED737AF4EEC77A0626F1EECF
:10BAD80010FA8EF80060F7EE086A40F2AB82B0EE1A
:10BAE800046A76EE864A082EDFED655AC0ED004AF4
:10BAF8004FF0000E40F0EC86F346A8E29FED667A20
:10BB0800F4EEC77AF1EE10FA4FF0000CACBF012248
:10BB18006246019236E7564D564CDFF87491DFF8CD
:10BB280064A1DFF868E1DFF86081BFEE007AD3ED49
:10BB3800026AB0EE086AF4EEC66AF1EE10FA38D876
:10BB480099F80070022F00F2A980DFED536A4A4F7E
:10BB58004A4E4FF0000BF4EEE67A87F800B0F1EEAB
:10BB680010FA4FF0030786F800B089F80070C0F2A9
:10BB78004B82F7EE006AB4EEE67AF1EE10FAC0F204
:10BB88009B859EF800609AF800E098F800B007EEF0
:10BB9800106AF8EE476A07EE10EAF8EE475AB5EE73
:10BBA800007A66EE876A65EE875AB1EE087A00F089
:10BBB80054BCB2EE046AF4EEC66AF1EE10FA7FF6EF
:10BBC8005FAF9EF8006099F80070B3EE046AF4EE77
:10BBD800C66AF1EE10FA00F28B82002F40F08882DC
:10BBE800DFF894B0DFED2C6A8BF80070DFF88CB0CA
:10BBF800F4EEE67A8BF80070F1EE10FA4FF0010BD4
:10BC080089F800B0C0F2D684F7EE006AB4EEE67A9E
:10BC1800F1EE10FA80F21A86082E88F800708AF879
:10BC280000704FF0010840F296859FED1A7AF4EE05
:10BC3800C77AF1EE086A0826F1EE10FAC0ED006A3C
:10BC48008EF8006040F2EC85DFED0D5AF0EE664AA2
:10BC58004FF0000BBE4647464FF0050878E000BF9E
:10BC6800F80D00200080BB44008009451400002026
:10BC7800A00D0020840E00208B0E0020880E0020CE
:10BC8800000000008A0E00208D0E00208E0E00207D
:10BC98008C0E002000004843000048449EF80060D5
:10BCA8009AF800E01FED056A98F800B006EE90EAF1
:10BCB80007EE106AF8EE665AB8EE477AF4EEC67ADE
:10BCC800F5EE006AF1EE10FA27EE267A65EEA65A2E
:10BCD80033D95FED0F6AF4EEE67AF1EE10FAC0F2AE
:10BCE8009D82F1EE086A77EE264A032EC0ED004ADF
:10BCF80040F22882072E40F2AA810B2E40F2D78507
:10BD08004FF003094FF0060893ED026AF2EE046A59
:10BD1800B4EEE66AF1EE10FA40F3DC810F2E17D983
:10BD2800152E40F2C1851B2E00F2EA8209F10508A2
:10BD3800BCF1000F40F0D58117E0F0EE006A77EE15
:10BD4800264A032EC0ED004A00F2BD814FF00208DA
:10BD5800019E56B193ED026AF2EE046AB4EEE66A09
:10BD6800F1EE10FA98BF08F1010808EB0B060E6017
:10BD7800002F6DD1F1EE066ABEF1030F35EEA67AFB
:10BD880040F2CA801FED3C6ABEF1070FF4EEC67A96
:10BD980040F20681F1EE10FAC0F21283BEF10F0FE5
:10BDA80040F27485BEF1130F40F2FA834FF0070892
:10BDB800BEF1160F40F25B84BEF1190F88BF08F17F
:10BDC800010808F10408022F40F04884F1EE066AE1
:10BDD80035EEA67AD3ED026AB2EE046AF4EEC66ACC
:10BDE800F1EE10FA00F21884B1EE086AB4EEC67AE1
:10BDF800F1EE10FA48BFB0EE467ABCF1000F5DD004
:10BE0800BEF1130F20D91FED5D6AF4EEC67AF1EE8C
:10BE180010FA40F2A0831FED606ABEF1190F94BFBB
:10BE28004FF0000E4FF0010EF4EEC67A0EF1010E3F
:10BE3800F1EE10FAF044C0F2DE82F2EE047AF4EE8B
:10BE4800E76AF1EE10FA47D84FF00E0C082338E0F5
:10BE5800012F00F02B82022F00F0FC80F1EE006A27
:10BE680035EEA67A5FED746ABEF1050FF4EEE67A58
:10BE780040F26A82BEF1090F00F21783F1EE10FA60
:10BE8800C0F25A84D3ED026AB1EE047AF2EE047A73
:10BE9800F4EEE76AF1EE10FA35EE877A00F27C826A
:10BEA800F1EE087AB4EEE77AF1EE10FA48BFB0EE98
:10BEB800677A4FF00408BCF1000FC5D14FF00C0CA5
:10BEC8000523019FC4451F443B46674628BF474694
:10BED800BB4228BF3B469846F2EE087AB4EEE77AB2
:10BEE800F1EE10FAD8BFF0EE477AF4EEE47AF1EE0C
:10BEF80010FA58BFD0ED007A2B68C0ED007A46459D
:10BF080098BFD1F80080C1F80080012082ED005A66
:10BF1800236003B0BDE8F08F5FEDA16AF4EEE67A26
:10BF2800F1EE10FA5ADB93ED026AF2EE047AB4EEFF
:10BF3800E76AF1EE10FA00F2CE82F1EE087AB4EE7A
:10BF4800E77AF1EE10FA48BFB0EE677A4FF00508CD
:10BF5800BCF1000F7FF478AFB0E7C54FC54EDFF8EE
:10BF68003493DFF834A3DFF834834FF0000E87F8FA
:10BF780000E086F800E0DFF828E3D8E5BE49BF48CE
:10BF8800BF4B006801240C70BE49BF4C08600220FA
:10BF9800002114601860D962002003B0BDE8F08F5A
:10BFA800F1EE10FAC0F27382D3ED026AF2EE047A6F
:10BFB800F4EEE76AF1EE10FA00F21983F1EE087A6E
:10BFC800B4EEE77AF1EE10FA48BFB0EE677A4FF0B8
:10BFD8000608BCF1000F7FF437AF6FE79FEDB26A38
:10BFE800F4EEC67AF1EE10FA40F2E1814FF005085E
:10BFF800BCF1000F40F07F81B8F1080F28BF4FF067
:10C008000808F1EE0C7A69E79EF800608AF800B03B
:10C01800042E88F800B040F298809FEDA37AF4EEE1
:10C02800C77A0426F1EE10FA8EF80060F7EE006A7F
:10C038003FF655ADB0EE006A76EE864A4FF0000E38
:10C04800082EDFED925AC0ED004AF3467AD14FF040
:10C0580004087DE6DFED936AB1EE026ABEF1030FD4
:10C0680035EE867AF4EEE67A40F24382BEF1070FA7
:10C0780040F24A83BEF10B0F00F2AD83F1EE10FAE5
:10C08800C0F23383D3ED026AF2EE047AF4EEE76A83
:10C09800B1EE067AF1EE10FA35EE877A00F21B82DD
:10C0A800F1EE087AB4EEE77AF1EE10FA48BFB0EE96
:10C0B800677A4FF00508BCF1000F7FF4C5AE4FF06A
:10C0C8000C0C4346FDE6072E3CD90B2E88BF4FF0DB
:10C0D8000508BCD9BCF1000F3FF43AAE132E7FF629
:10C0E80037AE192E94BF002601260136B0442FE63C
:10C0F8009AF800E09FED6C6A98F800B006EE90EAB6
:10C1080007EE106AF8EE665AB8EE477AF4EEC67A89
:10C11800F5EE006AF1EE10FA27EE267A65EEA65AD9
:10C128007FF60BAEDFED5F6AF4EEE67AF1EE10FA19
:10C1380074DBF1EE006A77EE264A032EC0ED004A62
:10C148003FF6D8AD4FF0030802E6DFED576A07EE79
:10C15800106AF4EEE67AF1EE10FABBEECF7A5AD80E
:10C16800F0EE006A77EE264A032EDFED485AC0ED5E
:10C17800004A4FF0000E00F23282F3464FF00208F8
:10C18800E6E5DFF8F090424E99F8008096F800A0B6
:10C19800F8EE086AB4EEE67AF1EE10FA95BFF827E1
:10C1A800F9274FF0020E4FF0010EB84500F2AF80AC
:10C1B80008EB0E06F6B289F80060DFF8D890BAF1FD
:10C1C800000F00F09081052E00F2AF80DFF8C8A0C4
:10C1D800274F3E787644F6B2012E40F2C880DFED54
:10C1E800316ADFF8BCE000263E70F4EEE67A9EF88D
:10C1F8000060F1EE10FAACBF022701271F2E00F2F3
:10C2080002813E44F6B2202E28BF2026DFF88C801B
:10C218008EF800608BE4DFED1D5ADE46F0EE046A0E
:10C2280077EE264A032EC0ED004A7FF68FAD072E23
:10C2380088D90B2E7FF60BAF4FF002094FF0050897
:10C248009FED186AF4EEC67AF1EE10FABFF65CAD0F
:10C25800112E7FF67DAD172E40F226831D2E40F25B
:10C26800408309F10608BCF1000F7FF43AAF6FE58F
:10C27800880E00208B0E0020780E0020B80D0020BC
:10C28800C00D00207C0E0020000080BF00000000D0
:10C29800890E00208C0E00208A0E00208D0E0020B2
:10C2A8008E0E00200000484400004843F1EE046A66
:10C2B80035EEA67A5FED056ABEF1030FF4EEE67A75
:10C2C8005CD9BEF1070F40F25A81BEF10B0F3FF661
:10C2D80061ADF1EE10FABFF667AE5FED0D6AF4EEF0
:10C2E800E67AF1EE10FA40F2DA804FF00608BCF177
:10C2F800000F3FF481AEBCF1000F3FF47DAE7AE051
:10C30800BCF1000F40F0EA8009F106082DE5FA2695
:10C3180089F80060DFF88893BAF1000F40F0E180F7
:10C3280099F80070002F3FF451AF7608B6EB580F1C
:10C33800DFF870A37FF64CAF9AF80060192E9CBF07
:10C3480001368AF8006043E7F1EE10FA80F2F780D0
:10C35800DFEDD76AF4EEE67AF1EE10FA40F29C814E
:10C368004FF00308BCF1000F3FF446AEC3E7DFF817
:10C3780038E3DFF838833E70FFF7D9BBF1EE10FAE7
:10C38800C0F2EE80D3ED026AF2EE047AF4EEE76AC8
:10C39800F1EE10FA7FF684AD4FF004089CE5DFED6E
:10C3A800C46AF4EEE67AF1EE10FA3FF61FAEBCF17D
:10C3B800000F40F0F2804FF00408F1EE067A8DE5A8
:10C3C8000727DFEDBB6AF4EEE67AF1EE10FA40F2E9
:10C3D800BB80BEF10F0F40F25D82BEF1150F00F277
:10C3E8004A8107F10108BCF1000F3FF405AEBEF128
:10C3F800130F00F2FD81B8F10A0F28BF4FF00A08A9
:10C40800F1EE0C7A6AE5DFF8A48298F80060022E53
:10C418003FF68DAB013688F80060FFF788BBF7EE72
:10C42800006AB4EEE67AF1EE10FAC0F2E3809EF804
:10C4380000609AF800E098F800B007EE106AF8EE8D
:10C44800476A07EE10EAF8EE475AB5EE007A66EE4C
:10C45800876A65EE875AB1EE087A77EE264A032E88
:10C46800C0ED004A7FF66EAE072E7FF6F0AD0B2EBC
:10C4780040F221829FED8E7AF4EEC77AF1EE10FA3F
:10C4880040F280814FF003094FF00608D8E6DFED4F
:10C49800886AF4EEE67AF1EE10FA00F28480BCF1D4
:10C4A800000F88D04FF0060887E7BEF10B0F00F2A7
:10C4B800C780F1EE10FAFFF672AFD3ED026AF2EE22
:10C4C800047AF4EEE76AB1EE047AF1EE10FA35EE8A
:10C4D800877A7FF632AD4FF00508FDE409F10808C8
:10C4E80036E47D2622E799F80070002F7FF46BAEC2
:10C4F8006CE6F1EE10FAC0F21181D3ED026AB1EEEA
:10C50800067AF2EE047AF4EEE76AF1EE10FA35EE06
:10C51800877A00F2E281F1EE087AB4EEE77AF1EE7A
:10C5280010FA48BFB0EE677A4FF00308BCF1000F6D
:10C538007FF48AACC2E4DFF86891FFF744BBD3ED1F
:10C54800026AB1EE047ADCE7BCF1000F3FF433AFC6
:10C55800BEF1130FA6D9F1EE067A4FF00608BDE436
:10C56800DFED536AF4EEE67AF1EE10FA7FF623AFC8
:10C578004FF00408BCF1000F3FF43EADBBE6F1EE0E
:10C5880010FAC0F2B280D3ED026AF2EE047AF4EE49
:10C59800E76AF1EE10FA9ED8CFE44FF005080CE7F1
:10C5A8004FF0080816E44FF00608BCF1000F3FF4FE
:10C5B80023AD20E7082E8AF8007088F8007000F292
:10C5C800F980DFED3B6A07EE106AF4EEE67AF1EEE9
:10C5D80010FABBEECF7A00F233810127C0E5082EAE
:10C5E8003FF48AAAF3464FF00308FFF7B1BB4FF0B8
:10C5F800060871E49EF800608AF800B0062E88F8F4
:10C6080000B000F2008106EE906ADFED2A5AFBEED8
:10C61800CF6ADE46FFF7C9BABCF1000F3FF45CAC45
:10C62800BEF1130F7FF658ACBEF1190F94BF4FF04F
:10C63800000E4FF0010E0EF1010EF044FFF7FDBBA6
:10C64800F1EE10FAC0F2A180BEF10F0F40F229817D
:10C65800BEF1130F00F2D3804FF00708022F7FF6C8
:10C66800B9ABF1EE046A35EEA67AFFF7B3BB08F171
:10C678000308FFF7A8BB07F10208BCF1000F3FF45D
:10C68800BBACBEF1190F94BF4FF0000E4FF0010E76
:10C698000EF1010EF044AEE64FF003088DE600BF40
:10C6A8008C0E00208A0E00208E0E00208D0E002099
:10C6B80000004843000000009EF800608AF800B0BF
:10C6C800042E88F800B062D94FF004084646B1EE4F
:10C6D800087A76EE874A8EF800804FF0000E5FEDFC
:10C6E8000B5AC0ED004AF346BEE65FED0F6AF4EE62
:10C6F800E67AF1EE10FA7FF65AAE4FF00508BCF173
:10C70800000F3FF479AC76E6F1EE10FAFFF628AFA9
:10C71800D3ED026AB1EE067AFFF7B8BB5FED1C6A8B
:10C72800F4EEE67AF1EE10FAB6D94FF00308BCF150
:10C73800000F3FF461AC5EE65FED236AF4EEE67A43
:10C74800F1EE10FA7FF637AE4FF00408BCF1000F97
:10C758003FF452AC4FE607EE106AB8EE476AF1EEC6
:10C76800006AB5EE007AE6EE076A032E5FED2F5AEF
:10C77800C0ED006AF0EE664A4BD84FF0000E012774
:10C78800F346DFE44FF00608A4E4062719E607EEAF
:10C79800106AB8EE476AF1EE086AB5EE007AE6EE7E
:10C7A800076AF0EE664AC0ED006A45D05FED3F5A71
:10C7B800DE46C7E41FED427AF4EEC77A0826F1EEAA
:10C7C80010FA8EF80060F0EE006A4FF001077FF66D
:10C7D80031ACFFF784B9F1EE10FAD6DBBEF10F0FDA
:10C7E8006CD9BEF1130F0AD84FF00708FFF7EEBA5D
:10C7F80007F10208BCF1000F3FF4FEABFBE54FF078
:10C808000608FFF7D5BA4FF00608F7EE086A46465D
:10C818005DE7082E08BF4FF0000B53D1FFF71ABA97
:10C828004FF0000E5FED5D5AF0EE664A0127F346C1
:10C838004FF00508FFF78CBA5FED625ADE4606E452
:10C84800BE465FED645A0127F346E7E4F0EE006A5E
:10C85800B4EEE67AF1EE10FA9EF800603FF6DCA935
:10C8680007EE106A9AF800E098F800B0F8EE476A08
:10C8780007EE10EAF8EE475AB5EE007A66EE876AD8
:10C8880065EE875A0127B1EE007AE6E54FF0070812
:10C89800FFF7A0BAB846BCF1000F7FF4ACADFFF7C4
:10C8A800ABBB4FF00608DCE609F1040812E4B84611
:10C8B8007746FFF7CFB9B8467746AFE74FF0060897
:10C8C800FFF784BA4FF0000E0127F346FFF7BFBB0E
:10C8D8004FF00308F346FFF73BBA4FF00308FFF7A2
:10C8E800FBBA09F10508BCF1000F7FF4FAABFFF7BA
:10C8F8002FBA00BF2DE9F047DFF8A091444F454E0D
:10C90800454D464CDFF898A12DED028B80467422E8
:10C9180000214846B0EE408A01F0EDF9404B414A0B
:10C928001A60414B41484249DFED427A4FF0000C12
:10C93800C3F800C0404B1A60404B1A60404B1A6065
:10C94800404B1A60404B1A60404B414AC3F800C044
:10C958004FF0000CC0F800C03E4881F800C0C0F895
:10C9680000C03D483D4980F800C03D4882F800C0FD
:10C9780080F800C03B48C7F800C080F800C03A48BB
:10C9880086F800C080F800C0384885F800C080F8F4
:10C9980000C03748C4F800C080F800C03548364B9E
:10C9A80080F800C0354880F800C0354880F800C0DD
:10C9B800344880F800C0344880F800C03348092261
:10C9C80080F800C032480A603249C0F800C03248D6
:10C9D8000A600422C0F800C009ED018A89F80C2019
:10C9E800BDEC028B83F800C0A8F10A03C9F8343003
:10C9F800012389F8503089F864300A23A9F1040E1C
:10CA0800C9ED027ACAF80080C9F83030BDE8F0876D
:10CA18009C0E0020990E0020980E00207C0E00200D
:10CA280028000020000080BFA40E0020A00E0020D7
:10CA3800780E002000803B45200000201C000020CC
:10CA480014000020100000200C000020740E0020AC
:10CA5800700E0020940E0020930E00202400002069
:10CA6800920E0020910E0020900E00208F0E0020C4
:10CA78008E0E00208D0E0020A80D00208C0E0020A8
:10CA88008B0E00208A0E0020890E0020880E0020C0
:10CA9800840E002018000020800E0020FC0D0020CD
:10CAA800B80D00202DE9F04F2DED028B89B0154609
:10CAB800002138220446B7489DF85860B0EE408AF5
:10CAC8001F4601F018F9DFEDB47AB0EEC87AB4EE7B
:10CAD800677AF1EE10FA2CD8B5EEC08AF1EE10FAAA
:10CAE80027D4DDE914239B1A142B22D8AB4A1378D8
:10CAF800002B30D1AA4BDFF820831599D8ED007AA6
:10CB080088F84060C3E90057A64B1960A64B1499F2
:10CB18001960A64B179983ED008AF4EEC87A0123B1
:10CB2800F1EE10FAC8F84C1013701FD8994D042371
:10CB38002B60984E0FCE25460FC50FCE0FC50FCED2
:10CB48000FC596E8030085E80300204609B0BDEC50
:10CB5800028BBDE8F08F924B1968681A596867EB29
:10CB68000101012871F10001C5DAE2E798F868309F
:10CB7800002B00F0F08098F85490B9F1000F00F005
:10CB8800EA8098F85530002B40F04F81159AD8F874
:10CB9800383098F810C0D31AD8F834209342C0F02F
:10CBA8007781159BC8F83830814B14981968814AE9
:10CBB800884292ED007A00F0B582B5EEC07AF1EEC7
:10CBC80010FA1860C0F2F58278EE476A9FED7A6A2B
:10CBD8007A4BF0EEE66AF4EEC66AF1EE10FA00F36C
:10CBE8005D83774982ED008A764A1A6000230B70CC
:10CBF800B2EE047AB4EEC78AF1EE10FA88ED018A33
:10CC080002DB714B01221A70704B14991A6837EEC7
:10CC1800C87A914288ED027A00F0DA82149A1A6092
:10CC2800002E40F0DA825B4D694BD3ED006AF5EED9
:10CC3800C06AF1EE10FA4FF00002C0F239819FEDA0
:10CC4800656A27EE866AB4EEC86AF1EE10FA00F259
:10CC58002F8178EE666AB3EE046AF0EEE66AF4EEC7
:10CC6800C66AF1EE10FA40F3238183ED008A159B22
:10CC7800C8F84C30584B15991960584858490290D3
:10CC88004FF0000E5748C1F800E0574B574980F85D
:10CC980000E052481A6081F800E0554A544980F88B
:10CCA80000E003925348544A544F81F800E0454944
:10CCB8001160019301604D4B514987F800E0012252
:10CCC800504E514F0493514B0A70092287F800E0E7
:10CCD80088F840E086F800E01A60019BDFED4C7AA6
:10CCE80093ED000A049B36781978039B494F18780E
:10CCF800029BDFF828B11B78DFF824A1022220EE7E
:10CD0800270A2A60BCF1000F40F0BC80EA6A41F2B1
:10CD1800883C624500F0868001226A603F78AA60FC
:10CD28009BF80020002F33D0012A8CBF4FF4C8771E
:10CD38001E27C5E90603C5E904712A6201F0A4F8B3
:10CD48009AF800306862AE6285ED0C8A85F8343056
:10CD580085F83590EDE6264A24491078224A1F4B7B
:10CD6800DFED2B7A92ED000A98F810C009781B784D
:10CD780098ED018A20EE270A224A064D1678204AA5
:10CD8800244F92F80090DFF894B0DFF894A0B9E748
:10CD98001E27CEE7C00D0020FFFF7F7FA80D0020D3
:10CDA800B00D0020B80D0020A00D0020A40D00201B
:10CDB800940E0020200000200000A0421C0000204B
:10CDC800980E0020000080BF910E0020800E0020E9
:10CDD80010000020CDCCCC3E7C0E00208A0E002016
:10CDE800840E0020880E0020A40E00208E0E002045
:10CDF8008D0E002028000020140000208F0E002037
:10CE0800780E0020930E00208B0E002018000020C2
:10CE180000007A44920E0020F80D00208C0E0020AD
:10CE2800890E002003222A6076E7A14AA14BA24D71
:10CE38001878A24BDFEDA27A93ED000AA14B98ED8A
:10CE4800018A1B78A04FDFF8D0B2DFF8D0A2042106
:10CE5800296011789D4A16789D4A20EE270A92F893
:10CE68000090052288F81020022298ED027ADFED62
:10CE7800997A6A60B4EEE77AF1EE10FA94BF032269
:10CE880002224BE7BCF1020F14BF02220322ECE797
:10CE9800884B874A1878894BDFED897A93ED000A29
:10CEA800884B117898ED018A1B7820EE270A63E7F2
:10CEB80083ED008A864B05931B78002B40F07C811C
:10CEC800D8ED1C6AD8F86C20D8ED1D4A88F811C036
:10CED800F0EEC75AF4EEE65A06EE902AB8EE666A05
:10CEE800531CB0EE655A06EE903AA4EE865AC8F87E
:10CEF8006C30794BF8EE666A1B7885EE266AF1EE9F
:10CF080010FAC8BFC8ED1C5A88ED1D6A002B3DD128
:10CF1800F2EE046AB4EEE68AF1EE10FA36D5F0EED7
:10CF2800086AB4EEE67AF1EE10FA2FDD059A634945
:10CF380092F80090694A91ED000A1370684A6949AD
:10CF480013705B4A0B6013705A4A67491370674A3B
:10CF58000B6013705B4A5D491370654ADFED587AC0
:10CF68001370644A0E786449116041F2883220EEE9
:10CF7800270A554FDFF8A0B1DFF8A0A188F81030D4
:10CF880088F86930EA6218461946BFE6B5EEC07AF5
:10CF9800F1EE10FA40F23581F0EE086AB4EEE67A66
:10CFA800F1EE10FA00F29F814D484C4A98F8406023
:10CFB8000023022188F810100370137088F8693074
:10CFC800002E40F09682D8F84C303F4F002B40F0AE
:10CFD800E482DFF844B1B5EEC07AF1EE10FA4FF012
:10CFE800000940F30F83062307A906A8CDF8189077
:10CFF8000793FEF7ABFC002800F05982159BC8F890
:10D008003C302E4B0193C3F800903C4B14991960A7
:10D018003B4B3C4A19603C493C4BC1F800903C49A9
:10D028002A4EDFF8FCE03B48DDF81C90DDED067A7F
:10D03800CEF800904FF0000C81F800C02E4919601E
:10D04800012388F840303B70194B0493194B039324
:10D058001C4B80F800C086F800C0116002939FED59
:10D06800180A27EE800A00F00FFF0123E862C5F8CE
:10D078000C902B60049B1C4A1978039B98ED018A3D
:10D088001878029BDFF894A01B784FF0000CC2F8C8
:10D0980000C098F810C0019ADFED097A92ED000AF5
:10D0A800059A367892F8009020EE270A2AE600BF03
:10D0B8008E0E00208D0E0020C00D0020A40E002032
:10D0C80000007A448A0E0020920E0020930E002061
:10D0D800780E002000004842910E0020900E00209B
:10D0E8008F0E0020840E00209C0D00208B0E002047
:10D0F800880E002014000020000080BFA00E002031
:10D108009C0E002028000020740E00200C00002037
:10D11800700E0020990E00208C0E0020890E002031
:10D1280024000020BA4BB5EEC07AF1EE10FA187858
:10D1380001DBB0EE478A00283FF45AAD159BC8F8CA
:10D148004C30B44B15991960DFEDB37AB34BB44F3B
:10D15800C3ED007AB34BB449B44AB54DB54898ED20
:10D16800018ADFF828B3DFF828A300261E70B24B27
:10D178003E701E70B14BB24F1E70B24B0F601E70E6
:10D18800B14B07601E70B14BB14F1E70B14B88F8A0
:10D1980040601E70B04B01211E601170AF4B02221F
:10D1A8002A6009221A60B0EE670A334630463146D3
:10D1B800A8E5AB4B964915E5964B159A1B68D31A0B
:10D1C800B3F5C87FC0F06681059A0023137077E62F
:10D1D800964B0593964D1B786FE6F0EEC76AB0EE56
:10D1E800086AF4EEC66AF1EE10FA914D3FF61CADEE
:10D1F800159BC8F84C3002232B60002388F8403078
:10D2080012E5FFEE006AB4EEE67AF1EE10FA62DBA0
:10D21800DFF874E28B4A824E874888498A4FDFEDEF
:10D22800917ADFF868B2DFF868A203234FF00009AB
:10D2380088F81030DEF8003082F80090834A86F8CB
:10D24800009003F1010C784B82F80090814AC3EDFD
:10D25800006A814B82F80090059AC3F80090BCF1EF
:10D26800C70F4FF0040380F8009081F8009087F80A
:10D278000090CEF800C02B6088BFCEF800904B46D7
:10D2880092F80090654A724F92ED000A654A20EEC6
:10D29800270A1678184619460222E6E5D3ED006AF1
:10D2A800F5EEC06AF1EE10FA00F1AB8078EE666A2E
:10D2B800B1EE046AF0EEE66AF4EEC66AF1EE10FA30
:10D2C80000F39F80524908780130C0B202280870E4
:10D2D8003FF688AC2DE7F8EE086AB4EEE67AF1EE90
:10D2E80010FABFF661AE012398F8402088F8103094
:10D2F800002388F86930002A40F0E380D8F84C20F1
:10D30800534F002A40F00B81DFF880B1DFED564A19
:10D31800F0EE086A35EEE64AB7EE005A84EE246A63
:10D32800B4EEC56AF1EE10FA40F36F82B4EEE67A15
:10D33800F1EE10FA40F3F881002306930923B0EECA
:10D34800667A0793DFF848A19AF80010002900F0E0
:10D35800AA82012307A906A88AF80030FEF7F6FA80
:10D36800002800F0D4832D48334A01900646002057
:10D378003060304B2A492B4E00201070304A1A601A
:10D388002E4B04932F4B0393304B0870307002934D
:10D39800DDF81C90159BC8F83C30344B149AC3F840
:10D3A8000090334B33481A60334B9DED067A1A6070
:10D3B800324B334A00211960324B00211970012386
:10D3C80088F840303B701E4B117003609FED250AB2
:10D3D80027EE000A00F058FD0123E862C5F80C901A
:10D3E8002B60049B284A1978039B98ED018A1878CA
:10D3F800029B4FF0000CC2F800C01B7898F810C0D0
:10D4080049E683ED008A024B01221A7096E600BFB6
:10D41800980E00207C0E002000000000A40E0020C2
:10D42800900E0020930E002014000020780E00209B
:10D43800C00D0020280000208F0E00208E0E002036
:10D44800000080BF8D0E00208B0E00208A0E002069
:10D45800920E0020880E0020840E00201800002064
:10D468001C00002000007A4400003C4224000020F8
:10D47800A00E00200C0000209C0E0020740E00203E
:10D48800990E0020700E00209C0D00208C0E0020AC
:10D49800890E0020904B0493904B0393904B02937A
:10D4A800904B914E019318E4032388F810308A4B6F
:10D4B80004938A4B03938A4B02938A4B8A4E0193B7
:10D4C800D8E58A4A15981168D8F83C20821A8A4209
:10D4D80080F0BC81804B0493804B0393804B029374
:10D4E800804B814E824FDFF838B2DFF838A20193C3
:10D4F80077E77E4A159E1068D8F83C20B21A824217
:10D5080080F0BA81744B0493744B0393744B029369
:10D51800744B754E764FDFF808B20193AAE53B7855
:10D52800DFF8FCB1002B00F0BC819BF80030012B28
:10D538008CBF4FF4C8711E21159BDFED6E6A9A1AD5
:10D54800F4EEE67A6C4BF1EE10FA186800F29D8161
:10D55800DFF8BCC1149EDCF800309E4207D0CCF83E
:10D568000060664E3378012B9CBF013333708A42CA
:10D5780007D3149B834204D0604B1B78012B3FF6E2
:10D58800C5AE554B0493554B0393554B0293554BDE
:10D59800554EDFF890A1019323E73A78DFF880B180
:10D5A800002A00F051819BF80020012A8CBF4FF41B
:10D5B800C8711E21159ADFED4F6AD31AF4EEE67A88
:10D5C8004D4AF1EE10FA106800F24A81DFF840C1C6
:10D5D800149EDCF80020964207D0CCF80060474E35
:10D5E8003278012A9CBF013232708B42FFF45FAF60
:10D5F800149B83423FF45BAF404B1B78012B3FF6F3
:10D60800EAAC54E7FFEE007AB4EEE77AF1EE10FAEE
:10D618007FF54AAF314B0393394B314AC3ED007A5A
:10D62800384B02920020384A18602C4B10702A4E52
:10D6380036492B4A1870B0EE480A0623F6EE000A5F
:10D6480004960870307010700793FEF713F99FED79
:10D65800297AD8ED006AF4EEC76AF1EE10FA00F202
:10D668006482B7EE007A70EE077AB7EE087AF4EEC5
:10D67800C77AF1EE10FA4FF00303CDED067A07935F
:10D68800C8BFF0EE477A159BC8F83C301A4B149A7D
:10D698001A601F4B1F491A60124B184A01931E4605
:10D6A8004FF0000C002382F800C0012233600F48BD
:10D6B8000D4E194B88F84020184ADDF81C900A6076
:10D6C8000922F1EE677A87F800C086F800C0C0F832
:10D6D80000901A60C3E400BF8E0E00208D0E00205B
:10D6E8008A0E0020A40E0020930E002024000020A3
:10D6F800920E002000004843A00E0020990E002042
:10D7080014000020840E0020880E00208B0E0020BC
:10D718009C0E00202800002018000020000080BF78
:10D728008C0E0020890E0020F8EE087AB4EEE77A15
:10D73800F1EE10FA40F1F58109230793B349B44893
:10D74800B44A03914FF0000CB3490290B34882F8F1
:10D7580000C0B34BB24A80F800C0C1F800C0AC4862
:10D76800AA490493AF4EB04B82F800C0B0EE480A05
:10D77800AE4A86F800C0F7EE000A81F800C080F8CB
:10D7880000C01A60FEF776F89FEDA97AD8ED006A16
:10D79800F4EEC76AF1EE10FAF0EE407A00F2278252
:10D7A800B7EE087A77EE877AB0EE047AF4EEC77AA5
:10D7B800F1EE10FAD8BFB0EE677A4FF00309159B67
:10D7C800C8F83C309B4B149AC3F800909A4B9B497D
:10D7D8001A609B4B9B4E1A609B4B9C4A01931846C0
:10D7E80000230360002010700122994B88F8402024
:10D7F8008E4A0A600922DFF870A2CDED067AB1EEF2
:10D80800477A387030701A60E0E5B4EEE67AF1EEE7
:10D8180010FA89DDDFED8F6A9FED8F7AA6EE267A02
:10D82800002306930923B5EEC07AF1EE10FA0793A8
:10D8380084DDDFED8A6AF4EEE65AF1EE10FA3FF67F
:10D8480081ADDFF824A284E51E21B3E688F84030D4
:10D85800734B0493159BC8F84C3002232B603BE6AE
:10D868008B42FFF424AE149A82427FF4B4ABB3F532
:10D87800C87FBFF4B0AB1AE688F84030684B049311
:10D88800159B2960C8F84C303EE68A42FFF479AE11
:10D89800149B83427FF43AADB2F5C87FBFF436AD2E
:10D8A8006FE61E2148E65E4B04931970574B0393AD
:10D8B80019705C4B584A1970554B9FED696A19707D
:10D8C8000293564B116019705F4A574B574ED2ED71
:10D8D800006A0192F4EEC65AF1EE10FA1E6000F2E8
:10D8E80004814C4A1378002B00F0F480554E5348BD
:10D8F800B2EE026AF4EEC66AF1EE10FA02DD019B9E
:10D9080083ED006A524B494609224FF000091A601C
:10D91800CC46D0ED006ADFED555AF4EEE56AF1EE3B
:10D9280010FA35DB3A78002A00F00F8178EE666A43
:10D93800B9F1000F00F00B81B0EE005A019BF4EE34
:10D94800C56AF1EE10FA93ED006A40F1318133783F
:10D958000133DBB2012B40F22981F6EE006A76EE44
:10D96800266AB2EE026AF4EEC66A019BF1EE10FA7C
:10D97800D8BFB0EE666A83ED006A00233370BCF14D
:10D98800000F05D0324A13680B2B01D801331360FE
:10D99800019B80ED008AD3ED005A35EE876A8DED44
:10D9A800066A002900F086802E4B9FED215A1B78CD
:10D9B800F4EEC57A06EE903AF1EE10FAFBEEEF6A55
:10D9C80056D8F0EE087A76EEA77AB4EEE76AF1EE6A
:10D9D80010FA14DD77EEC76A9FED247ACDED067A4A
:10D9E800F4EEC76AF1EE10FA58BFB0EE667AF4EEBC
:10D9F800C75AF1EE10FA02DD019A82ED007A5B084F
:10DA08000333042B28BF04239946C3E48D0E00205A
:10DA18008A0E0020900E0020840E0020880E002020
:10DA28008E0E00208B0E002014000020000080BF06
:10DA38000000484324000020A00E002028000020F9
:10DA48009C0E0020930E0020A40E0020990E0020AA
:10DA580018000020CDCC0C40CDCC4C3F000020421B
:10DA6800000048428F0E0020890E002000000000B0
:10DA7800F1EE047A76EEA77AB4EEE76AF1EE10FAE0
:10DA880014DD37EEC77A5FED076ACDED067AB4EE9E
:10DA9800E67AF1EE10FA48BFB0EE667AF4EEC75AAD
:10DAA800F1EE10FA02DD019A82ED007A5B0803F1CB
:10DAB80006096FE4704BF2EE047A1B68B4EEE76A6D
:10DAC800F1EE10FAC8BFCDED067A0C2B0BD90C235A
:10DAD80007935DE469486A4906606A4E0B703370C3
:10DAE8000123137004E7079352E4B2EE026A664B0F
:10DAF800644E1970F4EEC66AF1EE10FAC8BF019BC5
:10DB08005E48C8BF83ED006A4FF0010C01E75F4B28
:10DB180004935F4B03935F4B02935F4B594E019302
:10DB28005FE4022388F810302BE5B7EE087A70EE30
:10DB3800077AB0EE007AF4EEC77AF1EE10FACDED7E
:10DB4800067AC8BFF0EE477A9DE576EEC86AB7EE6A
:10DB5800006AF4EEC66AF1EE10FA64D4002959D0CE
:10DB6800002A57D0F2EE005A019BF4EEE56AF1EE76
:10DB780010FA93ED006A4AD9414A002333701378AA
:10DB8800F6EE006A76EE666A022B9FED446A38BFAD
:10DB98000223F4EEC66A023BF1EE10FA1370019B01
:10DBA80048BFF0EE466AC3ED006AF1E63370EFE66F
:10DBB800B2EE005AF4EEC56AF1EE10FA27DDF6EE81
:10DBC800006A76EE666A019B2B4AF5EEC06AF1EEB2
:10DBD80010FA48BFF0EE656AC3ED006A002333709F
:10DBE8001368092B7FF6D4AE013B1360D0E6B0EE84
:10DBF800087A77EE877AB1EE007AF4EEC77AF1EE1A
:10DC080010FAD8BFB0EE677A4FF00609D7E50023BF
:10DC18003370BDE6019A002313600022164B327060
:10DC280009221A60B4E633780133DBB2012BBDD97F
:10DC380000233370E9B1E2B1114A1378032B9CBF7A
:10DC480001331370F6EE006A019BD3ED005A76EEAD
:10DC5800A56AB2EE026AF4EEC66AF1EE10FAD8BF0F
:10DC6800B0EE666A83ED006ABCF1000F3FF490AE37
:10DC780088E6DFED0B6AE7E718000020280000209F
:10DC88008F0E0020930E0020900E00208E0E002094
:10DC98008D0E00208A0E0020A40E00200000000037
:10DCA8009A99993E10B501390244904201D1002059
:10DCB80005E0037811F8014FA34201D0181B10BDED
:10DCC8000130F2E7884210B501EB020402D9844220
:10DCD800234607D8431EA14207D011F8012B03F8A9
:10DCE800012FF8E70244824200D110BD13F8011D4C
:10DCF80002F8011DF7E702440346934200D170473A
:10DD080003F8011BF9E7000070B50D4B0D4D5B1BC7
:10DD18009C100026A64209D100F0D8FA0A4D0B4BF8
:10DD28005B1B9C100026A64205D170BD55F8043B2C
:10DD380098470136EEE755F8043B98470136F2E775
:10DD480010E7000810E7000810E7000814E70008CB
:10DD58000A44914200F1FF3300D1704710B511F821
:10DD6800014B03F8014F9142F9D110BD08B52DEDD3
:10DD7800028BB0EE408A00F0BBF8B4EE488AF1EEB0
:10DD880010FA06D6DFED098AB4EEE88AF1EE10FA49
:10DD980002D4BDEC028B08BD00F016F988EEA80A83
:10DDA800BDEC028B2123036008BD00BF000000000A
:10DDB80008B52DED028BF0EE408AB0EE608A00F0D7
:10DDC80047F820B9B0EE480ABDEC028B08BDB0EEAA
:10DDD800480A00F03DF858B1F4EEC88AF1EE10FA9E
:10DDE800C8BFB0EE688AB0EE480ABDEC028B08BD29
:10DDF800B0EE688AB0EE480ABDEC028B08BD00BFE1
:10DE080008B52DED028BF0EE408AB0EE608A00F086
:10DE18001FF820B9B0EE480ABDEC028B08BDB0EE81
:10DE2800480A00F015F858B1F4EEC88AF1EE10FA75
:10DE380048BFB0EE688AB0EE480ABDEC028B08BD58
:10DE4800B0EE688AB0EE480ABDEC028B08BD00BF90
:10DE580010EE103A33F000400ED0A0F50003B3F1F5
:10DE6800FE4F0DD3074B421E9A4207D9A0F1FF403F
:10DE7800B0FA80F0400970470220704703207047CD
:10DE880004207047FEFF7F0010EE101AC1F3C7523E
:10DE98000029A2F17F0CACBF01204FF0FF30BCF18C
:10DEA8001E0F0FDCBCF1000F1DDBC1F31603BCF124
:10DEB800160F43F400030ADD963A03FA02F202FB56
:10DEC80000F07047FDEEC07A17EE900A70474FF4E5
:10DED800800242FA0CF21A44CCF1170C22FA0CF226
:10DEE80002FB00F07047BCF1FF3F18BF00207047ED
:10DEF800B1EEC00A704700BF10EE102AC2F3C75334
:10DF08007F3B162B22F000411BDC002B10461EDB4A
:10DF18001A4919410A4223D0DFED197A70EE277A9F
:10DF2800F5EEC07AF1EE10FA1ADD002A04DA4FF4A1
:10DF3800000242FA03F3184420EA010300EE103A03
:10DF48007047B1F1FF4F0BD330EE000A7047DFED99
:10DF58000C7A70EE277AF5EEC07AF1EE10FA00DC52
:10DF68007047002A02DB9FED070A704711B99FED41
:10DF7800060A7047BFEE000AF2E700BFFFFF7F0006
:10DF8800CAF24971000000000000008010EE103A4B
:10DF9800C3F3C7527F3A162A19460BDC002A03F04E
:10DFA800004309DB074840FA02F20A40134300EE37
:10DFB800103A7047802A02D000EE103A704730EECF
:10DFC800000A7047000080FF014B1868704700BFC7
:10DFD8002C0000202DE9F047089D0F4604468C468A
:10DFE800002B48D18A42164661D9B2FA82F34BB166
:10DFF800C3F1200201FA03FC20FA02F29E4042EA31
:10E008000C0C9C404FEA164EB7B2BCFBFEF1220C3A
:10E018000EFB11CC42EA0C4201FB07F0904209D9F1
:10E02800B21801F1FF3C80F0EE80904240F2EB80A4
:10E0380002393244121AA4B2B2FBFEF00EFB1022CF
:10E0480044EA024400FB07F7A74209D9341900F152
:10E05800FF3280F0DA80A74240F2D7803444023899
:10E0680040EA0140E41B00211DB1DC400023C5E962
:10E078000043BDE8F0878B4206D90DB1C5E9000120
:10E0880000210846BDE8F087B3FA83F1002948D19A
:10E09800BB4202D3824200F20781841A67EB030273
:10E0A80001209446002DE4D0C5E9004CE1E7002AA0
:10E0B80000F09280B2FA82F3002B40F0A8808A1A0E
:10E0C8004FEA164E1FFA86FC0121200CB2FBFEF720
:10E0D8000EFB172240EA02420CFB07F0904207D9D8
:10E0E800B21807F1FF3802D2904200F2E2804746A8
:10E0F800121AA4B2B2FBFEF00EFB102244EA02444C
:10E108000CFB00FCA44507D9341900F1FF3202D2F8
:10E11800A44500F2CB801046A4EB0C0440EA07406B
:10E12800A2E7C1F120068B4022FA06FC4CEA030C58
:10E1380007FA01F420FA06F3F7404FEA1C49234393
:10E1480000FA01F81FFA8CFEB7FBF9F01C0C09FB6A
:10E15800107744EA074400FB0EF7A74202FA01F2DF
:10E168000AD91CEB040400F1FF3A80F09B80A74217
:10E1780040F2988002386444E41B9FB2B4FBF9F380
:10E1880009FB134447EA044403FB0EFEA64509D9DC
:10E198001CEB040403F1FF3780F08280A6457FD989
:10E1A800023B644443EA0040A4EB0E04A0FB02E7F0
:10E1B800BC427346B94663D360D05DB1B8EB030285
:10E1C80064EB090404FA06F622FA01F31E43CC4074
:10E1D800C5E9006400214CE76208480842EAC171B9
:10E1E8000B0C43EA00438AB242EA0342B3FBF6F15E
:10E1F800E407B4463746B6461F23B0FBF6F0D21BF9
:10E2080041EA004161E7614614E7104628E7C3F197
:10E21800200120FA01F29E4027FA01F19F403A437B
:10E228004FEA164E1FFA86FCB1FBFEF70EFB1710DD
:10E23800110C41EA004107FB0CF8884504FA03F485
:10E248003AD9711807F1FF3001D288451FD8A1EBE0
:10E258000801B1FBFEF808FB0CF70EFB181192B28F
:10E2680042EA0142BA422FD2B21808F1FF31C6D2AF
:10E27800BA42C4D2A8F102013244C0E7F0459CD2A8
:10E28800BEEB020367EB0C070138B94695E7A6EB2E
:10E2980008084144B81EB1FBFEF808FB0CF7DCE7A0
:10E2A8003B467FE7504667E70846FBE634440238BA
:10E2B80032E7023F32441BE7A1EB08013846B1FBC5
:10E2C800FEF808FB0CF7C8E7414698E7F8B500BF29
:10E2D800F8BC08BC9E467047F8B500BFF8BC08BC3F
:04E2E8009E46704797
:10E2EC000000000001020304000000000000000018
:10E2FC0001020304060708091301000014000000C2
:10E30C00050000000A000000C800000032000000F8
:10E31C00FA0000001027000014000000320000007A
:10E32C00102700000A0000002800000088130000DD
:10E33C000A000000280000003075000001010000F8
:10E34C00450100000DF100001301534601000000CF
:10E35C00B80B0000B80B000000000000E02E00001D
:10E36C0064000000FA000000FA0000007D000000CC
:10E37C0082000000000000006400000001000000AA
:10E38C0001000000E02E000000000000040000006E
:10E39C00030000000100000001000000B80B0000A9
:10E3AC000000000000000000F00000000100000070
:10E3BC0002000000040000000400000088130000AC
:10E3CC00000000001E000000020000001900000008
:10E3DC00020000000000A04100000000000000004E
:10E3EC00000000000080A2430000803F00000000FD
:10E3FC000000000000000000008089430080A24360
:10E40C00000000000000A041000016450000C842BA
:10E41C000000964500000000000000000000000015
:10E42C0000000000000000000000000000000000E0
:10E43C000000FA430000004000409C450000000032
:10E44C0000000000000000000000000000000000C0
:10E45C0000000000000000000000F041000000007F
:10E46C0000000000000000000080A2430000803F7C
:10E47C000000000000000000000000000080894344
:10E48C000080A243000000000000A04100001645DF
:10E49C000000C8420000E145000000000000000040
:10E4AC000000000000000000000000000000000060
:10E4BC00000000000000FA430000004000409C45B2
:10E4CC000000000000000000000000000000000040
:10E4DC0000000000000000000000000000002042CE
:10E4EC000000000000000000000000000080A243BB
:10E4FC000000803F00000000000000000000000051
:10E50C00008089430080A243000000000000A0416D
:10E51C00000016450000C84200001646000000002E
:10E52C0000000000000000000000000000000000DF
:10E53C0000000000000000000000FA430000004052
:10E54C0000409C450000000000000000000000009E
:10E55C0000000000000000000000000000000000AF
:10E56C000000E0400000004000000000000000003F
:10E57C0000803B450000803F0000000000000000D0
:10E58C000000000000803B4500803B45000000007F
:10E59C0000002041000000000000C8420000000004
:10E5AC0000008040000080400000F04100000000AE
:10E5BC000000000000000000000000000000FA4312
:10E5CC000000004000409C450000803F000040409F
:10E5DC000000803F0000004000409C4500000040CF
:10E5EC000000C841000020410000000000000000B5
:10E5FC000AD7A33C0000484300007A4400007A4448
:10E60C00000000000000C84200007AC400007A44F8
:10E61C000000A040000000000000A0400000FA42F2
:10E62C000000A041000002430000A0400000204177
:10E63C000000000000409C450000484200409C4502
:10E64C00000000400000FA430500000088130000A1
:10E65C000A000000401F0000401F000020030000C3
:10E66C00B80B0000F401000028230000E02E00008D
:10E67C00090000000F000000030000003200000041
:10E68C0003000000D0070000E02E00000000000096
:10E69C001E00000000000000E0A50100C8AF000053
:10E6AC000200000001000000020000001900000040
:10E6BC000200000001000000C80000000000000083
:10E6CC000000000088130000005A620200000000E5
:10E6DC00000000000000000000000000000000002E
:10E6EC00102700000C000000581B00000800000060
:0CE6FC0090010000010000000A00000076
:08E70800D4F8FF7F01000000BE
:04E7100035020008C6
:04E714000D020008EA
:10E71800809698000100000010000000000080BFF3
:10E72800000080BF000080BF09000000000080BF1B
:10E73800000080BF09000000000080BF30000020FA
:10E7480000000000A80E0020100F0020780F002005
:10E7580000000000000000000000000000000000B1
:10E7680000000000000000000000000000000000A1
:10E778000000000000000000000000000000000091
:0CE7880000000000000000000000000085
:040000050800025994
:00000001FF
