:020000040800F2
:10000000000002205902000899030008A903000813
:10001000B1030008B9030008C10300080000000094
:10002000000000000000000000000000C9030008FC
:10003000CD03000800000000D1030008D50300082C
:10004000A9020008A9020008A9020008A9020008E4
:10005000A9020008A9020008A9020008A9020008D4
:10006000A9020008A9020008A9020008A9020008C4
:10007000A9020008A9020008A9020008A9020008B4
:10008000A9020008A9020008A90200080000000057
:10009000000000000000000000000000A9020008AD
:1000A000A9020008A9020008A9020008A902000884
:1000B000A9020008A9020008A9020008A902000874
:1000C000A9020008A9020008A9020008A902000864
:1000D000A9020008A9020008E103000800000000CE
:1000E000A9020008A9020008A902000800000000F7
:1000F000000000000000000000000000A90200084D
:1001000000000000A9020008D9030008A9020008A5
:1001100000000000000000000000000000000000DF
:10012000A9020008A9020008A9020008A902000803
:10013000A90200080000000000000000000000000C
:10014000000000000000000000000000A9020008FC
:10015000A9020008A9020008A9020008DD0300089E
:10016000A9020008A9020008000000000000000029
:10017000000000000000000000000000000000007F
:1001800000000000A90200080000000000000000BC
:08019000A9020008A902000801
:1001980053B94AB9002908BF00281CBF4FF0FF31E6
:1001A8004FF0FF3000F00CB8ADF1080C6DE904CE4B
:1001B8000BF082FCDDF804E0DDE9022304B07047AF
:1001C800704700BF0348044B834202D0034B03B17E
:1001D800184770475C0000205C0000200000000009
:1001E8000548064B1B1AD90F01EBA301491002D091
:1001F800034B03B1184770475C0000205C000020E7
:100208000000000010B5064C237843B9FFF7DAFF69
:10021800044B13B10448AFF300800123237010BDD1
:100228006000002000000000B8BD000808B5054BBC
:100238001BB105490548AFF30080BDE80840FFF74A
:10024800CFBF00BF0000000064000020B8BD000858
:10025800DFF834D000F0DCF80C480D490D4A0023D3
:1002680002E0D458C4500433C4188C42F9D30A4A63
:100278000A4C002301E013600432A242FBD30BF0C6
:10028800E9FA00F00FF87047000002200000002093
:100298005C000020E0C10008600000204C0E002037
:1002A800FEE7000030B591B001F07CFC00F026F9C3
:1002B800042302221946602000F0B4F820B901F0A6
:1002C800D7FB04F009F808B101F0D4FB00F038F9C5
:1002D8002D4902462D4801F0D9FB2C4801F060FC5D
:1002E800054601F07FFD0028EED04FF47A7000F04B
:1002F8002DF901F0F5FD0028E6D0284601F0DCFED6
:100308000028E1D000F01CF9012102461F4801F045
:10031800CFFB002DD8D02B78012BD5D115E01B4869
:10032800214601F01DFC04F079FA28BB01F056FFC4
:10033800204601F08FFF10B9204601F091FF1348C5
:10034800214601F029FC01F0A1FF00F0F9F804466C
:1003580001F044FF00F0F4F801F07CFF684601F07A
:10036800F3FD0028DBD000F0EBF8694604460246AE
:10037800064801F0A1FBD2E723460A2206212846B7
:1003880008F09AF8D2E700BFE8BD00088000002016
:1003980008B501F0C5FCBFF34F8F30BFFBE700BFC6
:1003A80008B5FFF7F5FF00BF08B5FFF7F1FF00BF7D
:1003B80008B5FFF7EDFF00BF08B5FFF7E9FF00BF7D
:1003C800704700BF704700BF704700BF00F0ACB86F
:1003D80003F09ABA01F0B2BD01F0FABE10B50446B6
:1003E80001F0D4FD00B110BD2046BDE8104001F079
:1003F80053BF00BF01F074BF10B5044601F0F4FD0F
:1004080000B110BD2046BDE8104001F093BF00BF09
:10041800034AD2F8883043F47003C2F88830704732
:1004280000ED00E0F0B595B01F4D204C0027019776
:100438002E6C46F080562E642D6C05F08055019583
:10044800019D0297256845F4404525602468119070
:1004580004F4404402944FF480350124CDE9084562
:1004680008A802244FF48005CDE90E45CDE91223F2
:10047800029C109100F006FA10B1012015B0F0BDF1
:1004880003460F240220CDE903404FF48052032194
:1004980003A8CDE90532079300F00EFCC01B18BF76
:1004A800012015B0F0BD00BF0038024000700040C8
:1004B800704700BF38B50E4A0E4B127805461868CB
:1004C8004FF47A73B3FBF2F3B0FBF3F000F0BEF82D
:1004D80008B90F2D01D9012038BD04460246294626
:1004E8004FF0FF3000F056F8034B20461D6038BD32
:1004F80004000020000000200800002008B5094B77
:100508001A6842F400721A601A6842F480621A602B
:10051800032000F02DF80F20FFF7CCFFFFF7C8FFEE
:10052800002008BD003C0240034A044B11681B78B8
:100538000B441360704700BF10090020040000201E
:10054800014B1868704700BF1009002038B50446F1
:10055800FFF7F6FF631C054602D0044B1B781C44CA
:10056800FFF7EEFF401BA042FAD338BD040000207D
:100578000749CA6803024FF6FF0003F4E06302402C
:10058800134343F0BF6343F40033CB60704700BFAD
:1005980000ED00E01B4BDB68C3F3022300B5C3F199
:1005A800070EBEF1040F03F1040C28BF4FF0040E30
:1005B800BCF1060F1CD9A3F1030C4FF0FF3303FA6B
:1005C8000CF322EA03024FF0FF3303FA0EF321EA99
:1005D800030303FA0CF313431B010028DBB20ADB05
:1005E80000F1604000F5614080F800335DF804FBDD
:1005F80000229446E7E7044A00F00F00024413760D
:100608005DF804FB00ED00E0FCEC00E0002807DBEF
:10061800044A4109012300F01F00834042F82130B9
:10062800704700BF00E100E000280CDB43090649E1
:1006380000F01F0020330122824041F82320BFF33D
:100648004F8FBFF36F8F704700E100E00138B0F1C2
:10065800807F01D30120704710B44FF0E023074C8E
:1006680058614FF0F00C84F823C00022072110468F
:100678009A615DF8044B1961704700BF00ED00E016
:10068800002808DB4309044900F01F0001226033F9
:10069800824041F82320704700E100E02DE9F04F47
:1006A80000230C68DFF8C8A185B04FF0010B89461C
:1006B80003E00133102B00F087800BFA03F202EA03
:1006C8000408A243F5D1D9F8041001F0030C5A002C
:1006D80003250CF1FF379540012F6FEA050576D900
:1006E800BCF1030F08D0C76807EA050ED9F80870EF
:1006F800974047EA0E07C76007680CFA02F23D40C8
:100708002A4311F4403F0260D3D000220392DAF862
:10071800442042F48042CAF84420DAF8442002F423
:1007280080420392039A23F0030202F1804203F00D
:1007380003070F2602F59C32BF0006FA07FC494E54
:100748009568B04225EA0C0515D006F58066B042DA
:1007580075D0454EB04278D0DFF818C160457AD0E0
:10076800DFF814C160450CBF4FF0040C4FF0070CC4
:100778000CFA07F73D4395603C4A9268CE026FEA4F
:1007880008053A4E54BF2A4048EA0202B260F268AD
:10079800364E8F0254BF2A4048EA0202F26072685D
:1007A8008E03324E54BF2A4048EA02027260326811
:1007B800C90303F101032D4954BF2A4048EA020244
:1007C800102B0A607FF479AF05B0BDE8F08F876819
:1007D80007EA050ED9F80C70974047EA0E078760BC
:1007E800476827EA080EC1F300179F4047EA0E073B
:1007F8004760C76807EA050ED9F80870974047EAC6
:100808000E07BCF1020FC7607FF476AFDF0800EB7C
:10081800870700973E6AD9F81070019603F0070E13
:100828004FEA8E0E0F2607FA0EF706FA0EFE019E05
:1008380026EA0E0E009E47EA0E0737625CE74FF085
:10084800010C0CFA07F73D4395E74FF0020C0CFA40
:1008580007F73D438FE74FF0030C0CFA07F73D43CA
:1008680089E700BF0000024000080240003C014048
:1008780000380240000C02400010024002B909048E
:1008880081617047002800F06A812DE9F041036812
:10089800DD0782B004462FD59F498A6802F00C0212
:1008A800042A00F0EF808A6802F00C02082A00F09F
:1008B800E5806368B3F5803F00F0EE80B3F5A02FC4
:1008C80000F07981944D2A6822F480322A602A68DF
:1008D80022F480222A60002B40F0E380FFF730FEEC
:1008E800064605E0FFF72CFE801B642800F2038112
:1008F8002B689F03F6D423689D0728D5864A9168FC
:1009080011F00C0F00F09280916801F00C01082999
:1009180000F08880E368002B00F010817F4B7E4E4A
:1009280001221A60FFF70CFE054605E0FFF708FEF6
:10093800401B022800F2DF8033689F07F6D5336832
:10094800226923F0F80343EAC203336023681A07D5
:1009580053D45D0730D5704A136C13F0805300F000
:10096800818000256E4E3368D80540F1B480A368B5
:10097800012B00F0C480052B00F02D81664E326FEC
:1009880022F001023267326F22F004023267002B34
:1009980040F0BA80FFF7D4FD41F28838074605E0F9
:1009A800FFF7CEFDC01B404500F2A580336F9B07C3
:1009B800F6D4002D40F00981A369D3B1564DAA6839
:1009C80002F00C02082A00F0CC80022B534B4FF0A7
:1009D80000021A6600F00981FFF7B2FD044605E03F
:1009E800FFF7AEFD001B022800F285802B689B01F3
:1009F800F6D4002002B0BDE8F08163690BB3474B21
:100A0800454E0122C3F8802EFFF79AFD054604E003
:100A1800FFF796FD401B02286DD8736F9B07F7D52B
:100A2800236896E7526851023FF574AF3A4A126854
:100A3800920744D5E268012A41D0012002B0BDE8FE
:100A4800F081364A344EC2F8803EFFF779FD0546FC
:100A580004E0FFF775FD401B02284CD8736F9F0711
:100A6800F7D4DDE70193136C43F080531364136CE0
:100A780003F080530193019B012573E74A685102F3
:100A88007FF517AF244A126892037FF535AF626885
:100A9800002A7FF431AFD0E71F4A136843F480334C
:100AA8001360FFF74DFD1C4E054604E0FFF748FDB7
:100AB800401B64281FD833689B03F7D51BE71649EA
:100AC80020690A6822F0F80242EAC0020A601A079E
:100AD8007FF53FAF91E7336843F480733360FFF7E6
:100AE8002FFD07463368D9053FF541AFFFF728FDCD
:100AF800C01B0228F6D9032002B0BDE8F081064ADF
:100B0800136F43F001031367FFF71AFD024F064600
:100B180041F288380BE000BF00380240000047422D
:100B280000700040FFF70CFD801B4045E3D83B6F89
:100B38009A07F7D5002D3FF43FAF46E0424A434EAF
:100B48001360FFF7FDFC054604E0FFF7F9FC401BC6
:100B58000228D0D833689907F7D42368F7E601202C
:100B68007047012B3FF469AF6B68E26903F48001B9
:100B780091427FF462AF226A03F03F0191427FF411
:100B88005CAF616A47F6C0721A40B2EB811F7FF40E
:100B980054AFA26A520803F44031013AB1EB024F54
:100BA8007FF44BAFE26A03F07063B3EB026F14BFDC
:100BB800012000201EE7254B1A6842F480221A60A3
:100BC8001A6842F480321A606BE7204A136C23F0EB
:100BD80080531364F0E61D4B1A6F42F004021A6743
:100BE8001A6F42F001021A678EE7FFF7A9FC064662
:100BF80005E0FFF7A5FC801B02283FF67CAF2B68B9
:100C08009901F6D4D4E90731626A0B4343EA8213A7
:100C1800D4E90A2052080C4943EA0063013A43EA3E
:100C2800024301226B600A66FFF78AFC074D0446FF
:100C380005E0FFF785FC001B02283FF65CAF2B6838
:100C48009A01F6D5D5E600BF0000474200380240B9
:100C5800164908B58B6803F00C03042B1BD0082B2E
:100C680001D0134808BD4A684B68496813F48003EB
:100C780002F03F0211D10E48C1F38811A1FB000117
:100C8800FFF786FA094B5B68C3F3014301335B0046
:100C9800B0FBF3F008BD074808BD0648C1F388114A
:100CA8000023A1FB0001FFF773FAEBE700380240CD
:100CB8000024F40000127A00002800F08780484AD7
:100CC800136803F007038B422DE9F0410D460446F3
:100CD80009D2CBB21370136803F007038B4202D01A
:100CE8000120BDE8F0812368980714D5590704D579
:100CF8003C498A6842F4E0528A601A0704D53949A7
:100D08008A6842F460428A603649A0688A6822F09C
:100D1800F00202438A60DF0721D56268012A57D0B2
:100D2800931E012B2F4B1B684DD99907D8D52D4EF3
:100D3800B36823F003031343B360FFF701FC41F2E8
:100D48008838074604E0FFF7FBFBC01B404544D842
:100D5800B368626803F00C03B3EB820FF3D1204A47
:100D6800136803F00703AB4206D9EBB2137013689C
:100D780003F00703AB42B3D123685A0706D51949D4
:100D8800E0688A6822F4E05202438A601B0707D5AC
:100D9800144A2169936823F4604343EAC1039360CA
:100DA800FFF756FF0F4A104C92681049C2F303121E
:100DB8000346A25C0E48D34000680B60FFF77AFB3D
:100DC8000020BDE8F0819801B1D489E7012070477F
:100DD800044B1B689E03AAD482E7032081E700BF67
:100DE800003C024000380240D8BD00080000002046
:100DF80008000020044B05499B68054A0868C3F3AE
:100E08008223D35CD840704700380240000000209D
:100E1800D0BD0008044B05499B68054A0868C3F320
:100E28004233D35CD84070470038024000000020AD
:100E3800D0BD0008026802F10C0353E8003F23F418
:100E4800907302F10C0C4CE800310029F3D102F147
:100E5800140353E8003F23F0010302F1140C4CE89B
:100E680000310029F3D1036B012B05D02022002388
:100E780080F842200363704702F10C0353E8003FF7
:100E880023F0100302F10C0C4CE800310029F3D1D7
:100E9800ECE700BF0268116938B50446C068A3686A
:100EA80021F4405101432069116103436069D1680D
:100EB8000343E06921F4164121F00C0103430B437D
:100EC800D3605369A069234923F4407303438A42DA
:100ED800536105D0204B9A4202D0FFF78BFF01E007
:100EE800FFF798FFE2691921B2F5004FD4E90053E2
:100EF800A0FB010113D09A009B0FFFF749F9174A8D
:100F0800A2FB00135B09642101FB130000013230CE
:100F1800A2FB00201B0103EB5013AB6038BDDA18AD
:100F28004FF000035B41FFF733F90C4AA2FB003195
:100F38004909642303FB1103DB003233A2FB0323BB
:100F4800C3F342121B0902EB011203F4F8731344B2
:100F5800AB6038BD00100140001401401F85EB5103
:100F6800704700BF70B310B590F84130044603F0E5
:100F7800FF0213B32268242384F84130D36823F492
:100F880000532046D360FFF785FF2368196921F4D1
:100F980090411961596921F02A015961D9680022E3
:100FA8004FF0200C41F40051D960626484F841C0CC
:100FB80084F842C01046626310BD80F84020FFF7F5
:100FC800CFFFD7E701207047704700BFB8B102686C
:100FD800242310B580F84130D36823F40053044625
:100FE800D360FFF7F1FF0023636484F8403084F88E
:100FF800413084F8423018462363636310BD0120F2
:10100800704700BF90F84130202B15D101B10AB9C3
:101018000120704710B40023046801622121C284B2
:10102800436480F84110E168828441F08001E16006
:1010380018465DF8044B70470220704790F842301C
:10104800202B03D101B11AB9012070470220704743
:1010580010B4046981620023222103638285C2855A
:101068004364036880F842101CB1DA6842F4807265
:10107800DA605A695DF8044B42F001025A61DA6895
:1010880042F020020020DA60704700BF036810B504
:10109800044603F10C0252E8002F22F4907203F187
:1010A8000C0040E800210029F3D103F1140252E8B2
:1010B800002F22F0010203F1140040E8002100296A
:1010C800F3D1226B012A28D05A69520607D400238B
:1010D8002022E38584F842201846236310BD03F1DB
:1010E800140252E8002F22F0400203F1140040E8F5
:1010F80000210029F3D1E06B0028E8D00023036524
:1011080000F058FC0028E2D0E06B00F0AFFC20288B
:10111800DDD110236364032010BD03F10C0252E8F3
:10112800002F22F0100203F10C0040E800210029F2
:10113800F3D1C9E708B5806B0023C385FFF75CF9D5
:1011480008BD00BF704700BF90F84230222B49D13C
:1011580083680168826AB3F5805F44D0002B4BD165
:101168000369002B48D14B68DBB21370826A0132E5
:10117800C38D8262013B9BB2C385002B32D100B57F
:101188000268D16821F0200183B0D160D16821F4D0
:101198008071D16051694FF0200C21F0010151613B
:1011A80080F842C04363016B012929D1036302F12E
:1011B8000C0353E8003F23F0100302F10C0C4CE839
:1011C80000310029F3D11368DB0605D501911368B6
:1011D800019353680193019B818DFFF7B3FF03B01F
:1011E8005DF804FB70470369002BBCD14B68C3F35F
:1011F800080322F8023BBBE74B6803F07F03B4E720
:10120800FFF7ECF803B05DF804FB00BF70B50568A4
:101218002B68EE68696913F00F0F82B004462A46FE
:1012280013D19D0602D5B10600F1E080216B01299A
:101238003DD0180602D5310600F1AE805B0602D516
:10124800750600F1C88002B070BD11F0010140F0D0
:101258008D8016F4907FE9D0DA070BD5F00540F1C0
:101268005381626C580742F00102626440F1CD80FC
:1012780000297FD1980740F1CA80190700F103813E
:10128800626C002ADFD09A0602D5B30600F14081CD
:101298006B69626C03F0400302F0080253EA02062D
:1012A800204640F0C080FFF7A7F86664CBE7D80671
:1012B800BFD5F106BDD50023019313680193536888
:1012C8000193019B5169A38D4D0640F1E380E06BCA
:1012D8000168496889B2002900F01F81994280F0AD
:1012E8001C81E185C169B1F5807F36D002F10C031C
:1012F80053E8003F23F4807302F10C0545E8003100
:101308000029F3D102F1140353E8003F23F001034D
:1013180002F1140545E800310029F3D102F1140364
:1013280053E8003F23F0400302F1140545E800317B
:101338000029F3D1202384F84230216302F10C0301
:1013480053E8003F23F0100302F10C0545E8003193
:101358000029F3D100F02EFBA38D02226263E18DF8
:10136800591A204689B2FFF7EDFE6CE7DA0747D431
:10137800580740D5626C990742F0020262643CD576
:10138800626C42F0040262641A077FF579AF626CFE
:1013980042F00802626473E794F84130212B7FF42D
:1013A80052AFA168236AB1F5805F00F0BF80591C75
:1013B80021621B785360E38C013B9BB2E384002BD2
:1013C8007FF441AFD36823F08003D360D36843F040
:1013D8004003D36037E7D368202123F04003D3606C
:1013E800204684F84110FFF705F82CE702B0BDE865
:1013F8007040FFF7A9BE9907C2D41A07C7D43FE7C0
:10140800F0053FF52EAF5A07B4D498073ED4180715
:101418007FF536AF06F020020A43B8D1636C002B83
:101428007FF436AF0FE7FFF705FD6B695E0626D53B
:1014380005F1140353E8003F23F0400305F11401BC
:1014480041E8003262B1226802F1140353E8003F18
:1014580023F0400302F1140040E800310029F3D1E1
:10146800E06B60B1374B036500F0EEFA00283FF4FB
:10147800EAAEE06B036D02B0BDE870401847204645
:10148800FEF7BAFFDFE6B20681D4C7E700293FF4CA
:10149800F4AE75E7E08DE18D89B280B200293FF4A2
:1014A800D2AE1B1A99B200293FF4CDAE02F10C035B
:1014B80053E8003F23F4907302F10C0545E800302F
:1014C8000028F3D102F1140353E8003F23F001038D
:1014D80002F1140545E800300028F3D1202384F8F0
:1014E8004230206302F10C0353E8003F23F010035D
:1014F80002F10C0545E800300028F3D102236363AC
:101508002046FFF71FFE9EE65A073FF5B3AE7CE77D
:101518002046FFF719FE2568BAE699427FF493AE94
:10152800C369B3F5807F7FF48EAEE7E721690029B0
:101538007FF43DAF33F8021BC1F308015160236209
:1015480039E700BF3D110008036A026A22F0010270
:1015580070B40262446882690D6822F073022A43FB
:101568008D6823F002032B430B4DA84206D049682F
:101578004460826170BC416303627047CD6823F0A8
:1015880008032B43D1E9055624F44074354323F06E
:1015980004032C43EBE700BF00000140036A026A22
:1015A80022F4807270B402624468C2690D6822F045
:1015B80073022A438D6823F4007343EA05230C4D14
:1015C800A84206D049684460C26170BCC163036226
:1015D8007047CD6823F4006343EA0523D1E9055633
:1015E80024F44054354323F4806344EA0514E9E7BE
:1015F80000000140036A026A22F4805230B4026299
:101608004468C2690D6822F4E64242EA05228D6800
:1016180023F4005343EA0533074DA84206D049682E
:101628004460C26130BC0164036270474D6924F4B0
:10163800804444EA8514F2E70000014091BB90F829
:101648003E30012B3AD1022380F83E30036801F086
:101658001F01186A01228A4020EA02001862186AEB
:10166800224902438B421A6232D0B3F1804F0ED026
:101678001F4A93420BD002F58062934207D002F5CD
:101688008062934203D002F59A32934204D19A6859
:1016980002F00702062A03D01A6842F001021A6013
:1016A8000020704704290BD0082916D090F8413043
:1016B800012B03D1022380F84130C7E7012070478E
:1016C80090F83F30012BF9D1022380F83F30BDE775
:1016D8005A6C42F400425A64D9E790F84030012B22
:1016E800ECD1022380F84030B0E700BF0000014091
:1016F80000040040036810B41A6A01F01F044FF098
:10170800010C0CFA04FC22EA0C021A621E4A1C6A3A
:101718001C62934222D01C6A41F21112144204D175
:101728001C6A40F24442144213D0012329B980F8BC
:101738003E305DF8044B0020704704291DD008296D
:101748000CBF80F8403080F841305DF8044B002031
:1017580070471A6822F001021A60E6E71C6A41F233
:1017680011121442D7D11C6A40F244421442D2D119
:101778005A6C22F400425A64CDE780F83F305DF895
:10178800044B0020704700BF00000140704700BFB5
:10179800FFF754BFFFF7AEBF70B4264E4A6903681F
:1017A8008D680C68B04235D0B0F1804F1CD0A6F5DA
:1017B8007C46B04218D006F58066B04214D006F5D3
:1017C8008066B04210D01C4EB04211D006F580663B
:1017D800B0420DD006F58066B04209D023F08003F0
:1017E800C5621A4384620CE04E6823F070033343E9
:1017F800C968C56223F440730B4323F080031A437E
:1018080084620368012143F00403036070BC4161F2
:10181800026070474E6823F070033343CE68C56298
:1018280023F44073846233430969016323F080031E
:101838001A43E6E7000001400040014050B310B5EC
:1018480090F83D30044603F0FF02F3B1214602232D
:1018580084F83D3051F8040BFFF79EFF012384F80C
:10186800463084F83E3084F83F3084F8403084F8BD
:10187800413084F8423084F8433084F8443084F8A6
:10188800453084F83D30002010BD80F83C20FFF73B
:101898007DFFDBE701207047036A026A22F010022D
:1018A80070B40262446882690D6822F4E64242EA32
:1018B80005228D6823F0200343EA05130C4DA84246
:1018C80006D049684460826170BC816303627047D6
:1018D800CD6823F0800343EA0513D1E9055624F4C3
:1018E8004064354323F0400344EA8504E9E700BF38
:1018F8000000014038B590F83C30012B57D0012347
:1019080004460D4680F83C300C2A08D8DFE802F07F
:101918001E0707072E0707073F0707070C000120C8
:10192800002384F83C3038BD0068FFF763FEC369C4
:101938002A6943F40063C361C36923F48063C36104
:10194800C36943EA0223C3610020E9E70068FFF79F
:10195800FBFD83692A6943F008038361836923F0E7
:1019680004038361836913438361EDE70068FFF72C
:1019780093FF83692A6943F400638361836923F4CD
:1019880080638361836943EA02238361DCE700683B
:10199800FFF704FEC3692A6943F00803C361C369FA
:1019A80023F00403C361C3691343C361CCE7022076
:1019B80038BD00BF70B50446866DFEF7C1FD94F8CA
:1019C8003530022B06D080236365002384F8343039
:1019D800012070BD23681A6822F016021A605A693D
:1019E80022F080025A61226C054642B31A6822F03E
:1019F80008021A601A6822F001021A6005E0FEF770
:101A08009FFD431B052B10D823681B6813F00103A7
:101A1800F5D1E16D3F228A40184601210023B260CA
:101A280084F8351084F8343070BD032320226265B1
:101A3800184684F83530002384F8343070BDA26C21
:101A4800002AD3D1D6E700BF90F83530022B03D057
:101A580080234365012070470268052380F83530EC
:101A6800136823F00103002013607047406D70472E
:101A780000F0F8B808B500F093F930BFFDE700BFF3
:101A880011B10860012070470846704778B170B5F9
:101A98000D46164604464FF40962002109F0D1FEAE
:101AA800324629462046BDE8704006F009BD704719
:101AB80008B106F04FBD70472DE9F04188B00646E1
:101AC80017460C4620220021684609F0BAFE002E6F
:101AD80041D0002C3FD096F88308D4E90423A0B362
:101AE800D6F88808D6F88C18994208BF904206F5AF
:101AF800096830D0CDE90023D4E90D212346C6E991
:101B0800D42133F8022BD4F8020003920490104633
:101B1800A269029201259A889B79ADF8142006A93A
:101B28008DF816308DF81C50FFF7AAFF3A468DF84D
:101B38001D003046D4E90467694648E9026706F0A3
:101B480085FE284608B0BDE8F08152EA0301F9D0C5
:101B580006F50968CEE7002008B0BDE8F08100BFAF
:101B6800C0B170B50D46044606F030FE284602F0B6
:101B7800B5FC28B929462046BDE8704007F04EBE9E
:101B880002F042FC2B4620460A22BDE8704006219E
:101B980006F092BC704700BF08B107F051BE70470D
:101BA800704700BF1C4A1D4B116B41F0020182B007
:101BB8001163116B01914FF4C02001999861D968A4
:101BC800174821F03C0141F02801D960596821F0FB
:101BD80006015960196821F03C0141F014011960AF
:101BE800136C43F003031364136C01934FF0804CA0
:101BF8000021019BCCF83C10C163DCF8203023F4B1
:101C08008073CCF82030036A23F480730362BFF337
:101C18004F8F02B0704700BF0038024000040240F6
:101C28000004004010B59AB004464422002109A8D7
:101C380009F007FE002341F2BF21602208A8CDE980
:101C48000333CDE9053302930B910192079308946E
:101C5800FFF7F4FD082201A908A8FFF74BFE1AB008
:101C680010BD00BF70B58AB02A4B002401941A6BCE
:101C780042F002021A631A6B02F002020192019A00
:101C880002941A6C42F001021A641A6C02F0010202
:101C98000292029A03941A6C42F002021A641B6CB4
:101CA80003F002030393039B00F03AF81A490894DF
:101CB8004FF4C0228A6102250623012604A916488A
:101CC8000493CDE905650795FEF7E8FC04A94FF4F0
:101CD8008062022310480896CDE90423CDE9064521
:101CE800FEF7DCFC0122022304A90B480694CDE987
:101CF8000423CDE90755FEF7D1FC4FF08040FFF7EC
:101D080091FF0648FFF78EFF0AB0BDE8704000F06B
:101D180047B800BF003802400004024000040040F9
:101D28001C4A1D4B116B41F0020182B01163116B0B
:101D380001914FF4C02001999861D968174821F0A2
:101D48003C0141F02801D960596821F00601596029
:101D5800196821F03C0141F014011960136C43F03B
:101D680003031364136C01934FF0804C0021019B13
:101D7800CCF83C10C163DCF8203023F48073CCF835
:101D88002030036A23F480730362BFF34F8F02B0DD
:101D9800704700BF003802400004024000040040C1
:101DA800FFF7BEBF08B568B90B490C480122FFF719
:101DB80045F908B9012008BD094AD3690133002053
:101DC800D36108BD0548FFF761F90028ECD0044A43
:101DD800936901339361E7E790090020980900208F
:101DE80014090020F0B5282287B000213548364D67
:101DF800002409F026FD354800F0C6FACDE9014473
:101E0800CDE90344009405942B6B314843F0040357
:101E18002B632B6B03F00403224600934FF480716D
:101E28000227009B0126FEF729FD4FF480732848FE
:101E3800039401A9CDE901360497FEF72FFCC023CE
:101E48002348019301A908230593CDE90347029785
:101E5800FEF724FC01946B6C43F020036B646B6CFD
:101E680003F020030193019A1A4A1B4B13604FF4A5
:101E7800E133536010460C23C2E90244C2E904432B
:101E8800C2E90644FFF76EF810B1002007B0F0BDB4
:101E9800024605214720FEF77DFB4720FEF7B6FBEB
:101EA8000E490C483246FFF7C9F810B9304607B05A
:101EB800F0BD044AD36947203344D361FEF7B4FB2D
:101EC800E3E700BF14090020003802404009002061
:101ED80000080240980900200014014090090020E1
:101EE80008B54720FEF7A0FB1048FFF7CFF80F48CA
:101EF800FFF76CF808B1002008BD0C48FFF732F86E
:101F08000028F8D10A4800F03FFA4720FEF77EFB88
:101F1800084906480122FFF791F808B9012008BDD1
:101F2800054AD3690133D361E5E700BF980900206A
:101F38004009002090090020140900200148FFF7FB
:101F480065B900BF9809002038B50446D0B1EFF351
:101F5800108572B60C4800F0ABFA8646BEE80F0052
:101F6800A446ACE80F00BEE80F00ACE80F00BEE8DE
:101F78000F00ACE80F009EE80F008CE80F0005B9D1
:101F880062B6012038BD00BF4009002028B1114BBE
:101F980002689A4202D000207047704710B50E4C74
:101FA800236801332360FEF7CBFA0C49034601226C
:101FB8000B4800F0EFF909490A480122FFF73EF8FB
:101FC80008B9012010BDE36901200344E361FFF76C
:101FD800E9FEF6E7001401401409002090090020EA
:101FE800400900209809002028B1174B02689A423E
:101FF80002D000207047704710B5144B446C5A68E3
:1020080090F842101C6201325A60426C5962120701
:1020180002D59A6801329A60426C540702D5DA6890
:102028000132DA60426C910702D51A6901321A61ED
:10203800426CD20702D55A6901325A610120FFF772
:10204800B1FE012010BD00BF00140140140900209A
:10205800B0B170B50D4649B116464FF6FE73013A58
:102068009A4203D80446FFF711F808B1002070BD62
:10207800B2B229462046FEF7C5FF18B9012070BD47
:1020880000207047054906480122FEF7D7FFB0FA3D
:1020980080F14909034800F0C7FEE7E7200B00205C
:1020A800280B0020E00900200A4602480221FEF71A
:1020B800E5BB00BF0000024000286ED02DE9F041CA
:1020C800014688B03848394E002400F0C5FB38482E
:1020D80000F050FECDE90344CDE90544029407948D
:1020E800336B344843F001033363336B03F001036C
:1020F8002246029302210225029B0127FEF7BEFB1E
:102108002C4803A9CDE90357CDE905454FF00C0844
:10211800FEF7C4FA07232748049503A90695264D18
:1021280007930594CDF80C80FEF7B8FA234B244AA0
:102138001D492448009500F0B5FDC5E90244C5E9EC
:1021480006440394C5F814802C61336C1E4A43F48A
:1021580000333364336C03F40033039328464FF49D
:10216800E133C5E900230399FEF7FCFE18B100200E
:1021780008B0BDE8F081024605212620FEF70AFADC
:102188002620FEF743FA11493A462846FEF756FF3D
:1021980028B9384608B0BDE8F081002070472620ED
:1021A800FEF742FAE3E700BF4C0A0020003802407D
:1021B800E009002000000240280B002059200008F8
:1021C800B1200008380A002000440040200B0020FD
:1021D8000148FFF71BB800BF280B002070B5194B4A
:1021E80090B026205E68FEF71FFABFF35F8F3F228C
:1021F8006946154800F0ECFD0546134800F036FE28
:102208000446BFF35F8F710606D455B9A2070FD4F1
:10221800E30712D410B070BD2620FEF7F7F9002DA1
:10222800F4D02A460948694600F022FBA207EFD5F8
:10223800074800F08BFD10B070BD054800F072FD36
:1022480010B070BD00E100E0E00900204C0A002059
:10225800380A00200146014800F04CBB4C0A002017
:1022680010B50446084800F033FB08B9002010BD3B
:10227800054800F037FB0028F8D121460248BDE8A0
:10228800104000F0B7BB00BF4C0A0020014800F026
:102298001BBD00BF380A002028B10D4B02689A42C6
:1022A80002D000207047704710B50A4C0A482178C0
:1022B80000F070FD012221460848FEF7BFFEB0FA83
:1022C80080F14909044800F0AFFD012010BD00BFAE
:1022D80000440040200B0020E0090020280B0020CB
:1022E800E0B108B502680E4B9A4201D0002008BD43
:1022F80000220C480221FEF7C1FA0B48012100F028
:10230800A9FD012209490A48FEF798FEB0FA80F1B2
:102318004909054800F088FD012008BD704700BF45
:102328000044004000000240E0090020200B00208B
:10233800280B0020E0B108B502680E4B9A4201D084
:10234800002008BD00220C480221FEF797FA0B482E
:10235800022100F07FFD012209490A48FEF76EFEBE
:10236800B0FA80F14909054800F05EFD012008BD7A
:10237800704700BF0044004000000240E009002010
:10238800200B0020280B002018B15022002109F052
:1023980058BA7047002800F08A80002900F087802A
:1023A800002A00F084802DE9F041013A82B01F46EE
:1023B80004464D1E8E184FF0000809E0FD2820D075
:1023C800226BE36B013201332263E363B5421DD014
:1023D800A26815F8010F002AF0D0511C0729A05453
:1023E800A160F3D101AA2046ADF8048000F05EFD9B
:1023F80090B304280DD005280ED1A36B0133A36335
:102408000AE00123B5422070A360E1D102B0BDE823
:10241800F081636B01336363A268D4F83CC0012A7E
:1024280041D92346012102E0013191420FD013F82E
:10243800010FFD28F8D10CEB01038A42E36308D9A8
:10244800521AA2602144204609F0E2F9BEE761442D
:10245800E1630023A360B9E72346A28853F8121B5F
:10246800C4F81210A17999719A80E36ABDF8040042
:1024780053B1226C616CBA1A09B18A4200D2626403
:10248800A16C8A4288BFA2640133C4E90A73236A33
:10249800208201332362636A276443F10003636285
:1024A8000023A36092E70CF10103E363D1E77047CF
:1024B80000B11030704700BF2DE9F0410C4684B0E0
:1024C80015460127064600222946204698468DF8DB
:1024D8000870039207F0C6F9A8B95EB1062C0DD0B2
:1024E800052C0CD1012D19D0AB1E012B07D8B8F53E
:1024F8007F4F2FD0384604B0BDE8F081EDB10620FB
:1025080004B0BDE8F0810A9B00932A464346214661
:10251800304607F0CDF904B0BDE8F081B8F57F4F3B
:102528001DD0B8F1000F13D12B460A9A8DF8083048
:1025380002A9304606F054F8E2E707230A9A8DF814
:10254800083002A93046CDF80C8006F049F8D7E7E4
:102558002846D5E7032D14BF09230823E5E70346DA
:10256800E3E700BF70B513460C4615460A4601213D
:10257800064608F0B7F830B936B12DB124B996F847
:10258800943013B92C80012070BDB6F87840F9E773
:102598002DE9F8430C4617460A46002180461E4698
:1025A80008F0A0F860BB0546B8F1000F29D046B383
:1025B80002F0D8F9814620B3A4F10B03062B1AD9EF
:1025C800A4F11403032B1FD9242C1AD8DFE804F034
:1025D800BDB1ADA9A5A19E969390741919191919A1
:1025E8001919706C19191919686460574E4A4642CE
:1025F8003E3734312F0008EB040090F85D3033800B
:1026080001252846BDE8F883C4F11704D8F85C1002
:10261800D8F858302401C4F12002E34001FA02F24C
:10262800203C134321FA04F423433380E8E737803E
:10263800E6E73A0C3280E3E700233380E0E798F8D6
:102648009430002BDBD0B8F87830D8E7D8F8A4302D
:102658003380D5E7B8F8A6303380D1E7D8F8A03072
:102668003380CDE7B8F8A2303380C9E7D8F8AC207A
:102678004FF6FF73934228BF13463380C0E7D8F85C
:10268800A8204FF6FF73934228BF13463380B7E75D
:10269800B8F8B0303380B3E7D8F860303380AFE7AC
:1026A800B8F862303380ABE790F82C303380A7E776
:1026B80090F82B303380A3E73946404605F076FF83
:1026C80099F8283099F8291099F82A209B0043EAAC
:1026D800C10398F8941043EA410343EA021398F8B7
:1026E8004C2003439BB2002A3DD143F0200386E7E8
:1026F800C38C338084E7838C338081E742684FF64C
:10270800FF73934228BF1346338079E703783380F9
:1027180076E798F80330338072E798F80230338010
:102728006EE798F8013033806AE798F80030338014
:1027380066E798F874309BB1D8F864204FF6FF73B9
:10274800934228BF13469BB259E798F874303BB1BF
:1027580098F8753023B1D8F87030B3F5803FF2D3CC
:102768004FF6FF734BE743F0600348E7436A072BD4
:1027780071D970B50446051D461D0621284600F08E
:10278800B9FB62892379824211D0012B04D1D4F894
:10279800B4300133C4F8B430D4F8BC30626A0133C1
:1027A800012AC4F8BC302CD80023636270BD012B09
:1027B80013D0D4E92E13626A01310833082AC4E918
:1027C8002E13F1D9083A626204F10C01284609F087
:1027D8001FF8636A072BD0D870BDD4F8B020617990
:1027E80001320529C4F8B02012D0A36C032B1FD9DD
:1027F800D4F8C4300133C4F8C430626A082AD3D983
:10280800E0E7013A62623146284609F001F8E0E75C
:10281800E288B2F5807FE8D12289002AE5D194F8D0
:1028280054208AB1D4F8C8300133C4F8C830E4E77A
:1028380005332868696844F8330004EBC302516023
:10284800A36C0133A364D8E72A6869682165E26448
:1028580084F85430D1E7704748B138B504460D467E
:10286800D0220021043008F0ECFF256038BD704705
:1028780068B361B35AB3013A2DE9F04705464E1ED5
:102888008F184FF01F0A00F1050900F104080AE04B
:10289800621C2C4416F8013F237128466A62FFF730
:1028A80065FFBE4211D06C6A202CF1D1D5F8BC303E
:1028B800C5F824A001331F22C5F8BC30494640465C
:1028C80008F0A6FF22461F24E3E7BDE8F08770471B
:1028D80010B5044628B1FFF749FFA06C003818BFAF
:1028E800012010BD10B5044618B1FFF73FFF94F85A
:1028F800540010BD2DE9F04184B040B1036804468E
:102908002BB10D46FFF732FF94F8546026B9002624
:10291800304604B0BDE8F0810095E06C216DB4F854
:102928004E2002AB03C3B4F8503094F84D10206821
:10293800002552BA5BBA9BB292B284F85450FFF7A2
:10294800BBFDD4F8CC30A26CA5641344C4F8CC30D9
:1029580094F8AC30002B39D100283DD048F201530F
:102968000128A4F8853004F1850841D006280CBF59
:102978000223042384F887300321404600F0BAFA82
:10298800030A84F88930D4F8C03084F88800052216
:102998000133C4F8A820C4F8C03094F88450012743
:1029A80084F8AC70002DB3D1D4F8A820414604F1C6
:1029B8005D0008F073FFD4F8A830C4F8803084F8BC
:1029C8008470C4F8A85084F8AC50A1E7D4F8D0308B
:1029D8000133C4F8D0309BE702AB03CB082304F1E2
:1029E8008508C4F88500C4F88910C4F8A830D4E76D
:1029F8000323BFE700285FD02DE9F047036884B0C0
:102A0800044643B10D46FFF7B1FE94F8543013B9AC
:102A180094F884301BB1002004B0BDE8F08720464C
:102A2800FFF7A4FEA16C0029F5D0A26AC4F85520CE
:102A38000129E26AC4F8592004F1550604F1280373
:102A48000CD00122194653F8080FD3F804C0C1F876
:102A580004C00860A16C01329142F3D894F8568002
:102A6800A8F103030139012BA16464D9A8F1050376
:102A7800012B23D9012568F07F0884F85D5084F87C
:102A88005E8084F85F50032104F15D0000F032FAA3
:102A9800D4F8C03084F86000010A05222B4484F879
:102AA8006110C4F8802084F88450C4F8C0302046EF
:102AB800FFF75CFE0120AFE700207047B4F857A08D
:102AC800B4F859309AFA9AF7BFB25BBA3946404619
:102AD8001FFA83F906F0C6FE98B9B8F1060F0DD0B3
:102AE8007B1E022B0DD9012568F07F08022384F88C
:102AF8005D5084F85E8084F85F30C4E7BAF1000F57
:102B0800F1D1009520684B463A464146FFF7D4FC80
:102B180000285FD0012800F0908006280CBF02230F
:102B28000423012568F07F0884F85D5084F85E80EE
:102B380084F85F30A7E7B4F85990B4F8577099FA59
:102B480099F91FFA89F909F1FF337FBA0A2BBFB245
:102B580068D84FEA490A264604EB490913E00DF103
:102B68000E032A46FFF714FD0137B0B1BDF80E3049
:102B780086F861301B0A86F860300236B14537D0D6
:102B8800B7F5803F09D0B8F1030F2068B9B2E6D194
:102B98000DF10E02FFF7E6FCE6E7012568F07F0875
:102BA800022384F85D5084F85E8084F85F30032146
:102BB80004F15D0000F09EF9D4F8C03084F860009C
:102BC800010A052284F86110C4F8802084F8845032
:102BD8002B446AE77168D4F85500C4F85D000822F0
:102BE8000123C4F86110C4F8802084F884305EE7BB
:102BF80004F15D0501260AF105030AF103072846D9
:102C080084F85D6084F85E8084F85FA0C4F8803042
:102C1800394600F06FF9E8555544000A287184F8E0
:102C2800846044E70321012568F07F0884F85D503B
:102C380084F85E8084F85F10BAE7032371E700BF69
:102C480048B149B190F8843023B1D0F880300B6096
:102C58005D307047184670470846704770B138B500
:102C680090F8AC300025044680F88450C0F88050B5
:102C78002BB92046BDE83840FFF778BD7047D0F83B
:102C8800A82000F185015D3008F008FED4F8A820DE
:102C9800C4F88020012384F88430C4F8A85084F84C
:102CA800AC50E6E710B4019C50B1C0E90012002115
:102CB800C0E9023401611AB120465DF8044B10479F
:102CC8005DF8044B704700BF40B330B50446006858
:102CD80083B028B163681BB1A3680BB1237C1BB117
:102CE8000021084603B030BD01A9FFF7A9FF05463A
:102CF8000028F5D06368E068012198472946A36851
:102D0800019AE0689847014620B1012308462374D8
:102D180003B030BD6368E0689847E1E700210846E2
:102D2800704700BF80B1436810B5044623B1C0683E
:102D380000219847237C03B910BD00232068237421
:102D4800BDE81040FFF78ABF704700BF80B14368F5
:102D580010B5044623B1C06800219847237C03B905
:102D680010BD002320682374BDE81040FFF776BF2C
:102D7800704700BF68B110B540220021044608F032
:102D880060FD002323646364A364E36423656365CF
:102D980010BD7047C8B1026CBFF35B8F531C03F0C2
:102DA8003F03D0F844C0BFF35B8F634505D081541F
:102DB800BFF35B8F036401207047483050E8003F41
:102DC800013340E80032002AF8D10020704700BFE4
:102DD80070B5864610B111B30AB9104670BD436C80
:102DE800BFF35B8F056CBFF35B8F9D4219D0013A2F
:102DF8008E1801F1FF3C5C1C1EF80300624604F0CB
:102E08003F030232AB420CF8010FA2EB010001D0E4
:102E1800B445F0D1BFF35B8FCEF8443070BD08469F
:102E280070BD0020F6E700BF50B100F14C0353E835
:102E380000CF0CF1010C43E800C2002AF7D101B120
:102E48007047503050E8003F013340E80032002A14
:102E5800F8D1704748B1BFF35B8F543050E8003F5A
:102E68000B4340E80032002AF8D1704760B1BFF345
:102E78005B8F00F15403002253E8000F43E8002160
:102E88000029F9D1BFF35B8F704700BF60B151B122
:102E98000139431E4218002013F8011F934280EAAB
:102EA8000100F9D170470846704700BFE0B170B51E
:102EB8001546DAB1072911D10378FD2B04460FD145
:102EC80005214679FFF7E2FF86420BD1A379FE2B55
:102ED8000ED1B4F801302B80002070BD022070BDE7
:102EE800032070BD042070BD01207047012070BD13
:102EF800052070BD8446E0B1C9B100B500EB010EF4
:102F08004FF6FF701CF8013B0822584000F00103FF
:102F180003EB830103EB413383EA5000531E13F0A4
:102F2800FF0280B2F2D1E645ECD15DF804FB084619
:102F3800704770470120704748B91D4B5B6903F023
:102F48000603062B0A46014609D000207047184B95
:102F58005B6903F00603062B4FF00002F5D14FF032
:102F68008043186A10F4807014D010B4114C206A91
:102F780010F480700BD0186810F0010007D020689A
:102F880010F0010003D0D86B904204D000205DF807
:102F9800044B70477047E26B8A42F7D1DB6B23B171
:102FA800E06BB0FA80F04009F1E70120EFE700BFDD
:102FB8000004024000040040F0B5044689B00D4604
:102FC800164600214822CDE90211CDE90411CDE9C8
:102FD80006111F4608F035FC41F2BF22E260256069
:102FE800602220460192FEF729FC20B1084B1E7092
:102FF800002009B0F0BD082201A92046FEF77AFC9E
:1030080010B9012009B0F0BD014B1F70F0E700BFF7
:10301800700B002010B5FDF7EDFE1B4B9B6813F4F9
:10302800E05F1A4B18BF4000984201D0002010BD45
:103038004FF08042906A0028F8D1154CA16A002907
:10304800F5D1D36A41F2BF208342EFD1E06A9842BA
:10305800ECD1D36903F07003602BE7D1E36903F087
:103068007003602BE2D1136A13F40073DED1216A76
:103078008905DBD4D3695B07D8D4E069C0F3800045
:1030880080F00100C0B210BD0038024000D8B80579
:10309800000400402DE9F0474FF08044A44FA54DAF
:1030A8000026814688463E70FEF73AFE236823F0E4
:1030B800010323602B6823F001032B6026612E6136
:1030C800BFF34F8F9C4B93F800A0BAF1000F41D08B
:1030D80008F1FF339BB241F2BE22934227D8FFF793
:1030E80029FF0646002848D008219448FEF752FBDD
:1030F800082106469248FEF74DFB002E40F0D98085
:1031080000283CD00B233B70FEF70AFE4FF08042AC
:10311800884B116821F0010111601968002021F025
:103128000101196010611861BFF34F8F0FE0082388
:103138003B70FEF7F5FD236823F0010323602B683D
:1031480023F001032B6026612E61BFF34F8F00200F
:10315800BDE8F08707233B70FEF7E2FD236823F004
:10316800010323602B6823F001032B60C4F810A02F
:10317800C5F810A0BFF34F8FE9E70923D8E76F4BD5
:103188001B68D8636E4B1B68D86301236062686252
:1031980063616B6120612861BFF34F8F694B5B6985
:1031A80013F0060F40F08380E36B002B7FD1EB6BAD
:1031B800002B7CD1636A002B79D16B6A002B76D106
:1031C8004FF080452B6ADA0571D45A4E336ADB0515
:1031D8006DD42B68DC076AD4336813F0010A66D112
:1031E80056480821FEF7D4FA0446002865D1544809
:1031F8000821FEF7CDFA002872D1BFF34F8F514B4B
:103208005B6913F0060F56D1EB6B002B53D1F36BB0
:10321800002B50D12B6AD8054DD5464D2B6AD905C0
:1032280049D54FF080463368DA0744D52B68DB0769
:1032380041D5DFF810A16FF0010300247462012268
:103248006C620621336150462B61FDF717FBBFF313
:103258004F8FDAF8143003F00603062B56D1374B9C
:103268001A68374B1B68B9F1000F4AD0D463C3F80A
:103278003C80BFF34F8F41464846FFF75DFE04464A
:1032880000287FF465AF32233B70FEF749FD4FF00D
:103298008042284B116821F001011160196821F062
:1032A8000101196014611C61BFF34F8F4FE72D2393
:1032B80029E70A2327E7302325E72E233B70FEF76B
:1032C8002FFD2B6823F001032B60336823F00103E3
:1032D8003360C5F810A0C6F810A0BFF34F8F36E7CB
:1032E8002F233B70FEF71CFD2B6823F001032B6096
:1032F800336823F0010333602C613461BFF34F8FCF
:1033080025E7C2F83C80C3F83C90B2E731233B7014
:10331800FEF706FD336823F0010333602B6823F0C2
:1033280001032B6034612C61BFF34F8F0FE700BF9F
:10333800700B002000040040040C0020BC0B00208F
:10334800740B00200004024008B5FEF7E9FC4FF0BA
:103358008042074B116821F00101116019680020B3
:1033680021F00101196010611861BFF34F8F08BD8A
:10337800000400400F4B586910F0060018D14FF0B8
:103388008043DA6B9AB90C49C86B88B91A6A12F487
:1033980080720CD1086A10F4807007D11B68DB07B3
:1033A80005D40868C04300F0010070471046704714
:1033B8000020704700040240000400402DE9F0435B
:1033C8006C4E6D4B6D4D6E4F4FF0000885B086F812
:1033D80000801A6B85F8008042F002021A631A6CAA
:1033E80042F003021A641A6B03921A6C039B4FF0A3
:1033F800804453400393039BFEF792FC236823F019
:10340800010323603B6823F001033B60C4F810808C
:10341800C7F81080BFF34F8F5A4B5B484FF4C02258
:103428009A615A6822F006025A609A6842F03C0291
:103438009A60DA6822F03C0242F02802DA601A68E0
:1034480022F03C0242F014021A601A6822F4401278
:1034580042F400121A605A6822F480625A609A682C
:1034680042F440129A60DA6822F44012DA605A6A2A
:1034780022F4706242F480725A621A6822F00302DF
:1034880042F002021A605A6822F001025A609A68F1
:1034980042F003029A60DA6822F00302DA601A6ADC
:1034A80022F00F0242F002021A6221460223012290
:1034B800FFF782FD18B33548042303223946FFF786
:1034C8007BFD8146E0B1FEF72BFC236823F0010366
:1034D80023603B6823F001033B60C4F81080C7F801
:1034E8001080BFF34F8FFFF795FD8046E0B1FFF7DF
:1034F80041FF60B301232B7005B0BDE8F08381461E
:10350800FEF70EFC236823F0010323603B6823F0D9
:1035180001033B60C4F81090C7F81090BFF34F8FB9
:10352800002005B0BDE8F08305233370FEF7F8FBF3
:10353800236823F0010323603B6823F001033B6009
:10354800C4F81080C7F81080BFF34F8FE8E7062350
:1035580001903370FEF7E4FB2368019823F0010320
:1035680023603B6823F001033B6020613861BFF3AF
:103578004F8FD5E7700B002000380240040C002064
:103588000004004000040240BC0B0020740B002023
:1035980001460120FFF77EBD01460020FFF77ABDF6
:1035A800014B1878704700BF700B002070B50E46AD
:1035B800044648B32C4BDD6B2C4B1B786BB1FFF7E3
:1035C800B9FC50B1ADB245B1731E9BB241F2BE22F7
:1035D800934202D8FFF71EFDD0B9254B32221A704C
:1035E800FEF79EFB4FF080421F4B116821F001014E
:1035F80011601968002021F001011960106118613B
:10360800BFF34F8F002070BD4FF08043DD6BD3E7D1
:1036180029462046FFF790FC0028DED0FCB1124B6B
:10362800DE63BFF34F8F20463146FFF785FC044623
:103638000028E8D10E4B32221A70FEF771FB4FF0CA
:103648008042094B116821F001011160196821F0CD
:103658000101196014611C61BFF34F8FD2E74FF06D
:103668008043DE63DDE700BF00040040040C002057
:10367800700B002038B50C4640B9A9B1FFF7CAFC59
:1036880080B12146BDE83840FFF756BC51B9054620
:10369800FFF7C0FC30B12C4621460020BDE8384079
:1036A800FFF74ABC002038BDBDE83840FFF762BECE
:1036B8000A4B002210B5DA601968094C21F00101A3
:1036C800196032201A615A622270FCF7ADFF32206D
:1036D800FCF7D6FFBFF34F8F10BD00BF000C0040B2
:1036E800090C0020F0B53149314E324C324A334D85
:1036F800002383B008603370237013702B70002888
:1037080051D02F4F2F49386C40F008003864386C7E
:1037180001900198CB60086820F0010008600B61F7
:1037280032204B621370FCF77FFF3220FCF7A8FFB2
:10373800BFF34F8FFDF75EFBBB68234A13F4E05FCE
:1037480018BF4000A0F51C53103B934226D81F4BCE
:103758001F4A00FB03F3B2EB331F1FD31D4A194B5B
:10376800A2FB0020400B1C4A013810600C221A6092
:10377800012600224FF0FF315A609A609A611A625E
:103788009862D96232205A6304215E611A61FCF79B
:1037980001FF304626702E7003B0F0BD122333703F
:1037A800002003B0F0BD11233370F9E7100C00209E
:1037B800070C00200A0C0020090C0020080C00202F
:1037C80000380240000C0040FFFF0F27917EFB3AB3
:1037D800B88D06005917B7D10C0C00202DE9F0411F
:1037E800354C364F364B002582B03D70E560226877
:1037F80022F0010222600646256132206562884671
:103808001D70FCF711FF3220FCF73AFFBFF34F8F12
:103818002C4A1278002A45D02B490A78002A41D030
:10382800002E3FD046453DD20A20A6FB0036A8FB15
:1038380000800643002E3CD14FF00C0E234E01921F
:10384800C4F800E03668A66208F1FF30E06201269D
:1038580003206363656266612561E0603220FCF7DE
:103868000FFF2068164B30431E702060BFF34F8F48
:103878002568019A1449354017D115223A700D7000
:10388800E560236823F0010323600D4B2561322096
:1038980065621D70FCF7C8FE3220FCF7F1FEBFF32D
:1038A8004F8F01E013223A700022104602B0BDE8A3
:1038B800F08114223A70F7E7000C0040070C002052
:1038C800090C00200A0C0020080C00200C0C002019
:1038D800034B187818B1034B186800F001007047C3
:1038E800090C0020000C0040024B187808B1024B6C
:1038F800187870470A0C0020080C0020014B187833
:10390800704700BF070C0020F8B5424B424C1A68BC
:103918002369002A57D0414E357825B313F4007136
:1039280011D03F483F49404F404D002303701920B4
:1039380008703B702B70022090473B7800222A7059
:103948004BB33A70F8BD13F0010036D113F00203FF
:1039580050D13449344F354D3B701A2008703049E6
:103968002B700B70E7E72E492E4B0D7002201821A3
:1039780019709047E560236823F001032360322023
:10398800256165623570FCF74FFE3220FCF778FE42
:10399800BFF34F8FF8BD204AD360116821F00101B1
:1039A80011603220136153623370FCF73DFE322000
:1039B800FCF766FEBFF34F8FF8BD1B4F1B4D3970E8
:1039C80029700120B8E71749154B1B2008701A7099
:1039D800E2602368114923F0010323603220226149
:1039E80062620A70FCF720FE3220FCF749FEBFF342
:1039F8004F8FF8BD23680C4F0C4D387013F0080337
:103A080006D001232B706FF002032361002093E797
:103A18002B70FBE7100C0020000C0040090C002064
:103A2800080C0020070C0020050C0020060C0020C4
:103A380038B5104B104D1B7800222A707BB10F4B04
:103A48001C7864B10E4A126940F203231A420BD162
:103A58003220FCF7DBFDBFF34F8F204638BD16231D
:103A68002B700024204638BD17242C70FFF74CFF1C
:103A78002C70F6E7090C0020070C0020080C002029
:103A8800000C0040F8B51F4B1C78002C38D01E4B9A
:103A98001C78002C34D01D4F3C78002C30D1831E6C
:103AA800802B05462CD81A4EF460336823F00103A6
:103AB80033603220346174623C70FCF7B5FD32200B
:103AC800FCF7DEFDBFF34F8F04233360114B05EB8A
:103AD80085001B68B36240004FF0FF33F3620A3879
:103AE800012303227063746273613461F2603B7076
:103AF800336843F001033360BDE8F840FFF798BF2F
:103B08000020F8BD0A0C0020080C0020090C002039
:103B1800000C00400C0C002070B51E4D1E4C2B787C
:103B2800616A626B23B32368DB0721D51B4B1B78C3
:103B3800F3B1831E802B1BD8266940F203231E4055
:103B480024D18A1A002A15DB154B30461B68984782
:103B5800E660236823F00103236032202661666251
:103B68002E70FCF761FD3220FCF78AFDBFF34F8F02
:103B7800002070BD00EB80000A3901EB4001616351
:103B8800BFF34F8FBDE87040FFF752BFFFF7BCFE91
:103B9800EEE700BF090C0020000C0040080C0020D4
:103BA800100C0020244A1378002B40D0234B1968AE
:103BB800C9073CD530B4224D2978002939D01C6971
:103BC80040F203210C4234D11968090731D55C6AE7
:103BD800D96A8C422DD2811E80292AD8596A00EBD5
:103BE80080000A3901EB40014FF0FF305963D86279
:103BF800196821F008011960BFF34F8F1278C2B11C
:103C08001B68DB0715D5287898B10C4A116940F272
:103C1800032319420DD1536A526B9B1A002B08DA01
:103C2800084B1B7833B1084B01221A7002E00020C0
:103C38007047002030BC7047090C0020000C004081
:103C4800080C0020060C0020050C0020F0B4274DBD
:103C58002B786BB1264C236813F0010308D0254E4E
:103C680033782BB1236940F20322134003D0002399
:103C78001846F0BC7047226812F00802F8D1636A4F
:103C8800676BDB1B002BF2DA0028F0D0884229D2C0
:103C9800822927D8636A00EB800003EB400001EB20
:103CA8008101013B03EB41036063E362236843F056
:103CB80008032360BFF34F8F2B78002BD8D02368DD
:103CC80013F00103D4D03378002BD1D0216940F20E
:103CD80003231942CBD1636AE26A93422CBF0023C3
:103CE8000123C5E713461846F0BC7047090C0020AD
:103CF800000C0040080C002038B51B4C94F85C30D0
:103D080013B994F85E3053B1184B1A78E06D10F07F
:103D1800FF101CBF164B186DC4E9040238BD0546D8
:103D2800FFF728FB11490A780028EFD0AAB1114BF8
:103D38000F481B68006DA5EB030C604511D822687D
:103D48000023501C2060C4E90133C4E915331A4626
:103D5800E36063640B701846DEE76368002BD5D018
:103D6800E5E70344581BD7E7180C0020880C00200F
:103D780038C10008800C00201B4B9A6A10B4C2F1AD
:103D88000102DC6802441444DC605C6AA24218D96F
:103D98005968121B11445960D96901291FD0134968
:103DA800134AD86201240C704FF480740421A3F8DC
:103DB8005C40996310600F4B5DF8044B00221A7049
:103DC80070474FF480720A4CA3F85C204A1E012AFF
:103DD800D86299632060EED85DF8044B7047996803
:103DE80011449960DBE700BF180C0020880C002004
:103DF800800C00208A0C00202DE9F04F5A4F3B78A8
:103E080083B0002B00F0A980584E96F85C30002B48
:103E180000F0A380DFF8609199F80030002B40F0A3
:103E28009C80DFF858A19AF80180B8F1000F40F0A3
:103E38009480336C023B012B00F28F80336BC31AE2
:103E4800002B044680F28980736BC31A002B80F222
:103E580084800D46BAF82400BAF82610FFF70AFC49
:103E680000287AD0424B7268DB6C9A4275D8706D24
:103E7800716B0344A1EB040B9B1A9B4528BF9B461F
:103E8800BBF1010F66D9584504D2121A5A44726020
:103E9800C6F854B0B36C42F23312591E91425CD842
:103EA80041F2BF2245F6BF500021E3FB0201002387
:103EB80045F6C052FCF76CF983B21946012001930C
:103EC800FFF774FB002848D001990020FFF7D2FBC8
:103ED800002842D03B78002B3FD099F80030002BC7
:103EE8003BD1FCF72DFB5C44031B002B35DA201A71
:103EF800FFF758FE88B33B787BB399F8003063BB73
:103F0800FCF71EFB336BC31A002B26DA736BC31A3C
:103F1800002B22DA96F85C3013B12946FFF72CFF04
:103F2800019BB16CAAF82630072201238AF80020E9
:103F38000022CAE902B4F0643465CAF8104086F871
:103F48005E308AF80230CAF80410AAF824208AF8E9
:103F5800283004E0074B01221A704FF0030840464E
:103F680003B0BDE8F08F00BF8A0C0020180C0020B9
:103F780038C10008880C00208B0C0020900C002011
:103F8800134BDA6CD968C2F1010210449A6D0244ED
:103F98009A655A6D01449042D96012D930B4596873
:103FA8000C4C0D4D891A01440120002220705960E3
:103FB800042000212A70986330BC5A6583F85E108B
:103FC8007047121A00215A6583F85E10704700BFC7
:103FD800180C0020880C00208A0C0020F8B5104D21
:103FE80095F85C3095F85E7006460C46ABB1FFF765
:103FF800C3FE95F85E3013B13046FFF7C1FF2FB10D
:10400800AB6B084A042B166018BFAC63013C012C4B
:1040180002D9054B00221A70F8BD3B46EBE700BFFA
:10402800180C0020800C00208A0C002010B5244BAE
:10403800044668BB93F85C20A2B993F85E2052BB93
:10404800FFF782F9FCF77CFA0121FFF7C7FFFFF7BA
:104058002FFB1C4A1C491D4B0020107001220C70BC
:104068001A7010BD1A4A5278002AE6D11A6C023A20
:10407800012AE2D8FCF764FA0121FFF7BDFE002807
:10408800EFD0FFF761F90224FCF75AFA0421DCE7C4
:1040980093F85E2032B11A6D5B6B9A4208D00D4BD3
:1040A80001241C70FFF750F9FCF74AFA0421CCE709
:1040B800FFF74AF90124FCF743FA0421C5E700BFDA
:1040C800180C0020100D00208C0C00208B0C0020F8
:1040D800900C0020880C002010B5FFF735F9FFF789
:1040E800E7FAFEF727FF104C80F0010084F829005A
:1040F800FFF740F984F82A0018B1FFF7E9FB48B93F
:1041080010BD94F82B301BB942F60403A4F82B30E9
:10411800042010BD94F82B301BB942F60313A4F801
:104128002B30032010BD00BF900C002070B54C4C04
:104138002378062B054636D0FDB1FFF705F9FCF7C5
:10414800FFF90421FFF74AFFFEF7F4FE80F00100B3
:1041580084F82900FFF70EF984F82A0000284AD0CD
:10416800022D36D0012D4FF0000068D00322002325
:10417800A270636284F8283070BDFEF7DBFE80F021
:10418800010084F82900FFF7F5F884F82A0090B3B5
:104198002378052B284659D001220023A270636298
:1041A80084F8283070BD2F4B9E6B042EC4D1FFF7C6
:1041B800CBF8FCF7C5F93146FFF710FFFEF7BAFE5A
:1041C80080F0010084F82900FFF7D4F884F82A0069
:1041D80088B1FFF793FB94F82B200346002A3CD1C3
:1041E80000284FF0030208BF2C23104684F82B2028
:1041F80084F82C30D1E7FFF7A7F8FEF79BFE80F094
:10420800010084F82900FFF7B5F884F82A00FFF7C1
:10421800C7F994F82B3083B900284FF0040508BF7C
:1042280022200322002384F82C0084F82B50A2704B
:104238002846636284F8283070BD042096E702227D
:104248000023A270636284F8283070BD0422002322
:10425800A270636284F8283070BD032002469CE790
:10426800900C0020180C002070B514461D46B8B9F3
:104278004A1E42F233139A422BD854B34DB32080CE
:10428800024645F6BF5341F2BF20E1FB0032184613
:104298001146002345F6C052FBF77AFF288016E046
:1042A800012816D14B1E632B12D88AB185B100267E
:1042B80041F2BF2245F6BF503346E1FB02031946DF
:1042C80045F6C0520023FBF763FF20802E800020B4
:1042D80070BD012070BD00BFF8B5404D404E0024B0
:1042E800FFF732F830220021284607F0AAFA2146C3
:1042F80060223C48347007F0A4FA3B4A3B4B1470E8
:104308001C70FCF71DF93A4B2C701860394BA5F856
:104318002B4001271F70384B1C70384B1C70384BD2
:1043280002221A70FEF706FE784085F82900FFF78A
:1043380021F885F82A00FFF741F888B13148FFF7DE
:10434800D1F980B33770FEF7F5FD80F0010085F8EC
:104358002900FFF70FF885F82A00D8B12046F8BDE4
:10436800FEF7F2FFFEF7E6FD784085F82900FFF733
:1043780001F885F82A00FFF713F995F82B303BB9B7
:10438800A04208BF2C20042385F82B3085F82C0088
:104398000420F8BD95F82B30002BF9D141F60443E1
:1043A800A5F82B30F4E7FEF7CFFFFEF7C3FD80F04A
:1043B800010085F82900FEF7DDFF85F82A00FFF7E0
:1043C8009DFA95F82B303BB9002808BF2C20032311
:1043D80085F82B3085F82C000320F8BD900C0020C0
:1043E8008D0C0020180C00208A0C0020890C00205D
:1043F800800C0020880C0020100D00208B0C002061
:104408008C0C00203540000870B5EFF3108672B6AA
:10441800BFF35F8F2C4B2D4C00251D70FEF794FFCA
:10442800FCF78EF80321FFF7D9FD294B1D70FFF724
:104438003FF9284A284B15700222C4E90155C4E9FE
:1044480003552570656284F828501A70FEF772FDCE
:1044580080F0010084F82900FEF78CFF054684F8F7
:104468002A00FFF735FA2DB1F0B9BFF35F8F86F355
:10447800108870BD94F82B301BB942F60423A4F8B9
:104488002B30FEF761FFFEF755FD80F0010084F840
:104498002900FEF76FFF034684F82A300420BFF393
:1044A8005F8F86F3108870BD94F82B301BB942F6E5
:1044B8000333A4F82B30FFF7FBF80320BFF35F8F1B
:1044C80086F3108870BD00BF100D0020900C0020EE
:1044D8008A0C00208B0C00208C0C00202DE9F04168
:1044E8006C4C23783BB16C4A002310782370BDE8EC
:1044F800F041FFF71BBE03F0FF070546FEF71AFD64
:10450800664E80F0010086F82900FEF733FF237815
:1045180086F82A0003F0FF0833B15F4B187827703C
:10452800BDE8F041FFF702BE96F828301BBB002813
:1045380044D0FFF7CDF970B9FFF7D6F90346002844
:104548003AD12278002A62D0534A10782370BDE805
:10455800F041FFF7EBBDFEF7F7FEFFF7A9F896F875
:104568002B300322B2701BB942F60313A6F82B3086
:104578000320BDE8F081FFF7B7F90346B8BB2278FE
:10458800002AE1D1FFF7BAF996F82B303BB9002899
:1045980008BF2320032386F82B3086F82C00FEF76B
:1045A800D3FEFFF785F8BDE8F0410220FFF7BEBD56
:1045B8003B4B1B68002B51D10020DAE7FEF7C4FE05
:1045C800FFF776F8FEF7B6FC80F0010086F82900C0
:1045D800FEF7D0FE96F82B3086F82A000322B27038
:1045E8001BB942F60403A6F82B300420C1E7FFF7F5
:1045F8006FF90346D0B92278002AA5D196F82B3056
:10460800002BCCD142F20343A6F82B30C7E7FFF7C3
:1046180075F996F82B30002BAAD1002808BF232063
:10462800032386F82B3086F82C00A1E73369E81AB3
:10463800002809DB237823B3174B187884F8008007
:10464800BDE8F041FFF772BD96F82A30002BB3D0D1
:10465800144B1B7813B13378052BA9D02378002B82
:104668007FF441AF96F82B301BB942F20463A6F8E9
:104678002B30FEF769FEFFF71BF80220FFF756FD07
:10468800B3E796F82B30002B89D142F20353A6F8F2
:104698002B3084E78B0C00208C0C0020900C002021
:1046A800FC0C0020100D0020F8B5564C23789A1FFA
:1046B800012A29D9052B0DD1534E337803F0FF0574
:1046C80043B9524F3B781BB194F82830002B6FD177
:1046D8003378BBB1FEF72EFC80F0010084F8290086
:1046E800FEF748FE94F8283084F82A004BB1464E6D
:1046F800337823B994F829300BB900284BD0337894
:104708005BBB00252846F8BDEFF3108672B6BFF3F1
:104718005F8F3D4B1B7803F0FF058BBB3C4B1B7831
:104728009BB394F8283083B33A4BDB6D13F0FF1F2B
:104738002BD063784BBBFFF7CBF830B3FFF7D4F837
:1047480018B3FEF7F7FB00B3FEF714FEE8B9E18CE7
:10475800A08CFEF78FFF054617E0FEF7EBFB80F015
:10476800010084F82900FEF705FE054684F82A00B2
:104778000028C7D0FFF7ACF880F00105EDB2C1E71B
:10478800FEF7F8FD0546002836D1BFF35F8F86F3A4
:1047980010882846F8BDFFF79BF80028AFD0FFF730
:1047A800A3F805460028AAD03378002BA7D1A9E79B
:1047B800FFF79AF800288BD0FFF78AF8002887D0EF
:1047C800FEF7B8FB002883D0FEF7D4FD124B1B6818
:1047D800B3FA83F35B0983427FF47AAFE18CA08C50
:1047E800FEF748FF337800283FF473AF002B7FF4BF
:1047F80071AF3D78EDB285E7FFF76AF880F0010503
:10480800EDB2C2E7900C00208B0C0020100D0020A8
:104818008A0C0020180C0020FC0C0020F8B5324D42
:104828002B7873BBFEF786FB304C80F0010084F8D0
:104838002900FEF79FFD2B7884F82A00064603BB63
:1048480094F828300BB3FFF72FFF2B78C0B9C3B902
:10485800FEF77AFDFEF72CFFFEF76CFB80F00100F7
:1048680084F82900FEF786FD2B7884F82A0043B9DE
:1048780094F82B306BBB42F20473A4F82B3028E079
:10488800DBB1BDE8F840FFF727BCFFF721F8074682
:10489800FEF75AFD94F828308BB1FEF74BFB80F0F9
:1048A800010384F82930FEF765FD2B7884F82A0087
:1048B800002BE6D130B12EB16FB90020F8BDFEF75C
:1048C800F7FEEAE794F82B301BB942F60403A4F884
:1048D8002B300420F8BD94F82B301BB942F6031393
:1048E800A4F82B300320F8BD8B0C0020900C00207E
:1048F80010B5FEF71FFB054C80F0010084F8290075
:10490800FEF738FD84F82A0010BD00BF900C002087
:1049180010B5FEF70FFB114C80F0010084F8290058
:10492800FEF728FD0E4B84F82A001B780BB90020EF
:1049380010BDFEF7D9FF0028F9D094F828304BB9FC
:1049480094F82A000028F3D0FEF7C2FF80F0010097
:10495800C0B210BDBDE81040FFF7A6BE900C002005
:104968008D0C002010B5FEF7E5FA054C80F001002B
:1049780084F82900FEF7FEFC84F82A00204610BDC2
:10498800900C002001207047F8B5044615461E46D5
:10499800EFF3108772B6BFF35F8FFBF7D1FD164AAE
:1049A8001278034602F0FF000AB12CB10020BFF3D1
:1049B8005F8F87F31088F8BD10490A78002AF5D16F
:1049C8000F4C2478002CF1D1A5F1030C4EF65D2292
:1049D800944501D9002DE9D1002EE7D12B44094A8D
:1049E800003D18BF01251570074A1360074B1E606C
:1049F80001230B70DBE700BF100D0020F00C002036
:104A0800000D0020EF0C0020E80C0020DC0C00203A
:104A1800F8B504461746EFF3108672B6BFF35F8FFA
:104A2800FBF78EFD174B1B7803B12CB10020BFF3A9
:104A38005F8F86F31088F8BD134B1B78002BF5D0D9
:104A4800124C2378002BF1D1FB1E012BEED8104B12
:104A58001B78054623B10F4B1B681B1ABB42E5DDCB
:104A6800FFF722FE0028E1D00B4B0C492F44C3E985
:104A780006570B4B1F600B4B1D6001230B702370F7
:104A8800D5E700BF100D0020F00C0020ED0C002031
:104A9800EF0C0020E80C0020900C0020EE0C002009
:104AA800E40C0020D40C00200346EFF3108172B60A
:104AB800BFF35F8F094A127802F0FF000AB12BB1E9
:104AC8000020BFF35F8F81F310887047044B18787C
:104AD8000028F6D0034B01221A70F2E7100D0020CF
:104AE800EE0C0020EC0C00202DE9F04F074683B0B7
:104AF8001446EFF3108672B6BFF35F8F744DFBF761
:104B08001FFD2B78002B00F0B280002F40F0AF8003
:104B1800704B1B78002B00F0BE80DFF8E88198F816
:104B28000030002B00F0B7806B4B1B78002B00F097
:104B3800B280002CC0F2AF80684B1B68A342C0F261
:104B4800AA80DFF8C491664FD9F80030A342C0F2BA
:104B5800A3803B78002B40F09F80624B1B681B1A98
:104B6800012B834640F39880DFF8A0A1DAF80030E3
:104B78001B1A012B40F390805B4B1B782BB15B4BCE
:104B88001B681B1A012B40F38780FFF78DFD002857
:104B980000F08280FEF74CFF00287DD0002C00F04A
:104BA8008B8042F234139C4276D841F2BF2345F6FB
:104BB800BF500021E4FB030145F6C0520023FBF778
:104BC800E7FA83B2194601209B46FEF7EFFC00285E
:104BD80062D0FEF7CFFB00285ED159460020FEF7D1
:104BE80049FD002858D0FEF723FF002854D02B7821
:104BF800002B51D03B78002B4ED1FBF7A1FCDAF803
:104C08000020A2EB000ABAF1010F034644DD364A40
:104C180012783AB1354A1268121A012A3CDD9245D7
:104C280028BF924650460193FEF776FF002833D0FE
:104C3800FEF7FEFE80B32A7872B3397801F0FF02DE
:104C480051BB2B4D019B6969C9F8004053440131A0
:104C5800C5E90431EB60274B6C601A70264B88F865
:104C68000020AA84A5F826B014461A7001E0204D49
:104C78000124FEF75FF980F0010085F82900FEF7AE
:104C880079FB85F82A00BFF35F8F86F310882046EA
:104C980003B0BDE8F08F124F00232B70FEF754FBD2
:104CA800FEF706FD3B7823B9144A0221012311704F
:104CB8003B700F4D0424DCE7FEF746FBFEF75AFB7A
:104CC8000028E9D00E4BC3F800B0A34685E700BF23
:104CD800100D0020F00C0020000D0020DC0C00203E
:104CE8008B0C0020E40C0020EF0C0020E80C0020C6
:104CF800900C0020EC0C0020D80C00208C0C00201C
:104D0800F40C0020EE0C0020FC0C0020E00C00202D
:104D1800F8B5044615461E46EFF3108772B6BFF382
:104D28005F8FFBF70DFC2E4B1B7803B12CB10020D5
:104D3800BFF35F8F87F31088F8BD2A4B1B78002BD1
:104D4800F5D0294C2378002BF1D1002DEFD0B542B6
:104D5800EDD2264B26491B680A68023B9B1AB342D0
:104D6800E5D33244801A0028E1DA224B1A68002A77
:104D78002FDD214A0698D2F800C0844501DB0028BF
:104D8800D5DD069A42F234108242D0DC079A002A16
:104D9800CDDB9445CBDBFFF787FC0028C7D014494F
:104DA800144B0A681B681644069A9A42A8BF1A460A
:104DB800124B1A60124B069A1A60124B079A1A6025
:104DC800114B1D60114B1E60114B1E620123237095
:104DD800AEE7ACD10F4A1268002ACADAA7E700BFCB
:104DE800100D0020EE0C0020D80C0020E40C002050
:104DF800D40C0020FC0C0020DC0C0020C80C002087
:104E0800C40C0020C00C0020D00C0020CC0C0020CA
:104E1800900C0020F80C0020164B1A78034602F07C
:104E2800FF0032B31BBB144A107810B3134A107832
:104E3800F8B11348134A10B5046812681248091BE0
:104E480021EAE1719142006810D2104C24684FEABF
:104E5800E17C001B4FEAE07E00FB0CFC01FB0ECC62
:104E6800A0FB01016144FBF793F9204410BD002029
:104E780070477047100D0020D80C0020EE0C002061
:104E8800D40C0020D00C0020C40C0020C80C00203A
:104E98002DE9F84F044690461D46EFF3108672B68A
:104EA800BFF35F8FDFF8D091FBF74AFB99F800302A
:104EB800002B00F08680002C40F08380B8F1000FB2
:104EC8007FD0002D7DD05F4B2C701B78002B00F01D
:104ED8008B805D4B5D4C1B78002B00F0868023781F
:104EE800002B40F082805A4B1B681B1A012B074687
:104EF8007BDD584B1B681B1A012B76DD564B1B7844
:104F080023B1564B1B681B1A012B6EDDFFF7CCFB38
:104F180000286AD0524BDFF864A11B68DAF800B0A9
:104F2800FB1A002B394671DA0020FFF775FF83451D
:104F380005465ADC4B4B1B68834256DB002854DB82
:104F4800FEF776FD002850D0DAF800B0AB4570D0F7
:104F58006A1E42F233139A4247D841F2BF2345F6FC
:104F6800BF500021E5FB030145F6C0520023FBF7C3
:104F78000FF987B2BBF1000F5DD039460120FEF76B
:104F880015FB90B339460020FEF774FB68B3FEF7B3
:104F98004FFD50B399F800303BB3237803F0FF027C
:104FA8001BBB314CCAF800506369A28401336361AA
:104FB8002E4B65600122E7841A60C8F8005000276C
:104FC80001E0294C0127FDF7B5FF80F0010084F8C6
:104FD8002900FEF7CFF984F82A00BFF35F8F86F324
:104FE80010883846BDE8F88F184C002389F800303F
:104FF800FEF7AAF9FEF75CFB237823B91C4A0221C5
:10500800012311702370184C0427DCE7194B1C6826
:105018005C45A8BF5C4622460020FFF765FD0746B1
:1050280008B1114CCFE70123C8F800400E4C2B7093
:10503800C9E70D4CC1E73846FEF7AAFA0028A1D106
:10504800D3E700BFD80C0020EE0C00208B0C00200A
:10505800E40C0020E00C0020EF0C0020E80C0020FD
:10506800CC0C0020C40C0020900C0020F80C002070
:105078008C0C0020C00C0020100D0020FC0C00201F
:105088002DE9F04F074689B014461E46EFF3108904
:1050980072B6BFF35F8FDFF804830023ADF81C30CE
:1050A800ADF81E30FBF74CFA98F80030002B49D0C9
:1050B800002F47D1189B002B44D0199B002B41D0BF
:1050C800DFF8DCB29BF800300546002B30D1A44B4A
:1050D8001B78002B4AD0A34B1B7823B1A24B1B682B
:1050E800EB1A002B0FDAA14B1B78002B00F05C8128
:1050F8009F4B1B68EB1A002B05DA179B002B3CDC37
:10510800179B64333EDADFF89CA29A4F002388F895
:105118000030FEF719F9FEF7CBFA9AF800302BB9F0
:10512800954B02221A7001238AF8003004240BE000
:10513800924BD3E90023A21A66EB0303012A73F109
:105148000003C4DA8B4F0124FDF7F4FE80F0010060
:1051580087F82900FEF70EF987F82A00BFF35F8F5A
:1051680089F31088204609B0BDE8F08F179B002B03
:10517800C6DD7E4B1B78002BC5D0179A42F234133C
:105188009A42C0DC149B822BBDD8159B142BBAD82D
:10519800169B012BB7D97A4B1B7823B1794B18781A
:1051A800002800F00C81DFF8FCA19AF80030002BF1
:1051B800ABD1149B022BA8D9DDE914329342A4D9B0
:1051C800129B159AEB1A93429FD8149A013A9A4265
:1051D8009BD9169B642B98D8FDF7ACFE002894D079
:1051E8009BF80030002B40F01B81624F199A002376
:1051F8001370179B002B40F3F480634B1A68002A46
:1052080040F01F810123614A1268002A40F055814D
:10521800544B129A14991B780A440292521B00921A
:1052280033B1514B1B685B1B9A4228BF1A46009248
:105238004E4B1B78002B00F0D080524B1B78002B74
:1052480000F00181524B179A1B689342B4BF0023A8
:1052580001230393464B009A1B685B1B934228BFAC
:10526800134601939BF800300198002B00F0AF80A3
:10527800FEF752FC80F00103DBB2002B7FF446AF4F
:1052880098F80030002B3FF441AF9AF80030002B1B
:105298007FF43CAF179B002B40F0D7803A4B1A683D
:1052A8000AB13C4A15600493FEF74EF8FEF762F81F
:1052B800049B00283FF42AAF0593FEF7B9FB0028AA
:1052C8003FF424AF98F80020002A3FF41FAF9AF863
:1052D800002002F0FF030493002A7FF417AF039A1B
:1052E800059B9AB100980393FEF716FC00283FF43B
:1052F8000DAFFEF79DFB00283FF408AF1B4A049B47
:1053080013701F4A1370009B0193039B019A2A4450
:105318001546179A1A607B6901337B61174BC3E9FD
:105328000046012387F828308BF8003005233B70AE
:10533800D30F7B7082EAE273A3EBE2737B60BDF864
:105348001C30BB84BDF81E30FB84189B0024C7E9C1
:105358000355BC70BC601A600F4B029A1A60F3E6E2
:10536800F00C0020EF0C0020E80C0020EE0C0020D0
:10537800E40C0020900C00208C0C0020080D00206C
:10538800D80C0020EC0C0020FC0C0020F80C0020AD
:10539800DC0C0020F40C0020E00C0020100D002094
:1053A800000D00208B0C0020534B179A1B6893426A
:1053B800FFF6A9AE179B002B3FF7A5AEA0E629463E
:1053C800FFF72AFD179B9842BFF6EDAE9BE6FEF766
:1053D80059FB80F00103DBB24FE70393009B019375
:1053E80040E71AD0454B1A68002A63D04FF0FF32C5
:1053F80043490093096891423FF40AAFFDF7A4FFBF
:10540800FDF7B8FF00283FF481AE3E4A009B1560C7
:1054180000221A60199A0123137000231793F7E6E4
:10542800FEF756FA00283FF470AEFFF73DF9364F05
:1054380000283FF46BAEFB68EB1A002BFFF6D6AEE4
:1054480064E60122D4E7039304E7179880EAE07141
:105458000028A1EBE0710DF11E03CCBF0020012054
:1054680007AAFEF701FF00287FF450AE234B1A6805
:10547800002A30D0179A0493002ACBBFBDF81E101B
:10548800BDF81C1001200020FEF790F8049B04933F
:1054980000283FF43BAEFDF76DFF00287FF436AEE1
:1054A800179B174A002BD4BF4FF0FF310121049BF3
:1054B800116001E74FF0FF33A5E69A423FF4A8AE2A
:1054C800104B169A1B68EB1A9342BFF4A1AE199AB7
:1054D80001231370A1E7179A0493002A05DDBDF88C
:1054E8001E00FEF755F8049BD1E7BDF81C00FEF737
:1054F80053F8049BCBE700BFDC0C0020FC0C002019
:10550800F80C0020F40C0020900C0020F0B50546A3
:1055180099B0EFF3108672B6BFF35F8FFBF710F800
:10552800184C0746FEF7E8FB60222146684606F05D
:10553800B5F994F85C20E368D4E915CE1AB1A26AEB
:1055480001339B1A3B4494F85E205AB1E26CC2F1D5
:105558000102D01960450344864434BFACEB000C0B
:105568004FF0000CBFF35F8F86F310886022694606
:105578002846CDE915CE039306F090F9284619B0D0
:10558800F0BD00BF180C0020054B1B781BB1054B64
:105598001B68834201D000207047FFF7B9B900BFEC
:1055A8008A0C0020840C002070B50C46EFF310859F
:1055B80072B6BFF35F8FFAF7C3FFFEF79DFB14B116
:1055C8001F4B1B782BB10120BFF35F8F85F3108829
:1055D80070BD1C4E3378002BF5D11B4B1B78002B6C
:1055E800F1D11A4B1B78002BEDD0194B93F82830CA
:1055F800002BE8D1174B1B78002BE4D1FDF7BAFE3E
:105608000028E0D0FEF764F90028DCD1FEF76CF939
:105618000028D8D0FDF78EFC0028D4D00E490B689E
:1056280001330ABF01221A46134623600A600B4B56
:105638000B4A002001213170107083F85D00C3E728
:10564800880C00208A0C0020100D00208D0C0020F2
:10565800900C00208B0C0020840C0020180C0020DB
:10566800890C00202DE9F04F054687B00C4690467E
:105678001F46EFF3108972B6BFF35F8FFAF760FF2A
:1056880044B1DFF840A09AF800301BB10B4B1B68FF
:10569800AB4219D00A4D0124FDF74CFC80F0010003
:1056A80085F82900FDF766FE85F82A00BFF35F8FAD
:1056B80089F31088204607B0BDE8F08F840C0020DD
:1056C800900C00208A0C0020DFF8ECB29BF85C30CC
:1056D800002BDFD19BF85E30B14D01931A4695F847
:1056E800283006460BB1002AD5D0AE4B1B78002BCC
:1056F800D1D19BF85D30002BCDD1AB4B1B7843B19A
:10570800AA4B4046D3E90023394601F077FE00282A
:10571800C1D03046FEF7F0FAA54B1B78002B40F0BD
:105728005081109BF31A142B00F24B81FFF7F0F80D
:10573800002800F04681019B002B00F05881FDF7FE
:1057480019FE002840F03D81FEF772F9002800F0AC
:1057580038819AF80030002B00F03381914B1B7888
:10576800002B40F02E81DBF85030F31A002B80F22A
:105778002881DBF83430F31A002B80F2228121686B
:10578800012900F01E818B1E012B00F21A81894B22
:105798006269D3F888008242C0F01381D3F88C0084
:1057A800824200F20E81D3F890C0B2FBFCF00CFBF1
:1057B8001022002A40F005812269022A00F048815F
:1057C800032A40F0FE80032940F0FB80D4F80CE067
:1057D800D86B8645C0F0F580186C864500F2F180DC
:1057E800D3F844C0606870450246C0F0EA80A0EB78
:1057F8000E00604500F2E580586A0392824200F28A
:10580800E080A0681A6B9042C0F0DB80DA6A0490EE
:10581800904200F2D6809A6A039802FB0EF2B2FB1D
:10582800F0FCD3E91A0284452CBF6244121804988C
:105838000292904240F0C580109A029882320492F7
:10584800921B904280F0BD80574A127832B1DBF843
:105858002C20986CB21A8242C0F0B3809BF85E206C
:1058680032B1304605930391FEF78AFB059B0399F5
:105878009AF80020002A00F0A480DBF8042002989F
:1058880000EB020CDA6C944500F2EF80012900F07D
:10589800F3806368CBF804C00393049B434ACBF8B6
:1058A8003430DBF81830CBF81C10C2E90087E26806
:1058B800CBF83C20013322690399CBF84020626978
:1058C800CBF81830384B0298CBF8482001241C70CC
:1058D8004A1E42F2331300EB060800279A42CBF81F
:1058E8002860CBF82010CBF82400CBF83080CBF818
:1058F800387066D841F2BF2245F6BF503B46E1FBFF
:105908000203194645F6C0520023FAF741FC08F194
:10591800FF33EB606B6903996960013302996B612E
:1059280006232B80019B85F8284084B2481EAF705F
:10593800AF84C5F81080EC84A860002B00F0B68016
:10594800FEF784F980F00103DBB2002B39D101277F
:105958008BF85C70FEF76CF898B39AF8003083B354
:10596800104B1B786BBB019B002B00F0A6803846C0
:105978002146FDF71BFE20B321460020FDF77AFEE5
:10598800F8B1FDF7F7FCE0B9FEF752F8C8B19AF89C
:105998000030B3B1034B1B7803F0FF040EE000BFE7
:1059A800900C00208B0C0020890C0020780C002023
:1059B800880C002038C10008180C0020002B3FF488
:1059C8006BAEFDF7C1FC30460521FEF707FB00234F
:1059D8008AF80030FDF76CFE3B4B1B782BB93B4B2C
:1059E80002221A70384A01231370042454E6FDF782
:1059F800C1FC0028E5D0FDF76BFF0028E1D1216844
:105A080001297FF4C0AE6369002BDAD1216901292D
:105A1800D7D12F4BE068D3F804C06045D1D1606876
:105A280084450246CDD8D86F8242CAD8A2EB0C0270
:105A3800D3F874C0B2FBFCF00CFB1022002AC0D1D2
:105A4800DA6802921046A26882423FF4F5AEB8E7DF
:105A5800D4F80CE058698645B3D398698645B0D820
:105A6800022906D0D3F820C0BCE61A4A01231370D5
:105A7800A7E78645F6D0A4E7DBF8082002EB000E7E
:105A88001A699645F1D8D3F8803005936368029A6D
:105A980003931846DBF8443000FB0233059A93421F
:105AA800E3D8CBE901CECBF84430F6E60299FDF70E
:105AB80095FE80F00103DBB247E72046FDF768FD5D
:105AC80000287FF459AF7CE78B0C00208C0C002059
:105AD80038C10008880C00202DE9F84F0446EFF380
:105AE800108672B6BFF35F8F4B4DFAF729FD2B78FE
:105AF8001BB14A4B1B68A34212D0494C0125FDF744
:105B080019FA80F0010084F82900FDF733FC84F8C5
:105B18002A00BFF35F8F86F310882846BDE8F88F08
:105B2800404F97F85C30002BE7D0DFF804813C4CFD
:105B380098F8002002F0FF0942BB62781AB93A6C63
:105B4800023A012A3DD9FDF7FFFBFAF7F9FC824634
:105B5800FDF76EFFE0B198F8003003F0FF0BBBB91A
:105B68002B78ABB13B6BAAEB0303002B10DA7B6BF2
:105B7800AAEB0303002B0BDA50460221B9F1000F00
:105B880021D0FEF739F980BB0025B8E70125B6E733
:105B9800FDF7DAFB50460421FEF720FA0422224BD7
:105BA800BA6300222A7001251D70FDF781FD98F85F
:105BB800003023B91D4B02221A7088F800500325C3
:105BC8009DE79946C1E7FEF709FAFDF771FD012344
:105BD800A370C4F8249084F82890FDF7CBFB002824
:105BE800D2D185F80090042589E7FDF7ADFBFAF7D7
:105BF800A7FC0421FEF7F2F985F800B0FDF758FD7F
:105C080098F80030002BDAD1084B02221A700123D1
:105C180088F80030D3E700BF8A0C0020840C0020ED
:105C2800900C0020180C0020880C00208C0C002000
:105C38008B0C00202DE9F84F04460D4690461F4670
:105C4800EFF3108A72B6BFF35F8FDFF8F090FAF7C0
:105C580077FC99F800301BB1334B1B68A34207D07F
:105C68000024BFF35F8F8AF310882046BDE8F88FC1
:105C7800DFF8CCB09BF85D30002BF1D0DBF81830A2
:105C8800AB42EDD19BF85C30002BE9D1274B93F860
:105C9800283006461BB19BF85E30002BE0D0244D1F
:105CA8002B78002BDCD1DBF83830013B012BD7D81F
:105CB800204B4046D3E90023394601F09FFB0028DA
:105CC800CED00A9BF31A142BCAD81B4B0A999A6C8C
:105CD800DBF82C30CB1A9342C2DBFEF719FE0446E0
:105CE8000028BDD09BF85E30C3B1DBF85030F31A02
:105CF800002BB5DADBF83430F61A002EB0DAFDF7EF
:105D080097FE0028ACD099F80030002BA8D02B784B
:105D1800002BA5D100238BF85D30A2E7FDF72AFB05
:105D28000028F7D19CE700BF840C0020900C0020CD
:105D38008B0C0020780C002038C100088A0C002049
:105D4800180C0020D0ED027A9FEDE37AF0EEE76AB6
:105D5800F4EE476AF1EE10FA00F28782F5EEC07AA7
:105D6800F1EE10FA00F18182DFEDDC6AF4EEE67AFA
:105D7800F1EE10FA00F37982D0ED037AF0EEE76ADB
:105D8800F4EE476AF1EE10FA00F26F82DFEDD46AA2
:105D9800F4EEE67AF1EE10FA00F16782F7EE006AA7
:105DA800F4EEE67AF1EE10FA00F35F82D0ED047AB1
:105DB800F0EEE76AF4EE476AF1EE10FA00F2558267
:105DC800DFEDC86AF4EEE67AF1EE10FA00F14D82E2
:105DD800DFEDC56AF4EEE67AF1EE10FA00F34582DB
:105DE800D0ED057AF0EEE76AF4EE476AF1EE10FAC4
:105DF80000F23B829FEDBB7AF4EEC77AF1EE10FA1F
:105E080000F133829FEDB97AF4EEC77AF1EE10FA19
:105E180000F32B82D0ED067A9FEDAF7AF0EEE76AB9
:105E2800F4EE476AF1EE10FA00F21F82F7EE006A0C
:105E3800F4EEE67AF1EE10FA00F117829FEDAC6A03
:105E4800F4EEC67AF1EE10FA00F30F82D0ED077A7D
:105E5800B0EEE76AB4EE476AF1EE10FA00F2058296
:105E6800F5EEC07AF1EE10FA00F1FF819FEDA16A1C
:105E7800F4EEC67AF1EE10FA00F3F781D0ED087A65
:105E8800B0EEE76AB4EE476AF1EE10FA00F2ED817F
:105E9800F4EEE67AF1EE10FA00F1E781DFED8F6AB1
:105EA800F4EEE67AF1EE10FA00F3DF81D0ED095A4C
:105EB800F0EEE57AF4EE477AF1EE10FA00F2D581C9
:105EC800DFED8D7AF4EEE75AF1EE10FA00F1CD81AC
:105ED800F5EEC05AF1EE10FA00F3C78190ED0A6AA8
:105EE800F0EEC67AF4EE477AF1EE10FA00F2BD81D0
:105EF800B5EEC06AF1EE10FA00F1B781DFED7F7AF6
:105F0800B4EEE76AF1EE10FA00F3AF81D0ED0B7A48
:105F1800B0EEE75AB4EE475AF1EE10FA00F2A58156
:105F28009FED777AF4EEC77AF1EE10FA00F19D81D1
:105F3800F4EEE67AF1EE10FA00F39781D0ED0C6AF0
:105F48009FED657AB0EEE65AB4EE475AF1EE10FAD4
:105F580000F28B81F5EEC06AF1EE10FA00F185814E
:105F6800B7EE005AF4EEC56AF1EE10FA00F37D813F
:105F780008B52DED0A8B90ED0DBAF0EECB6AF4EE74
:105F8800476AF1EE10FA00F26C81B4EEC5BAF1EE90
:105F980010FA00F16681DFED5B6AB4EEE6BAF1EE65
:105FA80010FA00F35E81D0ED0E8AF0EEE86AF4EEA6
:105FB800476AF1EE10FA00F25481F0EE006AF4EE4E
:105FC800E68AF1EE10FA00F14C81DFED4F6AF4EE4B
:105FD800E68AF1EE10FA00F34481D0ED0FAAF0EE54
:105FE800EA6AF4EE476AF1EE10FA00F23A81F4EE4A
:105FF800C5AAF1EE10FA00F13481B3EE047AF4EE9A
:10600800C7AAF1EE10FA00F32C8190ED109A9FEDDB
:10601800325AF0EEC96AF4EE456AF1EE10FA00F26F
:106028002081F0EE086AB4EEE69AF1EE10FA00F17B
:106038001881DFED366AB4EEE69AF1EE10FA00F355
:106048001081D0ED116AF0EEE64AF4EE454AF1EE21
:1060580010FA00F20681DFED234AF4EEE46AF1EE6D
:1060680010FA00F1FE80F4EEC76AF1EE10FA00F3C0
:10607800F88090ED127AF0EEC74AF4EE454AF1EE58
:1060880010FA00F2EE809FED225AB4EEC57AF1EED6
:1060980010FA00F1E6809FED1F5AB4EEC57AF1EED2
:1060A80010FA00F3DE8090ED138ADFED0B4AB0EEB4
:1060B800C85AB4EE645AF1EE10FA00F2D280B5EE86
:1060C800C08AF1EE10FA00F1CC809FED135AB4EEBD
:1060D800C58AF1EE10FA2BE0FFFF7F7F0000C8426F
:1060E8006F12833ACDCCCC3D0000484300007A447F
:1060F8000050C34700D0044600409CC500409C4562
:106108000AD7233C000048420000FA42000002433C
:10611800CDCC4C3E0000204200606A470080894395
:10612800FFFF7F7F0000C8420060EA466F12833A93
:1061380000F3978090ED14AAB0EECA5AB4EE645AF0
:10614800F1EE10FA00F28D801FED0A5AB4EEC5AADE
:10615800F1EE10FA00F185801FED0D5AB4EEC5AAD4
:10616800F1EE10FA7DDC90ED155AB0EEC54AB4EEAA
:10617800644AF1EE10FA74D8F7EE004AB4EEE45A25
:10618800F1EE10FA6DD45FED1B4AB4EEE45AF1EE6D
:1061980010FA66DCD0ED169A1FED1F5AF0EEE94AA8
:1061A800F4EE454AF1EE10FA5BD81FED224AF4EE00
:1061B800C49AF1EE10FA54D45FED254AF4EEE49A4D
:1061C800F1EE10FA4DDCD0ED17BAF0EEEB3AF4EE42
:1061D800453AF1EE10FA44D8F0EE003AF4EEE3BA9C
:1061E800F1EE10FA3DD4F4EEC4BAF1EE10FA38DC50
:1061F80090ED18CAB0EECC4AB4EE454AF1EE10FA6A
:106208002FD8B5EEC0CAF1EE10FA2AD4B4EEE4CA1B
:10621800F1EE10FA25DCF4EEC65AF1EE10FA20D5AC
:10622800F4EEC76AF1EE10FA1BD5B4EEE8BAF1EE57
:1062380010FA16D5F4EEC98AF1EE10FA11D5F4EE7B
:10624800C9AAF1EE10FA0CD567EEA87A5FED496A93
:1062580067EEA67AB7EE007AF4EEC77AF1EE10FA96
:1062680005D90020BDEC0A8B08BD00207047B5EEAB
:10627800408AF1EE10FA09D0B4EECA8AF1EE10FAAB
:10628800EFDBB4EEE98AF1EE10FAEADBB0EE4B0A86
:1062980005F0A4FBB4EE40BAF1EE10FAE1D1B0EE8D
:1062A800680A05F09BFBF4EE408AF1EE10FAD8D1AB
:1062B800B0EE6A0A05F092FBF4EE40AAF1EE10FA8D
:1062C800CFD1B0EE490A05F089FBB4EE409AF1EE61
:1062D80010FAC6D1B0EE480A05F080FBB4EE408A49
:1062E800F1EE10FABDD1B0EE4A0A05F077FBB4EE34
:1062F80040AAF1EE10FAB4D1B0EE4C0A05F06EFBEC
:10630800B4EE40CAF1EE10FAABD1B0EE690A05F06E
:1063180065FBF4EE409AF1EE10FAA2D1B0EE6B0AEA
:1063280005F05CFBF4EE40BAF1EE10FA0CBF012068
:10633800002097E70346002800F0B78110B4BF4C4F
:10634800D0F800C0BE4800212CFA01F2D2B20831C0
:106358004240202904FB02F0F6D1D3F804C0B74C20
:1063680000212CFA01F2D2B208314240202904FB64
:1063780002F0F6D1D3F808C0B04C00212CFA01F293
:10638800D2B208314240202904FB02F0F6D1D3F8FA
:106398000CC0AA4C00212CFA01F2D2B208314240BA
:1063A800202904FB02F0F6D1D3F810C0A34C002139
:1063B8002CFA01F2D2B208314240202904FB02F043
:1063C800F6D1D3F814C09D4C00212CFA01F2D2B2B8
:1063D80008314240202904FB02F0F6D1D3F818C056
:1063E800964C00212CFA01F2D2B208314240202901
:1063F80004FB02F0F6D1D3F81CC0904C00212CFA13
:1064080001F2D2B208314240202904FB02F0F6D151
:10641800D3F820C0894C00212CFA01F2D2B20831FD
:106428004240202904FB02F0F6D1D3F824C0834C63
:1064380000212CFA01F2D2B208314240202904FB93
:1064480002F0F6D1D3F828C07C4C00212CFA01F2D6
:10645800D2B208314240202904FB02F0F6D1D3F829
:106468002CC0764C00212CFA01F2D2B208314240FD
:10647800202904FB02F0F6D1D3F830C06F4C00217C
:106488002CFA01F2D2B208314240202904FB02F072
:10649800F6D1D3F834C0694C00212CFA01F2D2B2FB
:1064A80008314240202904FB02F0F6D1D3F838C065
:1064B800624C00212CFA01F2D2B208314240202964
:1064C80004FB02F0F6D1D3F83CC05C4C00212CFA56
:1064D80001F2D2B208314240202904FB02F0F6D181
:1064E800D3F840C0554C00212CFA01F2D2B2083141
:1064F8004240202904FB02F0F6D1D3F844C04F4CA7
:1065080000212CFA01F2D2B208314240202904FBC2
:1065180002F0F6D1D3F848C0484C00212CFA01F219
:10652800D2B208314240202904FB02F0F6D1D3F858
:106538004CC0424C00212CFA01F2D2B20831424040
:10654800202904FB02F0F6D1D3F850C03B4C0021BF
:106558002CFA01F2D2B208314240202904FB02F0A1
:10656800F6D1D3F854C0354C00212CFA01F2D2B23E
:1065780008314240202904FB02F0F6D1D3F858C074
:106588002E4C00212CFA01F2D2B2083142402029C7
:1065980004FB02F0F6D1D3F85CC0284C00212CFA99
:1065A80001F2D2B208314240202904FB02F0F6D1B0
:1065B800D3F860C0214C00212CFA01F2D2B2083184
:1065C8004240202904FB02F0F6D1D3F864C01B4CEA
:1065D80000212CFA01F2D2B208314240202904FBF2
:1065E80002F0F6D1D3F868C0144C00212CFA01F25D
:1065F800D2B208314240202904FB02F0F6D1D3F888
:106608006CC00E4C00212CFA01F2D2B20831424083
:10661800202904FB02F0F6D1D3F870C0074C002102
:106628002CFA01F2D2B208314240202904FB02F0D0
:10663800F6D1D3F874C0014C002103E093010001A6
:10664800C59D1C812CFA01F2D2B2083142402029A2
:1066580004FB02F0F6D1D3F878C0144C00212CFAD0
:1066680001F2D2B208314240202904FB02F0F6D1EF
:10667800D3F87CC00D4C00212CFA01F2D2B20831BB
:106688004240202904FB02F0F6D1D3F880C0074924
:1066980000222CFA02F3DBB208324340202A01FB25
:1066A80003F0F6D15DF8044B704770479301000181
:1066B8009FED077AF6EE007AE0EE077A08B5B0EEBD
:1066C800670A05F08BF9FDEEC07A17EE900A08BD4F
:1066D8000000704378B3D0ED017AF5EE407AF1EE20
:1066E80010FA26D1D0ED027AF5EE407AF1EE10FAE2
:1066F8001FD108B52DED028B90ED008ADFED147ADD
:10670800B0EEC87AB4EE677AF1EE10FA0DD8F7EE6B
:10671800007AB4EEE78AF1EE10FA06DBDFED0D7AC7
:10672800B4EEE78AF1EE10FA06D90020BDEC028B30
:1067380008BD002070477047B0EE480A05F04EF9D2
:10674800B4EE408AF1EE10FA0CBF01200020EDE70C
:10675800FFFF7F7F00803B4510B485B00168426829
:1067680083680D4C0D480191029203930DF1040CBE
:106778005CF8041B002321FA03F2D2B2083350401C
:10678800202B04FB00F0F6D104AB6345F0D105B033
:106798005DF8044B704700BF93010001C59D1C8143
:1067A800002800F0ED8390ED007ADFEDE87AF0EE56
:1067B800C76AF4EE676AF1EE10FA00F2E18330B5C9
:1067C8002DED108B90ED01BAB0EECB6AB4EE676A8E
:1067D800F1EE10FAB5B000F2CE8390ED026AF0EE59
:1067E800C65AF4EE675AF1EE10FA00F2C48390ED3F
:1067F80003DAB0EECD5AB4EE675AF1EE10FA00F2B1
:10680800BA83D0ED04FAF0EEEF4AF4EE674AF1EEFF
:1068180010FA00F2B08390ED05FAB0EECF4AB4EE6C
:10682800674AF1EE10FA00F2A683D0ED06EAF0EE20
:10683800EE3AF4EE673AF1EE10FA00F29C83D0EDEE
:1068480007CAB0EEEC3AB4EE673AF1EE10FA00F28D
:106858009283D0ED08DAF0EEED2AF4EE672AF1EE35
:1068680010FA00F2888390ED09AAB0EECA2AB4EEB5
:10687800672AF1EE10FA00F27E8390ED0AEAF0EE54
:10688800CE1AF4EE671AF1EE10FA00F27483D0ED26
:106898000BAAB0EEEA1AB4EE671AF1EE10FA00F29B
:1068A8006A8390ED0CCAF0EECC0AF4EE670AF1EEBA
:1068B80010FA00F2608390ED0D8AF0EEC80AF4EE4B
:1068C800670AF1EE10FA00F25683D0ED0E6AF0EE88
:1068D800E60AF4EE670AF1EE10FACDED046A00F26A
:1068E8004A8390ED0F9AF0EEC90AF4EE670AF1EECA
:1068F80010FA00F24083D0ED108AF0EEE80AF4EEC8
:10690800670AF1EE10FA00F23683D0ED116AF0EE64
:10691800E60AF4EE670AF1EE10FACDED036A00F22A
:106928002A83D0ED126AF0EEE60AF4EE670AF1EE79
:1069380010FACDED056A00F21E83D0ED13BAB0EE61
:10694800EB0AB4EE670AF1EE10FA00F21483D0ED08
:10695800146AB0EEE60AB4EE670AF1EE10FACDED6D
:10696800066A00F20883D0ED156AB0EEE60AB4EEC6
:10697800670AF1EE10FACDED076A00F2FC82D0ED5D
:10698800166AB0EEE60AB4EE670AF1EE10FACDED3B
:10699800086A00F2F082D0ED176AB0EEE60AB4EEAB
:1069A800670AF1EE10FACDED0C6A00F2E482D0ED40
:1069B800186AB0EEE60AB4EE670AF1EE10FACDED09
:1069C8000D6A00F2D882D0ED196AB0EEE60AB4EE8C
:1069D800670AF1EE10FACDED0E6A00F2CC82D0ED26
:1069E8001A6AB0EEE60AB4EE670AF1EE10FACDEDD7
:1069F800096A00F2C082D0ED1B9AB0EEE90AB4EE43
:106A0800670AF1EE10FA00F2B682D0ED1C6AB0EE19
:106A1800E60AB4EE670AF1EE10FACDED006A00F26C
:106A2800AA82D0ED1D7AF0EE676ACDED017ADFED2E
:106A3800477AB0EEE60AB4EE670AF1EE10FA00F211
:106A48009A82D0ED1E6AB0EEE60AB4EE670AF1EE5D
:106A580010FACDED026A00F28E82D0ED1F6AB0EE18
:106A6800E60AB4EE670AF1EE10FACDED0A6A00F212
:106A78008282D0ED206AB0EEE60AB4EE670AF1EE43
:106A880010FACDED0B6A00F27682F0EE007AB4EEE1
:106A980067BAF1EE10FA00F0CA82F7EE007AB4EEA7
:106AA800E77AF1EE10FA8DED116ACDED107A00F16A
:106AB80062829FED270AB4EEC07AF1EE10FA00F375
:106AC8005A82B0EE470A8DED0F7A04F087FF9DEDEC
:106AD8000F7AB4EE407AF1EE10FA40F04C82B5EE3F
:106AE80040BAF1EE10FA9DED116A07D0DDED107A8B
:106AF800B4EE67BAF1EE10FA40F03D82B5EEC06A26
:106B0800F1EE10FA00F13782F2EE0E7AB4EEE76A8F
:106B1800F1EE10FA00F32F82B0EE460A8DED0F6AFF
:106B280004F05CFF9DED0F6AB4EE406AF1EE10FAD6
:106B380040F02182B5EEC0DAF1EE10FA00F11B82C6
:106B4800DFED037AF4EEE7FA0EE000BFFFFF7F7F88
:106B580000FF7F470050C347000016450000C842A9
:106B68000000164600606A47F1EE10FA00F303824F
:106B7800B4EEEFDAF1EE10FA80F2FD81B0EE4D0AD4
:106B880004F02CFFB4EE40DAF1EE10FA40F0F38195
:106B9800B0EE6F0A04F022FFF4EE40FAF1EE10FABC
:106BA80040F0E981B5EEC0FAF1EE10FA40F2E38167
:106BB800B5EEC0AAF1EE10FA40F2DD81B4EECEAA2D
:106BC800F1EE10FA80F2D7815FED1E7AB4EEE7EAB3
:106BD800F1EE10FA00F3CF81B5EEC0CAF1EE10FA6B
:106BE80000F1C981B4EECCAAF1EE10FA40F2C381EB
:106BF800F7EE007AB4EEE78AF1EE10FA00F1BB8105
:106C08001FED2B7AB4EEC78AF1EE10FA00F3B381C8
:106C18009DED047AB4EEE77AF1EE10FA00F1AB815B
:106C28005FED327AB4EEE77AF1EE10FA00F3A38161
:106C3800B5EEC09AF1EE10FA00F19D815FED387A59
:106C4800B4EEE79AF1EE10FA00F39581F5EEC08AFA
:106C5800F1EE10FA00F18F81DDED037AF5EEC07ADE
:106C6800F1EE10FA00F18781DDED057AF5EEC07AD4
:106C7800F1EE10FA00F17F819DED097AB5EE407AC8
:106C8800F1EE10FA07D0F7EE007AB4EE677AF1EE7B
:106C980010FA40F07081F5EEC09AF1EE10FA00F1AA
:106CA8006A81F0EE007AF4EEE79AF1EE10FA00F35A
:106CB8006281B0EE690A04F091FEF4EE409AF1EEBA
:106CC80010FA40F05881DDED007AF5EEC07AF1EE69
:106CD80010FA00F15081DDED017AF5EEC07AF1EE9F
:106CE80010FA00F148819DED027AB5EEC07AF1EE16
:106CF80010FA00F140815FED657AB4EEE77AF1EEC3
:106D080010FA00F33881DDED0A7AF5EEC07AF1EE7B
:106D180010FA00F13081DDED0B7AF5EEC07AF1EE74
:106D280010FA00F12881DDED097AF5EE407AF1EEEE
:106D380010FAF5EE409A00F02581F1EE10FA00F015
:106D48001A81B5EEC09AF1EE10FA43DDF1EE007A41
:106D5800F4EEE78AF1EE10FA00F10D81DDED007A2C
:106D6800B7EE007AF4EEC77AF1EE10FA00F103817B
:106D7800DDED016AF4EEE67AF1EE10FA80F2FB80BE
:106D8800F0EE007A78EEE77AF4EEE76AF1EE10FAC0
:106D980000F3F180DDED027AF4EEC77AF1EE10FA35
:106DA80000F1E980DDED057AF5EEC07AF1EE10FA32
:106DB80040F2E180DDED0A7AF5EEC07AF1EE10FAE4
:106DC80040F2D9809DED0B7AF4EEC77AF1EE10FA15
:106DD80080F2D180F7EE007AF4EEE7BAF1EE10FA1D
:106DE80000F1C9801FEDA17AF4EEC7BAF1EE10FAEE
:106DF80000F3C180DDED066AF4EEE6BAF1EE10FAB2
:106E080000F3B980F4EEC76AF1EE10FA00F3B3802C
:106E18009DED077AB4EEE77AF1EE10FA00F1AB8057
:106E2800F4EEC7BAF1EE10FA00F1A5809DED086AFC
:106E3800B4EEE76AF1EE10FA00F19D80F4EEC6BAFE
:106E4800F1EE10FA00F19780DDED0C5AF4EEE75AF6
:106E5800F1EE10FA00F18F809DED0E5AF4EEC55A4E
:106E6800F1EE10FA00F38780DDED0D7AF5EEC07AC9
:106E7800F1EE10FA7FD9F4EEC56AF1EE10FA7AD481
:106E8800F4EEEB8AF1EE10FA75DC5FEDCA7ADDED0F
:106E9800034AF4EEE74AF1EE10FA6CDCF4EEE48A09
:106EA800F1EE10FA67DCDDED007ACDED13BACDED29
:106EB8001B7ADDED017ACDED146ACDED1C7ADDED9E
:106EC800027A8DED157A8DED166ACDED175A8DED96
:106ED800185ACDED198ACDED1A4ACDED1D7A13ADAC
:106EE8000B24B5EC018AB0EE480A04F077FDB4EE45
:106EF800408AF1EE10FA3ED1013CF2D1B5EE40BA2B
:106F0800F1EE10FA00F0C580B4EEEAEAF1EE10FAFC
:106F18002FD5DFED6A7AF4EEE7AAF1EE10FA28D859
:106F2800F5EEC0CAF1EE10FA23DBF4EECACAF1EEB0
:106F380010FA1ED5F4EECEDAF1EE10FA19DBF4EE03
:106F4800E7DAF1EE10FA14D8F0EE6E7AEDEE0F7A79
:106F5800F4EEE7CAF1EE10FAC0F2AD80B0EE6E4A78
:106F6800AFEE8F4AB4EEC4EAF1EE10FA94BF0124F2
:106F78000024204600E0002035B0BDEC108B30BD69
:106F880000207047F1EE10FAF5D1B5EE40BAF1EEF7
:106F980010FAF0D1F7EE007AB4EE67FAF1EE10FAD3
:106FA800E9D1F5EE40EAF1EE10FAE4D1B4EEC98A7F
:106FB800F1EE10FADFD5F5EE40BAF1EE10FADAD1BB
:106FC800DDED067AF5EE407AF1EE10FAD3D1DDED7B
:106FD800077AF5EE407AF1EE10FACCD1DDED087AB9
:106FE800F5EE407AF1EE10FAC5D1F5EE408AF1EEF1
:106FF80010FAC0D1DDED037AF5EE407AF1EE10FA21
:10700800B9D1DDED007AF5EE407AF1EE10FAB2D1A1
:10701800DDED017AF5EE407AF1EE10FAABD1B5EE7E
:10702800407AF1EE10FA0CBF01200020A4E70146D7
:10703800842213A804F032FCB5EE409A0023F1EE46
:1070480010FA2293209322D1B5EE408AF1EE10FA7D
:107058001DD11B49842213A804F0CAFB0446B0B909
:10706800B0EE480A04F0BAFCB4EE408AF1EE10FA29
:107078000AD1B0EE490A04F0B1FCB4EE409AF1EE40
:1070880010FA0CBF0124002404F0010074E7002466
:10709800FAE7F5EE40EAF7EE007AF1EE10FAB4EE10
:1070A80067FA0CBF01200020F1EE10FA00F0010091
:1070B80018BF002060E7002420465DE70050C34762
:1070C80050C00008002800F0A58038B5D0ED027A3D
:1070D8002DED048BDFED568AB0EEE77AB4EE687AD0
:1070E800F1EE10FA05463DD8F5EEC07AF1EE10FA49
:1070F80038D4B2EE0E7AF4EEC77AF1EE10FA31DC3B
:1071080090ED019AB0EE007AB4EE479AF1EE10FADB
:10711800B0EE408A0C4629D1FFF742FB10B3002C91
:1071280074D0F0EEC87AF4EE687AF1EE10FA6FD8FF
:10713800F7EE007AB4EEE78AF1EE10FA68DBDFEDDD
:107148003D7AB4EEE78AF1EE10FA61D8B0EE480A5B
:1071580004F044FCB4EE480AF1EE10FA0CBF00202B
:10716800062000E00120BDEC048B38BD91BBB7EED2
:10717800007AB4EE479AF1EE10FA2BD0FFF710FB25
:107188000028EFD0DFED2A7AB0EEC87AB4EE677A3D
:10719800F1EE10FA3CD8B5EEC08AF1EE10FA37D904
:1071A800D5ED097AF4EEC87AF1EE10FA30D4002C55
:1071B8003AD0D5ED077AF4EEC87AF1EE10FA35DC5C
:1071C800D5ED087AF4EEC87AF1EE10FA4CBF072034
:1071D8000020C8E7FCEEE77A17EE903AD8071DD5ED
:1071E80099071DD55A0717D51B071BD52846FFF742
:1071F800D7FA0028B6D0F7EE007AB4EE679AF1EE27
:1072080010FA0CBF01230023A342BBD00A20AAE72F
:107218000620A8E7012070470420A4E70220A2E77F
:107228000320A0E705209EE720469CE707209AE771
:10723800FFFF7F7F00803B45F8B50D4617461E4689
:107248000446A0B190ED017AF0EE007AB4EE677AC8
:10725800F1EE10FA0BD143B1FFF7A2FA30B140F6C4
:10726800B8339D4201D8BD425FD00020F8BD002E42
:10727800FBD02046FFF794FA0028F7D007EE905A83
:1072880094ED037AF8EE677AF4EEC77AF1EE10FA25
:10729800EBD494ED047AF4EEC77AF1EE10FAE4DA5E
:1072A800D4ED016AB7EE007AF4EE476AF1EE10FA0F
:1072B80036D1D4ED056A94ED067AA7EEA67ADFED0D
:1072C8001E6A86ED007AF0EEC77AF4EE667AF1EE81
:1072D80010FACAD8B5EEC07AF1EE10FAC5DBD4EDD3
:1072E8000A7AF4EEC77AF1EE10FABEDDD4ED016A3F
:1072F800F7EE007AF4EE676AF1EE10FAB6D1D4ED43
:10730800077AF4EEC77AF1EE10FAAED8D4ED087A1F
:10731800F4EEC77AF1EE10FAACBF01200020F8BDF8
:1073280007EE907AB8EEE77AC9E707EE905AF8EEDA
:10733800E77AC6ED007AF8BDFFFF7F7F10B50446F7
:10734800FFF72EFA44B194ED017AF0EE007AB4EE2C
:10735800677AF1EE10FA40D000283DD0D4ED1A7AC1
:10736800F5EE407AF1EE10FA43D0D4ED017AF5EE5D
:10737800407AF1EE10FA08D094ED027AF2EE0E7A25
:10738800B4EE677AF1EE10FA33D1D4ED0F7A94EDBA
:107398000D7AF4EEC77AF1EE10FA2ADD9FED167A2F
:1073A800F4EEC77AF1EE10FA23D8D4ED107AF5EEA0
:1073B800C07AF1EE10FA1CDD94ED117AF4EEC77A7A
:1073C800F1EE10FA15D8D4ED127AF5EEC07AF1EE96
:1073D80010FACCBF0120002010BD0028FCD0D4ED4D
:1073E8000F7AF5EEC07AF1EE10FACCBF012000203A
:1073F80010BD002010BD00BF00D00446801A61EB0C
:107408000301012871F10001ACBF01200020704781
:1074180058B3D0ED007A9FED167AF0EEE76AF4EEF5
:10742800476AF1EE10FA20D8F5EEC07AF1EE10FABC
:107438001BD4DFED106AF4EEE67AF1EE10FA14DCF4
:10744800D0ED017AB0EEE76AB4EE476AF1EE10FAD1
:107458000BD8F5EEC07AF1EE10FA06D4F4EEE67A1F
:10746800F1EE10FA01DCFEF76DBC0020704700BF9A
:10747800FFFF7F7F00007A4430B50D469BB004467D
:1074880048B141B190ED017AF0EE007AB4EE677A36
:10749800F1EE10FA1DD02046FFF782F9B8B1284660
:1074A800FFF7B6FF98B195ED077AD4ED0D7AB4EEF3
:1074B800E77AF1EE10FA2ED895ED087AD4ED0E7A27
:1074C800B4EEE77AF1EE10FA94BF012000201BB069
:1074D80030BD642201A804F0E1F900232046089396
:1074E800FFF75EF90028F2D02846FFF791FF002841
:1074F800EDD00A49642201A804F07AF958B995ED4B
:10750800077AD4ED0D7AB4EE677AF1EE10FA0CBF73
:1075180001200020DBE700201BB030BDD4C00008EC
:1075280070B52DED048B0E4682B0B0EE408AF0EEB9
:10753800608A1546044638B1D0ED1A7AF5EE407ADD
:10754800F1EE10FA00F09080002D00F088803146AE
:107558002046FFF791FF002800F08180DFED577A81
:10756800B0EEC87AB4EE677AF1EE10FA77D89FEDEC
:10757800549AB4EEC98AF1EE10FA70D4D4ED0A7AAE
:10758800F4EEC87AF1EE10FA5DD9D4ED017AF5EE91
:10759800407AF1EE10FA14BF01210021B0EE680A1A
:1075A8002046FFF78FFD00285AD178EEC80AF1EE81
:1075B800087AF0EEE00A60EEA77A96ED056A87EEA3
:1075C800867AF7EE086A60EEA68AD6ED047AB5EEFA
:1075D800407AF1EE10FAC8EEA70A65D4B1EEC70AF0
:1075E80004F08CF985ED000A94ED017AF0EE007A4A
:1075F800B4EE677AF1EE10FAB0EE408A52D0D6EDCA
:10760800130A94ED140A04F0A1F9F0EE400A94ED7F
:10761800130A04F09BF99FED2B7AD6ED187A28EE21
:10762800078A78EE277AF4EEC07AF1EE10FA37DCA2
:10763800D4ED167AB4EEE78AF1EE10FACCBF012049
:107648000020C0000CE09FED200AB4EE408AF1EE65
:1076580010FA04D1F4EE408AF1EE10FA09D00120B4
:1076680002B0BDEC048B70BD0B2002B0BDEC048BE6
:1076780070BDD4ED017AF5EE407AF1EE10FA14BF40
:10768800012100212046FFF71DFD0028E8D196EDD5
:10769800047AD6ED057AC9EE070A89EE277A9DE7BE
:1076A8000820DDE70020DBE7B0EE470ACDED010A50
:1076B80004F002F9DDED010A92E700BFFFFF7F7FCA
:1076C8000000000000007A4400803B4510B40346E7
:1076D800A44CA548D3F800C000212CFA01F2D2B27C
:1076E80008314240202904FB02F0F6D1D3F804C047
:1076F8009C4C00212CFA01F2D2B2083142402029D8
:1077080004FB02F0F6D1D3F808C0964C00212CFAFD
:1077180001F2D2B208314240202904FB02F0F6D12E
:10772800D3F80CC08F4C00212CFA01F2D2B20831E8
:107738004240202904FB02F0F6D1D3F810C0894C4E
:1077480000212CFA01F2D2B208314240202904FB70
:1077580002F0F6D1D3F814C0824C00212CFA01F2C1
:10776800D2B208314240202904FB02F0F6D1D3F806
:1077780018C07C4C00212CFA01F2D2B208314240E8
:10778800202904FB02F0F6D1D3F81CC0754C002167
:107798002CFA01F2D2B208314240202904FB02F04F
:1077A800F6D1D3F820C06F4C00212CFA01F2D2B2E6
:1077B80008314240202904FB02F0F6D1D3F824C056
:1077C800684C00212CFA01F2D2B20831424020293B
:1077D80004FB02F0F6D1D3F828C0624C00212CFA41
:1077E80001F2D2B208314240202904FB02F0F6D15E
:1077F800D3F82CC05B4C00212CFA01F2D2B208312C
:107808004240202904FB02F0F6D1D3F830C0554C91
:1078180000212CFA01F2D2B208314240202904FB9F
:1078280002F0F6D1D3F834C04E4C00212CFA01F204
:10783800D2B208314240202904FB02F0F6D1D3F835
:1078480038C0484C00212CFA01F2D2B2083142402B
:10785800202904FB02F0F6D1D3F83CC0414C0021AA
:107868002CFA01F2D2B208314240202904FB02F07E
:10787800F6D1D3F840C03B4C00212CFA01F2D2B229
:1078880008314240202904FB02F0F6D1D3F844C065
:10789800344C00212CFA01F2D2B20831424020299E
:1078A80004FB02F0F6D1D3F848C02E4C00212CFA84
:1078B80001F2D2B208314240202904FB02F0F6D18D
:1078C800D3F84CC0274C00212CFA01F2D2B208316F
:1078D8004240202904FB02F0F6D1D3F850C0214CD5
:1078E80000212CFA01F2D2B208314240202904FBCF
:1078F80002F0F6D1D3F854C01A4C00212CFA01F248
:10790800D2B208314240202904FB02F0F6D1D3F864
:1079180058C0144C00212CFA01F2D2B2083142406E
:10792800202904FB02F0F6D1D3F85CC00D4C0021ED
:107938002CFA01F2D2B208314240202904FB02F0AD
:10794800F6D1D3F860C0074900222CFA02F3DBB263
:1079580008324340202A01FB03F0F6D15DF8044BBE
:10796800704700BF93010001C59D1C8170B52DEDC6
:10797800028B82B0CDED010A0546002859D00C468D
:10798800002956D0D1ED007ADFED498AB0EEE77ACA
:10799800B4EE687AF1EE10FA4BD8F5EEC07AF1EE53
:1079A80010FA46D49FED437AF4EEC77AF1EE10FA56
:1079B8003FDCD1ED017AF0EEE76AF4EE686AF1EEA9
:1079C80010FA36D8F5EEC07AF1EE10FA31D4F4EEAA
:1079D800C77AF1EE10FA2CDC0846B0EE408AFEF7C2
:1079E800B1F9064630B3F0EEC87AF4EE687AF1EEF3
:1079F80010FA1ED8B5EEC08AF1EE10FA19D4DFEDF0
:107A08002E7AB4EEE78AF1EE10FA12DCDDED010A07
:107A1800F0EEE06AF4EE686AF1EE10FA09D8F5EED5
:107A2800C00AF1EE10FA04D9F4EEE70AF1EE10FA02
:107A380005DD0026304602B0BDEC028B70BD282261
:107A48000021281D03F0FDFEDDED010AD4ED056AD5
:107A580070EEC87AB1EE087AF0EEE77A27EE877A08
:107A6800B7EE086A87EE260A67EE867A94ED047AFE
:107A780085ED058AB5EE400AF1EE10FA85ED028A29
:107A880085ED008AC5ED060A87EE878A0BD4F1EEEC
:107A9800C00AB0EE480A03F031FF012385ED070A5A
:107AA80085F82830C6E703F007FFF0EE400AF0E754
:107AB800FFFF7F7F00007A440050C34770B504463B
:107AC8002DED048B002800F09A811546002A00F05D
:107AD800968190F82800002800F08E810846F0EE84
:107AE800408AB0EE608A0E46FFF792FC002800F04C
:107AF8008381DFEDCB7AB0EEE87AB4EE677AF1EE07
:107B080010FA00F27C81F5EEC08AF1EE10FA00F16D
:107B180076819FEDC47AF4EEC78AF1EE10FA00F38D
:107B28006E81B0EEC87AB4EE677AF1EE10FA00F220
:107B38006681D6ED0D7A9FEDBC7A67EE877AF4EE12
:107B4800C87AF1EE10FA00F35A81D6ED0E7A67EE94
:107B5800877AF4EEC87AF1EE10FA00F15081D4ED8C
:107B6800007A9FEDAF7AF0EEE77AF4EE477AF1EE1D
:107B780010FA00F24481D4ED027AF0EEE77AF4EEDE
:107B8800477AF1EE10FA00F23A81D4ED037AF0EE7A
:107B9800E77AF4EE477AF1EE10FA00F23081D4ED8C
:107BA800047AF0EEE77AF4EE477AF1EE10FA00F292
:107BB8002681D4ED087AF0EEE77AF4EE477AF1EE12
:107BC80010FA00F21C81D4ED077AF0EEE77AF4EEB1
:107BD800477AF1EE10FA00F21281D4ED097AF0EE4C
:107BE800E77AF4EE477AF1EE10FA00F20881D4ED64
:107BF800057AF0EEE77AF4EE477AF1EE10FA00F241
:107C0800FE80D4ED067AF0EEE77AF4EE477AF1EEEC
:107C180010FA00F2F48030220021281D03F011FE32
:107C280094ED079A94ED080A85ED008A38EE000A6B
:107C3800F0EE490A03F08AFE94ED057AD4ED067A4F
:107C480084ED080AB5EEC09AF1EE10FA77EEC77A1D
:107C580040F3E08080EE096AF1EE086A67EEA66AF2
:107C6800F7EE005A75EEC65A66EE866AF0EE004ADE
:107C780066EEA56AB0EE085AC6EE895AA6EE645AB0
:107C880066EE277A67EE867AA7EE857AD6ED0C7AC5
:107C980096ED036AD4ED026AD4ED039A96ED014A93
:107CA800D6ED080A78EE277A38EE066A88EE275A63
:107CB80038EEE60AC8EE063AB0EE666AA5EE006A45
:107CC800D6ED007A84ED007A76EE666AC4ED015A44
:107CD80086EE885A84ED026A75EE696A77EE464A3E
:107CE800E3EEA69AB5EE404AC4ED039A85ED017A13
:107CF80096ED027AC5ED025AF1EE10FA14BFD4EDF2
:107D0800046ADFED4A6A85ED036AB5EE407A64EEEF
:107D1800A77AF1EE10FA14BF27EE697A9FED437A3D
:107D2800C5ED057A77EEA68ADFED407AC5ED066ADD
:107D380078EE878A85ED077A78EEA78AC5ED087A06
:107D4800C5ED044AF1EE600AB0EE680AC5ED098A8D
:107D580003F0D4FDF0EE400A96ED070A03F0F6FDB5
:107D6800D4ED097A9FED317A67EE806AF4EE408AA5
:107D7800F1EE10FAB0EE409A18BF0123F4EEC76A8C
:107D880096ED060A18BF2B63F1EE10FAB4EEC79A07
:107D9800D8BFF0EE477AF1EE10FA28EE000AF0EEBE
:107DA800490A30DB37EE800A03F0D0FDF0EE407A66
:107DB800F4EE497AF1EE10FAC5ED0A7A03D02B6B8E
:107DC80043F002032B639FED167AF0EEE88AF4EE97
:107DD800478AF1EE10FA12D8F0EEE77AF4EE477A15
:107DE800F1EE10FA0BD8F0EEE99AF4EE479AF1EEBC
:107DF80010FA94BF01200020BDEC048B70BDBDECCF
:107E0800048B002070BD37EEC00A03F077FDF0EE5A
:107E1800407ACDE737EE277ADFED045A36E700BF20
:107E2800FFFF7F7F0050C3476F12833A00000000B6
:107E380040B52DED068B84B006460293002800F06D
:107E4800C580002A00F0C2800192002900F0BE809F
:107E5800D1ED007A9FED637AF0EEE76AF4EE476AB7
:107E6800F1EE10FA00F2B280F5EEC07AF1EE10FAF7
:107E780000F1AC80DFED5C6AF4EEE67AF1EE10FA20
:107E880000F3A48091ED01AAF0EECA7AF4EE477AE5
:107E9800F1EE10FA00F29A80B5EEC0AAF1EE10FAEF
:107EA80000F19480B4EEE6AAF1EE10FA00F38E80A9
:107EB80008460391FDF746FF002800F08880019AE4
:107EC800DFED487AD2ED098AB0EEE87AB4EE677A47
:107ED800F1EE10FA7AD8D2ED049AB0EEE97AB4EE5F
:107EE800677AF1EE10FA71D892ED009AB0EEC97A7D
:107EF800B4EE677AF1EE10FA68D8B5EEC09AF1EEF2
:107F080010FA63D903999FED397AD1ED0E7A67EEAD
:107F1800877AB4EEE79AF1EE10FA57DC029B07EE87
:107F2800903AB8EEE78AD1ED077AB4EEE78AF1EE37
:107F380010FA4BDCD1ED087AF1EE677AB4EEE78AF5
:107F4800F1EE10FA42D4136B5B0744D192ED0A0AA2
:107F58000192CDE9020103F08BFDB4EE408AF1EE07
:107F680010FADDE90120039935D1DFED218AB5EE5C
:107F780040AAF1EE10FA31D0D1ED0B7AD6ED040A11
:107F880068EEA78ADFED177AE9EE8A8AE9EE280A11
:107F9800B0EEE07AB4EE677AF1EE10FA16D891ED09
:107FA800090A0191CDE9020203F0A8FC0199F0EE5B
:107FB800400A91ED0A0A03F0C9FC039A86ED040A07
:107FC800029882ED0B0A86ED098A00E0002004B0D1
:107FD800BDEC068B40BD78EE688AC8E7DFED040A81
:107FE800DDE700BFFFFF7F7F00007A446F12833A0E
:107FF800000000002DE9F0432DED028B00F5067519
:1080080083B09FED788A026F8DED018A01AB04463B
:108018000E46416E2846FFF70FF980462846FEF7C0
:1080280089F98146EFF3108772B6BFF35F8FFCF7CB
:1080380099FCD4F8D032D4ED927A94ED1E7AC4F833
:10804800D4620133C4F8D032D4F8E432F31AC4F855
:10805800E832654B5B68C4F8CC32D4F82838C4F8E9
:10806800F032D4F81C38C4F8F432D4F82038C4F804
:10807800F8322378C4F8FC326378C4F80033A37864
:10808800C4F80433A36DC4F85C33E36DC4F8583303
:10809800636EC4F86433236EC4F86033B8EEC77AED
:1080A800FCEEE77A4FF20C13C4F8C83204F5986373
:1080B80083ED007AC4EDCF7AD4ED867A94ED877A91
:1080C800D4F8AC31C4F81C34FCEEE77AD4F8A83103
:1080D800C4EDE17AFCEEC77A0546C4F88893C4ED8E
:1080E800E37AC4F81834B8F1000F03D094F8833851
:1080F800002B60D1DFED3B7A0023B0EE678AC4F82D
:10810800B43304F2FC43C3ED007A04F5A06383EDB5
:10811800008A94F87D3823B1D4F82C38F31AC4F8BF
:10812800A43394F87E08EB68C4F8103318B195F8B6
:108138002800002852D195F82930AA8CC4F8203399
:1081480095F82A30C4F81823EA8CC4F81403C4F844
:108158002433C4F81C23DBBBD5ED017A6B78F8EE29
:10816800677AC3BBD4F82C2894F8783804F2EC4129
:10817800C1ED007AC4F84023D4F87028C4F8F42379
:108188000BB1B21AD30F94F87C28C4F8F833C4F8AA
:108198007023E378D4F854283146C4E9DD23204617
:1081A80002F05AFDBFF35F8F87F3108803B0BDEC70
:1081B800028BBDE8F083B4EE487ADDED017A012345
:1081C800F1EE10FAC4F8B43318BFB0EE678A98E736
:1081D800DFED047AC6E7F1EE677AC3E7FCF764FAE5
:1081E800A9E700BF0000000034BE0008F8B5044647
:1081F8000F4619461D46164602F00AFDFCF704F91B
:10820800D4F80C240023A4F8B131D4F8A83322B947
:108218000F2E45D00222C4F80C24EBB1D4F8E03379
:1082280023B90D2E49D00623C4F8E0330023C4F83F
:10823800A8330323C4E9F153D4F8B833D4F8BC23E2
:10824800EB1A9342D4E9160128BF1346C4F8C03389
:1082580004F50463C3E9000194F87D3843B1D4F808
:1082680074382BB12B44C4F87038012384F878385B
:108278000023A4F87C38C4F8A83384F8C432002357
:10828800C4F8AC322378092B4FF009031CBF677080
:10829800A670237029462046BDE8F840FFF7AABE1D
:1082A800D4F810245AB90322C4F80C24002BD3D0D4
:1082B800D4F8E033002BB9D1B5E70723B4E704229B
:1082C800C4F80C24002BC7D0F2E700BFF0B52DEDA1
:1082D800028B83B000260D464FF0807300210446C0
:1082E800026F80F8846880F88268C0F86068C0F817
:1082F8007A38C0F87E68C0F82C58C0F85858C0F8CA
:108308005C5801AB0191416E00F50670FEF794FFD1
:108318009DED018A94ED927AD4F82838D4EDA47AA8
:10832800B4EEC78AF1EE10FA03F10103B8BF324682
:10833800FCEEE77AA8BF0122012B38BF012304F61F
:10834800640104F6680081ED008A80ED008AC4F8B3
:10835800283817EE903A314604F2045684F8792802
:10836800C4F874384FF41C7204F53270376803F09F
:1083780068FAD4ED1E7A3760F8EEE77A04F20C5307
:10838800B4EEE78AF1EE10FA83ED008A04DB0123EC
:10839800C4F81034C4F81454D4ED1C7AD4E9182164
:1083A800F8EEE77A04F59E63C4E9DF12C4F808130F
:1083B800A16DC3ED007AE36DC4F8DC320C23C4F878
:1083C800E012C4F8E42223702946204603F076F927
:1083D80040B12378092B0CBF0720002003B0BDEC67
:1083E800028BF0BD2B460A2206212046FFF7FEFE2F
:1083F800EFE700BF90F87D28002A47D030B5D0F8C5
:10840800A83383B004460BB903B030BD00220192F3
:108418008DF80320D0F824080DF1030301AA0D46B6
:10842800FCF736FD98BB019B002B03DDD4F8CC2369
:108438009A4237D307EE903A9DF80330F8EEE77A80
:10844800C4EDB07A002BDFD0D4F8A8330122C4F8E9
:10845800E023002BD8D0D4E9EE30EB1A834294ED18
:10846800166B28BF03460021C4F8A813C4F8C0330C
:10847800022004F5046104F5A263C4E9F15081ED1A
:10848800006BC3ED007AC4F8FC23BDE770470823EE
:10849800C4F8E0330D222B4606212046FFF7A6FE3E
:1084A80003B030BDC4F8CC33FCF75CFAC28C019B36
:1084B800C4F8E823BEE700BF08B1FFF797BE7047CE
:1084C80000283DD070B50D461646002140F68802BA
:1084D800044603F0B6F98DB34C22294604F108008E
:1084E80003F0DCF917494C22284603F081F928BB30
:1084F800154B1B68A3F10103B3FA83F35B0904F579
:10850800DA7584F8953011496422284603F0C6F9D3
:108518000F49842204F5067003F0C0F90123C4F85A
:108528001C382846FFF7D2F8C4F82008FBF76CFF80
:1085380031462046BDE87040FFF75CBD0023DEE70A
:10854800704700BFE8BD000884BE0008D4C000081A
:1085580050C0000848B370B50378044663B915469F
:1085680011B190F8953043B901222B4620461146A7
:10857800BDE87040FFF73ABE70BD00F5DA7100F54E
:108588000670FEF779FF0028EED0FCF7B1F9002855
:10859800EAD0FCF7BDF90028E6D00123237029466C
:1085A8002046BDE87040FFF725BD70470346A8B1D7
:1085B80090F8830890B193F8740078B193F8750037
:1085C80060B1D3ED7C7A1B6EFCEEE77AC91A17EE20
:1085D800900A81428CBF002001207047704700BF7D
:1085E800F0B583B0B0B1A9B10B78013B154604468C
:1085F800092B06D8DFE803F01205051263055705B5
:10860800055E06262046E6702946FFF7F3FC30464D
:1086180003B0F0BD0126304603B0F0BD294602F094
:10862800F7FAD4F80C24002384F87C38A4F8B13184
:1086380012B90123C4F80C34D4F8A833B3B1D4E97F
:10864800EE320521C4F8E0130021C4F8A813032171
:10865800EB1AC4E9F151D4E91601934228BF134635
:1086680004F50462C4F8C033C2E9000194F87D3807
:1086780013B1D4F8743893BB0023002284F87D38F2
:10868800C4F8A83384F8C432C4F8AC2284F8843817
:10869800FBF7BAFE00283AD12378092B01D0012331
:1086A80023700026AEE70023A0F8B13180F894309B
:1086B8000226A7E70378012B18D00326A2E7037840
:1086C800092BF5D1FCF714F90028F1D0FCF720F9B3
:1086D8000028EDD0012200232280A370E1E72B447B
:1086E8000122C4F8703884F87828C5E7B0F87C38D7
:1086F800002BE2D190F8783823B1D0F87038EB1A13
:10870800002B3BDB94F894304BB904267AE72B46D0
:108718000A2206212046FFF769FD072672E7294647
:10872800204602F07DFB0028EFD094F8B231002BF0
:10873800EBD094F8B131002BE7D004F5067604F5B8
:10874800DA7739463046FEF797FE0028DDD0FCF789
:10875800DFF80028D9D0FCF7CBF80028D5D0FCF7F3
:1087680001F990F82930002BCFD10023019394F818
:1087780083383BB90123C4F89033C6E70C23C0F80B
:108788009033C2E7226F616E01AB3046FEF754FDAD
:108798000028EFD0D4ED1E7A9DED010A3046F8EEA0
:1087A800E70A394604F20452FEF7BAFE0646C4F850
:1087B80090030028A9D10123A4F8B10184F87C38DA
:1087C800C4F8545884F884081CE700BFA8B390F88C
:1087D800783870B50D46044643B994F87C388BB99F
:1087E80029462046BDE8704002F066BBD0F87038D4
:1087F800CB1A002BA4BF002380F8783894F87C3873
:10880800002BEDD0FCF774F838B92B4620460A2225
:10881800BDE870400621FFF7E9BCFCF779F80028AD
:10882800F3D0FCF79FF890F82830002BEDD1D4F85E
:108838005438EB1AF92B01D870BD704702222B4629
:1088480020461146BDE87040FFF7D0BC002800F074
:10885800C5802DE9F0472DED048B0D46B2B00029F7
:1088680000F0A8800B7F16460446002B00F0A78076
:108878004B7F002B00F0A3808B69002BC0F29F80F8
:10888800CA68B2F5803F80F09A80934240F09780A2
:1088980090F88338002B40F0CE8031462046FFF711
:1088A80095FFAE46BEE80F0004F1580C94F87D8899
:1088B80094F87C78ACE80F009EE80F004FF00109AF
:1088C8008CE80F0084F88398B8F1000F40F0878097
:1088D80000230A93002F00F0A58094F87430D5ED9A
:1088E800036A002B40F08F81F8EE667A94ED8A7A5D
:1088F800F4EEC77AF1EE10FA80F2D28094ED876A2E
:10890800B7EE007AB4EE476AF1EE10FA0DD1D4ED65
:108918008B5A94ED8C7A94ED906AA7EEA57AB4EE12
:10892800C67AF1EE10FA80F2BB8004F50677AA69E0
:1089380016EE901A0AAB3846FEF77EFC00283ED0A9
:10894800D4F8C833012B40F2D280D4F8D833002BA6
:1089580040F0CD8094F88338002B00F0C88094F85C
:108968007430002B00F0888594F8752052B1D4ED4E
:108978007C7A216EFCEEE77A711A17EE900A814232
:1089880040F2958094F87D18002900F07A859C467D
:10899800002A40F0528194F87C18002940F0E280C7
:1089A800BCF1000F40F08781022233461146204671
:1089B800FFF71CFC32B0BDEC048BBDE8F087B4F8BF
:1089C8007C38002BF6D03346032202212046FFF7DD
:1089D8000DFC32B0BDEC048BBDE8F087704794F80D
:1089E8007430002B00F0E58094F87530002B00F00F
:1089F8001381D4ED7C7A216EBCEEE77A721A17EEF9
:108A0800103A9A4209D8EB68D4F87C23934204D9E7
:108A1800C4F87C33AB68C4F8803300230A93002F72
:108A280040F0CF803146204602F0E2FA3146204637
:108A3800FFF7E0FABEE7D0E91623D1E90001FEF717
:108A4800DDFC002875D094F88338002B3FF425AF5F
:108A5800AB68226E9B1A002B5BDB0CD0D4F8682322
:108A68000AB19A4201D9C4F86833D4F86C239A42FF
:108A780038BFC4F86C33D5E90032A16D013B42F12F
:108A8800FF325B1AE16D62EB0102002A4FF0FF3101
:108A9800D4F84C2318BF0B461A44C4F84C23FCE600
:108AA8003346002203212046FFF7A0FB82E704F5A6
:108AB8000463D3E90023D5E90001FEF79FFCB0B1B8
:108AC800AA68D4F8C433D31A002B10DBD5E90031D7
:108AD80004F5A360DDF828C0C0F800C0C4F8083465
:108AE8000123C4F8D423C4F80414C4F8D83394F880
:108AF8007D386BB394F88338002B40F0938094F85A
:108B08007C38002B3FF450AF31462046FFF772FA0D
:108B180050E7B4F87C38002B3FF44CAF33460422BE
:108B28000221204632B0BDEC048BBDE8F047FFF7C8
:108B38005DBBB4F87C38002B3FF43CAFD5E90002AC
:108B4800D4E916139A4208BF88423FF433AFE5E7E9
:108B580094F87C38002BD7D094F88338002BD3D0E6
:108B680094F87430002BCFD094F87520002ACBD01D
:108B7800D4ED7C7A236EFCEEE77AF31A17EE902A8E
:108B88009342C1D8AB68D4F854289B1A002BBBDB9E
:108B98002378012B06D194F894301BB1A36F002BD6
:108BA80000F365853346092206212046FFF71EFBA0
:108BB800AAE700230A93002F3FF434AFD5ED036AE8
:108BC80092E6D5ED036AFCEEE77A711A17EE903A51
:108BD80099423FF689AEAB68D4F854289B1A002B0B
:108BE800FFF682AEA36F40F6B83293427FF47CAEB4
:108BF80016EE902A9A427FF477AE31462046FFF768
:108C080065FBE07080E794F87530002B3FF46CAE9C
:108C1800216ED4ED7C7AD6E700230A93002F3FF427
:108C280001AFCBE794F87430002B3FF468AF94F8A9
:108C380075209446002A3FF462AFD4ED7C7A216E09
:108C4800BCEEE77A701A17EE103A98420CD9FCEE8F
:108C5800E77A711A17EE903A994294F87C0819D974
:108C680000283FF49DAE81E7D4F81034002BEED1F4
:108C780094ED1E7ADDED0A6AB8EEC77AB4EEE67AAC
:108C8800F1EE10FAE3D8AB68C4F814340123C4F841
:108C98001034DCE704F20C53DDED0A7A93ED007A28
:108CA800B4EEE77AF1EE10FA40F12F83C3ED007AC3
:108CB80000287FF45BAF002A3FF476AED4ED7C7ACF
:108CC800236EFCEEE77AF31A17EE902A93423FF6EA
:108CD8006BAE94F87E389BB1D4F8283383B994ED01
:108CE800927ADDED0A7AB4EEE77AF1EE10FA07D857
:108CF800EA68C4F834230123C4F8283384F879389F
:108D0800D4F8FC33002B40F0CC82D4F8A833002BE5
:108D180000F0858004F21453D3ED006ADDED0A7A81
:108D280004F21C5393ED007AF4EEC77AF1EE10FAD0
:108D3800C8BFC3ED007A04F5A46393ED007A77EE1B
:108D4800E66AF4EEC77A94EDA67AF1EE10FAB4EE7C
:108D5800E67AC8BFC3ED007AF1EE10FA40F2F58367
:108D680094ED1E7A94ED986AB8EEC77A37EE677A72
:108D7800B4EEC67AF1EE10FA40F2788394EDA77A51
:108D880077EE677AF5EEC07AF1EE10FA40F26E836C
:108D980023780E2B00F06A83D4EDA57AF4EEE76A07
:108DA800F1EE10FAC0F27282D4F86C88FBF7DAFDA3
:108DB8004368434538BF98460223D4F82408C4F8CA
:108DC800E03342463146FBF78FFE002840F0E3834C
:108DD80007EE908AD4F8A823F8EEE77A002A00F084
:108DE800CF830223C4E9F163D4F8B833D4F8BC23A1
:108DF800C4F8A803F31A9342D4E9168928BF134686
:108E0800C4F8C03304F5A26204F504630121C3E980
:108E18000089C2ED007AC4F8FC13C4EDB07A94F866
:108E28007D38002B3FF4C6AD94F87E38AA68002B35
:108E380000F06F82D4ED7A7AD4F83438FCEEE77A11
:108E4800A2EB030817EE903A9845C0F0AF83EB68A1
:108E5800D5ED067AC4F80833D5E90031F8EEE77A9B
:108E6800C4F8DC1204F59E61C1ED007A04F5DA79E4
:108E7800C4E9B832642249460DEB020002F00EFD47
:108E880007EE908A9FED567A9DED0A0AF8EE677A0A
:108E9800494627EE878AD4ED1E7A04F52779F8EE3D
:108EA800E78AF0EE480A0CAA484678EEC08AFEF730
:108EB80005FE002800F06783DDED167AD4F8A833A4
:108EC800FDEEE77A17EE90AA002B00F0EC82DDEDBC
:108ED800107AF5EEC07AF1EE10FA40F2168494F8A2
:108EE8007B88B8F1000F00F0E482D4F824083146FA
:108EF800FBF792FFB0F1000AC0F2458307EE10AA13
:108F0800DDED167ADDED156A189BB8EEC77A43F0E9
:108F1800100377EE677A8DED167A36EEA77A1893F6
:108F2800D4F85432CDED147A8DED157A20934FF0A4
:108F38000008D4ED846A94ED7C7AD4ED7D7ACDF87E
:108F480014A0FCEEE66ABCEEC77AFCEEE77A01965E
:108F5800CDED046A8DED037ACDED027AAB6800930E
:108F68000DF1270307930BAB0693D5E90023D4F83B
:108F78002408FCF785F8002840F01E839DF8273068
:108F88001BB1189B43F00403189307EE90AAF8EE60
:108F9800E79ADDED167AF4EE679AF1EE10FA03D04F
:108FA800189B43F0080318930B9B0CAA19A9484671
:108FB800FEF73EFF002800F0E682D4F8A8330B99AC
:108FC800002B00F06081002904DDD4F8CC338B42FB
:108FD800C0F04881B8F1000F00F0558102E000BFF1
:108FE8006F12833A0023C4F8A8330223C4E9F1635B
:108FF800D4F8B833D4F8BC23F31A07EE901A934286
:10900800D4E9168928BF1346F8EEE77AC4F8C033C6
:1090180004F5A26204F504630120C3E90089C2EDE6
:10902800007AC4F8FC03D5E90089D4F8EC22AF68CB
:10903800C4F834789DED0F9A9DED0D5ADDED0E5A6A
:10904800DDED107A9DED116ADDED126A9DED137A62
:10905800DDF850A0DDF854E0DDF858C0179843E972
:109068000289013204F59763C4F8EC22C4F8D86287
:1090780083ED008A04F2BC4383ED009A04F2C443F2
:1090880083ED005A04F59963C3ED005A04F2CC430A
:10909800C3ED007A04F59A6383ED006A04F2D443C1
:1090A800C3ED006A04F59B6383ED007A04F2DC43A8
:1090B80007EE101AC3F800A004F59C63B8EEC77A4F
:1090C800C3F800E004F2E44383ED007A04F2F443C9
:1090D800C3ED009A04F59F63C3F800C004F59D63CF
:1090E8001860189A94EDAF8AD4EDAE9AC4F80C23A0
:1090F800B4EEE98AF1EE10FA02F00102C0F26C82D5
:1091080094ED827AF0EEE77AF4EEC77AF1EE10FA8F
:10911800CCBF012300231846002A00F0558294F89A
:1091280080580DB9C4F84868002840F0588284F87F
:109138008138D4F84838F31AC4F84433012384F842
:1091480080384FF000080029C4F8488340F30882AB
:10915800D4ED7F7AF4EEE87AF1EE10FA40F100826D
:1091680094F87A3853B904F664010A9BC4F858682D
:10917800C4F85C680B6004F668010B60D4ED9D7A56
:10918800D4F85818FCEEE77A012384F87A3817EEF9
:10919800903A711A994218D304F66401D1ED007A15
:1091A8009DED0A7AD4ED9E6A77EE677A04F5A160A0
:1091B800F4EEE67AF1EE10FAC0ED007AA4BFC4F836
:1091C8005C6881ED007AC4F85868D4F85C78F71BBD
:1091D800BB42C4F8987340F2968204F66803DDED4A
:1091E8000A7AD3ED006A94ED9E7A77EEE67AF4EE89
:1091F800C77AF1EE10FAC0F28682002A0CBF032566
:109208000125B4EEE98AF1EE10FAACBF0123002380
:10921800C4F89C33D4ED9F0A94ED810AC4F89453A2
:1092280002F094FBBCEEC00A10EE103ABB4240F2CA
:109238006282B4EEE98AF1EE10FAC0F20582D4ED4A
:10924800837AFCEEE77A17EE903A434500F2DC8128
:10925800EB0700F1D9813346112205212046FEF79C
:10926800C5FF51E4C4F8CC13FBF77CFBC38CC4F8EE
:10927800E833B8F1000F00F0C782D4F8A8330B998F
:10928800002B7FF4AFAE04F50463CCE6D4F8F033DA
:10929800F31A002BFFF6C3AD31462046FFF7AAF8B4
:1092A800BDE504F50463D3E90023D5E90001FEF721
:1092B800A5F800283FF428ACAB68D4F8C4239B1A5F
:1092C800002BFFF621AC04F5A46393ED007ADDEDE5
:1092D8000A7AB4EEE77AF1EE10FA48BFC3ED007AE5
:1092E8000023C4F8FC3304F21453D3ED006A94ED60
:1092F800A67A77EEE67AF4EEC77AF1EE10FA80F203
:10930800C7800123C4F80034FFE400283FF4D3AC3D
:109318002CE4EB68D5ED067AD4ED926AC4F80833EC
:109328009DED0A7AD5E90031F8EEE77AF4EEC76ADE
:10933800C4F8DC12F1EE10FA04F59E61C1ED007A72
:10934800C4E9B8323FF6E0ABFBF75EF8002840F01E
:109358000F81D4E918310122C4E9CC3184F87E2880
:10936800C4F83038C4F89030226F0CAB3846FDF79B
:1093780063FF002800F0FC80D4ED927A9DED0C0A82
:10938800F4EEC07AF1EE10FAD4ED1E7A94BF012300
:109398000023F8EEE70AC4F8283304F5DA7104F577
:1093A8002770FEF7E3FA002800F0E28004F62400B4
:1093B800FBF7E8FA0546002840F0DA80D4ED800A89
:1093C80094ED9A0A02F0C2FAF0EE400A94ED990A76
:1093D80002F0BCFAD4ED747AD4F82408BCEEC07A52
:1093E800FDEEE77A17EE102A17EE903A3146FBF7B2
:1093F800CBFA002800F0BC80D4ED846A94ED7C7A26
:10940800D4ED7D7A0595FCEEE66A0BAB0793CDEDBE
:10941800046ABCEEC77AFCEEE77A216E8DED037A1A
:10942800CDED027AD4E91623CDE9001619A9D4F8AE
:1094380024080691FBF724FE002840F09980D4E91F
:10944800168904F50463D4F8A422206ED4F89C127B
:1094580043E9028904F2BC43C4F834081A6004F2F0
:10946800C4430D2219602270FFF74EBBFBF77AFA4E
:109478004FF000080323A0E494F87D28002A7FF425
:109488003EAB94F87C28002A3FF43EABFFF76ABB5A
:109498000223C4F800341422334605212046FEF77F
:1094A800A5FEFFF787BA94F87B88B8F1000F7FF420
:1094B8003EAD3846FDF742FF002800F0A38094F83F
:1094C8007938002B00F09E81D4F82833002B00F067
:1094D8009981D4ED987AF4EEE87AF1EE10FA80F2F8
:1094E800978194F87F38002B40F09681DDED107A53
:1094F800F5EEC07AF1EE10FA40F28C81D4EDB07A34
:10950800F5EEC07AF1EE10FA00F18481D4ED967A86
:1095180094ED977AD4F8B033FCEEE77ABCEEC77ACC
:1095280017EE902A17EE101A13448B4240F2FF8070
:109538000623C4F8DC33D4F8A833002B3FF4F9AC85
:10954800B8F1000F7FF4F5ACCFE40423C4F8E0339E
:109558001322334605212046FEF748FEFFF72ABAB4
:1095680000231D4684F87A38C4F898331F4648E625
:1095780033460A2206212046FEF738FEFFF7C4BA12
:10958800C4EDB07A4BE43346122207212046FEF799
:109598002DFEFFF70FBA0823C4F8E0330D22334637
:1095A80006212046FEF722FEFFF704BA3146204680
:1095B800FEF720FFFFF7FEB933460A2206212046B0
:1095C800FEF714FEFFF7F6B948B984F8802884F846
:1095D8008138C4F84423B4E5002318469CE594F880
:1095E800810808B9C4F84C6884F8802884F8813860
:1095F800002A7CD11346C4F84433D4F84C38A6EB7F
:109608000308A0E5022394E7D4ED1E7A94ED7E7A50
:10961800F8EEE77A77EEC97AF0EEE77AB4EEE77A11
:10962800F1EE10FA18DB23780E2B18BFC4F8606827
:10963800D4F860380E210122F31A217084F87F28AB
:10964800C4F8A033FFF760BAD4ED1E7AF8EEE77AD3
:1096580077EEC97AF0EEE77A23780E2B00F0C9800E
:109668000D2200232270C4F8A033FFF74DBAD4EDC1
:10967800877A07EE103AF5EE407AF1EE10FA14BF49
:1096880001210021B8EEC70A3846FDF71BFD002866
:109698007FF488AA04F5DA7529463846FDF7ECFE0A
:1096A80000283FF47FAAFBF733F900283FF47AAA91
:1096B800FBF71EF900283FF475AAFBF753F990F859
:1096C8002930002B7FF46EAAD4ED1E7A9DED0A0A8C
:1096D800F8EEE70A2946384604F20452FDF720FF5F
:1096E800C4F8900300287FF45DAAFFF786BAD4F87F
:1096F8004838F31A7FE73346102205212046FEF743
:1097080075FDFFF701BA02257BE50323D4F8240889
:10971800C4F8E033FBF7C8F9804600283FF44CAFA3
:1097280094F87B38002B3FF4C4AE984601E4C4F8A3
:10973800B0330123D4F82408C4F86CA8C4F8DC3387
:1097480084F87B383146FBF763F900283FF434AFDF
:10975800D4ED957AD4EDA36A94EDA27ACDF804A05D
:10976800FDEEE77A3146CDED007AFCEEE67AD4F8E4
:10977800240817EE903AFCEEC77A17EE902AFBF70A
:10978800C7FA00283FF418AFFBF7ECF8D4ED966A57
:10979800C269C4F8AC2301238269C4F8B823FCEE7B
:1097A800E66A026AA868C4F8A833C4F8C83304F2A1
:1097B80014530A9994ED957AD4EDA27AC4EDEF6A20
:1097C800196004F21C53BCEEC77A1960FCEEE77A04
:1097D80004F5A4631960C4F8D00384EDF97AC4EDE4
:1097E800FB7AC4F8F023B8F1000F7FF4A2ABFFF7BF
:1097F8007CBB94ED7F7AB4EEE77AF1EE10FA7FF550
:1098080083A92DE7032394E60B9904F504630AE47E
:1098180004238EE605238CE608238AE670B138B562
:1098280090F87D38044603B938BD0D4601F028FB91
:1098380029462046BDE83840FEF7DCBB704700BF2C
:1098480070B138B50D460446FEF7C0FF29462046DC
:1098580001F016FB29462046BDE83840FEF7CABB92
:10986800704700BF05281CD0062801D0002070478B
:10987800A1F58073042B12D9A1F58873312B0ED969
:10988800A1F5A063012B0AD9A1F5A463042B06D97D
:10989800A1F5A26109298CBF002001207047012091
:1098A8007047103901298CBF00200120704700BF84
:1098B800002877D02DE9F04F0529ADF5517D0D46EB
:1098C80016461F465BD0062904D006200DF5517DAB
:1098D800BDE8F08FA2F58073042B04463ED9A2F5AB
:1098E8008873312B0BD9A2F5A063012B07D9A2F5F8
:1098F800A463042B03D9A2F5A263092BE5D8257824
:10990800012D37D1B4F87C38A3BBFAF7F1FF88B33F
:10991800FBF728F890F8283063BBB6F5A06F84F8F9
:10992800B23141D0A6F5A2618AB2092A40F2B585C2
:1099380040F20152964200F0D385A6F5A4618BB29D
:10994800032B00F2588694F8B131002B40F0B9850A
:109958000023A4F8B03184F8943006E0B2F5817F92
:10996800CDD14DF201139F422CD001200DF5517D30
:10997800BDE8F08F03200DF5517DBDE8F08FA2F111
:109988001003012BA1D8B7F57F4FEED1102A08BFDD
:109998000A250023DA9A8DF8BC52AFA9B093FEF7D6
:1099A8001FFE93E7062070474BF201529742CFD132
:1099B800C4F8A031A4F8A431A4F8B05184F89430C4
:1099C800002083E7EFF31083919372B6BFF35F8FA4
:1099D800D4E9BC230193D4F8F8320293D4F8FC32CA
:1099E8000393D4F800330493D4F804330593D4F8DC
:1099F80008330693D4F80C330793D4F8103308933C
:109A0800D4F814330993D4F818330A93D4F81C33D0
:109A1800D0E9B2A9D0E9B48ED0E9B6C7D0E9B86523
:109A2800D0E9BA010B93D4F820330C93D4F824333B
:109A38000D93D4F828330E93D4F82C330F93D4F81D
:109A480030331093D4F834331193D4F83833129355
:109A5800D4F83C331393D4F840331493D4F84433F4
:109A68001593D4F848331693D4F84C331793D4F895
:109A780050331893D4F854331993D4F858331A93AD
:109A8800D4F85C331B93D4F860331C93D4F8643354
:109A98001D93D4F868331E93D4F86C331F93D4F80D
:109AA80070332093D4F874332193D4F87833229305
:109AB800D4F87C332393D4F880332493D4F88433B4
:109AC8002593D4F888332693D4F88C332793D4F885
:109AD80090332893D4F894332993D4F898332A935D
:109AE800D4F89C332B93D4F8A0332C93D4F8A43314
:109AF8002D93D4F8A8332E93D4F8AC332F93D4F8FD
:109B0800B0333093D4F8B4333193D4F8B8333293B4
:109B1800D4F8BC333393D4F8C0333493D4F8C43373
:109B28003593D4F8C8333693D4F8CC333793D4F874
:109B3800D0333893D4F8D4333993D4F8D8333A930C
:109B4800D4F8DC333B93D4F8E0333C93D4F8E433D3
:109B58003D93D4F8E8333E93D4F8EC333F93D4F8EC
:109B6800F0334093D4F8F4334193D4F8F833429364
:109B7800D4F8FC334393D4F800344493D4F8043431
:109B88004593D4F808344693D4F80C344793D4F862
:109B980010344893D4F814344993D4F818344A93B9
:109BA800D4F81C344B93D4F820344C93D4F8243490
:109BB8004D93D4F828344E93D4F82C344F93D4F8DA
:109BC80030345093D4F834345193D4F83834529311
:109BD800D4F83C345393D4F840345493D4F84434F0
:109BE8005593D4F848345693D4F84C345793D4F852
:109BF80050345893D4F854345993D4F858345A9369
:109C0800D4F85C345B93D4F860345C93D4F864344F
:109C18005D93D4F868345E93D4F86C345F93D4F8C9
:109C280070346093D4F874346193D4F878346293C0
:109C3800D4F87C346393D4F880346493D4F88434AF
:109C48006593D4F888346693D4F88C346793D4F841
:109C580090346893D4F894346993D4F898346A9318
:109C6800D4F89C346B93D4F8A0346C93D4F8A4340F
:109C78006D93D4F8A8346E93D4F8AC346F93D4F8B9
:109C8800B0347093D4F8B4347193D4F8B834729370
:109C9800D4F8BC347393D4F8C0347493D4F8C4346F
:109CA8007593D4F8C8347693D4F8CC347793D4F831
:109CB800D0347893D4F8D4347993D4F8D8347A93C8
:109CC800D4F8DC347B93D4F8E0347C93D4F8E434CF
:109CD8007D93D4F8E8347E93D4F8EC347F93D4F8A9
:109CE800F0348093D4F8F4348193D4F8F834829320
:109CF800D4F8FC348393D4F800358493D4F804352D
:109D08008593D4F808358693D4F80C358793D4F81E
:109D180010358893D4F814358993D4F818358A9374
:109D2800D4F81C358B93D4F820358C93D4F824358B
:109D38008D93D4F828358E93D4F82C358F93D4F896
:109D48003035D4F834B59093BFF35F8F919B83F38C
:109D58001088019BA4F866351B0CA4F86435029B97
:109D6800A4F86A351B0CA4F86835039BA4F86E3573
:109D78001B0CA4F86C35049BA4F83AA5A4F83E95EE
:109D8800A4F84285A4F846E5A4F84AC5A4F84E7597
:109D9800A4F85265A4F85655A4F85A05A4F85E1517
:109DA800A4F86225090C120C4FEA1A4A4FEA19491D
:109DB8004FEA18484FEA1E4E4FEA1C4C3F0C360C2F
:109DC8002D0C000CA4F85C15A4F86025A4F838A59F
:109DD800A4F83C95A4F84085A4F844E5A4F848C53F
:109DE800A4F84C75A4F85065A4F85455A4F858057F
:109DF800A4F872351B0CA4F87035059B069AA4F8D4
:109E080076351B0CA4F87435130CA4F87835079B29
:109E1800A4F87E351B0CA4F87C35089BA4F8823581
:109E28001B0CA4F88035099BA4F886351B0CA4F8F4
:109E380084350A9BA4F88A351B0CA4F888350B9B3B
:109E4800A4F88E351B0CA4F88C350C9BA4F892351D
:109E58001B0CA4F890350D9BA4F896351B0CA4F8A0
:109E680094350E9BA4F89A351B0CA4F898350F9BD3
:109E7800A4F87A25A4F89E351B0CA4F89C35109BF1
:109E8800A4F8A2351B0CA4F8A035119BA4F8A6359C
:109E98001B0CA4F8A435129BA4F8AA351B0CA4F833
:109EA800A835139BA4F8AE351B0CA4F8AC35149B4D
:109EB800A4F8B2351B0CA4F8B035159B169AA4F873
:109EC800B6351B0CA4F8B435130CA4F8B835179B99
:109ED800A4F8BE351B0CA4F8BC35189BA4F8C235F1
:109EE8001B0CA4F8C035199BA4F8C6351B0CA4F8A4
:109EF800C4351A9BA4F8BA25A4F8CA351B0CA4F8D3
:109F0800C8351B9BA4F8CE351B0CA4F8CC351C9B7C
:109F1800A4F8D2351B0CA4F8D0351D9BA4F8D6356F
:109F28001B0CA4F8D4351E9BA4F8DA351B0CA4F836
:109F3800D8351F9BA4F8DE351B0CA4F8DC35209B14
:109F4800A4F8E2351B0CA4F8E035219BA4F8E6350B
:109F58001B0CA4F8E435229BA4F8EA351B0CA4F8E2
:109F6800E835239BA4F8EE351B0CA4F8EC35249BAC
:109F7800A4F8F2351B0CA4F8F035259BA4F8F635A7
:109F88001B0CA4F8F435269B279AA4F8FA351B0C69
:109F9800A4F8F835130CA4F8FC35289BA4F802366D
:109FA8001B0CA4F80036299BA4F806361B0CA4F851
:109FB80004362A9BA4F80A361B0CA4F808362B9BF7
:109FC800A4F80E361B0CA4F80C362C9BA4F81236F9
:109FD8001B0CA4F810362D9BA4F816361B0CA4F8FD
:109FE80014362E9BA4F81A361B0CA4F818362F9B8F
:109FF800A4F81E361B0CA4F81C36309BA4F8FE25CA
:10A00800A4F822361B0CA4F82036319BA4F8263677
:10A018001B0CA4F82436329BA4F82A361B0CA4F88F
:10A028002836339BA4F82E361B0CA4F82C36349B08
:10A03800A4F832361B0CA4F83036359BA4F8363613
:10A048001B0CA4F83436369B379AA4F83A361B0C06
:10A05800A4F83836130CA4F83C36389BA4F84236DA
:10A068001B0CA4F84036399BA4F846361B0CA4F800
:10A0780044363A9BA4F84A361B0CA4F848363B9B56
:10A08800A4F83E26A4F84E361B0CA4F84C363C9B8C
:10A09800A4F852361B0CA4F850363D9BA4F856364B
:10A0A8001B0CA4F854363E9BA4F85A361B0CA4F893
:10A0B80058363F9BA4F85E361B0CA4F85C36409BD0
:10A0C800A4F862361B0CA4F86036419BA4F86636E7
:10A0D8001B0CA4F86436429BA4F86A361B0CA4F83F
:10A0E8006836439BA4F86E361B0CA4F86C36449B68
:10A0F800A4F872361B0CA4F87036459BA4F8763683
:10A108001B0CA4F87436469BA4F87A361B0CA4F8EA
:10A118007836479B489AA4F87E361B0CA4F87C3600
:10A12800130CA4F88036499BA4F886361B0CA4F8B7
:10A1380084364A9BA4F88A361B0CA4F888364B9BB5
:10A14800A4F88E361B0CA4F88C364C9BA4F89236D7
:10A158001B0CA4F890364D9BA4F896361B0CA4F85B
:10A1680094364E9BA4F89A361B0CA4F898364F9B4D
:10A17800A4F89E361B0CA4F89C36509BA4F8A23673
:10A188001B0CA4F8A036519BA4F88226A4F8A63686
:10A198001B0CA4F8A436529BA4F8AA361B0CA4F8EE
:10A1A800A836539BA4F8AE361B0CA4F8AC36549BC7
:10A1B800A4F8B2361B0CA4F8B036559BA4F8B636F2
:10A1C8001B0CA4F8B436569BA4F8BA361B0CA4F89A
:10A1D800B836579B589AA4F8BE361B0CA4F8BC3660
:10A1E800130CA4F8C036599BA4F8C6361B0CA4F867
:10A1F800C4365A9BA4F8CA361B0CA4F8C8365B9B15
:10A20800A4F8CE361B0CA4F8CC365C9BA4F8C22666
:10A21800A4F8D2361B0CA4F8D0365D9BA4F8D63629
:10A228001B0CA4F8D4365E9BA4F8DA361B0CA4F8F1
:10A23800D8365F9BA4F8DE361B0CA4F8DC36609B8E
:10A24800A4F8E2361B0CA4F8E036619BA4F8E636C5
:10A258001B0CA4F8E436629BA4F8EA361B0CA4F89D
:10A26800E836639BA4F8EE361B0CA4F8EC36649B26
:10A27800A4F8F2361B0CA4F8F036659BA4F8F63661
:10A288001B0CA4F8F436669BA4F8FA361B0CA4F849
:10A29800F836679BA4F8FE361B0CA4F8FC36689BBE
:10A2A800699AA4F802371B0CA4F80037130CA4F819
:10A2B80004376A9BA4F80A371B0CA4F808376B9B71
:10A2C800A4F80E371B0CA4F80C376C9BA4F81237B3
:10A2D8001B0CA4F810376D9BA4F816371B0CA4F8B8
:10A2E80014376E9BA4F81A371B0CA4F818376F9B09
:10A2F800A4F81E371B0CA4F81C37709BA4F822374F
:10A308001B0CA4F82037719BA4F826371B0CA4F863
:10A318002437729BA4F80627A4F82A371B0CA4F844
:10A328002837739BA4F82E371B0CA4F82C37749B82
:10A33800A4F832371B0CA4F83037759BA4F83637CD
:10A348001B0CA4F83437769BA4F83A371B0CA4F8F6
:10A358003837779BA4F83E371B0CA4F83C37789B1A
:10A36800799AA4F842371B0CA4F84037130CA4F8C8
:10A3780044377A9BA4F84A371B0CA4F848377B9BD0
:10A38800A4F84E371B0CA4F84C377C9BA4F8523722
:10A398001B0CA4F850377D9BA4F84627A4F8563721
:10A3A8001B0CA4F854377E9BA4F85A371B0CA4F84E
:10A3B80058377F9BA4F85E371B0CA4F85C37809B4A
:10A3C800A4F862371B0CA4F86037819BA4F86637A1
:10A3D8001B0CA4F86437829BA4F86A371B0CA4F8FA
:10A3E8006837839BA4F86E371B0CA4F86C37849BE2
:10A3F800A4F872371B0CA4F87037859BA4F876373D
:10A408001B0CA4F87437869BA4F87A371B0CA4F8A5
:10A418007837879BA4F87E371B0CA4F87C37889B79
:10A42800A4F882371B0CA4F88037899B8A9AA4F871
:10A4380086371B0CA4F88437130CA4F888378B9B39
:10A44800A4F88E371B0CA4F88C378C9BA4F8923791
:10A458001B0CA4F890378D9BA4F896371B0CA4F816
:10A4680094378E9BA4F88A278F9A9099A4F89A37E4
:10A478001B0CA4F89837130CA4F89C370B0CA4F801
:10A48800A0374FEA1B43A4F89E27A4F8A217A4F804
:10A49800A437A4F8A6B7FFF793BA94F8B031002B05
:10A4A8003FF456AA05FA01F3A6F2EC42B4F8A0115B
:10A4B80004EB42020B43A2F83C71A4F8A031FFF769
:10A4C8007FBA05FA01F3A6F59E62B4F8A41104EB6D
:10A4D80042020B43A2F83871A4F8A431FFF770BA0E
:10A4E8004CF2015297427FF433AA94F8B021002A23
:10A4F8003FF42EAAB4F8A01184F8B03140F2FF322C
:10A5080091427FF425AAD4F8A821531C3FF420AA2D
:10A51800B4F88401B4F88631B4F8881143EA0043EA
:10A528009393B4F88A31B4F88C0143EA01439493C5
:10A53800B4F88E31B4F8901143EA00439593B4F817
:10A54800923143EA01439A427FF402AA93AD284626
:10A55800B4F89471B4F89661FCF7BCF800283FF49D
:10A56800F7A92846FCF7F8F846EA074686427FF43A
:10A57800EFA95A498422AFA801F090F958496422FA
:10A5880096A801F08BF99DED940AFCF791F807EE77
:10A59800900AF8EEE77A9DED950ACDEDBE7AFCF7C4
:10A5A80087F807EE900AF8EEE77A96A9AFA8CDEDFE
:10A5B800BC7ACDED9D7AFCF75FFF00283FF4C8A96F
:10A5C800EFF3108972B6BFF35F8F94F80080B8F18B
:10A5D800010F0AD1B4F87C383BB9FAF789F920B1F0
:10A5E800FAF7C0F990F82870DFB3BFF35F8F89F3EB
:10A5F8001088FFF7ADB940F224539E427FF4A8A912
:10A608004AF201539F427FF4A3A994F8B131002B79
:10A618003FF49EA9B4F8A22140F6FF739A427FF452
:10A6280097A9B4F8A4310F2B7FF492A9B4F8981124
:10A63800B4F89A31D4F8A82143EA014393427FF44D
:10A6480087A9B4F89C11B4F89E31D4F8AC2143EA38
:10A65800014393427FF47CA9012384F8B231FFF7C8
:10A66800AFB995E80700D4F8A83104F5BC7C0133EC
:10A678008CE80700C4E96A36AFA9842204F506709D
:10A6880001F00CF996A9642204F5DA7001F006F9D4
:10A6980096A8FDF71BF8DDED937AD4F8A831C4F835
:10A6A8002008FDEEE77A013384F89480C4F81C385A
:10A6B800C4F8A271C4ED1E7A84F8B1812C223946FF
:10A6C80004F5277001F0BDF8BFF35F8F89F3108898
:10A6D800DA992046FFF7B4F8FFF772B950C00008BE
:10A6E800D4C0000830B5044683B0D0B1CBB1D9B1DD
:10A6F800B2F5C06F27D2B2F5A86F80F08C80B2F5A2
:10A70800806F37D2B2F5C07F80F0A180B2F5827F2A
:10A718006BD040F203118A426FD0A2F588713129BB
:10A7280036D9002003B030BDA2F50071B1F59C7F89
:10A7380018D3A2F58072072AF3D8DFE802F0524A4C
:10A7480047433F3B373340F24B618A42E9D85110C7
:10A758005548A1F54071D40750F8211016D40A0CB9
:10A768001A8004E000EB4202B2F838211A80012076
:10A7780003B030BD40F2C5418A42D2D851104B488F
:10A78800A1F50071D40750F82110E8D50A46E7E78B
:10A798005108883900EB8101D207D1F8B411DED510
:10A7A8000A46DDE7D0F820281A80E0E7B0F822282A
:10A7B8001A80DCE7D0F81C281A80D8E7B0F81E28E1
:10A7C8001A80D4E74FF49C721A80D0E732221A809C
:10A7D800CDE70193FAF7C6F8019B90F829201A8073
:10A7E800C5E74FF20C121A80C1E7D0ED867AFCEE6D
:10A7F800E77A17EE902A1A80B9E7D0ED877AF5EE56
:10A80800407AF1EE10FA3DD090F89420002AA7D0B3
:10A81800B0F87820A4E740F24B518A4281D8A2F5DB
:10A82800A865052D22D85208A2F5287200EB8202ED
:10A83800E807D2F8782100D4120C92B21A80B4F842
:10A84800A2210123AB401343A4F8A2318FE7B2F54C
:10A85800E17FBFF466AF5108C03900EB8101D00732
:10A86800D1F818127FF57BAF0A4679E7062D0BD091
:10A87800072D11D0D0E96A12092D98BF0A46E907B9
:10A88800DBD4D9E700226BE790ED5F0A0193FBF771
:10A898000FFF019B82B2D1E790ED600A0193FBF7AD
:10A8A80007FF019B82B2C9E738C10008C4BE00088F
:10A8B80000487047F964CEA9036AF8EE007AB4EE4E
:10A8C800E70A53B9F1EE10FA16D54FF4C8730362CC
:10A8D80000220023C0E904237047F1EE10FA0ED5D8
:10A8E8006433B3F5167F23D94FF41673036200223D
:10A8F8000023C0E9042370474FF496730362B0EE57
:10A90800C00AF7EE007AB4EEE70AF1EE10FADFD5E6
:10A91800D0E904230133012B436104D9002302F554
:10A928009672C0E904238A4201D9016170477047D1
:10A938000362CDE7C369CB1AC72B11D9D0ED0E7AC4
:10A94800C16170EE677AB7EE007AF0EEE77AF4EE5E
:10A95800C77AF1EE10FA04D40023836180ED0E0A61
:10A968007047836940F6AC5203F5FA73934228BFE7
:10A978001346F2E730B52DED028B1C4683B0002B51
:10A9880078D0DFED637AB0EEC07AB4EE677AF1EE94
:10A9980010FA6FD8B0EEE07AB4EE677AF1EE10FAFA
:10A9A80068D8B5EEC00AF1EE10FA63D4F7EE007A73
:10A9B800F4EEE70AF1EE10FA5CD4DFED567AF4EE25
:10A9C800E70AF1EE10FA55DC70EEC00A0023F5EE46
:10A9D800C00AF1EE10FA23606360A360E3602361AC
:10A9E800636140F28280002849D1F2EE047AB4EE25
:10A9F800E70AF1EE10FA42D5F0EE087AF4EEE70A2B
:10AA0800F1EE10FA74DC03232360B7EE008A70EECF
:10AA1800C87AB6EE000A27EE800ADFED3F0A0191F8
:10AA280000F06CFFF0EE480A00F090FFDFED3B7A93
:10AA3800019960EE277AB1F57A7FFCEEE77A28BFB4
:10AA48004FF47A7117EE903A032503F5C87303EBB8
:10AA5800830219445200B2FBF1F2022A38BF0222E3
:10AA68000132C4E90335C4E901124FF496706061FC
:10AA7800012000E0002003B0BDEC028B30BDDFED0B
:10AA8800287AF4EEE70AF1EE10FA24D902232360BB
:10AA9800F0EE087A30EEE70ADFED227ADFED1E0AE3
:10AAA800019180EE270A00F029FF0225F7EE000A3F
:10AAB80000F04CFFDFED1C7A019920EE270AB1F572
:10AAC8007A6FBCEEC00A28BF4FF47A6110EE103AD4
:10AAD80003F54873BBE7F0EE087AF4EEE70A0323C0
:10AAE800F1EE10FA2360D3D88FE704232360BFE781
:10AAF80041F2883140F6AC5301209A4294BF8B183A
:10AB0800CB186422C4E90310C4E901322060AFE71E
:10AB1800FFFF7F7F00803B450000000000001644D7
:10AB28000000484200003C420080094570B590F89A
:10AB38007D38D0F844212DED028B04460D46B0EE49
:10AB4800408AC0F844111BB190F87731002B40D0EF
:10AB5800F9F75AFC00284FD1A26F216E40F6B8359C
:10AB6800AA4214BF0622052204F20C50D0ED007A46
:10AB7800C4F80C244FF4807504F5A6620023C4F8C9
:10AB88001414A4F87C580121042584F87711C4F81A
:10AB98001014C4F83C5104F23451136004F2F44226
:10ABA8000B60136004F59F6104F2E442F4EEC87A86
:10ABB8000B60F1EE10FA1360C4F8C032C4F8AC327E
:10ABC8004FF0100348BF80ED008A2370BDEC028B64
:10ABD80070BDD0F83C31012BBAD00C49D0F84031C7
:10ABE800496D8B42B4D2AA1AC91A8A4294BF9B18DB
:10ABF8005B18C0F84031ABE7BDEC028B2B46204612
:10AC08000A22BDE870400621FDF756BC38C100088D
:10AC180090F87D38D0F84421C0F8441103B9704742
:10AC280090F87731002BFAD1D0F83C31012BF6D0CF
:10AC380010B4084CD0F84031646DA34207D2891A89
:10AC4800E41AA14294BF5B181B19C0F840315DF8A3
:10AC5800044B704738C100082DE9F04F99B00446FD
:10AC680068460E46FAF752FC0123C4F82034DDE9A1
:10AC7800085BDDE90389059FDDF848A0FFF718FEAA
:10AC8800D4F83C31C4F82834069BC4F82C34079B0C
:10AC9800C4F830340A9BC4F83C340C9BC4F84034E4
:10ACA800109BC4F88C340F9BC4F82404C4F83454A3
:10ACB800C4F838B4C4F88834BBF1000F01D00BF1E4
:10ACC800FF3BD4F85031C4F89434D4F85431C4F864
:10ACD8009834119BC4F89C34D4F85831C4F8A8347B
:10ACE800149BC4F8AC34169BC4F8B034159BC4F854
:10ACF800B4340B9BC4F844340E9BC4F8483494F81D
:10AD080075319DF85E20C4F84C34019BC4F8683452
:10AD1800029BC4F86C34002A009BC4F8643414BF46
:10AD280053460023C4F8A434C4F890B4C4F870841B
:10AD3800C4F87494C4F8A024C4F87874D4F84831DA
:10AD480094F87D18D4F84001C4F87C34D4F84C3118
:10AD5800C4F88404C4F89803C4F8803499B194F80A
:10AD68007731002B51D1B0F5FA7F50D204F5A163A9
:10AD780093ED007AF0EE007AB4EEE77AF1EE10FA8D
:10AD8800ACBF03210221C4F894139DF85C30D4F8B9
:10AD9800680104F22C510860C4F8A48353B307EE89
:10ADA800905AF8EE677A9FED1B6A9FED1B7AC7EE03
:10ADB800866A27EE877A04F59F63C3ED007A04F567
:10ADC800A66383ED007A04F23453C3ED006A0D9B49
:10ADD800C4F81033179B03F0FF13003B18BF01237F
:10ADE800C4F814331FB101234E44C4E9FD6319B0FC
:10ADF800BDE8F08F12B107EE90AAD2E7DFED076A3F
:10AE0800B0EE667AF0EE667AD5E70021BBE702215C
:10AE1800B9E700BF000070436F12833A00000000DA
:10AE280030B5044699B068460D46FAF76FFB009BAB
:10AE3800D4F8382193420AD00022C4F83831C4F833
:10AE4800402184F8742100230022C4E95223684673
:10AE58002946FAF75BFB059860B994F875313BB958
:10AE6800064BD4F840015B6D98422CBF00200120AE
:10AE780019B030BD002019B030BD00BF38C100087E
:10AE880030B5044699B068460D46FAF73FFB94F88A
:10AE98007D382BB194F8773113B90E9B032B01D869
:10AEA80019B030BD2B4617220621204619B0BDE83F
:10AEB8003040FDF701BB00BF30B590F87D38D0F8C1
:10AEC800442199B004460D46C0F844111BB190F8CE
:10AED8007731002B54D029466846FAF717FB009BB8
:10AEE800D4F8382193420AD00022C4F83831C4F883
:10AEF800402184F8742100230022C4E9522394F8E5
:10AF08007D38002B3AD0D4ED7B7A236EFCEEE77ABD
:10AF1800EB1A17EE902A934256D894F87731002B03
:10AF28004AD129466846FAF7F1FA0E9B032B3AD81C
:10AF3800D4F82408FAF728FB00284ED0179B13F002
:10AF4800FF1F03D00D9BEB1A002B2CDA9DF85C3009
:10AF58001BB10C9BEB1A002B25DA9DF85E301BB158
:10AF6800149BEB1A002B1EDAD4F83C31012B05D0C8
:10AF78001E4BD4F840215B6D9A4232D219B030BDD5
:10AF8800D0F83C31012BA6D01849D0F84031496D92
:10AF98008B42A0D2AA1AC91A8A4294BF9B185B187E
:10AFA800C0F8403197E72B4617220621204619B0F2
:10AFB800BDE83040FDF780BAF9F79AFC0028DDD1EA
:10AFC8002B460A220621F1E702222B46114620468B
:10AFD80019B0BDE83040FDF76FBA2B460D220621A7
:10AFE800E4E72B4616220521E0E700BF38C1000838
:10AFF8002DE9F04F2DED028BE1B00446476E0D466A
:10B00800FDF7D4FA94F87D38002857D0616E07EE22
:10B01800907A40F6B7329142B8EE678A064632D93E
:10B02800002B51D1A26F40F6B8339A4252D194F80E
:10B038007731002B4ED0DFED2E7AB4EEE78AF1EEB1
:10B0480010FA47DC94F87D3863BB29462FA8FAF735
:10B058005DFA94F87531DDF8D880DDF8DC909DF85C
:10B06800187104F59C7B13B1002F00F09F8194F8B0
:10B078007D381BB194F87731002B3BD061B0BDEC23
:10B08800028BBDE8F08F002BDFD094F877314BB9F5
:10B09800D4ED1E7AF8EEE77AF4EEC87AF1EE10FAFB
:10B0A80040F2658204F20C53D3ED007AF4EEC87ACC
:10B0B800F1EE10FA48BF83ED008AC6E7002BDDD019
:10B0C80002222B4611460BE0A26F40F6B8339A4293
:10B0D80000F0F5810223C4F80C3400222B4603212A
:10B0E800204661B0BDEC028BBDE8F04FFDF7E4B936
:10B0F80000803B45DFF8ECA3D4F83C31D4F8442178
:10B10800C4F84451012B06D0D4F84031DAF8541071
:10B118008B42C0F01A82DAF8083094F8760102936C
:10B1280007EE903AF8EE677AF4EEC87AF1EE10FA84
:10B1380000F29A81002840F0FC81236ED4ED1E7A3B
:10B14800C4F83038C4F83033012384F87631C4F8B1
:10B158002833F8EEE70A636EC4F8343330461CAE81
:10B16800D4F85021D4F84811B0EE480A3346FFF716
:10B1780001FC002800F0F2813169032907D1DAF8CF
:10B188004430D4F848219A4288BFC4F8483133681B
:10B19800C4F83C31012B00F0E881022B14BF0F22C8
:10B1A8000D22227072689FEDCC6A9FEDCC7A07EE73
:10B1B800902AF8EE677A04F2F440C7EE866AC0ED8A
:10B1C800007A27EE877A04F59F60C0ED007A04F5CF
:10B1D800A66080ED007A04F23450C0ED006A002FBA
:10B1E80000F08281984509D14A4507D3B36803FB2B
:10B1F80002F2389B03FB09F39A420BD2D4F82408D5
:10B208002946FAF769FC002840F01C82D4E9162385
:10B21800C4E95823D4ED7A7AD4F83438266EFCEE93
:10B22800E77AF61A17EE903A9E42FFF427AF6422A7
:10B2380004F5DA7147A800F031FB07EE906ADFEDFC
:10B24800A70AF8EE677A04F5277767EEA00AB0EE4A
:10B25800480A47A922AA3846FCF730FC002800F023
:10B268007D81DAF87C30029307EE903AF8EE677A3F
:10B27800CDED4E7AF9F73CFB002800F0EA81002674
:10B2880022AA47A938463346FCF7D2FD002800F029
:10B298006581E76DD4F8EC12226EDDF888B094ED84
:10B2A8001C7AC4F8342807EE906AA66DC4F838688A
:10B2B800C4E9B77604F597660131C4F8EC12C4F80E
:10B2C800E422616EC4F83C78C4F8D852C6F800B0DD
:10B2D80004F2C446DDF88CA0C6F800A004F599660F
:10B2E800B8EEC77ADDF89090C6F800902E9BC4F8A7
:10B2F800081304F59E6181ED007AC4F80C3304F25A
:10B30800BC43DDED266ADDF89480DDF89CE0DDF8CD
:10B31800A0C0AA1AC4F8E822C3F8008004F2CC43FB
:10B32800C3ED006A04F59A63F8EEE77AC3F800E023
:10B3380004F2D443C3F800C004F59B63299994ED43
:10B34800AF6A94EDAE7A196004F2DC432A9A1A6067
:10B3580004F59C632B991960B4EEC76A04F59D63E4
:10B368002D9A1A60F1EE10FA04F2E443ACBF012200
:10B378000022C3ED007AC4F89C23C0F20381DDEDFE
:10B388005C7AF0EEE66AF4EEE76AF1EE10FA40F362
:10B39800F98094F88138002B00F06E81D4F84C388D
:10B3A800EB1A84F88108C4F8483367E6359B0293A2
:10B3B800D4E91601D4E95823FCF720F800283FF413
:10B3C80056AEDFF820A1226E3A9BDAF84810D31A5D
:10B3D8008B42FFF64CAE94F87D3894F87711002B29
:10B3E80000F0E280002900F0D08004F2245CA16D16
:10B3F800D4F86CE1E06D0391CCF800E0029904F513
:10B40800A56C8CED008AC4F85414C4F85824039928
:10B41800C4F85C040122C4F8601484F87571C4F897
:10B428005024002B3FF42AAE94F87731002B7FF498
:10B4380025AEDAF85830D4ED5A7A029307EE103A6E
:10B4480078EE677AB8EE477AB4EEE77AF1EE10FA5A
:10B458003FF652AE04F5A163C3ED007A002384EDF4
:10B468005A8AC4F8403147E6D4ED1E7AF8EEE70A66
:10B47800002F7FF474AE94F87531002B7FF46FAE13
:10B4880000287FF46CAEDAF83830029307EE903A71
:10B4980030EEC87AF8EE677AB4EEE77AF1EE10FA91
:10B4A8007FF75DAE5846B0EE480A2946FFF742FAE4
:10B4B800D4ED1E7A94F87601F8EEE70A4FE694F890
:10B4C8007731002B3AD0DFED067AB4EEE78AF1EE59
:10B4D80010FA7FF7E7ADFDE5000070436F12833A7D
:10B4E80000803B4538C1000894F87531002B7FF483
:10B4F80091AE012918BFD4F858710195236E776170
:10B5080000933146D4E91623D4F82408FAF7AAF8A8
:10B518002946002840F0A18004A8F9F7F7FF012385
:10B5280084F87531D4E9162384ED5B8AC4E958237D
:10B5380070E6D4ED1E7AF8EEE70A10E6B0EE480A97
:10B5480029462046FFF7F2FA6CE5AA1AC91A8A4278
:10B5580094BF9B185B18C4F84031DCE52B461222D7
:10B5680007212046FCF7A8FF88E50C2219E6B0EE73
:10B57800480A2946204661B0BDEC028BBDE8F04F71
:10B58800FFF7D4BA002003460BE7CDE9002502995E
:10B59800D4F82408D4E91623FAF74CFB002800F065
:10B5A8008980226E94F87711D4ED5B7A029B04F2BD
:10B5B800245CD4E916E0CCED007A04F5A56C8CED9A
:10B5C800008AC4F854340123C4F850340023C4F862
:10B5D8005824C4F85C04C4F860E484F8753171BB7D
:10B5E800B8F1010F4BD0DAF86430029338EE670AED
:10B5F80007EE903AF8EE677AF4EEC07AF1EE10FAB8
:10B6080054D994F87D38002B3FF438ADDAF8383047
:10B61800D4ED1E7A0293F8EEE77A07EE103A77EE49
:10B62800C87AB8EE477A5846F4EEC77AF1EE10FABF
:10B6380094BFDAF84410DAF82010FFF73DF994F8CF
:10B648007D38EEE62B46172206212046FCF734FF0C
:10B6580014E5F9F787F9466812E647A8F9F756FF9F
:10B668004C9B33B9062109222B462046FCF724FFC0
:10B6780004E505211522F7E7C4F84C5891E694F83B
:10B688007D38002B3FF4FAACDAF85830D4ED5A7A0A
:10B69800029307EE103A78EE677AB8EE477AF4EE3E
:10B6A800C77AF1EE10FAFFF627ADD3E62B4618223B
:10B6B800052115E52B460922062111E530B52DEDAA
:10B6C800028B04469BB002A80D46F9F71FFF029BA8
:10B6D800D4F83821934204D00022C4F83831C4F891
:10B6E8004021D4ED197AD4F85821C4F844510023E4
:10B6F800C4E9523384F87731C4F85031B8EE678A18
:10B708003A4B1AB9D3F88420C4F858219B6801939E
:10B7180007EE903AF8EE677A0122F4EEC87AD4ED93
:10B728001E7AC4F85451F8EEE70AF1EE10FAF4EE76
:10B73800C80A94BF13460023F1EE10FA84ED5C8A20
:10B7480084F87631C4F8283384ED5A8A84F8742151
:10B75800B0EE480A3CD904F5DA7104F52770FCF715
:10B7680005F920B900201BB0BDEC028B30BD04F6F2
:10B7780024012846F9F718FF0028F3D1D4ED1E7AE2
:10B78800236EC4F83438F8EEE70AD4F85021D4F818
:10B79800481194F87601B0EE480A02ABFFF7EAF8D0
:10B7A8000028DFD0029BC4F83C31012B1CD0022BAF
:10B7B80014BF0F230D23204623702946FFF718FCDA
:10B7C8002078093818BF01201BB0BDEC028B30BDB2
:10B7D80020462946FFF7AAF92078093818BF012022
:10B7E8001BB0BDEC028B30BD0C23E4E738C1000868
:10B7F80010B501390244904201D1002005E00378D8
:10B8080011F8014FA34201D0181B10BD0130F2E717
:10B81800884210B501EB020402D98442234607D8B6
:10B82800431EA14207D011F8012B03F8012FF8E7B6
:10B838000244824200D110BD13F8011D02F8011D17
:10B84800F7E702440346934200D1704703F8011B0F
:10B85800F9E7000070B50D4B0D4D5B1B9C100026E1
:10B86800A64209D100F0A4FA0A4D0B4B5B1B9C10B1
:10B878000026A64205D170BD55F8043B984701360D
:10B88800EEE755F8043B98470136F2E7D8C10008BF
:10B89800D8C10008D8C10008DCC100080A44914298
:10B8A80000F1FF3300D1704710B511F8014B03F8D0
:10B8B800014F9142F9D110BD08B52DED028BB0EEC4
:10B8C800408A00F087F8B4EE488AF1EE10FA06D6FE
:10B8D800DFED098AB4EEE88AF1EE10FA02D4BDEC85
:10B8E800028B08BD00F0E2F888EEA80ABDEC028BD6
:10B8F8002123036008BD00BF0000000008B52DED3E
:10B90800028BF0EE408AB0EE608A00F047F820B96A
:10B91800B0EE480ABDEC028B08BDB0EE480A00F054
:10B928003DF858B1F4EEC88AF1EE10FAC8BFB0EE8F
:10B93800688AB0EE480ABDEC028B08BDB0EE688A92
:10B94800B0EE480ABDEC028B08BD00BF08B52DED6E
:10B95800028BF0EE408AB0EE608A00F01FF820B942
:10B96800B0EE480ABDEC028B08BDB0EE480A00F004
:10B9780015F858B1F4EEC88AF1EE10FA48BFB0EEE7
:10B98800688AB0EE480ABDEC028B08BDB0EE688A42
:10B99800B0EE480ABDEC028B08BD00BF10EE103AAD
:10B9A80033F000400ED0A0F50003B3F1FE4F0DD3E5
:10B9B800074B421E9A4207D9A0F1FF40B0FA80F027
:10B9C80040097047022070470320704704207047E1
:10B9D800FEFF7F00B1EEC00A704700BF10EE102ACC
:10B9E800C2F3C7537F3B162B22F000411BDC002B10
:10B9F80010461EDB1A4919410A4223D0DFED197A95
:10BA080070EE277AF5EEC07AF1EE10FA1ADD002A08
:10BA180004DA4FF4000242FA03F3184420EA01035F
:10BA280000EE103A7047B1F1FF4F0BD330EE000A29
:10BA38007047DFED0C7A70EE277AF5EEC07AF1EEFA
:10BA480010FA00DC7047002A02DB9FED070A7047F6
:10BA580011B99FED060A7047BFEE000AF2E700BF72
:10BA6800FFFF7F00CAF2497100000000000000805B
:10BA780010EE103AC3F3C7527F3A162A19460BDC68
:10BA8800002A03F0004309DB074840FA02F20A40A3
:10BA9800134300EE103A7047802A02D000EE103AA5
:10BAA800704730EE000A7047000080FF014B1868AD
:10BAB800704700BF0C0000202DE9F047089D0F4695
:10BAC80004468C46002B48D18A42164661D9B2FA00
:10BAD80082F34BB1C3F1200201FA03FC20FA02F20F
:10BAE8009E4042EA0C0C9C404FEA164EB7B2BCFB93
:10BAF800FEF1220C0EFB11CC42EA0C4201FB07F0CE
:10BB0800904209D9B21801F1FF3C80F0EE809042D2
:10BB180040F2EB8002393244121AA4B2B2FBFEF0B2
:10BB28000EFB102244EA024400FB07F7A74209D99A
:10BB3800341900F1FF3280F0DA80A74240F2D78052
:10BB48003444023840EA0140E41B00211DB1DC40C6
:10BB58000023C5E90043BDE8F0878B4206D90DB143
:10BB6800C5E9000100210846BDE8F087B3FA83F172
:10BB7800002948D1BB4202D3824200F20781841ACD
:10BB880067EB030201209446002DE4D0C5E9004C80
:10BB9800E1E7002A00F09280B2FA82F3002B40F02D
:10BBA800A8808A1A4FEA164E1FFA86FC0121200C3B
:10BBB800B2FBFEF70EFB172240EA02420CFB07F02D
:10BBC800904207D9B21807F1FF3802D2904200F22A
:10BBD800E2804746121AA4B2B2FBFEF00EFB102216
:10BBE80044EA02440CFB00FCA44507D9341900F1CF
:10BBF800FF3202D2A44500F2CB801046A4EB0C041D
:10BC080040EA0740A2E7C1F120068B4022FA06FC71
:10BC18004CEA030C07FA01F420FA06F3F7404FEA5E
:10BC28001C49234300FA01F81FFA8CFEB7FBF9F010
:10BC38001C0C09FB107744EA074400FB0EF7A742E7
:10BC480002FA01F20AD91CEB040400F1FF3A80F071
:10BC58009B80A74240F2988002386444E41B9FB25C
:10BC6800B4FBF9F309FB134447EA044403FB0EFE53
:10BC7800A64509D91CEB040403F1FF3780F0828044
:10BC8800A6457FD9023B644443EA0040A4EB0E0476
:10BC9800A0FB02E7BC427346B94663D360D05DB1EE
:10BCA800B8EB030264EB090404FA06F622FA01F37E
:10BCB8001E43CC40C5E9006400214CE762084808EF
:10BCC80042EAC1710B0C43EA00438AB242EA0342DA
:10BCD800B3FBF6F1E407B4463746B6461F23B0FB7C
:10BCE800F6F0D21B41EA004161E7614614E71046CD
:10BCF80028E7C3F1200120FA01F29E4027FA01F15A
:10BD08009F403A434FEA164E1FFA86FCB1FBFEF7F6
:10BD18000EFB1710110C41EA004107FB0CF888458F
:10BD280004FA03F43AD9711807F1FF3001D28845B3
:10BD38001FD8A1EB0801B1FBFEF808FB0CF70EFBBE
:10BD4800181192B242EA0142BA422FD2B21808F14F
:10BD5800FF31C6D2BA42C4D2A8F102013244C0E7C8
:10BD6800F0459CD2BEEB020367EB0C070138B946DD
:10BD780095E7A6EB08084144B81EB1FBFEF808FB9E
:10BD88000CF7DCE73B467FE7504667E70846FBE6EB
:10BD98003444023832E7023F32441BE7A1EB080182
:10BDA8003846B1FBFEF808FB0CF7C8E7414698E7B0
:10BDB800F8B500BFF8BC08BC9E467047F8B500BF90
:08BDC800F8BC08BC9E46704760
:10BDD0000000000001020304000000000000000059
:10BDE0000102030406070809130100001400000003
:10BDF000050000000A000000C8000000320000003A
:10BE0000FA000000102700001400000032000000BB
:10BE1000102700000A00000028000000881300001E
:10BE20000A00000028000000307500000101000039
:10BE3000450100000CF100000F0153460100000015
:10BE4000B80B0000B80B0000000000003421000017
:10BE500064000000FA000000FA0000007D0000000D
:10BE600082000000000000006400000001000000EB
:10BE70000100000034210000000000000400000068
:10BE8000030000000100000001000000B80B0000EA
:10BE90000000000000000000F000000001000000B1
:10BEA00002000000040000000400000088130000ED
:10BEB000000000001E000000020000001900000049
:10BEC000020000000000A04100000000000000008F
:10BED000000000000080A2430000803F000000003E
:10BEE0000000000000000000008089430080A243A1
:10BEF000000000000000A041000016450000C842FC
:10BF00000000964500000000000000000000000056
:10BF10000000000000000000000000000000000021
:10BF20000000FA430000004000409C450000000073
:10BF30000000000000000000000000000000000001
:10BF400000000000000000000000F04100000000C0
:10BF500000000000000000000080A2430000803FBD
:10BF60000000000000000000000000000080894385
:10BF70000080A243000000000000A0410000164520
:10BF80000000C8420000E145000000000000000081
:10BF900000000000000000000000000000000000A1
:10BFA000000000000000FA430000004000409C45F3
:10BFB0000000000000000000000000000000000081
:10BFC000000000000000000000000000000020420F
:10BFD0000000000000000000000000000080A243FC
:10BFE0000000803F00000000000000000000000092
:10BFF000008089430080A243000000000000A041AF
:10C00000000016450000C84200001646000000006F
:10C010000000000000000000000000000000000020
:10C0200000000000000000000000FA430000004093
:10C0300000409C45000000000000000000000000DF
:10C0400000000000000000000000000000000000F0
:10C050000000E04000000040000000000000000080
:10C0600000803B450000803F000000000000000011
:10C070000000000000803B4500803B4500000000C0
:10C0800000002041000000000000C8420000000045
:10C0900000008040000080400000F04100000000EF
:10C0A0000000000000000000000000000000FA4353
:10C0B0000000004000409C450000803F00004040E0
:10C0C0000000803F0000004000409C450000004010
:10C0D0000000C841000020410000000000000000F6
:10C0E0000AD7A33C0000484300007A4400007A4489
:10C0F000000000000000C84200007AC400007A443A
:10C100000000A040000000000000A0400000FA4233
:10C110000000A041000002430000A04000002041B8
:10C120000000000000409C450000484200409C4543
:10C13000000000400000FA430300000088130000E4
:10C140000A00000064000000401F000020030000FF
:10C15000B80B00002C010000A00F0000581B0000CD
:10C160000A0000000B000000030000003200000085
:10C170000300000090010000E8030000E803000055
:10C180001E000000E02E0000E0A501008813000062
:10C190000200000001000000020000001900000081
:10C1A0000200000001000000C8000000F4010000CF
:10C1B000AC0D000034210000005A62022C01000086
:10C1C000C8000000580200006400000002000000E7
:08C1D000F0F8FF7F0100000000
:04C1D8003502000824
:04C1DC000D02000848
:10C1E0008096980001000000100000001000002060
:10C1F00000000000140D00207C0D0020E40D002044
:10C20000000000000000000000000000000000002E
:10C21000000000000000000000000000000000001E
:10C22000000000000000000000000000000000000E
:0CC2300000000000000000000000000002
:040000050800025994
:00000001FF
