:020000040800F2
:10000000000002205902000899030008A903000813
:10001000B1030008B9030008C10300080000000094
:10002000000000000000000000000000C9030008FC
:10003000CD03000800000000D1030008D50300082C
:10004000A9020008A9020008A9020008A9020008E4
:10005000A9020008A9020008A9020008A9020008D4
:10006000A9020008A9020008A9020008A9020008C4
:10007000A9020008A9020008A9020008A9020008B4
:10008000A9020008A9020008A90200080000000057
:10009000000000000000000000000000A9020008AD
:1000A000A9020008A9020008A9020008A902000884
:1000B000A9020008A9020008A9020008A902000874
:1000C000A9020008A9020008A9020008A902000864
:1000D000A9020008A9020008E103000800000000CE
:1000E000A9020008A9020008A902000800000000F7
:1000F000000000000000000000000000A90200084D
:1001000000000000A9020008D9030008A9020008A5
:1001100000000000000000000000000000000000DF
:10012000A9020008A9020008A9020008A902000803
:10013000A90200080000000000000000000000000C
:10014000000000000000000000000000A9020008FC
:10015000A9020008A9020008A9020008DD0300089E
:10016000A9020008A9020008000000000000000029
:10017000000000000000000000000000000000007F
:1001800000000000A90200080000000000000000BC
:08019000A9020008A902000801
:1001980053B94AB9002908BF00281CBF4FF0FF31E6
:1001A8004FF0FF3000F00CB8ADF1080C6DE904CE4B
:1001B8000BF0A6FCDDF804E0DDE9022304B070478B
:1001C800704700BF0348044B834202D0034B03B17E
:1001D800184770475C0000205C0000200000000009
:1001E8000548064B1B1AD90F01EBA301491002D091
:1001F800034B03B1184770475C0000205C000020E7
:100208000000000010B5064C237843B9FFF7DAFF69
:10021800044B13B10448AFF300800123237010BDD1
:10022800600000200000000000BE000808B5054B73
:100238001BB105490548AFF30080BDE80840FFF74A
:10024800CFBF00BF000000006400002000BE00080F
:10025800DFF834D000F0DCF80C480D490D4A0023D3
:1002680002E0D458C4500433C4188C42F9D30A4A63
:100278000A4C002301E013600432A242FBD30BF0C6
:100288000DFB00F00FF8704700000220000000206E
:100298005C00002028C20008600000204C0E0020EE
:1002A800FEE7000030B591B001F07CFC00F026F9C3
:1002B800042302221946602000F0B4F820B901F0A6
:1002C800D7FB04F023F808B101F0D4FB00F038F9AB
:1002D8002D4902462D4801F0D9FB2C4801F060FC5D
:1002E800054601F07FFD0028EED04FF47A7000F04B
:1002F8002DF901F0F5FD0028E6D0284601F0DCFED6
:100308000028E1D000F01CF9012102461F4801F045
:10031800CFFB002DD8D02B78012BD5D115E01B4869
:10032800214601F01DFC04F099FA28BB01F056FFA4
:10033800204601F08FFF10B9204601F091FF1348C5
:10034800214601F029FC01F0A1FF00F0F9F804466C
:1003580001F044FF00F0F4F801F07CFF684601F07A
:10036800F3FD0028DBD000F0EBF8694604460246AE
:10037800064801F0A1FBD2E723460A2206212846B7
:1003880008F0BEF8D2E700BF30BE000880000020A9
:1003980008B501F0C5FCBFF34F8F30BFFBE700BFC6
:1003A80008B5FFF7F5FF00BF08B5FFF7F1FF00BF7D
:1003B80008B5FFF7EDFF00BF08B5FFF7E9FF00BF7D
:1003C800704700BF704700BF704700BF00F0ACB86F
:1003D80003F09ABA01F0B2BD01F0FABE10B50446B6
:1003E80001F0D4FD00B110BD2046BDE8104001F079
:1003F80053BF00BF01F074BF10B5044601F0F4FD0F
:1004080000B110BD2046BDE8104001F093BF00BF09
:10041800034AD2F8883043F47003C2F88830704732
:1004280000ED00E0F0B595B01F4D204C0027019776
:100438002E6C46F080562E642D6C05F08055019583
:10044800019D0297256845F4404525602468119070
:1004580004F4404402944FF480350124CDE9084562
:1004680008A802244FF48005CDE90E45CDE91223F2
:10047800029C109100F006FA10B1012015B0F0BDF1
:1004880003460F240220CDE903404FF48052032194
:1004980003A8CDE90532079300F00EFCC01B18BF76
:1004A800012015B0F0BD00BF0038024000700040C8
:1004B800704700BF38B50E4A0E4B127805461868CB
:1004C8004FF47A73B3FBF2F3B0FBF3F000F0BEF82D
:1004D80008B90F2D01D9012038BD04460246294626
:1004E8004FF0FF3000F056F8034B20461D6038BD32
:1004F80004000020000000200800002008B5094B77
:100508001A6842F400721A601A6842F480621A602B
:10051800032000F02DF80F20FFF7CCFFFFF7C8FFEE
:10052800002008BD003C0240034A044B11681B78B8
:100538000B441360704700BF10090020040000201E
:10054800014B1868704700BF1009002038B50446F1
:10055800FFF7F6FF631C054602D0044B1B781C44CA
:10056800FFF7EEFF401BA042FAD338BD040000207D
:100578000749CA6803024FF6FF0003F4E06302402C
:10058800134343F0BF6343F40033CB60704700BFAD
:1005980000ED00E01B4BDB68C3F3022300B5C3F199
:1005A800070EBEF1040F03F1040C28BF4FF0040E30
:1005B800BCF1060F1CD9A3F1030C4FF0FF3303FA6B
:1005C8000CF322EA03024FF0FF3303FA0EF321EA99
:1005D800030303FA0CF313431B010028DBB20ADB05
:1005E80000F1604000F5614080F800335DF804FBDD
:1005F80000229446E7E7044A00F00F00024413760D
:100608005DF804FB00ED00E0FCEC00E0002807DBEF
:10061800044A4109012300F01F00834042F82130B9
:10062800704700BF00E100E000280CDB43090649E1
:1006380000F01F0020330122824041F82320BFF33D
:100648004F8FBFF36F8F704700E100E00138B0F1C2
:10065800807F01D30120704710B44FF0E023074C8E
:1006680058614FF0F00C84F823C00022072110468F
:100678009A615DF8044B1961704700BF00ED00E016
:10068800002808DB4309044900F01F0001226033F9
:10069800824041F82320704700E100E02DE9F04F47
:1006A80000230C68DFF8C8A185B04FF0010B89461C
:1006B80003E00133102B00F087800BFA03F202EA03
:1006C8000408A243F5D1D9F8041001F0030C5A002C
:1006D80003250CF1FF379540012F6FEA050576D900
:1006E800BCF1030F08D0C76807EA050ED9F80870EF
:1006F800974047EA0E07C76007680CFA02F23D40C8
:100708002A4311F4403F0260D3D000220392DAF862
:10071800442042F48042CAF84420DAF8442002F423
:1007280080420392039A23F0030202F1804203F00D
:1007380003070F2602F59C32BF0006FA07FC494E54
:100748009568B04225EA0C0515D006F58066B042DA
:1007580075D0454EB04278D0DFF818C160457AD0E0
:10076800DFF814C160450CBF4FF0040C4FF0070CC4
:100778000CFA07F73D4395603C4A9268CE026FEA4F
:1007880008053A4E54BF2A4048EA0202B260F268AD
:10079800364E8F0254BF2A4048EA0202F26072685D
:1007A8008E03324E54BF2A4048EA02027260326811
:1007B800C90303F101032D4954BF2A4048EA020244
:1007C800102B0A607FF479AF05B0BDE8F08F876819
:1007D80007EA050ED9F80C70974047EA0E078760BC
:1007E800476827EA080EC1F300179F4047EA0E073B
:1007F8004760C76807EA050ED9F80870974047EAC6
:100808000E07BCF1020FC7607FF476AFDF0800EB7C
:10081800870700973E6AD9F81070019603F0070E13
:100828004FEA8E0E0F2607FA0EF706FA0EFE019E05
:1008380026EA0E0E009E47EA0E0737625CE74FF085
:10084800010C0CFA07F73D4395E74FF0020C0CFA40
:1008580007F73D438FE74FF0030C0CFA07F73D43CA
:1008680089E700BF0000024000080240003C014048
:1008780000380240000C02400010024002B909048E
:1008880081617047002800F06A812DE9F041036812
:10089800DD0782B004462FD59F498A6802F00C0212
:1008A800042A00F0EF808A6802F00C02082A00F09F
:1008B800E5806368B3F5803F00F0EE80B3F5A02FC4
:1008C80000F07981944D2A6822F480322A602A68DF
:1008D80022F480222A60002B40F0E380FFF730FEEC
:1008E800064605E0FFF72CFE801B642800F2038112
:1008F8002B689F03F6D423689D0728D5864A9168FC
:1009080011F00C0F00F09280916801F00C01082999
:1009180000F08880E368002B00F010817F4B7E4E4A
:1009280001221A60FFF70CFE054605E0FFF708FEF6
:10093800401B022800F2DF8033689F07F6D5336832
:10094800226923F0F80343EAC203336023681A07D5
:1009580053D45D0730D5704A136C13F0805300F000
:10096800818000256E4E3368D80540F1B480A368B5
:10097800012B00F0C480052B00F02D81664E326FEC
:1009880022F001023267326F22F004023267002B34
:1009980040F0BA80FFF7D4FD41F28838074605E0F9
:1009A800FFF7CEFDC01B404500F2A580336F9B07C3
:1009B800F6D4002D40F00981A369D3B1564DAA6839
:1009C80002F00C02082A00F0CC80022B534B4FF0A7
:1009D80000021A6600F00981FFF7B2FD044605E03F
:1009E800FFF7AEFD001B022800F285802B689B01F3
:1009F800F6D4002002B0BDE8F08163690BB3474B21
:100A0800454E0122C3F8802EFFF79AFD054604E003
:100A1800FFF796FD401B02286DD8736F9B07F7D52B
:100A2800236896E7526851023FF574AF3A4A126854
:100A3800920744D5E268012A41D0012002B0BDE8FE
:100A4800F081364A344EC2F8803EFFF779FD0546FC
:100A580004E0FFF775FD401B02284CD8736F9F0711
:100A6800F7D4DDE70193136C43F080531364136CE0
:100A780003F080530193019B012573E74A685102F3
:100A88007FF517AF244A126892037FF535AF626885
:100A9800002A7FF431AFD0E71F4A136843F480334C
:100AA8001360FFF74DFD1C4E054604E0FFF748FDB7
:100AB800401B64281FD833689B03F7D51BE71649EA
:100AC80020690A6822F0F80242EAC0020A601A079E
:100AD8007FF53FAF91E7336843F480733360FFF7E6
:100AE8002FFD07463368D9053FF541AFFFF728FDCD
:100AF800C01B0228F6D9032002B0BDE8F081064ADF
:100B0800136F43F001031367FFF71AFD024F064600
:100B180041F288380BE000BF00380240000047422D
:100B280000700040FFF70CFD801B4045E3D83B6F89
:100B38009A07F7D5002D3FF43FAF46E0424A434EAF
:100B48001360FFF7FDFC054604E0FFF7F9FC401BC6
:100B58000228D0D833689907F7D42368F7E601202C
:100B68007047012B3FF469AF6B68E26903F48001B9
:100B780091427FF462AF226A03F03F0191427FF411
:100B88005CAF616A47F6C0721A40B2EB811F7FF40E
:100B980054AFA26A520803F44031013AB1EB024F54
:100BA8007FF44BAFE26A03F07063B3EB026F14BFDC
:100BB800012000201EE7254B1A6842F480221A60A3
:100BC8001A6842F480321A606BE7204A136C23F0EB
:100BD80080531364F0E61D4B1A6F42F004021A6743
:100BE8001A6F42F001021A678EE7FFF7A9FC064662
:100BF80005E0FFF7A5FC801B02283FF67CAF2B68B9
:100C08009901F6D4D4E90731626A0B4343EA8213A7
:100C1800D4E90A2052080C4943EA0063013A43EA3E
:100C2800024301226B600A66FFF78AFC074D0446FF
:100C380005E0FFF785FC001B02283FF65CAF2B6838
:100C48009A01F6D5D5E600BF0000474200380240B9
:100C5800164908B58B6803F00C03042B1BD0082B2E
:100C680001D0134808BD4A684B68496813F48003EB
:100C780002F03F0211D10E48C1F38811A1FB000117
:100C8800FFF786FA094B5B68C3F3014301335B0046
:100C9800B0FBF3F008BD074808BD0648C1F388114A
:100CA8000023A1FB0001FFF773FAEBE700380240CD
:100CB8000024F40000127A00002800F08780484AD7
:100CC800136803F007038B422DE9F0410D460446F3
:100CD80009D2CBB21370136803F007038B4202D01A
:100CE8000120BDE8F0812368980714D5590704D579
:100CF8003C498A6842F4E0528A601A0704D53949A7
:100D08008A6842F460428A603649A0688A6822F09C
:100D1800F00202438A60DF0721D56268012A57D0B2
:100D2800931E012B2F4B1B684DD99907D8D52D4EF3
:100D3800B36823F003031343B360FFF701FC41F2E8
:100D48008838074604E0FFF7FBFBC01B404544D842
:100D5800B368626803F00C03B3EB820FF3D1204A47
:100D6800136803F00703AB4206D9EBB2137013689C
:100D780003F00703AB42B3D123685A0706D51949D4
:100D8800E0688A6822F4E05202438A601B0707D5AC
:100D9800144A2169936823F4604343EAC1039360CA
:100DA800FFF756FF0F4A104C92681049C2F303121E
:100DB8000346A25C0E48D34000680B60FFF77AFB3D
:100DC8000020BDE8F0819801B1D489E7012070477F
:100DD800044B1B689E03AAD482E7032081E700BF67
:100DE800003C02400038024020BE000800000020FD
:100DF80008000020044B05499B68054A0868C3F3AE
:100E08008223D35CD840704700380240000000209D
:100E180018BE0008044B05499B68054A0868C3F3D7
:100E28004233D35CD84070470038024000000020AD
:100E380018BE0008026802F10C0353E8003F23F4CF
:100E4800907302F10C0C4CE800310029F3D102F147
:100E5800140353E8003F23F0010302F1140C4CE89B
:100E680000310029F3D1036B012B05D02022002388
:100E780080F842200363704702F10C0353E8003FF7
:100E880023F0100302F10C0C4CE800310029F3D1D7
:100E9800ECE700BF0268116938B50446C068A3686A
:100EA80021F4405101432069116103436069D1680D
:100EB8000343E06921F4164121F00C0103430B437D
:100EC800D3605369A069234923F4407303438A42DA
:100ED800536105D0204B9A4202D0FFF78BFF01E007
:100EE800FFF798FFE2691921B2F5004FD4E90053E2
:100EF800A0FB010113D09A009B0FFFF749F9174A8D
:100F0800A2FB00135B09642101FB130000013230CE
:100F1800A2FB00201B0103EB5013AB6038BDDA18AD
:100F28004FF000035B41FFF733F90C4AA2FB003195
:100F38004909642303FB1103DB003233A2FB0323BB
:100F4800C3F342121B0902EB011203F4F8731344B2
:100F5800AB6038BD00100140001401401F85EB5103
:100F6800704700BF70B310B590F84130044603F0E5
:100F7800FF0213B32268242384F84130D36823F492
:100F880000532046D360FFF785FF2368196921F4D1
:100F980090411961596921F02A015961D9680022E3
:100FA8004FF0200C41F40051D960626484F841C0CC
:100FB80084F842C01046626310BD80F84020FFF7F5
:100FC800CFFFD7E701207047704700BFB8B102686C
:100FD800242310B580F84130D36823F40053044625
:100FE800D360FFF7F1FF0023636484F8403084F88E
:100FF800413084F8423018462363636310BD0120F2
:10100800704700BF90F84130202B15D101B10AB9C3
:101018000120704710B40023046801622121C284B2
:10102800436480F84110E168828441F08001E16006
:1010380018465DF8044B70470220704790F842301C
:10104800202B03D101B11AB9012070470220704743
:1010580010B4046981620023222103638285C2855A
:101068004364036880F842101CB1DA6842F4807265
:10107800DA605A695DF8044B42F001025A61DA6895
:1010880042F020020020DA60704700BF036810B504
:10109800044603F10C0252E8002F22F4907203F187
:1010A8000C0040E800210029F3D103F1140252E8B2
:1010B800002F22F0010203F1140040E8002100296A
:1010C800F3D1226B012A28D05A69520607D400238B
:1010D8002022E38584F842201846236310BD03F1DB
:1010E800140252E8002F22F0400203F1140040E8F5
:1010F80000210029F3D1E06B0028E8D00023036524
:1011080000F058FC0028E2D0E06B00F0AFFC20288B
:10111800DDD110236364032010BD03F10C0252E8F3
:10112800002F22F0100203F10C0040E800210029F2
:10113800F3D1C9E708B5806B0023C385FFF75CF9D5
:1011480008BD00BF704700BF90F84230222B49D13C
:1011580083680168826AB3F5805F44D0002B4BD165
:101168000369002B48D14B68DBB21370826A0132E5
:10117800C38D8262013B9BB2C385002B32D100B57F
:101188000268D16821F0200183B0D160D16821F4D0
:101198008071D16051694FF0200C21F0010151613B
:1011A80080F842C04363016B012929D1036302F12E
:1011B8000C0353E8003F23F0100302F10C0C4CE839
:1011C80000310029F3D11368DB0605D501911368B6
:1011D800019353680193019B818DFFF7B3FF03B01F
:1011E8005DF804FB70470369002BBCD14B68C3F35F
:1011F800080322F8023BBBE74B6803F07F03B4E720
:10120800FFF7ECF803B05DF804FB00BF70B50568A4
:101218002B68EE68696913F00F0F82B004462A46FE
:1012280013D19D0602D5B10600F1E080216B01299A
:101238003DD0180602D5310600F1AE805B0602D516
:10124800750600F1C88002B070BD11F0010140F0D0
:101258008D8016F4907FE9D0DA070BD5F00540F1C0
:101268005381626C580742F00102626440F1CD80FC
:1012780000297FD1980740F1CA80190700F103813E
:10128800626C002ADFD09A0602D5B30600F14081CD
:101298006B69626C03F0400302F0080253EA02062D
:1012A800204640F0C080FFF7A7F86664CBE7D80671
:1012B800BFD5F106BDD50023019313680193536888
:1012C8000193019B5169A38D4D0640F1E380E06BCA
:1012D8000168496889B2002900F01F81994280F0AD
:1012E8001C81E185C169B1F5807F36D002F10C031C
:1012F80053E8003F23F4807302F10C0545E8003100
:101308000029F3D102F1140353E8003F23F001034D
:1013180002F1140545E800310029F3D102F1140364
:1013280053E8003F23F0400302F1140545E800317B
:101338000029F3D1202384F84230216302F10C0301
:1013480053E8003F23F0100302F10C0545E8003193
:101358000029F3D100F02EFBA38D02226263E18DF8
:10136800591A204689B2FFF7EDFE6CE7DA0747D431
:10137800580740D5626C990742F0020262643CD576
:10138800626C42F0040262641A077FF579AF626CFE
:1013980042F00802626473E794F84130212B7FF42D
:1013A80052AFA168236AB1F5805F00F0BF80591C75
:1013B80021621B785360E38C013B9BB2E384002BD2
:1013C8007FF441AFD36823F08003D360D36843F040
:1013D8004003D36037E7D368202123F04003D3606C
:1013E800204684F84110FFF705F82CE702B0BDE865
:1013F8007040FFF7A9BE9907C2D41A07C7D43FE7C0
:10140800F0053FF52EAF5A07B4D498073ED4180715
:101418007FF536AF06F020020A43B8D1636C002B83
:101428007FF436AF0FE7FFF705FD6B695E0626D53B
:1014380005F1140353E8003F23F0400305F11401BC
:1014480041E8003262B1226802F1140353E8003F18
:1014580023F0400302F1140040E800310029F3D1E1
:10146800E06B60B1374B036500F0EEFA00283FF4FB
:10147800EAAEE06B036D02B0BDE870401847204645
:10148800FEF7BAFFDFE6B20681D4C7E700293FF4CA
:10149800F4AE75E7E08DE18D89B280B200293FF4A2
:1014A800D2AE1B1A99B200293FF4CDAE02F10C035B
:1014B80053E8003F23F4907302F10C0545E800302F
:1014C8000028F3D102F1140353E8003F23F001038D
:1014D80002F1140545E800300028F3D1202384F8F0
:1014E8004230206302F10C0353E8003F23F010035D
:1014F80002F10C0545E800300028F3D102236363AC
:101508002046FFF71FFE9EE65A073FF5B3AE7CE77D
:101518002046FFF719FE2568BAE699427FF493AE94
:10152800C369B3F5807F7FF48EAEE7E721690029B0
:101538007FF43DAF33F8021BC1F308015160236209
:1015480039E700BF3D110008036A026A22F0010270
:1015580070B40262446882690D6822F073022A43FB
:101568008D6823F002032B430B4DA84206D049682F
:101578004460826170BC416303627047CD6823F0A8
:1015880008032B43D1E9055624F44074354323F06E
:1015980004032C43EBE700BF00000140036A026A22
:1015A80022F4807270B402624468C2690D6822F045
:1015B80073022A438D6823F4007343EA05230C4D14
:1015C800A84206D049684460C26170BCC163036226
:1015D8007047CD6823F4006343EA0523D1E9055633
:1015E80024F44054354323F4806344EA0514E9E7BE
:1015F80000000140036A026A22F4805230B4026299
:101608004468C2690D6822F4E64242EA05228D6800
:1016180023F4005343EA0533074DA84206D049682E
:101628004460C26130BC0164036270474D6924F4B0
:10163800804444EA8514F2E70000014091BB90F829
:101648003E30012B3AD1022380F83E30036801F086
:101658001F01186A01228A4020EA02001862186AEB
:10166800224902438B421A6232D0B3F1804F0ED026
:101678001F4A93420BD002F58062934207D002F5CD
:101688008062934203D002F59A32934204D19A6859
:1016980002F00702062A03D01A6842F001021A6013
:1016A8000020704704290BD0082916D090F8413043
:1016B800012B03D1022380F84130C7E7012070478E
:1016C80090F83F30012BF9D1022380F83F30BDE775
:1016D8005A6C42F400425A64D9E790F84030012B22
:1016E800ECD1022380F84030B0E700BF0000014091
:1016F80000040040036810B41A6A01F01F044FF098
:10170800010C0CFA04FC22EA0C021A621E4A1C6A3A
:101718001C62934222D01C6A41F21112144204D175
:101728001C6A40F24442144213D0012329B980F8BC
:101738003E305DF8044B0020704704291DD008296D
:101748000CBF80F8403080F841305DF8044B002031
:1017580070471A6822F001021A60E6E71C6A41F233
:1017680011121442D7D11C6A40F244421442D2D119
:101778005A6C22F400425A64CDE780F83F305DF895
:10178800044B0020704700BF00000140704700BFB5
:10179800FFF754BFFFF7AEBF70B4264E4A6903681F
:1017A8008D680C68B04235D0B0F1804F1CD0A6F5DA
:1017B8007C46B04218D006F58066B04214D006F5D3
:1017C8008066B04210D01C4EB04211D006F580663B
:1017D800B0420DD006F58066B04209D023F08003F0
:1017E800C5621A4384620CE04E6823F070033343E9
:1017F800C968C56223F440730B4323F080031A437E
:1018080084620368012143F00403036070BC4161F2
:10181800026070474E6823F070033343CE68C56298
:1018280023F44073846233430969016323F080031E
:101838001A43E6E7000001400040014050B310B5EC
:1018480090F83D30044603F0FF02F3B1214602232D
:1018580084F83D3051F8040BFFF79EFF012384F80C
:10186800463084F83E3084F83F3084F8403084F8BD
:10187800413084F8423084F8433084F8443084F8A6
:10188800453084F83D30002010BD80F83C20FFF73B
:101898007DFFDBE701207047036A026A22F010022D
:1018A80070B40262446882690D6822F4E64242EA32
:1018B80005228D6823F0200343EA05130C4DA84246
:1018C80006D049684460826170BC816303627047D6
:1018D800CD6823F0800343EA0513D1E9055624F4C3
:1018E8004064354323F0400344EA8504E9E700BF38
:1018F8000000014038B590F83C30012B57D0012347
:1019080004460D4680F83C300C2A08D8DFE802F07F
:101918001E0707072E0707073F0707070C000120C8
:10192800002384F83C3038BD0068FFF763FEC369C4
:101938002A6943F40063C361C36923F48063C36104
:10194800C36943EA0223C3610020E9E70068FFF79F
:10195800FBFD83692A6943F008038361836923F0E7
:1019680004038361836913438361EDE70068FFF72C
:1019780093FF83692A6943F400638361836923F4CD
:1019880080638361836943EA02238361DCE700683B
:10199800FFF704FEC3692A6943F00803C361C369FA
:1019A80023F00403C361C3691343C361CCE7022076
:1019B80038BD00BF70B50446866DFEF7C1FD94F8CA
:1019C8003530022B06D080236365002384F8343039
:1019D800012070BD23681A6822F016021A605A693D
:1019E80022F080025A61226C054642B31A6822F03E
:1019F80008021A601A6822F001021A6005E0FEF770
:101A08009FFD431B052B10D823681B6813F00103A7
:101A1800F5D1E16D3F228A40184601210023B260CA
:101A280084F8351084F8343070BD032320226265B1
:101A3800184684F83530002384F8343070BDA26C21
:101A4800002AD3D1D6E700BF90F83530022B03D057
:101A580080234365012070470268052380F83530EC
:101A6800136823F00103002013607047406D70472E
:101A780000F0F8B808B500F093F930BFFDE700BFF3
:101A880011B10860012070470846704778B170B5F9
:101A98000D46164604464FF40962002109F0F5FE8A
:101AA800324629462046BDE8704006F02DBD7047F5
:101AB80008B106F073BD70472DE9F04188B00646BD
:101AC80017460C4620220021684609F0DEFE002E4B
:101AD80041D0002C3FD096F88308D4E90423A0B362
:101AE800D6F88808D6F88C18994208BF904206F5AF
:101AF800096830D0CDE90023D4E90D212346C6E991
:101B0800D42133F8022BD4F8020003920490104633
:101B1800A269029201259A889B79ADF8142006A93A
:101B28008DF816308DF81C50FFF7AAFF3A468DF84D
:101B38001D003046D4E90467694648E9026706F0A3
:101B4800A9FE284608B0BDE8F08152EA0301F9D0A1
:101B580006F50968CEE7002008B0BDE8F08100BFAF
:101B6800C0B170B50D46044606F054FE284602F092
:101B7800D5FC28B929462046BDE8704007F072BE5A
:101B880002F062FC2B4620460A22BDE8704006217E
:101B980006F0B6BC704700BF08B107F075BE7047C5
:101BA800704700BF1C4A1D4B116B41F0020182B007
:101BB8001163116B01914FF4C02001999861D968A4
:101BC800174821F03C0141F02801D960596821F0FB
:101BD80006015960196821F03C0141F014011960AF
:101BE800136C43F003031364136C01934FF0804CA0
:101BF8000021019BCCF83C10C163DCF8203023F4B1
:101C08008073CCF82030036A23F480730362BFF337
:101C18004F8F02B0704700BF0038024000040240F6
:101C28000004004010B59AB004464422002109A8D7
:101C380009F02BFE002341F2BF21602208A8CDE95C
:101C48000333CDE9053302930B910192079308946E
:101C5800FFF7F4FD082201A908A8FFF74BFE1AB008
:101C680010BD00BF70B58AB02A4B002401941A6BCE
:101C780042F002021A631A6B02F002020192019A00
:101C880002941A6C42F001021A641A6C02F0010202
:101C98000292029A03941A6C42F002021A641B6CB4
:101CA80003F002030393039B00F03AF81A490894DF
:101CB8004FF4C0228A6102250623012604A916488A
:101CC8000493CDE905650795FEF7E8FC04A94FF4F0
:101CD8008062022310480896CDE90423CDE9064521
:101CE800FEF7DCFC0122022304A90B480694CDE987
:101CF8000423CDE90755FEF7D1FC4FF08040FFF7EC
:101D080091FF0648FFF78EFF0AB0BDE8704000F06B
:101D180047B800BF003802400004024000040040F9
:101D28001C4A1D4B116B41F0020182B01163116B0B
:101D380001914FF4C02001999861D968174821F0A2
:101D48003C0141F02801D960596821F00601596029
:101D5800196821F03C0141F014011960136C43F03B
:101D680003031364136C01934FF0804C0021019B13
:101D7800CCF83C10C163DCF8203023F48073CCF835
:101D88002030036A23F480730362BFF34F8F02B0DD
:101D9800704700BF003802400004024000040040C1
:101DA800FFF7BEBF08B568B90B490C480122FFF719
:101DB80045F908B9012008BD094AD3690133002053
:101DC800D36108BD0548FFF761F90028ECD0044A43
:101DD800936901339361E7E790090020980900208F
:101DE80014090020F0B5282287B000213548364D67
:101DF800002409F04AFD354800F0C6FACDE901444F
:101E0800CDE90344009405942B6B314843F0040357
:101E18002B632B6B03F00403224600934FF480716D
:101E28000227009B0126FEF729FD4FF480732848FE
:101E3800039401A9CDE901360497FEF72FFCC023CE
:101E48002348019301A908230593CDE90347029785
:101E5800FEF724FC01946B6C43F020036B646B6CFD
:101E680003F020030193019A1A4A1B4B13604FF4A5
:101E7800E133536010460C23C2E90244C2E904432B
:101E8800C2E90644FFF76EF810B1002007B0F0BDB4
:101E9800024605214720FEF77DFB4720FEF7B6FBEB
:101EA8000E490C483246FFF7C9F810B9304607B05A
:101EB800F0BD044AD36947203344D361FEF7B4FB2D
:101EC800E3E700BF14090020003802404009002061
:101ED80000080240980900200014014090090020E1
:101EE80008B54720FEF7A0FB1048FFF7CFF80F48CA
:101EF800FFF76CF808B1002008BD0C48FFF732F86E
:101F08000028F8D10A4800F03FFA4720FEF77EFB88
:101F1800084906480122FFF791F808B9012008BDD1
:101F2800054AD3690133D361E5E700BF980900206A
:101F38004009002090090020140900200148FFF7FB
:101F480065B900BF9809002038B50446D0B1EFF351
:101F5800108572B60C4800F0ABFA8646BEE80F0052
:101F6800A446ACE80F00BEE80F00ACE80F00BEE8DE
:101F78000F00ACE80F009EE80F008CE80F0005B9D1
:101F880062B6012038BD00BF4009002028B1114BBE
:101F980002689A4202D000207047704710B50E4C74
:101FA800236801332360FEF7CBFA0C49034601226C
:101FB8000B4800F0EFF909490A480122FFF73EF8FB
:101FC80008B9012010BDE36901200344E361FFF76C
:101FD800E9FEF6E7001401401409002090090020EA
:101FE800400900209809002028B1174B02689A423E
:101FF80002D000207047704710B5144B446C5A68E3
:1020080090F842101C6201325A60426C5962120701
:1020180002D59A6801329A60426C540702D5DA6890
:102028000132DA60426C910702D51A6901321A61ED
:10203800426CD20702D55A6901325A610120FFF772
:10204800B1FE012010BD00BF00140140140900209A
:10205800B0B170B50D4649B116464FF6FE73013A58
:102068009A4203D80446FFF711F808B1002070BD62
:10207800B2B229462046FEF7C5FF18B9012070BD47
:1020880000207047054906480122FEF7D7FFB0FA3D
:1020980080F14909034800F0C7FEE7E7200B00205C
:1020A800280B0020E00900200A4602480221FEF71A
:1020B800E5BB00BF0000024000286ED02DE9F041CA
:1020C800014688B03848394E002400F0C5FB38482E
:1020D80000F050FECDE90344CDE90544029407948D
:1020E800336B344843F001033363336B03F001036C
:1020F8002246029302210225029B0127FEF7BEFB1E
:102108002C4803A9CDE90357CDE905454FF00C0844
:10211800FEF7C4FA07232748049503A90695264D18
:1021280007930594CDF80C80FEF7B8FA234B244AA0
:102138001D492448009500F0B5FDC5E90244C5E9EC
:1021480006440394C5F814802C61336C1E4A43F48A
:1021580000333364336C03F40033039328464FF49D
:10216800E133C5E900230399FEF7FCFE18B100200E
:1021780008B0BDE8F081024605212620FEF70AFADC
:102188002620FEF743FA11493A462846FEF756FF3D
:1021980028B9384608B0BDE8F081002070472620ED
:1021A800FEF742FAE3E700BF4C0A0020003802407D
:1021B800E009002000000240280B002059200008F8
:1021C800B1200008380A002000440040200B0020FD
:1021D8000148FFF71BB800BF280B002070B5194B4A
:1021E80090B026205E68FEF71FFABFF35F8F3F228C
:1021F8006946154800F0ECFD0546134800F036FE28
:102208000446BFF35F8F710606D455B9A2070FD4F1
:10221800E30712D410B070BD2620FEF7F7F9002DA1
:10222800F4D02A460948694600F022FBA207EFD5F8
:10223800074800F08BFD10B070BD054800F072FD36
:1022480010B070BD00E100E0E00900204C0A002059
:10225800380A00200146014800F04CBB4C0A002017
:1022680010B50446084800F033FB08B9002010BD3B
:10227800054800F037FB0028F8D121460248BDE8A0
:10228800104000F0B7BB00BF4C0A0020014800F026
:102298001BBD00BF380A002028B10D4B02689A42C6
:1022A80002D000207047704710B50A4C0A482178C0
:1022B80000F070FD012221460848FEF7BFFEB0FA83
:1022C80080F14909044800F0AFFD012010BD00BFAE
:1022D80000440040200B0020E0090020280B0020CB
:1022E800E0B108B502680E4B9A4201D0002008BD43
:1022F80000220C480221FEF7C1FA0B48012100F028
:10230800A9FD012209490A48FEF798FEB0FA80F1B2
:102318004909054800F088FD012008BD704700BF45
:102328000044004000000240E0090020200B00208B
:10233800280B0020E0B108B502680E4B9A4201D084
:10234800002008BD00220C480221FEF797FA0B482E
:10235800022100F07FFD012209490A48FEF76EFEBE
:10236800B0FA80F14909054800F05EFD012008BD7A
:10237800704700BF0044004000000240E009002010
:10238800200B0020280B002018B15022002109F052
:102398007CBA7047002800F08A80002900F0878006
:1023A800002A00F084802DE9F041013A82B01F46EE
:1023B80004464D1E8E184FF0000809E0FD2820D075
:1023C800226BE36B013201332263E363B5421DD014
:1023D800A26815F8010F002AF0D0511C0729A05453
:1023E800A160F3D101AA2046ADF8048000F05EFD9B
:1023F80090B304280DD005280ED1A36B0133A36335
:102408000AE00123B5422070A360E1D102B0BDE823
:10241800F081636B01336363A268D4F83CC0012A7E
:1024280041D92346012102E0013191420FD013F82E
:10243800010FFD28F8D10CEB01038A42E36308D9A8
:10244800521AA2602144204609F006FABEE7614408
:10245800E1630023A360B9E72346A28853F8121B5F
:10246800C4F81210A17999719A80E36ABDF8040042
:1024780053B1226C616CBA1A09B18A4200D2626403
:10248800A16C8A4288BFA2640133C4E90A73236A33
:10249800208201332362636A276443F10003636285
:1024A8000023A36092E70CF10103E363D1E77047CF
:1024B80000B11030704700BF2DE9F0410C4684B0E0
:1024C80015460127064600222946204698468DF8DB
:1024D8000870039207F0EAF9A8B95EB1062C0DD08E
:1024E800052C0CD1012D19D0AB1E012B07D8B8F53E
:1024F8007F4F2FD0384604B0BDE8F081EDB10620FB
:1025080004B0BDE8F0810A9B00932A464346214661
:10251800304607F0F1F904B0BDE8F081B8F57F4F17
:102528001DD0B8F1000F13D12B460A9A8DF8083048
:1025380002A9304606F078F8E2E707230A9A8DF8F0
:10254800083002A93046CDF80C8006F06DF8D7E7C0
:102558002846D5E7032D14BF09230823E5E70346DA
:10256800E3E700BF70B513460C4615460A4601213D
:10257800064608F0DBF830B936B12DB124B996F823
:10258800943013B92C80012070BDB6F87840F9E773
:102598002DE9F8430C4617460A46002180461E4698
:1025A80008F0C4F860BB0546B8F1000F29D046B35F
:1025B80002F0F8F9814620B3A4F10B03062B1AD9CF
:1025C800A4F11403032B1FD9242C1AD8DFE804F034
:1025D800BDB1ADA9A5A19E969390741919191919A1
:1025E8001919706C19191919686460574E4A4642CE
:1025F8003E3734312F0008EB040090F85D3033800B
:1026080001252846BDE8F883C4F11704D8F85C1002
:10261800D8F858302401C4F12002E34001FA02F24C
:10262800203C134321FA04F423433380E8E737803E
:10263800E6E73A0C3280E3E700233380E0E798F8D6
:102648009430002BDBD0B8F87830D8E7D8F8A4302D
:102658003380D5E7B8F8A6303380D1E7D8F8A03072
:102668003380CDE7B8F8A2303380C9E7D8F8AC207A
:102678004FF6FF73934228BF13463380C0E7D8F85C
:10268800A8204FF6FF73934228BF13463380B7E75D
:10269800B8F8B0303380B3E7D8F860303380AFE7AC
:1026A800B8F862303380ABE790F82C303380A7E776
:1026B80090F82B303380A3E73946404605F09AFF5F
:1026C80099F8283099F8291099F82A209B0043EAAC
:1026D800C10398F8941043EA410343EA021398F8B7
:1026E8004C2003439BB2002A3DD143F0200386E7E8
:1026F800C38C338084E7838C338081E742684FF64C
:10270800FF73934228BF1346338079E703783380F9
:1027180076E798F80330338072E798F80230338010
:102728006EE798F8013033806AE798F80030338014
:1027380066E798F874309BB1D8F864204FF6FF73B9
:10274800934228BF13469BB259E798F874303BB1BF
:1027580098F8753023B1D8F87030B3F5803FF2D3CC
:102768004FF6FF734BE743F0600348E7436A072BD4
:1027780071D970B50446051D461D0621284600F08E
:10278800B9FB62892379824211D0012B04D1D4F894
:10279800B4300133C4F8B430D4F8BC30626A0133C1
:1027A800012AC4F8BC302CD80023636270BD012B09
:1027B80013D0D4E92E13626A01310833082AC4E918
:1027C8002E13F1D9083A626204F10C01284609F087
:1027D80043F8636A072BD0D870BDD4F8B02061796C
:1027E80001320529C4F8B02012D0A36C032B1FD9DD
:1027F800D4F8C4300133C4F8C430626A082AD3D983
:10280800E0E7013A62623146284609F025F8E0E738
:10281800E288B2F5807FE8D12289002AE5D194F8D0
:1028280054208AB1D4F8C8300133C4F8C830E4E77A
:1028380005332868696844F8330004EBC302516023
:10284800A36C0133A364D8E72A6869682165E26448
:1028580084F85430D1E7704748B138B504460D467E
:10286800D0220021043009F010F8256038BD7047E7
:1028780068B361B35AB3013A2DE9F04705464E1ED5
:102888008F184FF01F0A00F1050900F104080AE04B
:10289800621C2C4416F8013F237128466A62FFF730
:1028A80065FFBE4211D06C6A202CF1D1D5F8BC303E
:1028B800C5F824A001331F22C5F8BC30494640465C
:1028C80008F0CAFF22461F24E3E7BDE8F0877047F7
:1028D80010B5044628B1FFF749FFA06C003818BFAF
:1028E800012010BD10B5044618B1FFF73FFF94F85A
:1028F800540010BD2DE9F04184B040B1036804468E
:102908002BB10D46FFF732FF94F8546026B9002624
:10291800304604B0BDE8F0810095E06C216DB4F854
:102928004E2002AB03C3B4F8503094F84D10206821
:10293800002552BA5BBA9BB292B284F85450FFF7A2
:10294800BBFDD4F8CC30A26CA5641344C4F8CC30D9
:1029580094F8AC30002B39D100283DD048F201530F
:102968000128A4F8853004F1850841D006280CBF59
:102978000223042384F887300321404600F0BAFA82
:10298800030A84F88930D4F8C03084F88800052216
:102998000133C4F8A820C4F8C03094F88450012743
:1029A80084F8AC70002DB3D1D4F8A820414604F1C6
:1029B8005D0008F097FFD4F8A830C4F8803084F898
:1029C8008470C4F8A85084F8AC50A1E7D4F8D0308B
:1029D8000133C4F8D0309BE702AB03CB082304F1E2
:1029E8008508C4F88500C4F88910C4F8A830D4E76D
:1029F8000323BFE700285FD02DE9F047036884B0C0
:102A0800044643B10D46FFF7B1FE94F8543013B9AC
:102A180094F884301BB1002004B0BDE8F08720464C
:102A2800FFF7A4FEA16C0029F5D0A26AC4F85520CE
:102A38000129E26AC4F8592004F1550604F1280373
:102A48000CD00122194653F8080FD3F804C0C1F876
:102A580004C00860A16C01329142F3D894F8568002
:102A6800A8F103030139012BA16464D9A8F1050376
:102A7800012B23D9012568F07F0884F85D5084F87C
:102A88005E8084F85F50032104F15D0000F032FAA3
:102A9800D4F8C03084F86000010A05222B4484F879
:102AA8006110C4F8802084F88450C4F8C0302046EF
:102AB800FFF75CFE0120AFE700207047B4F857A08D
:102AC800B4F859309AFA9AF7BFB25BBA3946404619
:102AD8001FFA83F906F0EAFE98B9B8F1060F0DD08F
:102AE8007B1E022B0DD9012568F07F08022384F88C
:102AF8005D5084F85E8084F85F30C4E7BAF1000F57
:102B0800F1D1009520684B463A464146FFF7D4FC80
:102B180000285FD0012800F0908006280CBF02230F
:102B28000423012568F07F0884F85D5084F85E80EE
:102B380084F85F30A7E7B4F85990B4F8577099FA59
:102B480099F91FFA89F909F1FF337FBA0A2BBFB245
:102B580068D84FEA490A264604EB490913E00DF103
:102B68000E032A46FFF714FD0137B0B1BDF80E3049
:102B780086F861301B0A86F860300236B14537D0D6
:102B8800B7F5803F09D0B8F1030F2068B9B2E6D194
:102B98000DF10E02FFF7E6FCE6E7012568F07F0875
:102BA800022384F85D5084F85E8084F85F30032146
:102BB80004F15D0000F09EF9D4F8C03084F860009C
:102BC800010A052284F86110C4F8802084F8845032
:102BD8002B446AE77168D4F85500C4F85D000822F0
:102BE8000123C4F86110C4F8802084F884305EE7BB
:102BF80004F15D0501260AF105030AF103072846D9
:102C080084F85D6084F85E8084F85FA0C4F8803042
:102C1800394600F06FF9E8555544000A287184F8E0
:102C2800846044E70321012568F07F0884F85D503B
:102C380084F85E8084F85F10BAE7032371E700BF69
:102C480048B149B190F8843023B1D0F880300B6096
:102C58005D307047184670470846704770B138B500
:102C680090F8AC300025044680F88450C0F88050B5
:102C78002BB92046BDE83840FFF778BD7047D0F83B
:102C8800A82000F185015D3008F02CFED4F8A820BA
:102C9800C4F88020012384F88430C4F8A85084F84C
:102CA800AC50E6E710B4019C50B1C0E90012002115
:102CB800C0E9023401611AB120465DF8044B10479F
:102CC8005DF8044B704700BF40B330B50446006858
:102CD80083B028B163681BB1A3680BB1237C1BB117
:102CE8000021084603B030BD01A9FFF7A9FF05463A
:102CF8000028F5D06368E068012198472946A36851
:102D0800019AE0689847014620B1012308462374D8
:102D180003B030BD6368E0689847E1E700210846E2
:102D2800704700BF80B1436810B5044623B1C0683E
:102D380000219847237C03B910BD00232068237421
:102D4800BDE81040FFF78ABF704700BF80B14368F5
:102D580010B5044623B1C06800219847237C03B905
:102D680010BD002320682374BDE81040FFF776BF2C
:102D7800704700BF68B110B540220021044608F032
:102D880084FD002323646364A364E36423656365AB
:102D980010BD7047C8B1026CBFF35B8F531C03F0C2
:102DA8003F03D0F844C0BFF35B8F634505D081541F
:102DB800BFF35B8F036401207047483050E8003F41
:102DC800013340E80032002AF8D10020704700BFE4
:102DD80070B5864610B111B30AB9104670BD436C80
:102DE800BFF35B8F056CBFF35B8F9D4219D0013A2F
:102DF8008E1801F1FF3C5C1C1EF80300624604F0CB
:102E08003F030232AB420CF8010FA2EB010001D0E4
:102E1800B445F0D1BFF35B8FCEF8443070BD08469F
:102E280070BD0020F6E700BF50B100F14C0353E835
:102E380000CF0CF1010C43E800C2002AF7D101B120
:102E48007047503050E8003F013340E80032002A14
:102E5800F8D1704748B1BFF35B8F543050E8003F5A
:102E68000B4340E80032002AF8D1704760B1BFF345
:102E78005B8F00F15403002253E8000F43E8002160
:102E88000029F9D1BFF35B8F704700BF60B151B122
:102E98000139431E4218002013F8011F934280EAAB
:102EA8000100F9D170470846704700BFE0B170B51E
:102EB8001546DAB1072911D10378FD2B04460FD145
:102EC80005214679FFF7E2FF86420BD1A379FE2B55
:102ED8000ED1B4F801302B80002070BD022070BDE7
:102EE800032070BD042070BD01207047012070BD13
:102EF800052070BD8446E0B1C9B100B500EB010EF4
:102F08004FF6FF701CF8013B0822584000F00103FF
:102F180003EB830103EB413383EA5000531E13F0A4
:102F2800FF0280B2F2D1E645ECD15DF804FB084619
:102F3800704770470120704748B91D4B5B6903F023
:102F48000603062B0A46014609D000207047184B95
:102F58005B6903F00603062B4FF00002F5D14FF032
:102F68008043186A10F4807014D010B4114C206A91
:102F780010F480700BD0186810F0010007D020689A
:102F880010F0010003D0D86B904204D000205DF807
:102F9800044B70477047E26B8A42F7D1DB6B23B171
:102FA800E06BB0FA80F04009F1E70120EFE700BFDD
:102FB8000004024000040040F0B5044689B00D4604
:102FC800164600214822CDE90211CDE90411CDE9C8
:102FD80006111F4608F059FC41F2BF22E260256045
:102FE800602220460192FEF729FC20B1084B1E7092
:102FF800002009B0F0BD082201A92046FEF77AFC9E
:1030080010B9012009B0F0BD014B1F70F0E700BFF7
:10301800700B002010B5FDF7EDFE1B4B9B6813F4F9
:10302800E05F1A4B18BF4000984201D0002010BD45
:103038004FF08042906A0028F8D1154CA16A002907
:10304800F5D1D36A41F2BF208342EFD1E06A9842BA
:10305800ECD1D36903F07003602BE7D1E36903F087
:103068007003602BE2D1136A13F40073DED1216A76
:103078008905DBD4D3695B07D8D4E069C0F3800045
:1030880080F00100C0B210BD0038024000D8B80579
:10309800000400402DE9F0474FF08044A44FA54DAF
:1030A8000026814688463E70FEF73AFE236823F0E4
:1030B800010323602B6823F001032B6026612E6136
:1030C800BFF34F8F9C4B93F800A0BAF1000F41D08B
:1030D80008F1FF339BB241F2BE22934227D8FFF793
:1030E80029FF0646002848D008219448FEF752FBDD
:1030F800082106469248FEF74DFB002E40F0D98085
:1031080000283CD00B233B70FEF70AFE4FF08042AC
:10311800884B116821F0010111601968002021F025
:103128000101196010611861BFF34F8F0FE0082388
:103138003B70FEF7F5FD236823F0010323602B683D
:1031480023F001032B6026612E61BFF34F8F00200F
:10315800BDE8F08707233B70FEF7E2FD236823F004
:10316800010323602B6823F001032B60C4F810A02F
:10317800C5F810A0BFF34F8FE9E70923D8E76F4BD5
:103188001B68D8636E4B1B68D86301236062686252
:1031980063616B6120612861BFF34F8F694B5B6985
:1031A80013F0060F40F08380E36B002B7FD1EB6BAD
:1031B800002B7CD1636A002B79D16B6A002B76D106
:1031C8004FF080452B6ADA0571D45A4E336ADB0515
:1031D8006DD42B68DC076AD4336813F0010A66D112
:1031E80056480821FEF7D4FA0446002865D1544809
:1031F8000821FEF7CDFA002872D1BFF34F8F514B4B
:103208005B6913F0060F56D1EB6B002B53D1F36BB0
:10321800002B50D12B6AD8054DD5464D2B6AD905C0
:1032280049D54FF080463368DA0744D52B68DB0769
:1032380041D5DFF810A16FF0010300247462012268
:103248006C620621336150462B61FDF717FBBFF313
:103258004F8FDAF8143003F00603062B56D1374B9C
:103268001A68374B1B68B9F1000F4AD0D463C3F80A
:103278003C80BFF34F8F41464846FFF75DFE04464A
:1032880000287FF465AF32233B70FEF749FD4FF00D
:103298008042284B116821F001011160196821F062
:1032A8000101196014611C61BFF34F8F4FE72D2393
:1032B80029E70A2327E7302325E72E233B70FEF76B
:1032C8002FFD2B6823F001032B60336823F00103E3
:1032D8003360C5F810A0C6F810A0BFF34F8F36E7CB
:1032E8002F233B70FEF71CFD2B6823F001032B6096
:1032F800336823F0010333602C613461BFF34F8FCF
:1033080025E7C2F83C80C3F83C90B2E731233B7014
:10331800FEF706FD336823F0010333602B6823F0C2
:1033280001032B6034612C61BFF34F8F0FE700BF9F
:10333800700B002000040040040C0020BC0B00208F
:10334800740B00200004024008B5FEF7E9FC4FF0BA
:103358008042074B116821F00101116019680020B3
:1033680021F00101196010611861BFF34F8F08BD8A
:10337800000400400F4B586910F0060018D14FF0B8
:103388008043DA6B9AB90C49C86B88B91A6A12F487
:1033980080720CD1086A10F4807007D11B68DB07B3
:1033A80005D40868C04300F0010070471046704714
:1033B8000020704700040240000400402DE9F0435B
:1033C8006C4E6D4B6D4D6E4F4FF0000885B086F812
:1033D80000801A6B85F8008042F002021A631A6CAA
:1033E80042F003021A641A6B03921A6C039B4FF0A3
:1033F800804453400393039BFEF792FC236823F019
:10340800010323603B6823F001033B60C4F810808C
:10341800C7F81080BFF34F8F5A4B5B484FF4C02258
:103428009A615A6822F006025A609A6842F03C0291
:103438009A60DA6822F03C0242F02802DA601A68E0
:1034480022F03C0242F014021A601A6822F4401278
:1034580042F400121A605A6822F480625A609A682C
:1034680042F440129A60DA6822F44012DA605A6A2A
:1034780022F4706242F480725A621A6822F00302DF
:1034880042F002021A605A6822F001025A609A68F1
:1034980042F003029A60DA6822F00302DA601A6ADC
:1034A80022F00F0242F002021A6221460223012290
:1034B800FFF782FD18B33548042303223946FFF786
:1034C8007BFD8146E0B1FEF72BFC236823F0010366
:1034D80023603B6823F001033B60C4F81080C7F801
:1034E8001080BFF34F8FFFF795FD8046E0B1FFF7DF
:1034F80041FF60B301232B7005B0BDE8F08381461E
:10350800FEF70EFC236823F0010323603B6823F0D9
:1035180001033B60C4F81090C7F81090BFF34F8FB9
:10352800002005B0BDE8F08305233370FEF7F8FBF3
:10353800236823F0010323603B6823F001033B6009
:10354800C4F81080C7F81080BFF34F8FE8E7062350
:1035580001903370FEF7E4FB2368019823F0010320
:1035680023603B6823F001033B6020613861BFF3AF
:103578004F8FD5E7700B002000380240040C002064
:103588000004004000040240BC0B0020740B002023
:1035980001460120FFF77EBD01460020FFF77ABDF6
:1035A800014B1878704700BF700B002070B50E46AD
:1035B800044648B32C4BDD6B2C4B1B786BB1FFF7E3
:1035C800B9FC50B1ADB245B1731E9BB241F2BE22F7
:1035D800934202D8FFF71EFDD0B9254B32221A704C
:1035E800FEF79EFB4FF080421F4B116821F001014E
:1035F80011601968002021F001011960106118613B
:10360800BFF34F8F002070BD4FF08043DD6BD3E7D1
:1036180029462046FFF790FC0028DED0FCB1124B6B
:10362800DE63BFF34F8F20463146FFF785FC044623
:103638000028E8D10E4B32221A70FEF771FB4FF0CA
:103648008042094B116821F001011160196821F0CD
:103658000101196014611C61BFF34F8FD2E74FF06D
:103668008043DE63DDE700BF00040040040C002057
:10367800700B002038B50C4640B9A9B1FFF7CAFC59
:1036880080B12146BDE83840FFF756BC51B9054620
:10369800FFF7C0FC30B12C4621460020BDE8384079
:1036A800FFF74ABC002038BDBDE83840FFF762BECE
:1036B8000A4B002210B5DA601968094C21F00101A3
:1036C800196032201A615A622270FCF7ADFF32206D
:1036D800FCF7D6FFBFF34F8F10BD00BF000C0040B2
:1036E800090C0020F0B53149314E324C324A334D85
:1036F800002383B008603370237013702B70002888
:1037080051D02F4F2F49386C40F008003864386C7E
:1037180001900198CB60086820F0010008600B61F7
:1037280032204B621370FCF77FFF3220FCF7A8FFB2
:10373800BFF34F8FFDF75EFBBB68234A13F4E05FCE
:1037480018BF4000A0F51C53103B934226D81F4BCE
:103758001F4A00FB03F3B2EB331F1FD31D4A194B5B
:10376800A2FB0020400B1C4A013810600C221A6092
:10377800012600224FF0FF315A609A609A611A625E
:103788009862D96232205A6304215E611A61FCF79B
:1037980001FF304626702E7003B0F0BD122333703F
:1037A800002003B0F0BD11233370F9E7100C00209E
:1037B800070C00200A0C0020090C0020080C00202F
:1037C80000380240000C0040FFFF0F27917EFB3AB3
:1037D800B88D06005917B7D10C0C00202DE9F0411F
:1037E800354C364F364B002582B03D70E560226877
:1037F80022F0010222600646256132206562884671
:103808001D70FCF711FF3220FCF73AFFBFF34F8F12
:103818002C4A1278002A45D02B490A78002A41D030
:10382800002E3FD046453DD20A20A6FB0036A8FB15
:1038380000800643002E3CD14FF00C0E234E01921F
:10384800C4F800E03668A66208F1FF30E06201269D
:1038580003206363656266612561E0603220FCF7DE
:103868000FFF2068164B30431E702060BFF34F8F48
:103878002568019A1449354017D115223A700D7000
:10388800E560236823F0010323600D4B2561322096
:1038980065621D70FCF7C8FE3220FCF7F1FEBFF32D
:1038A8004F8F01E013223A700022104602B0BDE8A3
:1038B800F08114223A70F7E7000C0040070C002052
:1038C800090C00200A0C0020080C00200C0C002019
:1038D800034B187818B1034B186800F001007047C3
:1038E800090C0020000C0040024B187808B1024B6C
:1038F800187870470A0C0020080C0020014B187833
:10390800704700BF070C0020F8B5424B424C1A68BC
:103918002369002A57D0414E357825B313F4007136
:1039280011D03F483F49404F404D002303701920B4
:1039380008703B702B70022090473B7800222A7059
:103948004BB33A70F8BD13F0010036D113F00203FF
:1039580050D13449344F354D3B701A2008703049E6
:103968002B700B70E7E72E492E4B0D7002201821A3
:1039780019709047E560236823F001032360322023
:10398800256165623570FCF74FFE3220FCF778FE42
:10399800BFF34F8FF8BD204AD360116821F00101B1
:1039A80011603220136153623370FCF73DFE322000
:1039B800FCF766FEBFF34F8FF8BD1B4F1B4D3970E8
:1039C80029700120B8E71749154B1B2008701A7099
:1039D800E2602368114923F0010323603220226149
:1039E80062620A70FCF720FE3220FCF749FEBFF342
:1039F8004F8FF8BD23680C4F0C4D387013F0080337
:103A080006D001232B706FF002032361002093E797
:103A18002B70FBE7100C0020000C0040090C002064
:103A2800080C0020070C0020050C0020060C0020C4
:103A380038B5104B104D1B7800222A707BB10F4B04
:103A48001C7864B10E4A126940F203231A420BD162
:103A58003220FCF7DBFDBFF34F8F204638BD16231D
:103A68002B700024204638BD17242C70FFF74CFF1C
:103A78002C70F6E7090C0020070C0020080C002029
:103A8800000C0040F8B51F4B1C78002C38D01E4B9A
:103A98001C78002C34D01D4F3C78002C30D1831E6C
:103AA800802B05462CD81A4EF460336823F00103A6
:103AB80033603220346174623C70FCF7B5FD32200B
:103AC800FCF7DEFDBFF34F8F04233360114B05EB8A
:103AD80085001B68B36240004FF0FF33F3620A3879
:103AE800012303227063746273613461F2603B7076
:103AF800336843F001033360BDE8F840FFF798BF2F
:103B08000020F8BD0A0C0020080C0020090C002039
:103B1800000C00400C0C002070B51E4D1E4C2B787C
:103B2800616A626B23B32368DB0721D51B4B1B78C3
:103B3800F3B1831E802B1BD8266940F203231E4055
:103B480024D18A1A002A15DB154B30461B68984782
:103B5800E660236823F00103236032202661666251
:103B68002E70FCF761FD3220FCF78AFDBFF34F8F02
:103B7800002070BD00EB80000A3901EB4001616351
:103B8800BFF34F8FBDE87040FFF752BFFFF7BCFE91
:103B9800EEE700BF090C0020000C0040080C0020D4
:103BA800100C0020244A1378002B40D0234B1968AE
:103BB800C9073CD530B4224D2978002939D01C6971
:103BC80040F203210C4234D11968090731D55C6AE7
:103BD800D96A8C422DD2811E80292AD8596A00EBD5
:103BE80080000A3901EB40014FF0FF305963D86279
:103BF800196821F008011960BFF34F8F1278C2B11C
:103C08001B68DB0715D5287898B10C4A116940F272
:103C1800032319420DD1536A526B9B1A002B08DA01
:103C2800084B1B7833B1084B01221A7002E00020C0
:103C38007047002030BC7047090C0020000C004081
:103C4800080C0020060C0020050C0020F0B4274DBD
:103C58002B786BB1264C236813F0010308D0254E4E
:103C680033782BB1236940F20322134003D0002399
:103C78001846F0BC7047226812F00802F8D1636A4F
:103C8800676BDB1B002BF2DA0028F0D0884229D2C0
:103C9800822927D8636A00EB800003EB400001EB20
:103CA8008101013B03EB41036063E362236843F056
:103CB80008032360BFF34F8F2B78002BD8D02368DD
:103CC80013F00103D4D03378002BD1D0216940F20E
:103CD80003231942CBD1636AE26A93422CBF0023C3
:103CE8000123C5E713461846F0BC7047090C0020AD
:103CF800000C0040080C0020194B9A6A10B4C2F15D
:103D08000102DC6802441444DC605C6AA24216D9F1
:103D18005968121B11445960D96901291BD0114AED
:103D2800D86201244FF4807114700422A3F85C1047
:103D38009A630D4B5DF8044B00221A7070474A1EB7
:103D48004FF48074012AA3F85C40D8629963F0D8D4
:103D58005DF8044B7047996811449960DFE700BF2C
:103D6800180C0020890C00208B0C00202DE9F04F46
:103D78005A4F3B7883B0002B00F0A980584E96F834
:103D88005C30002B00F0A380DFF8609199F80030D8
:103D9800002B40F09C80DFF858A19AF80180B8F118
:103DA800000F40F09480336C023B012B00F28F80AF
:103DB800336BC31A002B044680F28980736BC31AD5
:103DC800002B80F284800D46BAF82400BAF8261039
:103DD800FFF750FC00287AD0424B7268DB6C9A429D
:103DE80075D8706D716B0344A1EB040B9B1A9B454E
:103DF80028BF9B46BBF1010F66D9584504D2121A59
:103E08005A447260C6F854B0B36C42F23312591E69
:103E180091425CD841F2BF2245F6BF500021E3FB36
:103E28000201002345F6C052FCF7B2F983B21946E5
:103E380001200193FFF7BAFB002848D00199002020
:103E4800FFF718FC002842D03B78002B3FD099F8A8
:103E58000030002B3BD1FCF773FB5C44031B002BA9
:103E680035DA201AFFF79EFE88B33B787BB399F8C2
:103E7800003063BBFCF764FB336BC31A002B26DAF4
:103E8800736BC31A002B22DA96F85C3013B12946FB
:103E9800FFF732FF019BB16CAAF8263007220123F5
:103EA8008AF800200022CAE902B4F0643465CAF82E
:103EB800104086F85E308AF80230CAF80410AAF872
:103EC80024208AF8283004E0074B01221A704FF0AA
:103ED8000308404603B0BDE8F08F00BF8B0C0020FC
:103EE800180C002080C10008890C00208C0C0020D0
:103EF800900C0020134BDA6CD968C2F1010210440F
:103F08009A6D02449A655A6D01449042D96012D95B
:103F180030B459680C4C0D4D891A01440120002217
:103F280020705960042000212A70986330BC5A65BB
:103F380083F85E107047121A00215A6583F85E10E4
:103F4800704700BF180C0020890C00208B0C002043
:103F580070B50546FFF70EFA224EF0B13378BBB1C3
:103F6800214C94F85C3013B994F85E30BBB11F4B08
:103F78001A78E06D10F0FF1004D01D4B186DC4E9DD
:103F8800040270BD3378002BF7D0C4E9040270BD79
:103F9800184A012315603370E2E73070E0E7FFF755
:103FA800E9F912490A780028E3D0A2B1114B104868
:103FB8001B68006DEE1AB04211D822680023501C0D
:103FC8002060C4E90133C4E915331A46E360636429
:103FD8000B701846D3E76368002BCAD0E6E70344A2
:103FE800581BCCE7880C0020180C0020890C0020F6
:103FF80080C10008800C0020F8B5154D95F85C309C
:1040080095F85E7006460C4603B3FFF775FE95F803
:104018005E3013B13046FFF76DFFFFF7ABF90D4B7C
:1040280090B11A785AB11FB1AB6B042B18BFAC63AF
:10403800013C012C02D9084B00221A70F8BD074A2E
:10404800166001221A70EEE71870ECE73B46E0E7CD
:10405800180C0020880C00208B0C0020800C0020FD
:1040680010B5244B044668BB93F85C20A2B993F8BA
:104078005E2052BBFFF768F9FCF762FA0121FFF7EF
:10408800BBFFFFF715FB1C4A1C491D4B0020107095
:1040980001220C701A7010BD1A4A5278002AE6D113
:1040A8001A6C023A012AE2D8FCF74AFA0121FFF712
:1040B8005DFE0028EFD0FFF747F90224FCF740FA2D
:1040C8000421DCE793F85E2032B11A6D5B6B9A42EB
:1040D80008D00D4B01241C70FFF736F9FCF730FAB5
:1040E8000421CCE7FFF730F90124FCF729FA042171
:1040F800C5E700BF180C0020100D00208D0C002013
:104108008C0C0020900C0020890C002010B5FFF7C3
:104118001BF9FFF7CDFAFEF70DFF104C80F00100F8
:1041280084F82900FFF726F984F82A0018B1FFF768
:10413800CFFB48B910BD94F82B301BB942F60403E5
:10414800A4F82B30042010BD94F82B301BB942F68C
:104158000313A4F82B30032010BD00BF900C0020DF
:1041680070B54C4C2378062B054636D0FDB1FFF7C9
:10417800EBF8FCF7E5F90421FFF73EFFFEF7DAFE5E
:1041880080F0010084F82900FFF7F4F884F82A0089
:1041980000284AD0022D36D0012D4FF0000068D0FB
:1041A80003220023A270636284F8283070BDFEF7F2
:1041B800C1FE80F0010084F82900FFF7DBF884F8DD
:1041C8002A0090B32378052B284659D001220023D2
:1041D800A270636284F8283070BD2F4B9E6B042E4A
:1041E800C4D1FFF7B1F8FCF7ABF93146FFF704FF8C
:1041F800FEF7A0FE80F0010084F82900FFF7BAF866
:1042080084F82A0088B1FFF779FB94F82B2003463D
:10421800002A3CD100284FF0030208BF2C23104687
:1042280084F82B2084F82C30D1E7FFF78DF8FEF7BF
:1042380081FE80F0010084F82900FFF79BF884F8DC
:104248002A00FFF7ADF994F82B3083B900284FF016
:10425800040508BF22200322002384F82C0084F8D8
:104268002B50A2702846636284F8283070BD042061
:1042780096E702220023A270636284F8283070BD9A
:1042880004220023A270636284F8283070BD0320E2
:1042980002469CE7900C0020180C002070B51446CC
:1042A8001D46B8B94A1E42F233139A422BD854B36A
:1042B8004DB32080024645F6BF5341F2BF20E1FBD3
:1042C800003218461146002345F6C052FBF760FF3E
:1042D800288016E0012816D14B1E632B12D88AB10C
:1042E80085B1002641F2BF2245F6BF503346E1FBB7
:1042F8000203194645F6C0520023FBF749FF208008
:104308002E80002070BD012070BD00BFF8B5424D61
:10431800424E0024FFF718F830220021284607F003
:10432800B4FA214660223E48347007F0AEFA3D4A9E
:104338003D4B14701C70FCF703F93C4B18603C4B68
:1043480001271F70FFF716F83A4B2C7018703A4B7C
:10435800A5F82B401C70394B1C70394B02221A707F
:10436800FEF7E8FD784085F82900FFF703F885F89F
:104378002A00FFF723F888B13248FFF7B3F980B372
:104388003770FEF7D7FD80F0010085F82900FEF7A9
:10439800F1FF85F82A00D8B12046F8BDFEF7D4FF12
:1043A800FEF7C8FD784085F82900FEF7E3FF85F899
:1043B8002A00FFF7F5F895F82B303BB9A04208BF63
:1043C8002C20042385F82B3085F82C000420F8BD18
:1043D80095F82B30002BF9D141F60443A5F82B3082
:1043E800F4E7FEF7B1FFFEF7A5FD80F0010085F8C0
:1043F8002900FEF7BFFF85F82A00FFF77FFA95F836
:104408002B303BB9002808BF2C20032385F82B301C
:1044180085F82C000320F8BD900C00208E0C00209D
:10442800180C00208B0C00208A0C0020800C002027
:10443800890C0020880C0020100D00208C0C002016
:104448008D0C00206940000870B5EFF3108672B635
:10445800BFF35F8F2C4B2D4C00251D70FEF774FFAA
:10446800FCF76EF80321FFF7C7FD294B1D70FFF716
:104478001FF9284A284B15700222C4E90155C4E9DE
:1044880003552570656284F828501A70FEF752FDAE
:1044980080F0010084F82900FEF76CFF054684F8D7
:1044A8002A00FFF715FA2DB1F0B9BFF35F8F86F335
:1044B800108870BD94F82B301BB942F60423A4F879
:1044C8002B30FEF741FFFEF735FD80F0010084F840
:1044D8002900FEF74FFF034684F82A300420BFF373
:1044E8005F8F86F3108870BD94F82B301BB942F6A5
:1044F8000333A4F82B30FFF7DBF80320BFF35F8FFB
:1045080086F3108870BD00BF100D0020900C0020AD
:104518008B0C00208C0C00208D0C00202DE9F04124
:104528006C4C23783BB16C4A002310782370BDE8AB
:10453800F041FFF715BE03F0FF070546FEF7FAFC4A
:10454800664E80F0010086F82900FEF713FF2378F5
:1045580086F82A0003F0FF0833B15F4B18782770FC
:10456800BDE8F041FFF7FCBD96F828301BBB0028DA
:1045780044D0FFF7ADF970B9FFF7B6F90346002844
:104588003AD12278002A62D0534A10782370BDE8C5
:10459800F041FFF7E5BDFEF7D7FEFFF789F896F87B
:1045A8002B300322B2701BB942F60313A6F82B3046
:1045B8000320BDE8F081FFF797F90346B8BB2278DE
:1045C800002AE1D1FFF79AF996F82B303BB9002879
:1045D80008BF2320032386F82B3086F82C00FEF72B
:1045E800B3FEFFF765F8BDE8F0410220FFF7B8BD5C
:1045F8003B4B1B68002B51D10020DAE7FEF7A4FEE5
:10460800FFF756F8FEF796FC80F0010086F82900BF
:10461800FEF7B0FE96F82B3086F82A000322B27017
:104628001BB942F60403A6F82B300420C1E7FFF7B4
:104638004FF90346D0B92278002AA5D196F82B3035
:10464800002BCCD142F20343A6F82B30C7E7FFF783
:1046580055F996F82B30002BAAD1002808BF232043
:10466800032386F82B3086F82C00A1E73369E81A73
:10467800002809DB237823B3174B187884F80080C7
:10468800BDE8F041FFF76CBD96F82A30002BB3D097
:10469800144B1B7813B13378052BA9D02378002B42
:1046A8007FF441AF96F82B301BB942F20463A6F8A9
:1046B8002B30FEF749FEFEF7FBFF0220FFF750FD07
:1046C800B3E796F82B30002B89D142F20353A6F8B2
:1046D8002B3084E78C0C00208D0C0020900C0020DF
:1046E800FC0C0020100D0020F8B5564C23789A1FBA
:1046F800012A29D9052B0DD1534E337803F0FF0534
:1047080043B9524F3B781BB194F82830002B6FD136
:104718003378BBB1FEF70EFC80F0010084F8290065
:10472800FEF728FE94F8283084F82A004BB1464E4C
:10473800337823B994F829300BB900284BD0337853
:104748005BBB00252846F8BDEFF3108672B6BFF3B1
:104758005F8F3D4B1B7803F0FF058BBB3C4B1B78F1
:104768009BB394F8283083B33A4BDB6D13F0FF1FEB
:104778002BD063784BBBFFF7ABF830B3FFF7B4F837
:1047880018B3FEF7D7FB00B3FEF7F4FDE8B9E18CE8
:10479800A08CFEF76FFF054617E0FEF7CBFB80F015
:1047A800010084F82900FEF7E5FD054684F82A0093
:1047B8000028C7D0FFF78CF880F00105EDB2C1E7FB
:1047C800FEF7D8FD0546002836D1BFF35F8F86F384
:1047D80010882846F8BDFFF77BF80028AFD0FFF710
:1047E80083F805460028AAD03378002BA7D1A9E77B
:1047F800FFF77AF800288BD0FFF76AF8002887D0EF
:10480800FEF798FB002883D0FEF7B4FD124B1B6817
:10481800B3FA83F35B0983427FF47AAFE18CA08C0F
:10482800FEF728FF337800283FF473AF002B7FF49E
:1048380071AF3D78EDB285E7FFF74AF880F00105E2
:10484800EDB2C2E7900C00208C0C0020100D002067
:104858008B0C0020180C0020FC0C0020F8B5324D01
:104868002B7873BBFEF766FB304C80F0010084F8B0
:104878002900FEF77FFD2B7884F82A00064603BB43
:1048880094F828300BB3FFF72FFF2B78C0B9C3B9C2
:10489800FEF75AFDFEF70CFFFEF74CFB80F0010017
:1048A80084F82900FEF766FD2B7884F82A0043B9BE
:1048B80094F82B306BBB42F20473A4F82B3028E039
:1048C800DBB1BDE8F840FFF721BCFFF701F8074668
:1048D800FEF73AFD94F828308BB1FEF72BFB80F0F9
:1048E800010384F82930FEF745FD2B7884F82A0067
:1048F800002BE6D130B12EB16FB90020F8BDFEF71C
:10490800D7FEEAE794F82B301BB942F60403A4F863
:104918002B300420F8BD94F82B301BB942F6031352
:10492800A4F82B300320F8BD8C0C0020900C00203C
:1049380010B5FEF7FFFA054C80F0010084F8290055
:10494800FEF718FD84F82A0010BD00BF900C002067
:1049580010B5FEF7EFFA114C80F0010084F8290039
:10496800FEF708FD0E4B84F82A001B780BB90020CF
:1049780010BDFEF7B9FF0028F9D094F828304BB9DC
:1049880094F82A000028F3D0FEF7A2FF80F0010077
:10499800C0B210BDBDE81040FFF7A6BE900C0020C5
:1049A8008E0C002010B5FEF7C5FA054C80F001000A
:1049B80084F82900FEF7DEFC84F82A00204610BDA2
:1049C800900C002001207047F8B5044615461E4695
:1049D800EFF3108772B6BFF35F8FFBF7B1FD164A8E
:1049E8001278034602F0FF000AB12CB10020BFF391
:1049F8005F8F87F31088F8BD10490A78002AF5D12F
:104A08000F4C2478002CF1D1A5F1030C4EF65D2251
:104A1800944501D9002DE9D1002EE7D12B44094A4C
:104A2800003D18BF01251570074A1360074B1E602B
:104A380001230B70DBE700BF100D0020F00C0020F5
:104A4800000D0020EF0C0020E80C0020DC0C0020FA
:104A5800F8B504461746EFF3108672B6BFF35F8FBA
:104A6800FBF76EFD174B1B7803B12CB10020BFF389
:104A78005F8F86F31088F8BD134B1B78002BF5D099
:104A8800124C2378002BF1D1FB1E012BEED8104BD2
:104A98001B78054623B10F4B1B681B1ABB42E5DD8B
:104AA800FFF722FE0028E1D00B4B0C492F44C3E945
:104AB80006570B4B1F600B4B1D6001230B702370B7
:104AC800D5E700BF100D0020F00C0020ED0C0020F1
:104AD800EF0C0020E80C0020900C0020EE0C0020C9
:104AE800E40C0020D40C00200346EFF3108172B6CA
:104AF800BFF35F8F094A127802F0FF000AB12BB1A9
:104B08000020BFF35F8F81F310887047044B18783B
:104B18000028F6D0034B01221A70F2E7100D00208E
:104B2800EE0C0020EC0C00202DE9F04F074683B076
:104B38001446EFF3108672B6BFF35F8F744DFBF720
:104B4800FFFC2B78002B00F0B280002F40F0AF80E4
:104B5800704B1B78002B00F0BE80DFF8E88198F8D6
:104B68000030002B00F0B7806B4B1B78002B00F057
:104B7800B280002CC0F2AF80684B1B68A342C0F221
:104B8800AA80DFF8C491664FD9F80030A342C0F27A
:104B9800A3803B78002B40F09F80624B1B681B1A58
:104BA800012B834640F39880DFF8A0A1DAF80030A3
:104BB8001B1A012B40F390805B4B1B782BB15B4B8E
:104BC8001B681B1A012B40F38780FFF78DFD002817
:104BD80000F08280FEF72CFF00287DD0002C00F02A
:104BE8008B8042F234139C4276D841F2BF2345F6BB
:104BF800BF500021E4FB030145F6C0520023FBF738
:104C0800C7FA83B2194601209B46FEF7CFFC00285D
:104C180062D0FEF7AFFB00285ED159460020FEF7B0
:104C280029FD002858D0FEF703FF002854D02B7820
:104C3800002B51D03B78002B4ED1FBF781FCDAF8E2
:104C48000020A2EB000ABAF1010F034644DD364A00
:104C580012783AB1354A1268121A012A3CDD924597
:104C680028BF924650460193FEF756FF002833D0DE
:104C7800FEF7DEFE80B32A7872B3397801F0FF02BE
:104C880051BB2B4D019B6969C9F800405344013160
:104C9800C5E90431EB60274B6C601A70264B88F825
:104CA8000020AA84A5F826B014461A7001E0204D09
:104CB8000124FEF73FF980F0010085F82900FEF78E
:104CC80059FB85F82A00BFF35F8F86F310882046CA
:104CD80003B0BDE8F08F124F00232B70FEF734FBB2
:104CE800FEF7E6FC3B7823B9144A02210123117030
:104CF8003B700F4D0424DCE7FEF726FBFEF73AFB7A
:104D08000028E9D00E4BC3F800B0A34685E700BFE2
:104D1800100D0020F00C0020000D0020DC0C0020FD
:104D28008C0C0020E40C0020EF0C0020E80C002084
:104D3800900C0020EC0C0020D80C00208D0C0020DA
:104D4800F40C0020EE0C0020FC0C0020E00C0020ED
:104D5800F8B5044615461E46EFF3108772B6BFF342
:104D68005F8FFBF7EDFB2E4B1B7803B12CB10020B6
:104D7800BFF35F8F87F31088F8BD2A4B1B78002B91
:104D8800F5D0294C2378002BF1D1002DEFD0B54276
:104D9800EDD2264B26491B680A68023B9B1AB34290
:104DA800E5D33244801A0028E1DA224B1A68002A37
:104DB8002FDD214A0698D2F800C0844501DB00287F
:104DC800D5DD069A42F234108242D0DC079A002AD6
:104DD800CDDB9445CBDBFFF787FC0028C7D014490F
:104DE800144B0A681B681644069A9A42A8BF1A46CA
:104DF800124B1A60124B069A1A60124B079A1A60E5
:104E0800114B1D60114B1E60114B1E620123237054
:104E1800AEE7ACD10F4A1268002ACADAA7E700BF8A
:104E2800100D0020EE0C0020D80C0020E40C00200F
:104E3800D40C0020FC0C0020DC0C0020C80C002046
:104E4800C40C0020C00C0020D00C0020CC0C00208A
:104E5800900C0020F80C0020164B1A78034602F03C
:104E6800FF0032B31BBB144A107810B3134A1078F2
:104E7800F8B11348134A10B5046812681248091BA0
:104E880021EAE1719142006810D2104C24684FEA7F
:104E9800E17C001B4FEAE07E00FB0CFC01FB0ECC22
:104EA800A0FB01016144FBF773F9204410BD002009
:104EB80070477047100D0020D80C0020EE0C002021
:104EC800D40C0020D00C0020C40C0020C80C0020FA
:104ED8002DE9F84F044690461D46EFF3108672B64A
:104EE800BFF35F8FDFF8D091FBF72AFB99F800300A
:104EF800002B00F08680002C40F08380B8F1000F72
:104F08007FD0002D7DD05F4B2C701B78002B00F0DC
:104F18008B805D4B5D4C1B78002B00F086802378DE
:104F2800002B40F082805A4B1B681B1A012B074646
:104F38007BDD584B1B681B1A012B76DD564B1B7803
:104F480023B1564B1B681B1A012B6EDDFFF7CCFBF8
:104F580000286AD0524BDFF864A11B68DAF800B069
:104F6800FB1A002B394671DA0020FFF775FF8345DD
:104F780005465ADC4B4B1B68834256DB002854DB42
:104F8800FEF756FD002850D0DAF800B0AB4570D0D7
:104F98006A1E42F233139A4247D841F2BF2345F6BC
:104FA800BF500021E5FB030145F6C0520023FBF783
:104FB800EFF887B2BBF1000F5DD039460120FEF74C
:104FC800F5FA90B339460020FEF754FB68B3FEF7B4
:104FD8002FFD50B399F800303BB3237803F0FF025C
:104FE8001BBB314CCAF800506369A284013363616A
:104FF8002E4B65600122E7841A60C8F8005000272C
:1050080001E0294C0127FDF795FF80F0010084F8A5
:105018002900FEF7AFF984F82A00BFF35F8F86F303
:1050280010883846BDE8F88F184C002389F80030FE
:10503800FEF78AF9FEF73CFB237823B91C4A0221C4
:10504800012311702370184C0427DCE7194B1C68E6
:105058005C45A8BF5C4622460020FFF765FD074671
:1050680008B1114CCFE70123C8F800400E4C2B7053
:10507800C9E70D4CC1E73846FEF78AFA0028A1D1E6
:10508800D3E700BFD80C0020EE0C00208C0C0020C9
:10509800E40C0020E00C0020EF0C0020E80C0020BD
:1050A800CC0C0020C40C0020900C0020F80C002030
:1050B8008D0C0020C00C0020100D0020FC0C0020DE
:1050C8002DE9F04F074689B014461E46EFF31089C4
:1050D80072B6BFF35F8FDFF804830023ADF81C308E
:1050E800ADF81E30FBF72CFA98F80030002B49D0A9
:1050F800002F47D1189B002B44D0199B002B41D07F
:10510800DFF8DCB29BF800300546002B30D1A44B09
:105118001B78002B4AD0A34B1B7823B1A24B1B68EA
:10512800EB1A002B0FDAA14B1B78002B00F05C81E7
:105138009F4B1B68EB1A002B05DA179B002B3CDCF6
:10514800179B64333EDADFF89CA29A4F002388F855
:105158000030FEF7F9F8FEF7ABFA9AF800302BB9F1
:10516800954B02221A7001238AF8003004240BE0C0
:10517800924BD3E90023A21A66EB0303012A73F1C9
:105188000003C4DA8B4F0124FDF7D4FE80F0010040
:1051980087F82900FEF7EEF887F82A00BFF35F8F3B
:1051A80089F31088204609B0BDE8F08F179B002BC3
:1051B800C6DD7E4B1B78002BC5D0179A42F23413FC
:1051C8009A42C0DC149B822BBDD8159B142BBAD8ED
:1051D800169B012BB7D97A4B1B7823B1794B1878DA
:1051E800002800F00C81DFF8FCA19AF80030002BB1
:1051F800ABD1149B022BA8D9DDE914329342A4D970
:10520800129B159AEB1A93429FD8149A013A9A4224
:105218009BD9169B642B98D8FDF78CFE002894D058
:105228009BF80030002B40F01B81624F199A002335
:105238001370179B002B40F3F480634B1A68002A05
:1052480040F01F810123614A1268002A40F055810D
:10525800544B129A14991B780A440292521B0092DA
:1052680033B1514B1B685B1B9A4228BF1A46009208
:105278004E4B1B78002B00F0D080524B1B78002B34
:1052880000F00181524B179A1B689342B4BF002368
:1052980001230393464B009A1B685B1B934228BF6C
:1052A800134601939BF800300198002B00F0AF8063
:1052B800FEF732FC80F00103DBB2002B7FF446AF2F
:1052C80098F80030002B3FF441AF9AF80030002BDB
:1052D8007FF43CAF179B002B40F0D7803A4B1A68FD
:1052E8000AB13C4A15600493FEF72EF8FEF742F81F
:1052F800049B00283FF42AAF0593FEF799FB00288A
:105308003FF424AF98F80020002A3FF41FAF9AF822
:10531800002002F0FF030493002A7FF417AF039ADA
:10532800059B9AB100980393FEF7F6FB00283FF41B
:105338000DAFFEF77DFB00283FF408AF1B4A049B26
:1053480013701F4A1370009B0193039B019A2A4410
:105358001546179A1A607B6901337B61174BC3E9BD
:105368000046012387F828308BF8003005233B706E
:10537800D30F7B7082EAE273A3EBE2737B60BDF824
:105388001C30BB84BDF81E30FB84189B0024C7E981
:105398000355BC70BC601A600F4B029A1A60F3E6A2
:1053A800F00C0020EF0C0020E80C0020EE0C002090
:1053B800E40C0020900C00208D0C0020080D00202B
:1053C800D80C0020EC0C0020FC0C0020F80C00206D
:1053D800DC0C0020F40C0020E00C0020100D002054
:1053E800000D00208C0C0020534B179A1B68934229
:1053F800FFF6A9AE179B002B3FF7A5AEA0E62946FE
:10540800FFF72AFD179B9842BFF6EDAE9BE6FEF725
:1054180039FB80F00103DBB24FE70393009B019354
:1054280040E71AD0454B1A68002A63D04FF0FF3284
:1054380043490093096891423FF40AAFFDF784FF9E
:10544800FDF798FF00283FF481AE3E4A009B1560A7
:1054580000221A60199A0123137000231793F7E6A4
:10546800FEF736FA00283FF470AEFFF73DF9364FE5
:1054780000283FF46BAEFB68EB1A002BFFF6D6AEA4
:1054880064E60122D4E7039304E7179880EAE07101
:105498000028A1EBE0710DF11E03CCBF0020012014
:1054A80007AAFEF7FBFE00287FF450AE234B1A68CC
:1054B800002A30D0179A0493002ACBBFBDF81E10DB
:1054C800BDF81C1001200020FEF770F8049B04931F
:1054D80000283FF43BAEFDF74DFF00287FF436AEC1
:1054E800179B174A002BD4BF4FF0FF310121049BB3
:1054F800116001E74FF0FF33A5E69A423FF4A8AEEA
:10550800104B169A1B68EB1A9342BFF4A1AE199A76
:1055180001231370A1E7179A0493002A05DDBDF84B
:105528001E00FEF735F8049BD1E7BDF81C00FEF716
:1055380033F8049BCBE700BFDC0C0020FC0C0020F8
:10554800F80C0020F40C0020900C0020F0B5054663
:1055580099B0EFF3108672B6BFF35F8FFAF7F0FFDA
:10556800184C0746FEF7F4FC60222146684606F010
:10557800B9F994F85C20E368D4E915CE1AB1A26AA7
:1055880001339B1A3B4494F85E205AB1E26CC2F195
:105598000102D01960450344864434BFACEB000CCB
:1055A8004FF0000CBFF35F8F86F3108860226946C6
:1055B8002846CDE915CE039306F094F9284619B08C
:1055C800F0BD00BF180C0020054B1B781BB1054B24
:1055D8001B68834201D000207047FFF7B9B900BFAC
:1055E8008B0C0020840C002070B50C46EFF310855E
:1055F80072B6BFF35F8FFAF7A3FFFEF7A9FC14B1E9
:105608001F4B1B782BB10120BFF35F8F85F31088E8
:1056180070BD1C4E3378002BF5D11B4B1B78002B2B
:10562800F1D11A4B1B78002BEDD0194B93F8283089
:10563800002BE8D1174B1B78002BE4D1FDF79AFE1D
:105648000028E0D0FEF744F90028DCD1FEF74CF939
:105658000028D8D0FDF76EFC0028D4D00E490B687E
:1056680001330ABF01221A46134623600A600B4B16
:105678000B4A002001213170107083F85D00C3E7E8
:10568800890C00208B0C0020100D00208E0C0020AF
:10569800900C00208C0C0020840C0020180C00209A
:1056A8008A0C00202DE9F04F054687B00C4690463D
:1056B8001F46EFF3108972B6BFF35F8FFAF740FF0A
:1056C80044B1DFF840A09AF800301BB10B4B1B68BF
:1056D800AB4219D00A4D0124FDF72CFC80F00100E3
:1056E80085F82900FDF746FE85F82A00BFF35F8F8D
:1056F80089F31088204607B0BDE8F08F840C00209D
:10570800900C00208B0C0020DFF8ECB29BF85C308A
:10571800002BDFD19BF85E30B04D01931A4695F807
:10572800283006460BB1002AD5D0AD4B1B78002B8C
:10573800D1D19BF85D30002BCDD1AA4B1B7843B15A
:10574800A94B4046D3E90023394601F07BFE0028E7
:10575800C1D03046FEF7FCFBA44B1B78002B40F071
:105768005281109BF31A142B00F24D81FFF7F0F8C9
:10577800002800F04881019B002B00F05B81FDF7B9
:10578800F9FD002840F03F81FEF752F9002800F0AB
:105798003A819AF80030002B00F03581904B1B7845
:1057A800002B40F03081DBF85030F31A002B80F2E8
:1057B8002A81DBF83430F31A002B80F22481216827
:1057C800012900F020818B1E012B00F21C81884BDF
:1057D8006269D3F888008242C0F01581D3F88C0042
:1057E800824200F21081D3F890C0B2FBFCF00CFBAF
:1057F8001022002A40F007812269022A00F04B811A
:10580800032A40F00081032940F0FD80D4F80CE021
:10581800D86B8645C0F0F780186C864500F2F38097
:10582800D3F844C0606870450246C0F0EC80A0EB35
:105838000E00604500F2E780586A0392824200F247
:10584800E280A0681A6B9042C0F0DD80DA6A0490AA
:10585800904200F2D8809A6A039802FB0EF2B2FBDB
:10586800F0FCD3E91A0284452CBF6244121804984C
:105878000292904240F0C780109A029882320492B5
:10588800921B904280F0BF80564A127832B1DBF802
:105898002C20986CB21A8242C0F0B5809BF85E202A
:1058A80032B1304605930391FEF724FB059B03991B
:1058B8009AF80020002A00F0A680DBF8042002985D
:1058C80000EB020CDA6C944500F2F280012900F03A
:1058D800F6806368CBF804C00393049BCBF834309C
:1058E800029BCBF81C109A1903990492CBF830202C
:1058F8003D4A3C48CBF82860C2E90087CBE9081349
:10590800E268DBF81830CBF83C202269CBF840205D
:1059180001336269CBF84820CBF818304A1E42F2AE
:105928003313002601279A42CBF8386007700C46DB
:1059380069D841F2BF2C45F6BF503146E4FB0C0153
:1059480045F6C0520023FAF723FC049A2A61531E35
:10595800EB606B69019A6C603B446B6106232B809A
:10596800029B85F8287084B2581EAE70AE84EC8411
:10597800A860002A00F0BD801946FEF767F980EAA2
:105988000706F6B2002E3ED101278BF85C70FEF7B1
:105998004FF8002837D09AF80030A3B3104B1B7883
:1059A8008BBB144B1E70019B002B00F0A98038465E
:1059B8002146FDF7FBFD30B321460020FDF75AFED6
:1059C80008B3FDF7D7FCF0B9FEF732F8D8B19AF86A
:1059D8000030C3B1024B1B7810E000BF900C0020D0
:1059E8008C0C00208A0C0020780C0020890C0020E8
:1059F80080C10008880C0020180C002003F0FF0468
:105A0800002B3FF469AEFDF79FFCFAF799FD0521DD
:105A1800FEF7F2FA00238AF80030FDF749FE3C4B06
:105A28001B782BB93B4B02221A70394A0123137099
:105A3800042451E6FDF79EFC0028E4D0FDF748FF5A
:105A48000028E0D1216801297FF4BDAE6369002BED
:105A5800D9D121690129D6D12F4BE068D3F804C0E8
:105A68006045D0D1606884450246CCD8D86F824260
:105A7800C9D8A2EB0C02D3F874C0B2FBFCF00CFB43
:105A88001022002ABFD1DA6802921046A268824228
:105A98003FF4F2AEB7E7D4F80CE058698645B2D3C4
:105AA80098698645AFD8022906D0D3F820C0B9E650
:105AB8001A4A01231370A6E78645F6D0A3E7DBF858
:105AC800082002EB000E1A699645F1D8D3F8803009
:105AD80005936368029A03931846DBF8443000FB89
:105AE8000233059A9342E3D8CBE901CECBF8443090
:105AF800F3E60299FDF772FE80F00106F6B241E77F
:105B08002046FDF745FD00287FF456AF7BE700BF30
:105B18008C0C00208D0C002080C10008890C00200E
:105B28002DE9F84F0446EFF3108672B6BFF35F8F86
:105B38004B4DFAF705FD2B781BB14A4B1B68A34266
:105B480012D0494C0125FDF7F5F980F0010084F8E1
:105B58002900FDF70FFC84F82A00BFF35F8F86F356
:105B680010882846BDE8F88F404F97F85C30002B26
:105B7800E7D0DFF804813C4C98F8002002F0FF09D8
:105B880042BB62781AB93A6C023A012A3DD9FDF74C
:105B9800DBFBFAF7D5FC8246FDF74AFFE0B198F83F
:105BA800003003F0FF0BBBB92B78ABB13B6BAAEB12
:105BB8000303002B10DA7B6BAAEB0303002B0BDA31
:105BC80050460221B9F1000F21D0FEF7CFF880BB73
:105BD8000025B8E70125B6E7FDF7B6FB50460421D6
:105BE800FEF70AFA0422224BBA6300222A70012522
:105BF8001D70FDF75DFD98F8003023B91D4B02229A
:105C08001A7088F8005003259DE79946C1E7FEF70A
:105C1800F3F9FDF74DFD0123A370C4F8249084F82F
:105C28002890FDF7A7FB0028D2D185F8009004251D
:105C380089E7FDF789FBFAF783FC0421FEF7DCF915
:105C480085F800B0FDF734FD98F80030002BDAD164
:105C5800084B02221A70012388F80030D3E700BFEE
:105C68008B0C0020840C0020900C0020180C0020C5
:105C7800890C00208D0C00208C0C00202DE9F84F99
:105C880004460D4690461F46EFF3108A72B6BFF3DE
:105C98005F8FDFF8F090FAF753FC99F800301BB1EA
:105CA800334B1B68A34207D00024BFF35F8F8AF3EE
:105CB80010882046BDE8F88FDFF8CCB09BF85D303F
:105CC800002BF1D0DBF81830AB42EDD19BF85C30FB
:105CD800002BE9D1274B93F8283006461BB19BF8D7
:105CE8005E30002BE0D0244D2B78002BDCD1DBF884
:105CF8003830013B012BD7D8204B4046D3E900234D
:105D0800394601F09FFB0028CED00A9BF31A142BCA
:105D1800CAD81B4B0A999A6CDBF82C30CB1A9342E1
:105D2800C2DBFEF715FE04460028BDD09BF85E30A6
:105D3800C3B1DBF85030F31A002BB5DADBF8343096
:105D4800F61A002EB0DAFDF773FE0028ACD099F8E9
:105D58000030002BA8D02B78002BA5D100238BF87E
:105D68005D30A2E7FDF706FB0028F7D19CE700BFEE
:105D7800840C0020900C00208C0C0020780C002053
:105D880080C100088B0C0020180C0020D0ED027A8E
:105D98009FEDE37AF0EEE76AF4EE476AF1EE10FA67
:105DA80000F28782F5EEC07AF1EE10FA00F18182F6
:105DB800DFEDDC6AF4EEE67AF1EE10FA00F37982B0
:105DC800D0ED037AF0EEE76AF4EE476AF1EE10FAE6
:105DD80000F26F82DFEDD46AF4EEE67AF1EE10FAA3
:105DE80000F16782F7EE006AF4EEE67AF1EE10FA57
:105DF80000F35F82D0ED047AF0EEE76AF4EE476ACA
:105E0800F1EE10FA00F25582DFEDC86AF4EEE67A98
:105E1800F1EE10FA00F14D82DFEDC56AF4EEE67A94
:105E2800F1EE10FA00F34582D0ED057AF0EEE76A5C
:105E3800F4EE476AF1EE10FA00F23B829FEDBB7A6E
:105E4800F4EEC77AF1EE10FA00F133829FEDB97AD9
:105E5800F4EEC77AF1EE10FA00F32B82D0ED067A51
:105E68009FEDAF7AF0EEE76AF4EE476AF1EE10FACA
:105E780000F21F82F7EE006AF4EEE67AF1EE10FA0D
:105E880000F117829FEDAC6AF4EEC67AF1EE10FAD3
:105E980000F30F82D0ED077AB0EEE76AB4EE476AF6
:105EA800F1EE10FA00F20582F5EEC07AF1EE10FA82
:105EB80000F1FF819FEDA16AF4EEC67AF1EE10FAC7
:105EC80000F3F781D0ED087AB0EEE76AB4EE476ADE
:105ED800F1EE10FA00F2ED81F4EEE67AF1EE10FA46
:105EE80000F1E781DFED8F6AF4EEE67AF1EE10FA61
:105EF80000F3DF81D0ED095AF0EEE57AF4EE477A47
:105F0800F1EE10FA00F2D581DFED8D7AF4EEE75A62
:105F1800F1EE10FA00F1CD81F5EEC05AF1EE10FA6B
:105F280000F3C78190ED0A6AF0EEC67AF4EE477A7C
:105F3800F1EE10FA00F2BD81B5EEC06AF1EE10FA8A
:105F480000F1B781DFED7F7AB4EEE76AF1EE10FA7F
:105F580000F3AF81D0ED0B7AB0EEE75AB4EE475AB2
:105F6800F1EE10FA00F2A5819FED777AF4EEC77A88
:105F7800F1EE10FA00F19D81F4EEE67AF1EE10FAF6
:105F880000F39781D0ED0C6A9FED657AB0EEE65A82
:105F9800B4EE475AF1EE10FA00F28B81F5EEC06AC2
:105FA800F1EE10FA00F18581B7EE005AF4EEC56AF9
:105FB800F1EE10FA00F37D8108B52DED0A8B90ED16
:105FC8000DBAF0EECB6AF4EE476AF1EE10FA00F281
:105FD8006C81B4EEC5BAF1EE10FA00F16681DFED1E
:105FE8005B6AB4EEE6BAF1EE10FA00F35E81D0ED2A
:105FF8000E8AF0EEE86AF4EE476AF1EE10FA00F263
:106008005481F0EE006AF4EEE68AF1EE10FA00F13F
:106018004C81DFED4F6AF4EEE68AF1EE10FA00F3F8
:106028004481D0ED0FAAF0EEEA6AF4EE476AF1EE89
:1060380010FA00F23A81F4EEC5AAF1EE10FA00F176
:106048003481B3EE047AF4EEC7AAF1EE10FA00F345
:106058002C8190ED109A9FED325AF0EEC96AF4EE59
:10606800456AF1EE10FA00F22081F0EE086AB4EE0B
:10607800E69AF1EE10FA00F11881DFED366AB4EE17
:10608800E69AF1EE10FA00F31081D0ED116AF0EE05
:10609800E64AF4EE454AF1EE10FA00F20681DFED29
:1060A800234AF4EEE46AF1EE10FA00F1FE80F4EE11
:1060B800C76AF1EE10FA00F3F88090ED127AF0EE6C
:1060C800C74AF4EE454AF1EE10FA00F2EE809FED71
:1060D800225AB4EEC57AF1EE10FA00F1E6809FED8F
:1060E8001F5AB4EEC57AF1EE10FA00F3DE8090ED97
:1060F800138ADFED0B4AB0EEC85AB4EE645AF1EEDB
:1061080010FA00F2D280B5EEC08AF1EE10FA00F172
:10611800CC809FED135AB4EEC58AF1EE10FA2BE04D
:10612800FFFF7F7F0000C8426F12833ACDCCCC3D81
:106138000000484300007A440050C34700D004469A
:1061480000409CC500409C450AD7233C00004842BB
:106158000000FA4200000243CDCC4C3E0000204231
:1061680000606A4700808943FFFF7F7F0000C842C4
:106178000060EA466F12833A00F3978090ED14AA04
:10618800B0EECA5AB4EE645AF1EE10FA00F28D80FD
:106198001FED0A5AB4EEC5AAF1EE10FA00F1858097
:1061A8001FED0D5AB4EEC5AAF1EE10FA7DDC90EDA4
:1061B800155AB0EEC54AB4EE644AF1EE10FA74D836
:1061C800F7EE004AB4EEE45AF1EE10FA6DD45FED42
:1061D8001B4AB4EEE45AF1EE10FA66DCD0ED169ADA
:1061E8001FED1F5AF0EEE94AF4EE454AF1EE10FAB7
:1061F8005BD81FED224AF4EEC49AF1EE10FA54D49B
:106208005FED254AF4EEE49AF1EE10FA4DDCD0ED9C
:1062180017BAF0EEEB3AF4EE453AF1EE10FA44D83C
:10622800F0EE003AF4EEE3BAF1EE10FA3DD4F4EEF3
:10623800C4BAF1EE10FA38DC90ED18CAB0EECC4AC8
:10624800B4EE454AF1EE10FA2FD8B5EEC0CAF1EE19
:1062580010FA2AD4B4EEE4CAF1EE10FA25DCF4EE12
:10626800C65AF1EE10FA20D5F4EEC76AF1EE10FA2C
:106278001BD5B4EEE8BAF1EE10FA16D5F4EEC98AD9
:10628800F1EE10FA11D5F4EEC9AAF1EE10FA0CD518
:1062980067EEA87A5FED496A67EEA67AB7EE007AEC
:1062A800F4EEC77AF1EE10FA05D90020BDEC0A8B9E
:1062B80008BD00207047B5EE408AF1EE10FA09D00B
:1062C800B4EECA8AF1EE10FAEFDBB4EEE98AF1EE29
:1062D80010FAEADBB0EE4B0A05F0A4FBB4EE40BAC4
:1062E800F1EE10FAE1D1B0EE680A05F09BFBF4EE8E
:1062F800408AF1EE10FAD8D1B0EE6A0A05F092FBA6
:10630800F4EE40AAF1EE10FACFD1B0EE490A05F04A
:1063180089FBB4EE409AF1EE10FAC6D1B0EE480A05
:1063280005F080FBB4EE408AF1EE10FABDD1B0EE74
:106338004A0A05F077FBB4EE40AAF1EE10FAB4D1A0
:10634800B0EE4C0A05F06EFBB4EE40CAF1EE10FA5E
:10635800ABD1B0EE690A05F065FBF4EE409AF1EEB8
:1063680010FAA2D1B0EE6B0A05F05CFBF4EE40BA6D
:10637800F1EE10FA0CBF0120002097E70346002831
:1063880000F0B78110B4BF4CD0F800C0BE4800215F
:106398002CFA01F2D2B208314240202904FB02F063
:1063A800F6D1D3F804C0B74C00212CFA01F2D2B2CE
:1063B80008314240202904FB02F0F6D1D3F808C086
:1063C800B04C00212CFA01F2D2B208314240202907
:1063D80004FB02F0F6D1D3F80CC0AA4C00212CFA29
:1063E80001F2D2B208314240202904FB02F0F6D172
:1063F800D3F810C0A34C00212CFA01F2D2B2083114
:106408004240202904FB02F0F6D1D3F814C09D4C79
:1064180000212CFA01F2D2B208314240202904FBB3
:1064280002F0F6D1D3F818C0964C00212CFA01F2EC
:10643800D2B208314240202904FB02F0F6D1D3F849
:106448001CC0904C00212CFA01F2D2B20831424013
:10645800202904FB02F0F6D1D3F820C0894C002192
:106468002CFA01F2D2B208314240202904FB02F092
:10647800F6D1D3F824C0834C00212CFA01F2D2B211
:1064880008314240202904FB02F0F6D1D3F828C095
:106498007C4C00212CFA01F2D2B20831424020296A
:1064A80004FB02F0F6D1D3F82CC0764C00212CFA6C
:1064B80001F2D2B208314240202904FB02F0F6D1A1
:1064C800D3F830C06F4C00212CFA01F2D2B2083157
:1064D8004240202904FB02F0F6D1D3F834C0694CBD
:1064E80000212CFA01F2D2B208314240202904FBE3
:1064F80002F0F6D1D3F838C0624C00212CFA01F230
:10650800D2B208314240202904FB02F0F6D1D3F878
:106518003CC05C4C00212CFA01F2D2B20831424056
:10652800202904FB02F0F6D1D3F840C0554C0021D5
:106538002CFA01F2D2B208314240202904FB02F0C1
:10654800F6D1D3F844C04F4C00212CFA01F2D2B254
:1065580008314240202904FB02F0F6D1D3F848C0A4
:10656800484C00212CFA01F2D2B2083142402029CD
:1065780004FB02F0F6D1D3F84CC0424C00212CFAAF
:1065880001F2D2B208314240202904FB02F0F6D1D0
:10659800D3F850C03B4C00212CFA01F2D2B208319A
:1065A8004240202904FB02F0F6D1D3F854C0354C00
:1065B80000212CFA01F2D2B208314240202904FB12
:1065C80002F0F6D1D3F858C02E4C00212CFA01F273
:1065D800D2B208314240202904FB02F0F6D1D3F8A8
:1065E8005CC0284C00212CFA01F2D2B2083142409A
:1065F800202904FB02F0F6D1D3F860C0214C002119
:106608002CFA01F2D2B208314240202904FB02F0F0
:10661800F6D1D3F864C01B4C00212CFA01F2D2B297
:1066280008314240202904FB02F0F6D1D3F868C0B3
:10663800144C00212CFA01F2D2B208314240202930
:1066480004FB02F0F6D1D3F86CC00E4C00212CFAF2
:1066580001F2D2B208314240202904FB02F0F6D1FF
:10666800D3F870C0074C00212CFA01F2D2B20831DD
:106678004240202904FB02F0F6D1D3F874C0014C43
:10668800002103E093010001C59D1C812CFA01F251
:10669800D2B208314240202904FB02F0F6D1D3F8E7
:1066A80078C0144C00212CFA01F2D2B208314240D1
:1066B800202904FB02F0F6D1D3F87CC00D4C002150
:1066C8002CFA01F2D2B208314240202904FB02F030
:1066D800F6D1D3F880C0074900222CFA02F3DBB2C6
:1066E80008324340202A01FB03F0F6D15DF8044B41
:1066F80070477047930100019FED077AF6EE007A24
:10670800E0EE077A08B5B0EE670A05F08BF9FDEE02
:10671800C07A17EE900A08BD0000704378B3D0ED38
:10672800017AF5EE407AF1EE10FA26D1D0ED027A30
:10673800F5EE407AF1EE10FA1FD108B52DED028B77
:1067480090ED008ADFED147AB0EEC87AB4EE677A7D
:10675800F1EE10FA0DD8F7EE007AB4EEE78AF1EE12
:1067680010FA06DBDFED0D7AB4EEE78AF1EE10FAE7
:1067780006D90020BDEC028B08BD00207047704789
:10678800B0EE480A05F04EF9B4EE408AF1EE10FA80
:106798000CBF01200020EDE7FFFF7F7F00803B4515
:1067A80010B485B00168426883680D4C0D480191AA
:1067B800029203930DF1040C5CF8041B002321FAE8
:1067C80003F2D2B208335040202B04FB00F0F6D17C
:1067D80004AB6345F0D105B05DF8044B704700BFCA
:1067E80093010001C59D1C81002800F0ED8390ED08
:1067F800007ADFEDE87AF0EEC76AF4EE676AF1EE48
:1068080010FA00F2E18330B52DED108B90ED01BA4E
:10681800B0EECB6AB4EE676AF1EE10FAB5B000F2EA
:10682800CE8390ED026AF0EEC65AF4EE675AF1EEA6
:1068380010FA00F2C48390ED03DAB0EECD5AB4EE4C
:10684800675AF1EE10FA00F2BA83D0ED04FAF0EECE
:10685800EF4AF4EE674AF1EE10FA00F2B08390EDD9
:1068680005FAB0EECF4AB4EE674AF1EE10FA00F23C
:10687800A683D0ED06EAF0EEEE3AF4EE673AF1EED2
:1068880010FA00F29C83D0ED07CAB0EEEC3AB4EEF1
:10689800673AF1EE10FA00F29283D0ED08DAF0EEE2
:1068A800ED2AF4EE672AF1EE10FA00F2888390EDF3
:1068B80009AAB0EECA2AB4EE672AF1EE10FA00F27D
:1068C8007E8390ED0AEAF0EECE1AF4EE671AF1EE46
:1068D80010FA00F27483D0ED0BAAB0EEEA1AB4EE07
:1068E800671AF1EE10FA00F26A8390ED0CCAF0EE26
:1068F800CC0AF4EE670AF1EE10FA00F2608390ED2C
:106908000D8AF0EEC80AF4EE670AF1EE10FA00F20A
:106918005683D0ED0E6AF0EEE60AF4EE670AF1EE61
:1069280010FACDED046A00F24A8390ED0F9AF0EE6A
:10693800C90AF4EE670AF1EE10FA00F24083D0EDCE
:10694800108AF0EEE80AF4EE670AF1EE10FA00F2A7
:106958003683D0ED116AF0EEE60AF4EE670AF1EE3E
:1069680010FACDED036A00F22A83D0ED126AF0EE38
:10697800E60AF4EE670AF1EE10FACDED056A00F2C8
:106988001E83D0ED13BAB0EEEB0AB4EE670AF1EE4F
:1069980010FA00F21483D0ED146AB0EEE60AB4EEF1
:1069A800670AF1EE10FACDED066A00F20883D0ED21
:1069B800156AB0EEE60AB4EE670AF1EE10FACDED0C
:1069C800076A00F2FC82D0ED166AB0EEE60AB4EE71
:1069D800670AF1EE10FACDED086A00F2F082D0ED08
:1069E800176AB0EEE60AB4EE670AF1EE10FACDEDDA
:1069F8000C6A00F2E482D0ED186AB0EEE60AB4EE52
:106A0800670AF1EE10FACDED0D6A00F2D882D0EDEA
:106A1800196AB0EEE60AB4EE670AF1EE10FACDEDA7
:106A28000E6A00F2CC82D0ED1A6AB0EEE60AB4EE35
:106A3800670AF1EE10FACDED096A00F2C082D0EDD6
:106A48001B9AB0EEE90AB4EE670AF1EE10FA00F20A
:106A5800B682D0ED1C6AB0EEE60AB4EE670AF1EE33
:106A680010FACDED006A00F2AA82D0ED1D7AF0EEA0
:106A7800676ACDED017ADFED477AB0EEE60AB4EE4B
:106A8800670AF1EE10FA00F29A82D0ED1E6AB0EEB3
:106A9800E60AB4EE670AF1EE10FACDED026A00F2EA
:106AA8008E82D0ED1F6AB0EEE60AB4EE670AF1EE08
:106AB80010FACDED0A6A00F28282D0ED206AB0EEBB
:106AC800E60AB4EE670AF1EE10FACDED0B6A00F2B1
:106AD8007682F0EE007AB4EE67BAF1EE10FA00F0C2
:106AE800CA82F7EE007AB4EEE77AF1EE10FA8DED8D
:106AF800116ACDED107A00F162829FED270AB4EE9B
:106B0800C07AF1EE10FA00F35A82B0EE470A8DED22
:106B18000F7A04F087FF9DED0F7AB4EE407AF1EE1C
:106B280010FA40F04C82B5EE40BAF1EE10FA9DED45
:106B3800116A07D0DDED107AB4EE67BAF1EE10FAFB
:106B480040F03D82B5EEC06AF1EE10FA00F13782EE
:106B5800F2EE0E7AB4EEE76AF1EE10FA00F32F8245
:106B6800B0EE460A8DED0F6A04F05CFF9DED0F6AEA
:106B7800B4EE406AF1EE10FA40F02182B5EEC0DAC8
:106B8800F1EE10FA00F11B82DFED037AF4EEE7FA7A
:106B98000EE000BFFFFF7F7F00FF7F470050C34725
:106BA800000016450000C8420000164600606A470B
:106BB800F1EE10FA00F30382B4EEEFDAF1EE10FA18
:106BC80080F2FD81B0EE4D0A04F02CFFB4EE40DAFD
:106BD800F1EE10FA40F0F381B0EE6F0A04F022FFF4
:106BE800F4EE40FAF1EE10FA40F0E981B5EEC0FAA1
:106BF800F1EE10FA40F2E381B5EEC0AAF1EE10FA18
:106C080040F2DD81B4EECEAAF1EE10FA80F2D7811F
:106C18005FED1E7AB4EEE7EAF1EE10FA00F3CF81E9
:106C2800B5EEC0CAF1EE10FA00F1C981B4EECCAAF3
:106C3800F1EE10FA40F2C381F7EE007AB4EEE78A7B
:106C4800F1EE10FA00F1BB811FED2B7AB4EEC78A82
:106C5800F1EE10FA00F3B3819DED047AB4EEE77A11
:106C6800F1EE10FA00F1AB815FED327AB4EEE77A1B
:106C7800F1EE10FA00F3A381B5EEC09AF1EE10FA26
:106C880000F19D815FED387AB4EEE79AF1EE10FAE3
:106C980000F39581F5EEC08AF1EE10FA00F18F81CC
:106CA800DDED037AF5EEC07AF1EE10FA00F1878196
:106CB800DDED057AF5EEC07AF1EE10FA00F17F818C
:106CC8009DED097AB5EE407AF1EE10FA07D0F7EEAD
:106CD800007AB4EE677AF1EE10FA40F07081F5EEC2
:106CE800C09AF1EE10FA00F16A81F0EE007AF4EE43
:106CF800E79AF1EE10FA00F36281B0EE690A04F047
:106D080091FEF4EE409AF1EE10FA40F05881DDED74
:106D1800007AF5EEC07AF1EE10FA00F15081DDED5F
:106D2800017AF5EEC07AF1EE10FA00F148819DED96
:106D3800027AB5EEC07AF1EE10FA00F140815FED0B
:106D4800657AB4EEE77AF1EE10FA00F33881DDEDFA
:106D58000A7AF5EEC07AF1EE10FA00F13081DDED35
:106D68000B7AF5EEC07AF1EE10FA00F12881DDED2C
:106D7800097AF5EE407AF1EE10FAF5EE409A00F055
:106D88002581F1EE10FA00F01A81B5EEC09AF1EE05
:106D980010FA43DDF1EE007AF4EEE78AF1EE10FA2C
:106DA80000F10D81DDED007AB7EE007AF4EEC77AD6
:106DB800F1EE10FA00F10381DDED016AF4EEE67AF6
:106DC800F1EE10FA80F2FB80F0EE007A78EEE77AC6
:106DD800F4EEE76AF1EE10FA00F3F180DDED027AE5
:106DE800F4EEC77AF1EE10FA00F1E980DDED057AEC
:106DF800F5EEC07AF1EE10FA40F2E180DDED0A7AA4
:106E0800F5EEC07AF1EE10FA40F2D9809DED0B7ADA
:106E1800F4EEC77AF1EE10FA80F2D180F7EE007A3C
:106E2800F4EEE7BAF1EE10FA00F1C9801FEDA17A8D
:106E3800F4EEC7BAF1EE10FA00F3C180DDED066A90
:106E4800F4EEE6BAF1EE10FA00F3B980F4EEC76A90
:106E5800F1EE10FA00F3B3809DED077AB4EEE77A0D
:106E6800F1EE10FA00F1AB80F4EEC7BAF1EE10FAC9
:106E780000F1A5809DED086AB4EEE76AF1EE10FA1C
:106E880000F19D80F4EEC6BAF1EE10FA00F1978099
:106E9800DDED0C5AF4EEE75AF1EE10FA00F18F80AE
:106EA8009DED0E5AF4EEC55AF1EE10FA00F3878004
:106EB800DDED0D7AF5EEC07AF1EE10FA7FD9F4EE39
:106EC800C56AF1EE10FA7AD4F4EEEB8AF1EE10FA14
:106ED80075DC5FEDCA7ADDED034AF4EEE74AF1EEC0
:106EE80010FA6CDCF4EEE48AF1EE10FA67DCDDED02
:106EF800007ACDED13BACDED1B7ADDED017ACDED3B
:106F0800146ACDED1C7ADDED027A8DED157A8DEDE2
:106F1800166ACDED175A8DED185ACDED198ACDEDBB
:106F28001A4ACDED1D7A13AD0B24B5EC018AB0EEEB
:106F3800480A04F077FDB4EE408AF1EE10FA3ED12B
:106F4800013CF2D1B5EE40BAF1EE10FA00F0C5807E
:106F5800B4EEEAEAF1EE10FA2FD5DFED6A7AF4EE34
:106F6800E7AAF1EE10FA28D8F5EEC0CAF1EE10FA49
:106F780023DBF4EECACAF1EE10FA1ED5F4EECEDA2F
:106F8800F1EE10FA19DBF4EEE7DAF1EE10FA14D8A4
:106F9800F0EE6E7AEDEE0F7AF4EEE7CAF1EE10FA43
:106FA800C0F2AD80B0EE6E4AAFEE8F4AB4EEC4EADE
:106FB800F1EE10FA94BF01240024204600E00020DE
:106FC80035B0BDEC108B30BD00207047F1EE10FAE3
:106FD800F5D1B5EE40BAF1EE10FAF0D1F7EE007A3D
:106FE800B4EE67FAF1EE10FAE9D1F5EE40EAF1EE07
:106FF80010FAE4D1B4EEC98AF1EE10FADFD5F5EE55
:1070080040BAF1EE10FADAD1DDED067AF5EE407A03
:10701800F1EE10FAD3D1DDED077AF5EE407AF1EE14
:1070280010FACCD1DDED087AF5EE407AF1EE10FADF
:10703800C5D1F5EE408AF1EE10FAC0D1DDED037A44
:10704800F5EE407AF1EE10FAB9D1DDED007AF5EE01
:10705800407AF1EE10FAB2D1DDED017AF5EE407A20
:10706800F1EE10FAABD1B5EE407AF1EE10FA0CBFA2
:1070780001200020A4E70146842213A804F032FC72
:10708800B5EE409A0023F1EE10FA2293209322D114
:10709800B5EE408AF1EE10FA1DD11B49842213A8DF
:1070A80004F0CAFB0446B0B9B0EE480A04F0BAFCD2
:1070B800B4EE408AF1EE10FA0AD1B0EE490A04F0B3
:1070C800B1FCB4EE409AF1EE10FA0CBF0124002492
:1070D80004F0010074E70024FAE7F5EE40EAF7EE61
:1070E800007AF1EE10FAB4EE67FA0CBF0120002026
:1070F800F1EE10FA00F0010018BF002060E700244C
:1071080020465DE70050C34798C00008002800F0FB
:10711800A58038B5D0ED027A2DED048BDFED568AC7
:10712800B0EEE77AB4EE687AF1EE10FA05463DD88B
:10713800F5EEC07AF1EE10FA38D4B2EE0E7AF4EE2B
:10714800C77AF1EE10FA31DC90ED019AB0EE007AD0
:10715800B4EE479AF1EE10FAB0EE408A0C4629D107
:10716800FFF742FB10B3002C74D0F0EEC87AF4EEAF
:10717800687AF1EE10FA6FD8F7EE007AB4EEE78A83
:10718800F1EE10FA68DBDFED3D7AB4EEE78AF1EE56
:1071980010FA61D8B0EE480A04F044FCB4EE480A8C
:1071A800F1EE10FA0CBF0020062000E00120BDEC33
:1071B800048B38BD91BBB7EE007AB4EE479AF1EE76
:1071C80010FA2BD0FFF710FB0028EFD0DFED2A7A5A
:1071D800B0EEC87AB4EE677AF1EE10FA3CD8B5EEA4
:1071E800C08AF1EE10FA37D9D5ED097AF4EEC87AEB
:1071F800F1EE10FA30D4002C3AD0D5ED077AF4EE3F
:10720800C87AF1EE10FA35DCD5ED087AF4EEC87AD2
:10721800F1EE10FA4CBF07200020C8E7FCEEE77A31
:1072280017EE903AD8071DD599071DD55A0717D5D7
:107238001B071BD52846FFF7D7FA0028B6D0F7EE6C
:10724800007AB4EE679AF1EE10FA0CBF012300231E
:10725800A342BBD00A20AAE70620A8E7012070476E
:107268000420A4E70220A2E70320A0E705209EE768
:1072780020469CE707209AE7FFFF7F7F00803B4579
:10728800F8B50D4617461E460446A0B190ED017AA2
:10729800F0EE007AB4EE677AF1EE10FA0BD143B152
:1072A800FFF7A2FA30B140F6B8339D4201D8BD428B
:1072B8005FD00020F8BD002EFBD02046FFF794FADF
:1072C8000028F7D007EE905A94ED037AF8EE677A23
:1072D800F4EEC77AF1EE10FAEBD494ED047AF4EEFA
:1072E800C77AF1EE10FAE4DAD4ED016AB7EE007A63
:1072F800F4EE476AF1EE10FA36D1D4ED056A94ED52
:10730800067AA7EEA67ADFED1E6A86ED007AF0EE21
:10731800C77AF4EE667AF1EE10FACAD8B5EEC07AFA
:10732800F1EE10FAC5DBD4ED0A7AF4EEC77AF1EE85
:1073380010FABEDDD4ED016AF7EE007AF4EE676A62
:10734800F1EE10FAB6D1D4ED077AF4EEC77AF1EE81
:1073580010FAAED8D4ED087AF4EEC77AF1EE10FA46
:10736800ACBF01200020F8BD07EE907AB8EEE77AAE
:10737800C9E707EE905AF8EEE77AC6ED007AF8BD4D
:10738800FFFF7F7F10B50446FFF72EFA44B194ED56
:10739800017AF0EE007AB4EE677AF1EE10FA40D096
:1073A80000283DD0D4ED1A7AF5EE407AF1EE10FAC5
:1073B80043D0D4ED017AF5EE407AF1EE10FA08D018
:1073C80094ED027AF2EE0E7AB4EE677AF1EE10FAE4
:1073D80033D1D4ED0F7A94ED0D7AF4EEC77AF1EE4D
:1073E80010FA2ADD9FED167AF4EEC77AF1EE10FA5C
:1073F80023D8D4ED107AF5EEC07AF1EE10FA1CDD40
:1074080094ED117AF4EEC77AF1EE10FA15D8D4EDAE
:10741800127AF5EEC07AF1EE10FACCBF0120002006
:1074280010BD0028FCD0D4ED0F7AF5EEC07AF1EE4D
:1074380010FACCBF0120002010BD002010BD00BFF5
:1074480000D00446801A61EB0301012871F10001A4
:10745800ACBF01200020704758B3D0ED007A9FEDF3
:10746800167AF0EEE76AF4EE476AF1EE10FA20D8E1
:10747800F5EEC07AF1EE10FA1BD4DFED106AF4EEE7
:10748800E67AF1EE10FA14DCD0ED017AB0EEE76A94
:10749800B4EE476AF1EE10FA0BD8F5EEC07AF1EEC9
:1074A80010FA06D4F4EEE67AF1EE10FA01DCFEF7F3
:1074B8006DBC0020704700BFFFFF7F7F00007A444B
:1074C80030B50D469BB0044648B141B190ED017A04
:1074D800F0EE007AB4EE677AF1EE10FA1DD020468D
:1074E800FFF782F9B8B12846FFF7B6FF98B195EDD6
:1074F800077AD4ED0D7AB4EEE77AF1EE10FA2ED8C9
:1075080095ED087AD4ED0E7AB4EEE77AF1EE10FA3A
:1075180094BF012000201BB030BD642201A804F0F4
:10752800E1F9002320460893FFF75EF90028F2D01E
:107538002846FFF791FF0028EDD00A49642201A8E8
:1075480004F07AF958B995ED077AD4ED0D7AB4EECE
:10755800677AF1EE10FA0CBF01200020DBE700206B
:107568001BB030BD1CC1000870B52DED048B0E4654
:1075780082B0B0EE408AF0EE608A1546044638B113
:10758800D0ED1A7AF5EE407AF1EE10FA00F090801C
:10759800002D00F0888031462046FFF791FF002833
:1075A80000F08180DFED577AB0EEC87AB4EE677AE2
:1075B800F1EE10FA77D89FED549AB4EEC98AF1EE3D
:1075C80010FA70D4D4ED0A7AF4EEC87AF1EE10FA13
:1075D8005DD9D4ED017AF5EE407AF1EE10FA14BFD8
:1075E80001210021B0EE680A2046FFF78FFD002830
:1075F8005AD178EEC80AF1EE087AF0EEE00A60EEA9
:10760800A77A96ED056A87EE867AF7EE086A60EE45
:10761800A68AD6ED047AB5EE407AF1EE10FAC8EEF5
:10762800A70A65D4B1EEC70A04F08CF985ED000A03
:1076380094ED017AF0EE007AB4EE677AF1EE10FA82
:10764800B0EE408A52D0D6ED130A94ED140A04F035
:10765800A1F9F0EE400A94ED130A04F09BF99FEDAE
:107668002B7AD6ED187A28EE078A78EE277AF4EE88
:10767800C07AF1EE10FA37DCD4ED167AB4EEE78A68
:10768800F1EE10FACCBF01200020C0000CE09FED05
:10769800200AB4EE408AF1EE10FA04D1F4EE408AE2
:1076A800F1EE10FA09D0012002B0BDEC048B70BDD8
:1076B8000B2002B0BDEC048B70BDD4ED017AF5EE61
:1076C800407AF1EE10FA14BF012100212046FFF79D
:1076D8001DFD0028E8D196ED047AD6ED057AC9EEAD
:1076E800070A89EE277A9DE70820DDE70020DBE717
:1076F800B0EE470ACDED010A04F002F9DDED010A0A
:1077080092E700BFFFFF7F7F0000000000007A447F
:1077180000803B4510B40346A44CA548D3F800C0EC
:1077280000212CFA01F2D2B208314240202904FB90
:1077380002F0F6D1D3F804C09C4C00212CFA01F2D7
:10774800D2B208314240202904FB02F0F6D1D3F826
:1077580008C0964C00212CFA01F2D2B208314240FE
:10776800202904FB02F0F6D1D3F80CC08F4C00217D
:107778002CFA01F2D2B208314240202904FB02F06F
:10778800F6D1D3F810C0894C00212CFA01F2D2B2FC
:1077980008314240202904FB02F0F6D1D3F814C086
:1077A800824C00212CFA01F2D2B208314240202941
:1077B80004FB02F0F6D1D3F818C07C4C00212CFA57
:1077C80001F2D2B208314240202904FB02F0F6D17E
:1077D800D3F81CC0754C00212CFA01F2D2B2083142
:1077E8004240202904FB02F0F6D1D3F820C06F4CA8
:1077F80000212CFA01F2D2B208314240202904FBC0
:1078080002F0F6D1D3F824C0684C00212CFA01F21A
:10781800D2B208314240202904FB02F0F6D1D3F855
:1078280028C0624C00212CFA01F2D2B20831424041
:10783800202904FB02F0F6D1D3F82CC05B4C0021C0
:107848002CFA01F2D2B208314240202904FB02F09E
:10785800F6D1D3F830C0554C00212CFA01F2D2B23F
:1078680008314240202904FB02F0F6D1D3F834C095
:107878004E4C00212CFA01F2D2B2083142402029A4
:1078880004FB02F0F6D1D3F838C0484C00212CFA9A
:1078980001F2D2B208314240202904FB02F0F6D1AD
:1078A800D3F83CC0414C00212CFA01F2D2B2083185
:1078B8004240202904FB02F0F6D1D3F840C03B4CEB
:1078C80000212CFA01F2D2B208314240202904FBEF
:1078D80002F0F6D1D3F844C0344C00212CFA01F25E
:1078E800D2B208314240202904FB02F0F6D1D3F885
:1078F80048C02E4C00212CFA01F2D2B20831424085
:10790800202904FB02F0F6D1D3F84CC0274C002103
:107918002CFA01F2D2B208314240202904FB02F0CD
:10792800F6D1D3F850C0214C00212CFA01F2D2B282
:1079380008314240202904FB02F0F6D1D3F854C0A4
:107948001A4C00212CFA01F2D2B208314240202907
:1079580004FB02F0F6D1D3F858C0144C00212CFADD
:1079680001F2D2B208314240202904FB02F0F6D1DC
:10797800D3F85CC00D4C00212CFA01F2D2B20831C8
:107988004240202904FB02F0F6D1D3F860C0074931
:1079980000222CFA02F3DBB208324340202A01FB12
:1079A80003F0F6D15DF8044B704700BF9301000166
:1079B800C59D1C8170B52DED028B82B0CDED010AFD
:1079C8000546002859D00C46002956D0D1ED007A3A
:1079D800DFED498AB0EEE77AB4EE687AF1EE10FA94
:1079E8004BD8F5EEC07AF1EE10FA46D49FED437A03
:1079F800F4EEC77AF1EE10FA3FDCD1ED017AF0EE41
:107A0800E76AF4EE686AF1EE10FA36D8F5EEC07A55
:107A1800F1EE10FA31D4F4EEC77AF1EE10FA2CDC5C
:107A28000846B0EE408AFEF7B1F9064630B3F0EEEC
:107A3800C87AF4EE687AF1EE10FA1ED8B5EEC08A6C
:107A4800F1EE10FA19D4DFED2E7AB4EEE78AF1EEF2
:107A580010FA12DCDDED010AF0EEE06AF4EE686A75
:107A6800F1EE10FA09D8F5EEC00AF1EE10FA04D9D1
:107A7800F4EEE70AF1EE10FA05DD0026304602B012
:107A8800BDEC028B70BD28220021281D03F0FDFEED
:107A9800DDED010AD4ED056A70EEC87AB1EE087A18
:107AA800F0EEE77A27EE877AB7EE086A87EE260ABD
:107AB80067EE867A94ED047A85ED058AB5EE400A7C
:107AC800F1EE10FA85ED028A85ED008AC5ED060A09
:107AD80087EE878A0BD4F1EEC00AB0EE480A03F0AD
:107AE80031FF012385ED070A85F82830C6E703F042
:107AF80007FFF0EE400AF0E7FFFF7F7F00007A44BF
:107B08000050C34770B504462DED048B002800F0E3
:107B18009A811546002A00F0968190F828000028DE
:107B280000F08E810846F0EE408AB0EE608A0E467C
:107B3800FFF792FC002800F08381DFEDCB7AB0EEEE
:107B4800E87AB4EE677AF1EE10FA00F27C81F5EE8D
:107B5800C08AF1EE10FA00F176819FEDC47AF4EE56
:107B6800C78AF1EE10FA00F36E81B0EEC87AB4EE6F
:107B7800677AF1EE10FA00F26681D6ED0D7A9FED84
:107B8800BC7A67EE877AF4EEC87AF1EE10FA00F361
:107B98005A81D6ED0E7A67EE877AF4EEC87AF1EE5E
:107BA80010FA00F15081D4ED007A9FEDAF7AF0EE33
:107BB800E77AF4EE477AF1EE10FA00F24481D4ED58
:107BC800027AF0EEE77AF4EE477AF1EE10FA00F274
:107BD8003A81D4ED037AF0EEE77AF4EE477AF1EEE3
:107BE80010FA00F23081D4ED047AF0EEE77AF4EE80
:107BF800477AF1EE10FA00F22681D4ED087AF0EE19
:107C0800E77AF4EE477AF1EE10FA00F21C81D4ED2F
:107C1800077AF0EEE77AF4EE477AF1EE10FA00F21E
:107C28001281D4ED097AF0EEE77AF4EE477AF1EEB4
:107C380010FA00F20881D4ED057AF0EEE77AF4EE56
:107C4800477AF1EE10FA00F2FE80D4ED067AF0EEF3
:107C5800E77AF4EE477AF1EE10FA00F2F480302277
:107C68000021281D03F011FE94ED079A94ED080AEF
:107C780085ED008A38EE000AF0EE490A03F08AFE24
:107C880094ED057AD4ED067A84ED080AB5EEC09A2B
:107C9800F1EE10FA77EEC77A40F3E08080EE096AD9
:107CA800F1EE086A67EEA66AF7EE005A75EEC65A54
:107CB80066EE866AF0EE004A66EEA56AB0EE085AED
:107CC800C6EE895AA6EE645A66EE277A67EE867A79
:107CD800A7EE857AD6ED0C7A96ED036AD4ED026AA2
:107CE800D4ED039A96ED014AD6ED080A78EE277A84
:107CF80038EE066A88EE275A38EEE60AC8EE063AE3
:107D0800B0EE666AA5EE006AD6ED007A84ED007AD8
:107D180076EE666AC4ED015A86EE885A84ED026AE8
:107D280075EE696A77EE464AE3EEA69AB5EE404AE2
:107D3800C4ED039A85ED017A96ED027AC5ED025AF3
:107D4800F1EE10FA14BFD4ED046ADFED4A6A85ED4E
:107D5800036AB5EE407A64EEA77AF1EE10FA14BF22
:107D680027EE697A9FED437AC5ED057A77EEA68A04
:107D7800DFED407AC5ED066A78EE878A85ED077AE9
:107D880078EEA78AC5ED087AC5ED044AF1EE600AD7
:107D9800B0EE680AC5ED098A03F0D4FDF0EE400A9A
:107DA80096ED070A03F0F6FDD4ED097A9FED317AD6
:107DB80067EE806AF4EE408AF1EE10FAB0EE409A6F
:107DC80018BF0123F4EEC76A96ED060A18BF2B63A5
:107DD800F1EE10FAB4EEC79AD8BFF0EE477AF1EE9A
:107DE80010FA28EE000AF0EE490A30DB37EE800A76
:107DF80003F0D0FDF0EE407AF4EE497AF1EE10FA95
:107E0800C5ED0A7A03D02B6B43F002032B639FED79
:107E1800167AF0EEE88AF4EE478AF1EE10FA12D8F4
:107E2800F0EEE77AF4EE477AF1EE10FA0BD8F0EEBE
:107E3800E99AF4EE479AF1EE10FA94BF0120002077
:107E4800BDEC048B70BDBDEC048B002070BD37EE1B
:107E5800C00A03F077FDF0EE407ACDE737EE277AD7
:107E6800DFED045A36E700BFFFFF7F7F0050C347AE
:107E78006F12833A0000000040B52DED068B84B0E8
:107E880006460293002800F0C580002A00F0C28050
:107E98000192002900F0BE80D1ED007A9FED637A4F
:107EA800F0EEE76AF4EE476AF1EE10FA00F2B280FB
:107EB800F5EEC07AF1EE10FA00F1AC80DFED5C6A05
:107EC800F4EEE67AF1EE10FA00F3A48091ED01AA3F
:107ED800F0EECA7AF4EE477AF1EE10FA00F29A80E0
:107EE800B5EEC0AAF1EE10FA00F19480B4EEE6AA5D
:107EF800F1EE10FA00F38E8008460391FDF746FF75
:107F0800002800F08880019ADFED487AD2ED098ACE
:107F1800B0EEE87AB4EE677AF1EE10FA7AD8D2EDDC
:107F2800049AB0EEE97AB4EE677AF1EE10FA71D8F5
:107F380092ED009AB0EEC97AB4EE677AF1EE10FAD3
:107F480068D8B5EEC09AF1EE10FA63D903999FED9F
:107F5800397AD1ED0E7A67EE877AB4EEE79AF1EEC8
:107F680010FA57DC029B07EE903AB8EEE78AD1ED9B
:107F7800077AB4EEE78AF1EE10FA4BDCD1ED087A15
:107F8800F1EE677AB4EEE78AF1EE10FA42D4136B99
:107F98005B0744D192ED0A0A0192CDE9020103F090
:107FA8008BFDB4EE408AF1EE10FADDE90120039969
:107FB80035D1DFED218AB5EE40AAF1EE10FA31D0C5
:107FC800D1ED0B7AD6ED040A68EEA78ADFED177AB1
:107FD800E9EE8A8AE9EE280AB0EEE07AB4EE677A2A
:107FE800F1EE10FA16D891ED090A0191CDE90202D5
:107FF80003F0A8FC0199F0EE400A91ED0A0A03F09B
:10800800C9FC039A86ED040A029882ED0B0A86EDF4
:10801800098A00E0002004B0BDEC068B40BD78EE74
:10802800688AC8E7DFED040ADDE700BFFFFF7F7F4E
:1080380000007A446F12833A000000002DE9F043F3
:108048002DED028B00F5067583B09FED788A026FDF
:108058008DED018A01AB04460E46416E2846FFF7B6
:108068000FF980462846FEF789F98146EFF3108715
:1080780072B6BFF35F8FFCF795FCD4F8D032D4ED1D
:10808800927A94ED1E7AC4F8D4620133C4F8D032DF
:10809800D4F8E432F31AC4F8E832654B5B68C4F8E4
:1080A800CC32D4F82838C4F8F032D4F81C38C4F8E4
:1080B800F432D4F82038C4F8F8322378C4F8FC3203
:1080C8006378C4F80033A378C4F80433A36DC4F804
:1080D8005C33E36DC4F85833636EC4F86433236EBD
:1080E800C4F86033B8EEC77AFCEEE77A4FF20C13A7
:1080F800C4F8C83204F5986383ED007AC4EDCF7AEA
:10810800D4ED867A94ED877AD4F8AC31C4F81C346F
:10811800FCEEE77AD4F8A831C4EDE17AFCEEC77A30
:108128000546C4F88893C4EDE37AC4F81834B8F166
:10813800000F03D094F88338002B60D1DFED3B7A31
:108148000023B0EE678AC4F8B43304F2FC43C3EDED
:10815800007A04F5A06383ED008A94F87D3823B192
:10816800D4F82C38F31AC4F8A43394F87E08EB68D2
:10817800C4F8103318B195F82800002852D195F8A2
:108188002930AA8CC4F8203395F82A30C4F818236B
:10819800EA8CC4F81403C4F82433C4F81C23DBBBEA
:1081A800D5ED017A6B78F8EE677AC3BBD4F82C2842
:1081B80094F8783804F2EC41C1ED007AC4F8402311
:1081C800D4F87028C4F8F4230BB1B21AD30F94F87A
:1081D8007C28C4F8F833C4F87023E378D4F854281A
:1081E8003146C4E9DD23204602F05AFDBFF35F8F14
:1081F80087F3108803B0BDEC028BBDE8F083B4EEC2
:10820800487ADDED017A0123F1EE10FAC4F8B433AF
:1082180018BFB0EE678A98E7DFED047AC6E7F1EE9B
:10822800677AC3E7FCF760FAA9E700BF000000001F
:108238007CBE0008F8B504460F4619461D4616468A
:1082480002F00AFDFCF700F9D4F80C240023A4F886
:10825800B131D4F8A83322B90F2E45D00222C4F880
:108268000C24EBB1D4F8E03323B90D2E49D0062302
:10827800C4F8E0330023C4F8A8330323C4E9F15356
:10828800D4F8B833D4F8BC23EB1A9342D4E91601D6
:1082980028BF1346C4F8C03304F50463C3E90001DA
:1082A80094F87D3843B1D4F874382BB12B44C4F812
:1082B8007038012384F878380023A4F87C38C4F88F
:1082C800A83384F8C4320023C4F8AC322378092BCD
:1082D8004FF009031CBF6770A6702370294620461B
:1082E800BDE8F840FFF7AABED4F810245AB9032213
:1082F800C4F80C24002BD3D0D4F8E033002BB9D128
:10830800B5E70723B4E70422C4F80C24002BC7D030
:10831800F2E700BFF0B52DED028B83B000260D46C5
:108328004FF0807300210446026F80F8846880F85B
:108338008268C0F86068C0F87A38C0F87E68C0F80B
:108348002C58C0F85858C0F85C5801AB0191416EE0
:1083580000F50670FEF794FF9DED018A94ED927A80
:10836800D4F82838D4EDA47AB4EEC78AF1EE10FA1E
:1083780003F10103B8BF3246FCEEE77AA8BF012239
:10838800012B38BF012304F6640104F6680081ED6F
:10839800008A80ED008AC4F8283817EE903A3146F2
:1083A80004F2045684F87928C4F874384FF41C721F
:1083B80004F53270376803F068FAD4ED1E7A376036
:1083C800F8EEE77A04F20C53B4EEE78AF1EE10FA0D
:1083D80083ED008A04DB0123C4F81034C4F8145474
:1083E800D4ED1C7AD4E91821F8EEE77A04F59E63F7
:1083F800C4E9DF12C4F80813A16DC3ED007AE36D78
:10840800C4F8DC320C23C4F8E012C4F8E422237068
:108418002946204603F076F940B12378092B0CBF92
:108428000720002003B0BDEC028BF0BD2B460A22CA
:1084380006212046FFF7FEFEEFE700BF90F87D28F3
:10844800002A47D030B5D0F8A83383B004460BB91A
:1084580003B030BD002201928DF80320D0F8240823
:108468000DF1030301AA0D46FCF732FD98BB019BF1
:10847800002B03DDD4F8CC239A4237D307EE903A89
:108488009DF80330F8EEE77AC4EDB07A002BDFD020
:10849800D4F8A8330122C4F8E023002BD8D0D4E9BB
:1084A800EE30EB1A834294ED166B28BF0346002189
:1084B800C4F8A813C4F8C033022004F5046104F515
:1084C800A263C4E9F15081ED006BC3ED007AC4F8F2
:1084D800FC23BDE770470823C4F8E0330D222B4680
:1084E80006212046FFF7A6FE03B030BDC4F8CC3302
:1084F800FCF758FAC28C019BC4F8E823BEE700BF1A
:1085080008B1FFF797BE704700283DD070B50D46FB
:108518001646002140F68802044603F0B6F98DB3EA
:108528004C22294604F1080003F0DCF917494C22D3
:10853800284603F081F928BB154B1B68A3F10103FA
:10854800B3FA83F35B0904F5DA7584F895301149B9
:108558006422284603F0C6F90F49842204F5067000
:1085680003F0C0F90123C4F81C382846FFF7D2F8F5
:10857800C4F82008FBF768FF31462046BDE8704084
:10858800FFF75CBD0023DEE7704700BF30BE000880
:10859800CCBE00081CC1000898C0000848B370B5DC
:1085A8000378044663B9154611B190F8953043B97C
:1085B80001222B4620461146BDE87040FFF73ABE1F
:1085C80070BD00F5DA7100F50670FEF779FF002836
:1085D800EED0FCF7ADF90028EAD0FCF7B9F900288D
:1085E800E6D00123237029462046BDE87040FFF7F6
:1085F80025BD70470346A8B190F8830890B193F859
:10860800740078B193F8750060B1D3ED7C7A1B6E75
:10861800FCEEE77AC91A17EE900A81428CBF002057
:1086280001207047704700BFF0B583B0B0B1A9B161
:108638000B78013B15460446092B06D8DFE803F002
:108648001205051263055705055E06262046E670E5
:108658002946FFF7F3FC304603B0F0BD012630464B
:1086680003B0F0BD294602F0F7FAD4F80C24002331
:1086780084F87C38A4F8B13112B90123C4F80C3459
:10868800D4F8A833B3B1D4E9EE320521C4F8E01325
:108698000021C4F8A8130321EB1AC4E9F151D4E965
:1086A8001601934228BF134604F50462C4F8C03388
:1086B800C2E9000194F87D3813B1D4F8743893BB3B
:1086C8000023002284F87D38C4F8A83384F8C43223
:1086D800C4F8AC2284F88438FBF7B6FE00283AD1F7
:1086E8002378092B01D0012323700026AEE700234D
:1086F800A0F8B13180F894300226A7E70378012B5F
:1087080018D00326A2E70378092BF5D1FCF710F956
:108718000028F1D0FCF71CF90028EDD00122002335
:108728002280A370E1E72B440122C4F8703884F852
:108738007828C5E7B0F87C38002BE2D190F8783873
:1087480023B1D0F87038EB1A002B3BDB94F8943047
:108758004BB904267AE72B460A2206212046FFF762
:1087680069FD072672E72946204602F07DFB0028AE
:10877800EFD094F8B231002BEBD094F8B131002B44
:10878800E7D004F5067604F5DA7739463046FEF781
:1087980097FE0028DDD0FCF7DBF80028D9D0FCF7DD
:1087A800C7F80028D5D0FCF7FDF890F82930002B41
:1087B800CFD10023019394F883383BB90123C4F83F
:1087C8009033C6E70C23C0F89033C2E7226F616E7E
:1087D80001AB3046FEF754FD0028EFD0D4ED1E7AE9
:1087E8009DED010A3046F8EEE70A394604F20452D4
:1087F800FEF7BAFE0646C4F890030028A9D1012363
:10880800A4F8B10184F87C38C4F8545884F8840872
:108818001CE700BFA8B390F8783870B50D46044639
:1088280043B994F87C388BB929462046BDE8704096
:1088380002F066BBD0F87038CB1A002BA4BF002317
:1088480080F8783894F87C38002BEDD0FCF770F875
:1088580038B92B4620460A22BDE870400621FFF7AA
:10886800E9BCFCF775F80028F3D0FCF79BF890F802
:108878002830002BEDD1D4F85438EB1AF92B01D855
:1088880070BD704702222B4620461146BDE8704055
:10889800FFF7D0BC002800F0C5802DE9F0472DED8A
:1088A800048B0D46B2B0002900F0A8800B7F164655
:1088B8000446002B00F0A7804B7F002B00F0A3801C
:1088C8008B69002BC0F29F80CA68B2F5803F80F0A8
:1088D8009A80934240F0978090F88338002B40F0BC
:1088E800CE8031462046FFF795FFAE46BEE80F0022
:1088F80004F1580C94F87D8894F87C78ACE80F0063
:108908009EE80F004FF001098CE80F0084F8839867
:10891800B8F1000F40F0878000230A93002F00F081
:10892800A58094F87430D5ED036A002B40F08F8150
:10893800F8EE667A94ED8A7AF4EEC77AF1EE10FAD8
:1089480080F2D28094ED876AB7EE007AB4EE476A77
:10895800F1EE10FA0DD1D4ED8B5A94ED8C7A94ED9A
:10896800906AA7EEA57AB4EEC67AF1EE10FA80F214
:10897800BB8004F50677AA6916EE901A0AAB38464A
:10898800FEF77EFC00283ED0D4F8C833012B40F215
:10899800D280D4F8D833002B40F0CD8094F88338B7
:1089A800002B00F0C88094F87430002B00F0888504
:1089B80094F8752052B1D4ED7C7A216EFCEEE77AFA
:1089C800711A17EE900A814240F2958094F87D184A
:1089D800002900F07A859C46002A40F0528194F8DC
:1089E8007C18002940F0E280BCF1000F40F087813C
:1089F8000222334611462046FFF71CFC32B0BDEC7C
:108A0800048BBDE8F087B4F87C38002BF6D03346E9
:108A1800032202212046FFF70DFC32B0BDEC048B87
:108A2800BDE8F087704794F87430002B00F0E580BB
:108A380094F87530002B00F01381D4ED7C7A216E08
:108A4800BCEEE77A721A17EE103A9A4209D8EB6828
:108A5800D4F87C23934204D9C4F87C33AB68C4F8B7
:108A6800803300230A93002F40F0CF803146204600
:108A780002F0E2FA31462046FFF7E0FABEE7D0E915
:108A88001623D1E90001FEF7DDFC002875D094F823
:108A98008338002B3FF425AFAB68226E9B1A002B5E
:108AA8005BDB0CD0D4F868230AB19A4201D9C4F828
:108AB8006833D4F86C239A4238BFC4F86C33D5E9CC
:108AC8000032A16D013B42F1FF325B1AE16D62EBAE
:108AD8000102002A4FF0FF31D4F84C2318BF0B468F
:108AE8001A44C4F84C23FCE63346002203212046EE
:108AF800FFF7A0FB82E704F50463D3E90023D5E977
:108B08000001FEF79FFCB0B1AA68D4F8C433D31AA9
:108B1800002B10DBD5E9003104F5A360DDF828C08F
:108B2800C0F800C0C4F808340123C4F8D423C4F83A
:108B38000414C4F8D83394F87D386BB394F88338A8
:108B4800002B40F0938094F87C38002B3FF450AF12
:108B580031462046FFF772FA50E7B4F87C38002B0C
:108B68003FF44CAF334604220221204632B0BDEC1C
:108B7800048BBDE8F047FFF75DBBB4F87C38002BE9
:108B88003FF43CAFD5E90002D4E916139A4208BF76
:108B980088423FF433AFE5E794F87C38002BD7D010
:108BA80094F88338002BD3D094F87430002BCFD0AE
:108BB80094F87520002ACBD0D4ED7C7A236EFCEE95
:108BC800E77AF31A17EE902A9342C1D8AB68D4F823
:108BD80054289B1A002BBBDB2378012B06D194F871
:108BE80094301BB1A36F002B00F36585334609222F
:108BF80006212046FFF71EFBAAE700230A93002F51
:108C08003FF434AFD5ED036A92E6D5ED036AFCEE86
:108C1800E77A711A17EE903A99423FF689AEAB6837
:108C2800D4F854289B1A002BFFF682AEA36F40F6A7
:108C3800B83293427FF47CAE16EE902A9A427FF4C3
:108C480077AE31462046FFF765FBE07080E794F881
:108C58007530002B3FF46CAE216ED4ED7C7AD6E7EC
:108C680000230A93002F3FF401AFCBE794F8743048
:108C7800002B3FF468AF94F875209446002A3FF41F
:108C880062AFD4ED7C7A216EBCEEE77A701A17EEEB
:108C9800103A98420CD9FCEEE77A711A17EE903A1E
:108CA800994294F87C0819D900283FF49DAE81E7D1
:108CB800D4F81034002BEED194ED1E7ADDED0A6A5B
:108CC800B8EEC77AB4EEE67AF1EE10FAE3D8AB68FC
:108CD800C4F814340123C4F81034DCE704F20C534C
:108CE800DDED0A7A93ED007AB4EEE77AF1EE10FA48
:108CF80040F12F83C3ED007A00287FF45BAF002A90
:108D08003FF476AED4ED7C7A236EFCEEE77AF31A64
:108D180017EE902A93423FF66BAE94F87E389BB1DB
:108D2800D4F8283383B994ED927ADDED0A7AB4EE5B
:108D3800E77AF1EE10FA07D8EA68C4F83423012379
:108D4800C4F8283384F87938D4F8FC33002B40F081
:108D5800CC82D4F8A833002B00F0858004F2145399
:108D6800D3ED006ADDED0A7A04F21C5393ED007A24
:108D7800F4EEC77AF1EE10FAC8BFC3ED007A04F535
:108D8800A46393ED007A77EEE66AF4EEC77A94ED81
:108D9800A67AF1EE10FAB4EEE67AC8BFC3ED007A0F
:108DA800F1EE10FA40F2F58394ED1E7A94ED986A8C
:108DB800B8EEC77A37EE677AB4EEC67AF1EE10FAF3
:108DC80040F2788394EDA77A77EE677AF5EEC07A69
:108DD800F1EE10FA40F26E8323780E2B00F06A83CE
:108DE800D4EDA57AF4EEE76AF1EE10FAC0F27282D9
:108DF800D4F86C88FBF7D6FD4368434538BF9846DE
:108E08000223D4F82408C4F8E03342463146FBF77D
:108E18008BFE002840F0E38307EE908AD4F8A8235D
:108E2800F8EEE77A002A00F0CF830223C4E9F16361
:108E3800D4F8B833D4F8BC23C4F8A803F31A93427F
:108E4800D4E9168928BF1346C4F8C03304F5A262D2
:108E580004F504630121C3E90089C2ED007AC4F86E
:108E6800FC13C4EDB07A94F87D38002B3FF4C6ADFE
:108E780094F87E38AA68002B00F06F82D4ED7A7AD5
:108E8800D4F83438FCEEE77AA2EB030817EE903AF0
:108E98009845C0F0AF83EB68D5ED067AC4F808337F
:108EA800D5E90031F8EEE77AC4F8DC1204F59E61E2
:108EB800C1ED007A04F5DA79C4E9B832642249468A
:108EC8000DEB020002F00EFD07EE908A9FED567A38
:108ED8009DED0A0AF8EE677A494627EE878AD4EDAF
:108EE8001E7A04F52779F8EEE78AF0EE480A0CAA0C
:108EF800484678EEC08AFEF705FE002800F0678332
:108F0800DDED167AD4F8A833FDEEE77A17EE90AACD
:108F1800002B00F0EC82DDED107AF5EEC07AF1EE70
:108F280010FA40F2168494F87B88B8F1000F00F02C
:108F3800E482D4F824083146FBF78EFFB0F1000A2A
:108F4800C0F2458307EE10AADDED167ADDED156A4D
:108F5800189BB8EEC77A43F0100377EE677A8DED69
:108F6800167A36EEA77A1893D4F85432CDED147ADF
:108F78008DED157A20934FF00008D4ED846A94EDB6
:108F88007C7AD4ED7D7ACDF814A0FCEEE66ABCEECE
:108F9800C77AFCEEE77A0196CDED046A8DED037A87
:108FA800CDED027AAB6800930DF1270307930BAB65
:108FB8000693D5E90023D4F82408FCF781F80028A3
:108FC80040F01E839DF827301BB1189B43F0040323
:108FD800189307EE90AAF8EEE79ADDED167AF4EE0C
:108FE800679AF1EE10FA03D0189B43F00803189320
:108FF8000B9B0CAA19A94846FEF73EFF002800F073
:10900800E682D4F8A8330B99002B00F06081002980
:1090180004DDD4F8CC338B42C0F04881B8F1000F9E
:1090280000F0558102E000BF6F12833A0023C4F8B4
:10903800A8330223C4E9F163D4F8B833D4F8BC23C5
:10904800F31A07EE901A9342D4E9168928BF1346FB
:10905800F8EEE77AC4F8C03304F5A26204F50463B5
:109068000120C3E90089C2ED007AC4F8FC03D5E900
:109078000089D4F8EC22AF68C4F834789DED0F9AD3
:109088009DED0D5ADDED0E5ADDED107A9DED116A5C
:10909800DDED126A9DED137ADDF850A0DDF854E09D
:1090A800DDF858C0179843E90289013204F597633F
:1090B800C4F8EC22C4F8D86283ED008A04F2BC43F9
:1090C80083ED009A04F2C44383ED005A04F59963D2
:1090D800C3ED005A04F2CC43C3ED007A04F59A6359
:1090E80083ED006A04F2D443C3ED006A04F59B6380
:1090F80083ED007A04F2DC4307EE101AC3F800A0EF
:1091080004F59C63B8EEC77AC3F800E004F2E443C0
:1091180083ED007A04F2F443C3ED009A04F59F63EB
:10912800C3F800C004F59D631860189A94EDAF8ADF
:10913800D4EDAE9AC4F80C23B4EEE98AF1EE10FA35
:1091480002F00102C0F26C8294ED827AF0EEE77AC6
:10915800F4EEC77AF1EE10FACCBF012300231846CB
:10916800002A00F0558294F880580DB9C4F8486870
:10917800002840F0588284F88138D4F84838F31A27
:10918800C4F84433012384F880384FF000080029DC
:10919800C4F8488340F30882D4ED7F7AF4EEE87A85
:1091A800F1EE10FA40F1008294F87A3853B904F6D7
:1091B80064010A9BC4F85868C4F85C680B6004F63C
:1091C80068010B60D4ED9D7AD4F85818FCEEE77A64
:1091D800012384F87A3817EE903A711A994218D315
:1091E80004F66401D1ED007A9DED0A7AD4ED9E6A09
:1091F80077EE677A04F5A160F4EEE67AF1EE10FAFC
:10920800C0ED007AA4BFC4F85C6881ED007AC4F8A8
:109218005868D4F85C78F71BBB42C4F8987340F2DE
:10922800968204F66803DDED0A7AD3ED006A94EDC0
:109238009E7A77EEE67AF4EEC77AF1EE10FAC0F28B
:109248008682002A0CBF03250125B4EEE98AF1EED7
:1092580010FAACBF01230023C4F89C33D4ED9F0A55
:1092680094ED810AC4F8945302F094FBBCEEC00A52
:1092780010EE103ABB4240F26282B4EEE98AF1EE97
:1092880010FAC0F20582D4ED837AFCEEE77A17EE85
:10929800903A434500F2DC81EB0700F1D98133466F
:1092A800112205212046FEF7C5FF51E4C4F8CC136E
:1092B800FBF778FBC38CC4F8E833B8F1000F00F073
:1092C800C782D4F8A8330B99002B7FF4AFAE04F50E
:1092D8000463CCE6D4F8F033F31A002BFFF6C3ADE1
:1092E80031462046FFF7AAF8BDE504F50463D3E943
:1092F8000023D5E90001FEF7A5F800283FF428ACC3
:10930800AB68D4F8C4239B1A002BFFF621AC04F5F4
:10931800A46393ED007ADDED0A7AB4EEE77AF1EE14
:1093280010FA48BFC3ED007A0023C4F8FC3304F2F6
:109338001453D3ED006A94EDA67A77EEE67AF4EE4C
:10934800C77AF1EE10FA80F2C7800123C4F800341E
:10935800FFE400283FF4D3AC2CE4EB68D5ED067AA3
:10936800D4ED926AC4F808339DED0A7AD5E9003144
:10937800F8EEE77AF4EEC76AC4F8DC12F1EE10FAF8
:1093880004F59E61C1ED007AC4E9B8323FF6E0AB5E
:10939800FBF75AF8002840F00F81D4E91831012270
:1093A800C4E9CC3184F87E28C4F83038C4F8903049
:1093B800226F0CAB3846FDF763FF002800F0FC80F5
:1093C800D4ED927A9DED0C0AF4EEC07AF1EE10FA23
:1093D800D4ED1E7A94BF01230023F8EEE70AC4F8FF
:1093E800283304F5DA7104F52770FEF7E3FA00284C
:1093F80000F0E28004F62400FBF7E4FA05460028B2
:1094080040F0DA80D4ED800A94ED9A0A02F0C2FAAC
:10941800F0EE400A94ED990A02F0BCFAD4ED747AA1
:10942800D4F82408BCEEC07AFDEEE77A17EE102ACD
:1094380017EE903A3146FBF7C7FA002800F0BC80D7
:10944800D4ED846A94ED7C7AD4ED7D7A0595FCEEB2
:10945800E66A0BAB0793CDED046ABCEEC77AFCEE67
:10946800E77A216E8DED037ACDED027AD4E91623E1
:10947800CDE9001619A9D4F824080691FBF720FEB7
:10948800002840F09980D4E9168904F50463D4F8DB
:10949800A422206ED4F89C1243E9028904F2BC434A
:1094A800C4F834081A6004F2C4430D22196022700B
:1094B800FFF74EBBFBF776FA4FF000080323A0E452
:1094C80094F87D28002A7FF43EAB94F87C28002A83
:1094D8003FF43EABFFF76ABB0223C4F80034142202
:1094E800334605212046FEF7A5FEFFF787BA94F814
:1094F8007B88B8F1000F7FF43EAD3846FDF742FF98
:10950800002800F0A38094F87938002B00F09E81A1
:10951800D4F82833002B00F09981D4ED987AF4EE32
:10952800E87AF1EE10FA80F2978194F87F38002BF0
:1095380040F09681DDED107AF5EEC07AF1EE10FA82
:1095480040F28C81D4EDB07AF5EEC07AF1EE10FAE3
:1095580000F18481D4ED967A94ED977AD4F8B033FB
:10956800FCEEE77ABCEEC77A17EE902A17EE101ACF
:1095780013448B4240F2FF800623C4F8DC33D4F84E
:10958800A833002B3FF4F9ACB8F1000F7FF4F5AC29
:10959800CFE40423C4F8E0331322334605212046E0
:1095A800FEF748FEFFF72ABA00231D4684F87A38EA
:1095B800C4F898331F4648E633460A220621204657
:1095C800FEF738FEFFF7C4BAC4EDB07A4BE4334671
:1095D800122207212046FEF72DFEFFF70FBA0823B7
:1095E800C4F8E0330D22334606212046FEF722FE5A
:1095F800FFF704BA31462046FEF720FFFFF7FEB911
:1096080033460A2206212046FEF714FEFFF7F6B974
:1096180048B984F8802884F88138C4F84423B4E52C
:10962800002318469CE594F8810808B9C4F84C68EA
:1096380084F8802884F88138002A7CD11346C4F83D
:109648004433D4F84C38A6EB0308A0E5022394E78A
:10965800D4ED1E7A94ED7E7AF8EEE77A77EEC97A41
:10966800F0EEE77AB4EEE77AF1EE10FA18DB237839
:109678000E2B18BFC4F86068D4F860380E21012298
:10968800F31A217084F87F28C4F8A033FFF760BA72
:10969800D4ED1E7AF8EEE77A77EEC97AF0EEE77A3B
:1096A80023780E2B00F0C9800D2200232270C4F805
:1096B800A033FFF74DBAD4ED877A07EE103AF5EEEE
:1096C800407AF1EE10FA14BF01210021B8EEC70A62
:1096D8003846FDF71BFD00287FF488AA04F5DA75E3
:1096E80029463846FDF7ECFE00283FF47FAAFBF731
:1096F8002FF900283FF47AAAFBF71AF900283FF45B
:1097080075AAFBF74FF990F82930002B7FF46EAA61
:10971800D4ED1E7A9DED0A0AF8EEE70A2946384686
:1097280004F20452FDF720FFC4F8900300287FF4E8
:109738005DAAFFF786BAD4F84838F31A7FE73346AC
:10974800102205212046FEF775FDFFF701BA022514
:109758007BE50323D4F82408C4F8E033FBF7C4F905
:10976800804600283FF44CAF94F87B38002B3FF438
:10977800C4AE984601E4C4F8B0330123D4F82408F1
:10978800C4F86CA8C4F8DC3384F87B383146FBF79E
:109798005FF900283FF434AFD4ED957AD4EDA36A8D
:1097A80094EDA27ACDF804A0FDEEE77A3146CDED2E
:1097B800007AFCEEE67AD4F8240817EE903AFCEE2C
:1097C800C77A17EE902AFBF7C3FA00283FF418AFC0
:1097D800FBF7E8F8D4ED966AC269C4F8AC23012314
:1097E8008269C4F8B823FCEEE66A026AA868C4F87D
:1097F800A833C4F8C83304F214530A9994ED957A3F
:10980800D4EDA27AC4EDEF6A196004F21C53BCEEE1
:10981800C77A1960FCEEE77A04F5A4631960C4F806
:10982800D00384EDF97AC4EDFB7AC4F8F023B8F1DB
:10983800000F7FF4A2ABFFF77CBB94ED7F7AB4EE08
:10984800E77AF1EE10FA7FF583A92DE7032394E672
:109858000B9904F504630AE404238EE605238CE6D9
:1098680008238AE670B138B590F87D38044603B904
:1098780038BD0D4601F028FB29462046BDE8384092
:10988800FEF7DCBB704700BF70B138B50D46044623
:10989800FEF7C0FF2946204601F016FB2946204660
:1098A800BDE83840FEF7CABB704700BF05281CD08A
:1098B800062801D000207047A1F58073042B12D927
:1098C800A1F58873312B0ED9A1F5A063012B0AD914
:1098D800A1F5A463042B06D9A1F5A26109298CBFBF
:1098E80000200120704701207047103901298CBFE2
:1098F80000200120704700BF002877D02DE9F04FE5
:109908000529ADF5517D0D4616461F465BD0062943
:1099180004D006200DF5517DBDE8F08FA2F58073C7
:10992800042B04463ED9A2F58873312B0BD9A2F536
:10993800A063012B07D9A2F5A463042B03D9A2F5D0
:10994800A263092BE5D82578012D37D1B4F87C38E6
:10995800A3BBFAF7EDFF88B3FBF724F890F828309B
:1099680063BBB6F5A06F84F8B23141D0A6F5A26109
:109978008AB2092A40F2B58540F20152964200F0B7
:10998800D385A6F5A4618BB2032B00F2588694F810
:10999800B131002B40F0B9850023A4F8B03184F828
:1099A800943006E0B2F5817FCDD14DF201139F428C
:1099B8002CD001200DF5517DBDE8F08F03200DF569
:1099C800517DBDE8F08FA2F11003012BA1D8B7F5A6
:1099D8007F4FEED1102A08BF0A250023DA9A8DF8A6
:1099E800BC52AFA9B093FEF71FFE93E7062070475D
:1099F8004BF201529742CFD1C4F8A031A4F8A43158
:109A0800A4F8B05184F89430002083E7EFF3108372
:109A1800919372B6BFF35F8FD4E9BC230193D4F856
:109A2800F8320293D4F8FC320393D4F80033049349
:109A3800D4F804330593D4F808330693D4F80C33D8
:109A48000793D4F810330893D4F814330993D4F84F
:109A580018330A93D4F81C33D0E9B2A9D0E9B48EEC
:109A6800D0E9B6C7D0E9B865D0E9BA010B93D4F804
:109A780020330C93D4F824330D93D4F828330E9361
:109A8800D4F82C330F93D4F830331093D4F83433FC
:109A98001193D4F838331293D4F83C331393D4F891
:109AA80040331493D4F844331593D4F848331693B9
:109AB800D4F84C331793D4F850331893D4F854335C
:109AC8001993D4F858331A93D4F85C331B93D4F809
:109AD80060331C93D4F864331D93D4F868331E9311
:109AE800D4F86C331F93D4F870332093D4F87433BC
:109AF8002193D4F878332293D4F87C332393D4F881
:109B080080332493D4F884332593D4F88833269368
:109B1800D4F88C332793D4F890332893D4F894331B
:109B28002993D4F898332A93D4F89C332B93D4F8F8
:109B3800A0332C93D4F8A4332D93D4F8A8332E93C0
:109B4800D4F8AC332F93D4F8B0333093D4F8B4337B
:109B58003193D4F8B8333293D4F8BC333393D4F870
:109B6800C0333493D4F8C4333593D4F8C833369318
:109B7800D4F8CC333793D4F8D0333893D4F8D433DB
:109B88003993D4F8D8333A93D4F8DC333B93D4F8E8
:109B9800E0333C93D4F8E4333D93D4F8E8333E9370
:109BA800D4F8EC333F93D4F8F0334093D4F8F4333B
:109BB8004193D4F8F8334293D4F8FC334393D4F860
:109BC80000344493D4F804344593D4F808344693C5
:109BD800D4F80C344793D4F810344893D4F8143498
:109BE8004993D4F818344A93D4F81C344B93D4F8D6
:109BF80020344C93D4F824344D93D4F828344E931D
:109C0800D4F82C344F93D4F830345093D4F83434F7
:109C18005193D4F838345293D4F83C345393D4F84D
:109C280040345493D4F844345593D4F84834569374
:109C3800D4F84C345793D4F850345893D4F8543457
:109C48005993D4F858345A93D4F85C345B93D4F8C5
:109C580060345C93D4F864345D93D4F868345E93CC
:109C6800D4F86C345F93D4F870346093D4F87434B7
:109C78006193D4F878346293D4F87C346393D4F83D
:109C880080346493D4F884346593D4F88834669324
:109C9800D4F88C346793D4F890346893D4F8943417
:109CA8006993D4F898346A93D4F89C346B93D4F8B5
:109CB800A0346C93D4F8A4346D93D4F8A8346E937C
:109CC800D4F8AC346F93D4F8B0347093D4F8B43477
:109CD8007193D4F8B8347293D4F8BC347393D4F82D
:109CE800C0347493D4F8C4347593D4F8C8347693D4
:109CF800D4F8CC347793D4F8D0347893D4F8D434D7
:109D08007993D4F8D8347A93D4F8DC347B93D4F8A4
:109D1800E0347C93D4F8E4347D93D4F8E8347E932B
:109D2800D4F8EC347F93D4F8F0348093D4F8F43436
:109D38008193D4F8F8348293D4F8FC348393D4F81C
:109D480000358493D4F804358593D4F80835869380
:109D5800D4F80C358793D4F810358893D4F8143593
:109D68008993D4F818358A93D4F81C358B93D4F892
:109D780020358C93D4F824358D93D4F828358E93D8
:109D8800D4F82C358F93D4F83035D4F834B5909373
:109D9800BFF35F8F919B83F31088019BA4F866350E
:109DA8001B0CA4F86435029BA4F86A351B0CA4F8B4
:109DB8006835039BA4F86E351B0CA4F86C35049B1E
:109DC800A4F83AA5A4F83E95A4F84285A4F846E577
:109DD800A4F84AC5A4F84E75A4F85265A4F85655D7
:109DE800A4F85A05A4F85E15A4F86225090C120C0B
:109DF8004FEA1A4A4FEA19494FEA18484FEA1E4EE5
:109E08004FEA1C4C3F0C360C2D0C000CA4F85C15CA
:109E1800A4F86025A4F838A5A4F83C95A4F84085D2
:109E2800A4F844E5A4F848C5A4F84C75A4F850650E
:109E3800A4F85455A4F85805A4F872351B0CA4F8D6
:109E48007035059B069AA4F876351B0CA4F8743572
:109E5800130CA4F87835079BA4F87E351B0CA4F8DE
:109E68007C35089BA4F882351B0CA4F88035099B27
:109E7800A4F886351B0CA4F884350A9BA4F88A3507
:109E88001B0CA4F888350B9BA4F88E351B0CA4F882
:109E98008C350C9BA4F892351B0CA4F890350D9BBF
:109EA800A4F896351B0CA4F894350E9BA4F89A35A3
:109EB8001B0CA4F898350F9BA4F87A25A4F89E35B6
:109EC8001B0CA4F89C35109BA4F8A2351B0CA4F815
:109ED800A035119BA4F8A6351B0CA4F8A435129B39
:109EE800A4F8AA351B0CA4F8A835139BA4F8AE3522
:109EF8001B0CA4F8AC35149BA4F8B2351B0CA4F8C1
:109F0800B035159B169AA4F8B6351B0CA4F8B435D1
:109F1800130CA4F8B835179BA4F8BE351B0CA4F88D
:109F2800BC35189BA4F8C2351B0CA4F8C035199B86
:109F3800A4F8C6351B0CA4F8C4351A9BA4F8BA2596
:109F4800A4F8CA351B0CA4F8C8351B9BA4F8CE3559
:109F58001B0CA4F8CC351C9BA4F8D2351B0CA4F818
:109F6800D0351D9BA4F8D6351B0CA4F8D4351E9B00
:109F7800A4F8DA351B0CA4F8D8351F9BA4F8DE35F5
:109F88001B0CA4F8DC35209BA4F8E2351B0CA4F8C4
:109F9800E035219BA4F8E6351B0CA4F8E435229B98
:109FA800A4F8EA351B0CA4F8E835239BA4F8EE3591
:109FB8001B0CA4F8EC35249BA4F8F2351B0CA4F870
:109FC800F035259BA4F8F6351B0CA4F8F435269B30
:109FD800279AA4F8FA351B0CA4F8F835130CA4F842
:109FE800FC35289BA4F802361B0CA4F80036299BE4
:109FF800A4F806361B0CA4F804362A9BA4F80A36E3
:10A008001B0CA4F808362B9BA4F80E361B0CA4F8DE
:10A018000C362C9BA4F812361B0CA4F810362D9B7A
:10A02800A4F816361B0CA4F814362E9BA4F81A367E
:10A038001B0CA4F818362F9BA4F81E361B0CA4F88A
:10A048001C36309BA4F8FE25A4F822361B0CA4F875
:10A058002036319BA4F826361B0CA4F82436329BF4
:10A06800A4F82A361B0CA4F82836339BA4F82E36FD
:10A078001B0CA4F82C36349BA4F832361B0CA4F81D
:10A088003036359BA4F836361B0CA4F83436369B8C
:10A09800379AA4F83A361B0CA4F83836130CA4F8EF
:10A0A8003C36389BA4F842361B0CA4F84036399B42
:10A0B800A4F846361B0CA4F844363A9BA4F84A3652
:10A0C8001B0CA4F848363B9BA4F83E26A4F84E3651
:10A0D8001B0CA4F84C363C9BA4F852361B0CA4F875
:10A0E80050363D9BA4F856361B0CA4F854363E9BBC
:10A0F800A4F85A361B0CA4F858363F9BA4F85E36D1
:10A108001B0CA4F85C36409BA4F862361B0CA4F820
:10A118006036419BA4F866361B0CA4F86436429B53
:10A12800A4F86A361B0CA4F86836439BA4F86E366C
:10A138001B0CA4F86C36449BA4F872361B0CA4F8CC
:10A148007036459BA4F876361B0CA4F87436469BEB
:10A15800A4F87A361B0CA4F87836479B489AA4F8DA
:10A168007E361B0CA4F87C36130CA4F88036499B69
:10A17800A4F886361B0CA4F884364A9BA4F88A36C1
:10A188001B0CA4F888364B9BA4F88E361B0CA4F83D
:10A198008C364C9BA4F892361B0CA4F890364D9B39
:10A1A800A4F896361B0CA4F894364E9BA4F89A365D
:10A1B8001B0CA4F898364F9BA4F89E361B0CA4F8E9
:10A1C8009C36509BA4F8A2361B0CA4F8A036519BD1
:10A1D800A4F88226A4F8A6361B0CA4F8A436529B31
:10A1E800A4F8AA361B0CA4F8A836539BA4F8AE36DC
:10A1F8001B0CA4F8AC36549BA4F8B2361B0CA4F87C
:10A20800B036559BA4F8B6361B0CA4F8B436569B4A
:10A21800A4F8BA361B0CA4F8B836579B589AA4F879
:10A22800BE361B0CA4F8BC36130CA4F8C036599BD8
:10A23800A4F8C6361B0CA4F8C4365A9BA4F8CA3630
:10A248001B0CA4F8C8365B9BA4F8CE361B0CA4F8EC
:10A25800CC365C9BA4F8C226A4F8D2361B0CA4F812
:10A26800D0365D9BA4F8D6361B0CA4F8D4365E9B7A
:10A27800A4F8DA361B0CA4F8D8365F9BA4F8DE36AF
:10A288001B0CA4F8DC36609BA4F8E2361B0CA4F87F
:10A29800E036619BA4F8E6361B0CA4F8E436629B12
:10A2A800A4F8EA361B0CA4F8E836639BA4F8EE364B
:10A2B8001B0CA4F8EC36649BA4F8F2361B0CA4F82B
:10A2C800F036659BA4F8F6361B0CA4F8F436669BAA
:10A2D800A4F8FA361B0CA4F8F836679BA4F8FE36E7
:10A2E8001B0CA4F8FC36689B699AA4F802371B0C6F
:10A2F800A4F80037130CA4F804376A9BA4F80A37AB
:10A308001B0CA4F808376B9BA4F80E371B0CA4F899
:10A318000C376C9BA4F812371B0CA4F810376D9BF4
:10A32800A4F816371B0CA4F814376E9BA4F81A3738
:10A338001B0CA4F818376F9BA4F81E371B0CA4F845
:10A348001C37709BA4F822371B0CA4F82037719B8C
:10A35800A4F826371B0CA4F82437729BA4F8062708
:10A36800A4F82A371B0CA4F82837739BA4F82E37B7
:10A378001B0CA4F82C37749BA4F832371B0CA4F8D8
:10A388003037759BA4F836371B0CA4F83437769B06
:10A39800A4F83A371B0CA4F83837779BA4F83E3753
:10A3A8001B0CA4F83C37789B799AA4F842371B0C0D
:10A3B800A4F84037130CA4F844377A9BA4F84A371A
:10A3C8001B0CA4F848377B9BA4F84E371B0CA4F849
:10A3D8004C377C9BA4F852371B0CA4F850377D9B54
:10A3E800A4F84627A4F856371B0CA4F854377E9BCC
:10A3F800A4F85A371B0CA4F858377F9BA4F85E378B
:10A408001B0CA4F85C37809BA4F862371B0CA4F8DB
:10A418006037819BA4F866371B0CA4F86437829BCD
:10A42800A4F86A371B0CA4F86837839BA4F86E3726
:10A438001B0CA4F86C37849BA4F872371B0CA4F887
:10A448007037859BA4F876371B0CA4F87437869B65
:10A45800A4F87A371B0CA4F87837879BA4F87E37C2
:10A468001B0CA4F87C37889BA4F882371B0CA4F833
:10A478008037899B8A9AA4F886371B0CA4F88437FE
:10A48800130CA4F888378B9BA4F88E371B0CA4F800
:10A498008C378C9BA4F892371B0CA4F890378D9BB3
:10A4A800A4F896371B0CA4F894378E9BA4F88A2737
:10A4B8008F9A9099A4F89A371B0CA4F89837130C24
:10A4C800A4F89C370B0CA4F8A0374FEA1B43A4F858
:10A4D8009E27A4F8A217A4F8A437A4F8A6B7FFF7F4
:10A4E80093BA94F8B031002B3FF456AA05FA01F359
:10A4F800A6F2EC42B4F8A01104EB42020B43A2F816
:10A508003C71A4F8A031FFF77FBA05FA01F3A6F56C
:10A518009E62B4F8A41104EB42020B43A2F838710E
:10A52800A4F8A431FFF770BA4CF2015297427FF4B5
:10A5380033AA94F8B021002A3FF42EAAB4F8A01147
:10A5480084F8B03140F2FF3291427FF425AAD4F862
:10A55800A821531C3FF420AAB4F88401B4F886312A
:10A56800B4F8881143EA00439393B4F88A31B4F8F5
:10A578008C0143EA01439493B4F88E31B4F89011F6
:10A5880043EA00439593B4F8923143EA01439A426F
:10A598007FF402AA93AD2846B4F89471B4F8966192
:10A5A800FCF7BCF800283FF4F7A92846FCF7F8F8B0
:10A5B80046EA074686427FF4EFA95A498422AFA8A3
:10A5C80001F090F95849642296A801F08BF99DEDA5
:10A5D800940AFCF791F807EE900AF8EEE77A9DEDF9
:10A5E800950ACDEDBE7AFCF787F807EE900AF8EEEB
:10A5F800E77A96A9AFA8CDEDBC7ACDED9D7AFCF7A8
:10A608005FFF00283FF4C8A9EFF3108972B6BFF3C3
:10A618005F8F94F80080B8F1010F0AD1B4F87C3844
:10A628003BB9FAF785F920B1FAF7BCF990F8287028
:10A63800DFB3BFF35F8F89F31088FFF7ADB940F23E
:10A6480024539E427FF4A8A94AF201539F427FF403
:10A65800A3A994F8B131002B3FF49EA9B4F8A22124
:10A6680040F6FF739A427FF497A9B4F8A4310F2BF0
:10A678007FF492A9B4F89811B4F89A31D4F8A821C3
:10A6880043EA014393427FF487A9B4F89C11B4F8D4
:10A698009E31D4F8AC2143EA014393427FF47CA96C
:10A6A800012384F8B231FFF7AFB995E80700D4F871
:10A6B800A83104F5BC7C01338CE80700C4E96A368C
:10A6C800AFA9842204F5067001F00CF996A964225A
:10A6D80004F5DA7001F006F996A8FDF71BF8DDED30
:10A6E800937AD4F8A831C4F82008FDEEE77A01334C
:10A6F80084F89480C4F81C38C4F8A271C4ED1E7A9A
:10A7080084F8B1812C22394604F5277001F0BDF890
:10A71800BFF35F8F89F31088DA992046FFF7B4F802
:10A72800FFF772B998C000081CC1000830B504468C
:10A7380083B0D0B1CBB1D9B1B2F5C06F27D2B2F5E1
:10A74800A86F80F08C80B2F5806F37D2B2F5C07FE9
:10A7580080F0A180B2F5827F6BD040F203118A426B
:10A768006FD0A2F58871312936D9002003B030BDE9
:10A77800A2F50071B1F59C7F18D3A2F58072072A63
:10A78800F3D8DFE802F0524A47433F3B373340F201
:10A798004B618A42E9D851105548A1F54071D40758
:10A7A80050F8211016D40A0C1A8004E000EB42027B
:10A7B800B2F838211A80012003B030BD40F2C541FB
:10A7C8008A42D2D851104B48A1F50071D40750F8ED
:10A7D8002110E8D50A46E7E75108883900EB8101DE
:10A7E800D207D1F8B411DED50A46DDE7D0F8202823
:10A7F8001A80E0E7B0F822281A80DCE7D0F81C2895
:10A808001A80D8E7B0F81E281A80D4E74FF49C7253
:10A818001A80D0E732221A80CDE70193FAF7C2F8FE
:10A82800019B90F829201A80C5E74FF20C121A8074
:10A83800C1E7D0ED867AFCEEE77A17EE902A1A8007
:10A84800B9E7D0ED877AF5EE407AF1EE10FA3DD00F
:10A8580090F89420002AA7D0B0F87820A4E740F216
:10A868004B518A4281D8A2F5A865052D22D85208F5
:10A87800A2F5287200EB8202E807D2F8782100D40A
:10A88800120C92B21A80B4F8A2210123AB401343F0
:10A89800A4F8A2318FE7B2F5E17FBFF466AF5108A3
:10A8A800C03900EB8101D007D1F818127FF57BAFD2
:10A8B8000A4679E7062D0BD0072D11D0D0E96A1288
:10A8C800092D98BF0A46E907DBD4D9E700226BE7D0
:10A8D80090ED5F0A0193FBF70FFF019B82B2D1E76E
:10A8E80090ED600A0193FBF707FF019B82B2C9E76D
:10A8F80080C100080CBF000800487047F964CEA961
:10A90800036AF8EE007AB4EEE70A53B9F1EE10FAEA
:10A9180016D54FF4C873036200220023C0E904234C
:10A928007047F1EE10FA0ED56433B3F5167F23D9CC
:10A938004FF41673036200220023C0E90423704712
:10A948004FF496730362B0EEC00AF7EE007AB4EEE5
:10A95800E70AF1EE10FADFD5D0E904230133012B21
:10A96800436104D9002302F59672C0E904238A42A0
:10A9780001D90161704770470362CDE7C369CB1AFB
:10A98800C72B11D9D0ED0E7AC16170EE677AB7EE98
:10A99800007AF0EEE77AF4EEC77AF1EE10FA04D412
:10A9A8000023836180ED0E0A7047836940F6AC523C
:10A9B80003F5FA73934228BF1346F2E730B52DED3D
:10A9C800028B1C4683B0002B78D0DFED637AB0EEA3
:10A9D800C07AB4EE677AF1EE10FA6FD8B0EEE07A8A
:10A9E800B4EE677AF1EE10FA68D8B5EEC00AF1EE67
:10A9F80010FA63D4F7EE007AF4EEE70AF1EE10FAF3
:10AA08005CD4DFED567AF4EEE70AF1EE10FA55DC85
:10AA180070EEC00A0023F5EEC00AF1EE10FA2360CA
:10AA28006360A360E3602361636140F28280002871
:10AA380049D1F2EE047AB4EEE70AF1EE10FA42D503
:10AA4800F0EE087AF4EEE70AF1EE10FA74DC03236C
:10AA58002360B7EE008A70EEC87AB6EE000A27EED9
:10AA6800800ADFED3F0A019100F06CFFF0EE480A22
:10AA780000F090FFDFED3B7A019960EE277AB1F59F
:10AA88007A7FFCEEE77A28BF4FF47A7117EE903A96
:10AA9800032503F5C87303EB830219445200B2FB84
:10AAA800F1F2022A38BF02220132C4E90335C4E9AF
:10AAB80001124FF496706061012000E0002003B09D
:10AAC800BDEC028B30BDDFED287AF4EEE70AF1EE3B
:10AAD80010FA24D902232360F0EE087A30EEE70A50
:10AAE800DFED227ADFED1E0A019180EE270A00F0E1
:10AAF80029FF0225F7EE000A00F04CFFDFED1C7A73
:10AB0800019920EE270AB1F57A6FBCEEC00A28BF7A
:10AB18004FF47A6110EE103A03F54873BBE7F0EE94
:10AB2800087AF4EEE70A0323F1EE10FA2360D3D88B
:10AB38008FE704232360BFE741F2883140F6AC5326
:10AB480001209A4294BF8B18CB186422C4E90310E1
:10AB5800C4E901322060AFE7FFFF7F7F00803B45FB
:10AB680000000000000016440000484200003C427B
:10AB78000080094570B590F87D38D0F844212DED56
:10AB8800028B04460D46B0EE408AC0F844111BB152
:10AB980090F87731002B40D0F9F756FC00284FD1B8
:10ABA800A26F216E40F6B835AA4214BF06220522CC
:10ABB80004F20C50D0ED007AC4F80C244FF48075E0
:10ABC80004F5A6620023C4F81414A4F87C580121E3
:10ABD800042584F87711C4F81014C4F83C5104F221
:10ABE8003451136004F2F4420B60136004F59F6162
:10ABF80004F2E442F4EEC87A0B60F1EE10FA136046
:10AC0800C4F8C032C4F8AC324FF0100348BF80ED2E
:10AC1800008A2370BDEC028B70BDD0F83C31012B4B
:10AC2800BAD00C49D0F84031496D8B42B4D2AA1A37
:10AC3800C91A8A4294BF9B185B18C0F84031ABE729
:10AC4800BDEC028B2B4620460A22BDE87040062147
:10AC5800FDF756BC80C1000890F87D38D0F8442133
:10AC6800C0F8441103B9704790F87731002BFAD136
:10AC7800D0F83C31012BF6D010B4084CD0F8403154
:10AC8800646DA34207D2891AE41AA14294BF5B18E3
:10AC98001B19C0F840315DF8044B704780C10008AB
:10ACA8002DE9F04F99B0044668460E46FAF74EFC77
:10ACB8000123C4F82034DDE9085BDDE90389059F39
:10ACC800DDF848A0FFF718FED4F83C31C4F8283462
:10ACD800069BC4F82C34079BC4F830340A9BC4F88C
:10ACE8003C340C9BC4F84034109BC4F88C340F9B44
:10ACF800C4F82404C4F83454C4F838B4C4F8883404
:10AD0800BBF1000F01D00BF1FF3BD4F85031C4F870
:10AD18009434D4F85431C4F89834119BC4F89C3452
:10AD2800D4F85831C4F8A834149BC4F8AC34169B32
:10AD3800C4F8B034159BC4F8B4340B9BC4F844343D
:10AD48000E9BC4F8483494F875319DF85E20C4F819
:10AD58004C34019BC4F86834029BC4F86C34002A54
:10AD6800009BC4F8643414BF53460023C4F8A434C9
:10AD7800C4F890B4C4F87084C4F87494C4F8A024D7
:10AD8800C4F87874D4F8483194F87D18D4F84001A0
:10AD9800C4F87C34D4F84C31C4F88404C4F898035B
:10ADA800C4F8803499B194F87731002B51D1B0F5BB
:10ADB800FA7F50D204F5A16393ED007AF0EE007AA1
:10ADC800B4EEE77AF1EE10FAACBF03210221C4F821
:10ADD80094139DF85C30D4F8680104F22C51086093
:10ADE800C4F8A48353B307EE905AF8EE677A9FED40
:10ADF8001B6A9FED1B7AC7EE866A27EE877A04F5F1
:10AE08009F63C3ED007A04F5A66383ED007A04F22C
:10AE18003453C3ED006A0D9BC4F81033179B03F03D
:10AE2800FF13003B18BF0123C4F814331FB10123DB
:10AE38004E44C4E9FD6319B0BDE8F08F12B107EEC6
:10AE480090AAD2E7DFED076AB0EE667AF0EE667A8E
:10AE5800D5E70021BBE70221B9E700BF0000704336
:10AE68006F12833A0000000030B5044699B0684676
:10AE78000D46FAF76BFB009BD4F8382193420AD0B1
:10AE88000022C4F83831C4F8402184F87421002322
:10AE98000022C4E9522368462946FAF757FB059869
:10AEA80060B994F875313BB9064BD4F840015B6D35
:10AEB80098422CBF0020012019B030BD002019B0E5
:10AEC80030BD00BF80C1000830B5044699B068465F
:10AED8000D46FAF73BFB94F87D382BB194F877319F
:10AEE80013B90E9B032B01D819B030BD2B4617227E
:10AEF8000621204619B0BDE83040FDF701BB00BF70
:10AF080030B590F87D38D0F8442199B004460D4604
:10AF1800C0F844111BB190F87731002B54D0294662
:10AF28006846FAF713FB009BD4F8382193420AD0FD
:10AF38000022C4F83831C4F8402184F87421002371
:10AF48000022C4E9522394F87D38002B3AD0D4ED7E
:10AF58007B7A236EFCEEE77AEB1A17EE902A93427F
:10AF680056D894F87731002B4AD129466846FAF723
:10AF7800EDFA0E9B032B3AD8D4F82408FAF724FBF1
:10AF880000284ED0179B13F0FF1F03D00D9BEB1A20
:10AF9800002B2CDA9DF85C301BB10C9BEB1A002BB4
:10AFA80025DA9DF85E301BB1149BEB1A002B1EDAD4
:10AFB800D4F83C31012B05D01E4BD4F840215B6DF1
:10AFC8009A4232D219B030BDD0F83C31012BA6D00C
:10AFD8001849D0F84031496D8B42A0D2AA1AC91A33
:10AFE8008A4294BF9B185B18C0F8403197E72B46FC
:10AFF80017220621204619B0BDE83040FDF780BA77
:10B00800F9F796FC0028DDD12B460A220621F1E744
:10B0180002222B461146204619B0BDE83040FDF704
:10B028006FBA2B460D220621E4E72B46162205218E
:10B03800E0E700BF80C100082DE9F04F2DED028B3D
:10B04800E1B00446476E0D46FDF7D4FA94F87D3812
:10B05800002857D0616E07EE907A40F6B7329142D9
:10B06800B8EE678A064632D9002B51D1A26F40F656
:10B07800B8339A4252D194F87731002B4ED0DFED95
:10B088002E7AB4EEE78AF1EE10FA47DC94F87D38B0
:10B0980063BB29462FA8FAF759FA94F87531DDF8F9
:10B0A800D880DDF8DC909DF8187104F59C7B13B10D
:10B0B800002F00F09F8194F87D381BB194F8773108
:10B0C800002B3BD061B0BDEC028BBDE8F08F002BAC
:10B0D800DFD094F877314BB9D4ED1E7AF8EEE77AE1
:10B0E800F4EEC87AF1EE10FA40F2658204F20C53DD
:10B0F800D3ED007AF4EEC87AF1EE10FA48BF83ED8A
:10B10800008AC6E7002BDDD002222B4611460BE051
:10B11800A26F40F6B8339A4200F0F5810223C4F8D2
:10B128000C3400222B460321204661B0BDEC028B73
:10B13800BDE8F04FFDF7E4B900803B45DFF8ECA32C
:10B14800D4F83C31D4F84421C4F84451012B06D03A
:10B15800D4F84031DAF854108B42C0F01A82DAF889
:10B16800083094F87601029307EE903AF8EE677A81
:10B17800F4EEC87AF1EE10FA00F29A81002840F055
:10B18800FC81236ED4ED1E7AC4F83038C4F830330D
:10B19800012384F87631C4F82833F8EEE70A636EA1
:10B1A800C4F8343330461CAED4F85021D4F84811D2
:10B1B800B0EE480A3346FFF701FC002800F0F281A0
:10B1C8003169032907D1DAF84430D4F848219A4282
:10B1D80088BFC4F848313368C4F83C31012B00F00B
:10B1E800E881022B14BF0F220D22227072689FED96
:10B1F800CC6A9FEDCC7A07EE902AF8EE677A04F2D3
:10B20800F440C7EE866AC0ED007A27EE877A04F527
:10B218009F60C0ED007A04F5A66080ED007A04F224
:10B228003450C0ED006A002F00F08281984509D1A2
:10B238004A4507D3B36803FB02F2389B03FB09F3C3
:10B248009A420BD2D4F824082946FAF769FC002858
:10B2580040F01C82D4E91623C4E95823D4ED7A7A45
:10B26800D4F83438266EFCEEE77AF61A17EE903AE0
:10B278009E42FFF427AF642204F5DA7147A800F074
:10B2880031FB07EE906ADFEDA70AF8EE677A04F55E
:10B29800277767EEA00AB0EE480A47A922AA3846DF
:10B2A800FCF730FC002800F07D81DAF87C3002934E
:10B2B80007EE903AF8EE677ACDED4E7AF9F738FB5B
:10B2C800002800F0EA81002622AA47A9384633461A
:10B2D800FCF7D2FD002800F06581E76DD4F8EC1288
:10B2E800226EDDF888B094ED1C7AC4F8342807EE95
:10B2F800906AA66DC4F83868C4E9B77604F597660D
:10B308000131C4F8EC12C4F8E422616EC4F83C7848
:10B31800C4F8D852C6F800B004F2C446DDF88CA0D0
:10B32800C6F800A004F59966B8EEC77ADDF89090E3
:10B33800C6F800902E9BC4F8081304F59E6181EDB1
:10B34800007AC4F80C3304F2BC43DDED266ADDF85C
:10B358009480DDF89CE0DDF8A0C0AA1AC4F8E822C1
:10B36800C3F8008004F2CC43C3ED006A04F59A6385
:10B37800F8EEE77AC3F800E004F2D443C3F800C05B
:10B3880004F59B63299994EDAF6A94EDAE7A196040
:10B3980004F2DC432A9A1A6004F59C632B9919601D
:10B3A800B4EEC76A04F59D632D9A1A60F1EE10FA9F
:10B3B80004F2E443ACBF01220022C3ED007AC4F8D2
:10B3C8009C23C0F20381DDED5C7AF0EEE66AF4EED0
:10B3D800E76AF1EE10FA40F3F98094F88138002B0F
:10B3E80000F06E81D4F84C38EB1A84F88108C4F860
:10B3F800483367E6359B0293D4E91601D4E958230C
:10B40800FCF720F800283FF456AEDFF820A1226EA2
:10B418003A9BDAF84810D31A8B42FFF64CAE94F8F0
:10B428007D3894F87711002B00F0E280002900F0B5
:10B43800D08004F2245CA16DD4F86CE1E06D039136
:10B44800CCF800E0029904F5A56C8CED008AC4F8EC
:10B458005414C4F858240399C4F85C040122C4F8AD
:10B46800601484F87571C4F85024002B3FF42AAE98
:10B4780094F87731002B7FF425AEDAF85830D4ED04
:10B488005A7A029307EE103A78EE677AB8EE477A5E
:10B49800B4EEE77AF1EE10FA3FF652AE04F5A16386
:10B4A800C3ED007A002384ED5A8AC4F8403147E698
:10B4B800D4ED1E7AF8EEE70A002F7FF474AE94F804
:10B4C8007531002B7FF46FAE00287FF46CAEDAF88C
:10B4D8003830029307EE903A30EEC87AF8EE677A81
:10B4E800B4EEE77AF1EE10FA7FF75DAE5846B0EEAB
:10B4F800480A2946FFF742FAD4ED1E7A94F87601F5
:10B50800F8EEE70A4FE694F87731002B3AD0DFEDF2
:10B51800067AB4EEE78AF1EE10FA7FF7E7ADFDE5BB
:10B52800000070436F12833A00803B4580C10008D9
:10B5380094F87531002B7FF491AE012918BFD4F827
:10B5480058710195236E776100933146D4E916232B
:10B55800D4F82408FAF7A6F82946002840F0A18074
:10B5680004A8F9F7F3FF012384F87531D4E9162309
:10B5780084ED5B8AC4E9582370E6D4ED1E7AF8EEB0
:10B58800E70A10E6B0EE480A29462046FFF7F2FA25
:10B598006CE5AA1AC91A8A4294BF9B185B18C4F8AA
:10B5A8004031DCE52B46122207212046FCF7A8FF94
:10B5B80088E50C2219E6B0EE480A2946204661B013
:10B5C800BDEC028BBDE8F04FFFF7D4BA002003466C
:10B5D8000BE7CDE900250299D4F82408D4E916230D
:10B5E800FAF74CFB002800F08980226E94F8771156
:10B5F800D4ED5B7A029B04F2245CD4E916E0CCED2E
:10B60800007A04F5A56C8CED008AC4F85434012343
:10B61800C4F850340023C4F85824C4F85C04C4F8AF
:10B6280060E484F8753171BBB8F1010F4BD0DAF8DA
:10B638006430029338EE670A07EE903AF8EE677ABC
:10B64800F4EEC07AF1EE10FA54D994F87D38002B54
:10B658003FF438ADDAF83830D4ED1E7A0293F8EEBC
:10B66800E77A07EE103A77EEC87AB8EE477A584686
:10B67800F4EEC77AF1EE10FA94BFDAF84410DAF86B
:10B688002010FFF73DF994F87D38EEE62B46172297
:10B6980006212046FCF734FF14E5F9F783F94668DC
:10B6A80012E647A8F9F752FF4C9B33B90621092245
:10B6B8002B462046FCF724FF04E505211522F7E771
:10B6C800C4F84C5891E694F87D38002B3FF4FAAC56
:10B6D800DAF85830D4ED5A7A029307EE103A78EE39
:10B6E800677AB8EE477AF4EEC77AF1EE10FAFFF609
:10B6F80027ADD3E62B461822052115E52B4609224E
:10B70800062111E530B52DED028B04469BB002A849
:10B718000D46F9F71BFF029BD4F83821934204D059
:10B728000022C4F83831C4F84021D4ED197AD4F88D
:10B738005821C4F844510023C4E9523384F87731BE
:10B74800C4F85031B8EE678A3A4B1AB9D3F8842056
:10B75800C4F858219B68019307EE903AF8EE677A8F
:10B768000122F4EEC87AD4ED1E7AC4F85451F8EEEA
:10B77800E70AF1EE10FAF4EEC80A94BF1346002364
:10B78800F1EE10FA84ED5C8A84F87631C4F8283337
:10B7980084ED5A8A84F87421B0EE480A3CD904F53D
:10B7A800DA7104F52770FCF705F920B900201BB001
:10B7B800BDEC028B30BD04F624012846F9F714FFCE
:10B7C8000028F3D1D4ED1E7A236EC4F83438F8EE8D
:10B7D800E70AD4F85021D4F8481194F87601B0EE6D
:10B7E800480A02ABFFF7EAF80028DFD0029BC4F84A
:10B7F8003C31012B1CD0022B14BF0F230D232046F4
:10B8080023702946FFF718FC2078093818BF012053
:10B818001BB0BDEC028B30BD20462946FFF7AAF9C4
:10B828002078093818BF01201BB0BDEC028B30BD51
:10B838000C23E4E780C1000810B5013902449042A6
:10B8480001D1002005E0037811F8014FA34201D08F
:10B85800181B10BD0130F2E7884210B501EB020455
:10B8680002D98442234607D8431EA14207D011F8C3
:10B87800012B03F8012FF8E70244824200D110BDE2
:10B8880013F8011D02F8011DF7E70244034693422D
:10B8980000D1704703F8011BF9E7000070B50D4BA4
:10B8A8000D4D5B1B9C100026A64209D100F0A4FA9E
:10B8B8000A4D0B4B5B1B9C100026A64205D170BDA0
:10B8C80055F8043B98470136EEE755F8043B98478E
:10B8D8000136F2E720C2000820C2000820C2000892
:10B8E80024C200080A44914200F1FF3300D1704796
:10B8F80010B511F8014B03F8014F9142F9D110BD71
:10B9080008B52DED028BB0EE408A00F087F8B4EE52
:10B91800488AF1EE10FA06D6DFED098AB4EEE88A15
:10B92800F1EE10FA02D4BDEC028B08BD00F0E2F88B
:10B9380088EEA80ABDEC028B2123036008BD00BF76
:10B948000000000008B52DED028BF0EE408AB0EE45
:10B95800608A00F047F820B9B0EE480ABDEC028BC7
:10B9680008BDB0EE480A00F03DF858B1F4EEC88AB8
:10B97800F1EE10FAC8BFB0EE688AB0EE480ABDEC26
:10B98800028B08BDB0EE688AB0EE480ABDEC028BA7
:10B9980008BD00BF08B52DED028BF0EE408AB0EE71
:10B9A800608A00F01FF820B9B0EE480ABDEC028B9F
:10B9B80008BDB0EE480A00F015F858B1F4EEC88A90
:10B9C800F1EE10FA48BFB0EE688AB0EE480ABDEC56
:10B9D800028B08BDB0EE688AB0EE480ABDEC028B57
:10B9E80008BD00BF10EE103A33F000400ED0A0F5AD
:10B9F8000003B3F1FE4F0DD3074B421E9A4207D9FD
:10BA0800A0F1FF40B0FA80F040097047022070476B
:10BA18000320704704207047FEFF7F00B1EEC00A84
:10BA2800704700BF10EE102AC2F3C7537F3B162B96
:10BA380022F000411BDC002B10461EDB1A4919417D
:10BA48000A4223D0DFED197A70EE277AF5EEC07A34
:10BA5800F1EE10FA1ADD002A04DA4FF4000242FA75
:10BA680003F3184420EA010300EE103A7047B1F1DD
:10BA7800FF4F0BD330EE000A7047DFED0C7A70EE03
:10BA8800277AF5EEC07AF1EE10FA00DC7047002A4A
:10BA980002DB9FED070A704711B99FED060A704750
:10BAA800BFEE000AF2E700BFFFFF7F00CAF249714C
:10BAB800000000000000008010EE103AC3F3C752E7
:10BAC8007F3A162A19460BDC002A03F0004309DBEB
:10BAD800074840FA02F20A40134300EE103A704752
:10BAE800802A02D000EE103A704730EE000A704704
:10BAF800000080FF014B1868704700BF0C00002051
:10BB08002DE9F047089D0F4604468C46002B48D186
:10BB18008A42164661D9B2FA82F34BB1C3F12002C8
:10BB280001FA03FC20FA02F29E4042EA0C0C9C4007
:10BB38004FEA164EB7B2BCFBFEF1220C0EFB11CC3D
:10BB480042EA0C4201FB07F0904209D9B21801F110
:10BB5800FF3C80F0EE80904240F2EB8002393244A4
:10BB6800121AA4B2B2FBFEF00EFB102244EA024401
:10BB780000FB07F7A74209D9341900F1FF3280F01A
:10BB8800DA80A74240F2D7803444023840EA0140C4
:10BB9800E41B00211DB1DC400023C5E90043BDE8DA
:10BBA800F0878B4206D90DB1C5E90001002108468E
:10BBB800BDE8F087B3FA83F1002948D1BB4202D32C
:10BBC800824200F20781841A67EB0302012094463F
:10BBD800002DE4D0C5E9004CE1E7002A00F092808E
:10BBE800B2FA82F3002B40F0A8808A1A4FEA164E68
:10BBF8001FFA86FC0121200CB2FBFEF70EFB172270
:10BC080040EA02420CFB07F0904207D9B21807F14C
:10BC1800FF3802D2904200F2E2804746121AA4B2DC
:10BC2800B2FBFEF00EFB102244EA02440CFB00FCBF
:10BC3800A44507D9341900F1FF3202D2A44500F215
:10BC4800CB801046A4EB0C0440EA0740A2E7C1F100
:10BC580020068B4022FA06FC4CEA030C07FA01F492
:10BC680020FA06F3F7404FEA1C49234300FA01F88B
:10BC78001FFA8CFEB7FBF9F01C0C09FB107744EA9D
:10BC8800074400FB0EF7A74202FA01F20AD91CEB9F
:10BC9800040400F1FF3A80F09B80A74240F29880AC
:10BCA80002386444E41B9FB2B4FBF9F309FB134464
:10BCB80047EA044403FB0EFEA64509D91CEB04041D
:10BCC80003F1FF3780F08280A6457FD9023B6444A8
:10BCD80043EA0040A4EB0E04A0FB02E7BC42734613
:10BCE800B94663D360D05DB1B8EB030264EB0904D5
:10BCF80004FA06F622FA01F31E43CC40C5E90064B3
:10BD080000214CE76208480842EAC1710B0C43EA7B
:10BD180000438AB242EA0342B3FBF6F1E407B446B1
:10BD28003746B6461F23B0FBF6F0D21B41EA004166
:10BD380061E7614614E7104628E7C3F1200120FABD
:10BD480001F29E4027FA01F19F403A434FEA164E0E
:10BD58001FFA86FCB1FBFEF70EFB1710110C41EA27
:10BD6800004107FB0CF8884504FA03F43AD9711826
:10BD780007F1FF3001D288451FD8A1EB0801B1FBBC
:10BD8800FEF808FB0CF70EFB181192B242EA0142CA
:10BD9800BA422FD2B21808F1FF31C6D2BA42C4D281
:10BDA800A8F102013244C0E7F0459CD2BEEB020381
:10BDB80067EB0C070138B94695E7A6EB080841443C
:10BDC800B81EB1FBFEF808FB0CF7DCE73B467FE743
:10BDD800504667E70846FBE63444023832E7023F3C
:10BDE80032441BE7A1EB08013846B1FBFEF808FB1B
:10BDF8000CF7C8E7414698E7F8B500BFF8BC08BC9F
:10BE08009E467047F8B500BFF8BC08BC9E46704710
:10BE18000000000001020304000000000000000010
:10BE280001020304060708091301000014000000BA
:10BE3800050000000A000000C800000032000000F1
:10BE4800FA00000010270000140000003200000073
:10BE5800102700000A0000002800000088130000D6
:10BE68000A000000280000003075000001010000F1
:10BE7800450100000CF100001001534601000000CC
:10BE8800B80B0000B80B00000000000034210000CF
:10BE980064000000FA000000FA0000007D000000C5
:10BEA80082000000000000006400000001000000A3
:10BEB8000100000034210000000000000400000020
:10BEC800030000000100000001000000B80B0000A2
:10BED8000000000000000000F00000000100000069
:10BEE80002000000040000000400000088130000A5
:10BEF800000000001E000000020000001900000001
:10BF0800020000000000A041000000000000000046
:10BF1800000000000080A2430000803F00000000F5
:10BF28000000000000000000008089430080A24358
:10BF3800000000000000A041000016450000C842B3
:10BF4800000096450000000000000000000000000E
:10BF580000000000000000000000000000000000D9
:10BF68000000FA430000004000409C45000000002B
:10BF780000000000000000000000000000000000B9
:10BF880000000000000000000000F0410000000078
:10BF980000000000000000000080A2430000803F75
:10BFA800000000000000000000000000008089433D
:10BFB8000080A243000000000000A04100001645D8
:10BFC8000000C8420000E145000000000000000039
:10BFD8000000000000000000000000000000000059
:10BFE800000000000000FA430000004000409C45AB
:10BFF8000000000000000000000000000000000039
:10C0080000000000000000000000000000002042C6
:10C018000000000000000000000000000080A243B3
:10C028000000803F00000000000000000000000049
:10C03800008089430080A243000000000000A04166
:10C04800000016450000C842000016460000000027
:10C0580000000000000000000000000000000000D8
:10C0680000000000000000000000FA43000000404B
:10C0780000409C4500000000000000000000000097
:10C0880000000000000000000000000000000000A8
:10C098000000E04000000040000000000000000038
:10C0A80000803B450000803F0000000000000000C9
:10C0B8000000000000803B4500803B450000000078
:10C0C80000002041000000000000C84200000000FD
:10C0D80000008040000080400000F04100000000A7
:10C0E8000000000000000000000000000000FA430B
:10C0F8000000004000409C450000803F0000404098
:10C108000000803F0000004000409C4500000040C7
:10C118000000C841000020410000000000000000AD
:10C128000AD7A33C0000484300007A4400007A4440
:10C13800000000000000C84200007AC400007A44F1
:10C148000000A040000000000000A0400000FA42EB
:10C158000000A041000002430000A0400000204170
:10C168000000000000409C450000484200409C45FB
:10C17800000000400000FA4303000000881300009C
:10C188000A00000064000000401F000020030000B7
:10C19800B80B00002C010000A00F0000581B000085
:10C1A8000A0000000B00000003000000320000003D
:10C1B8000300000090010000E8030000E80300000D
:10C1C8001E000000E02E0000E0A50100881300001A
:10C1D8000200000001000000020000001900000039
:10C1E8000200000001000000C8000000F401000087
:10C1F800AC0D000034210000005A62022C0100003E
:10C20800C80000005802000064000000020000009E
:08C21800F0F8FF7F01000000B7
:04C2200035020008DB
:04C224000D020008FF
:10C228008096980001000000100000001000002017
:10C2380000000000140D00207C0D0020E40D0020FB
:10C2480000000000000000000000000000000000E6
:10C2580000000000000000000000000000000000D6
:10C2680000000000000000000000000000000000C6
:0CC27800000000000000000000000000BA
:040000050800025994
:00000001FF
